Date,infiltration
1960-01-01,-0.659937162
1960-01-02,-0.476032702
1960-01-03,-0.238007849
1960-01-04,-0.119001797
1960-01-05,-0.059500366
1960-01-06,-1.13060184
1960-01-07,-1.7915904
1960-01-08,-1.43921664
1960-01-09,-0.929219185
1960-01-10,-0.46457721
1960-01-11,-0.232280511
1960-01-12,-0.116138226
1960-01-13,-0.657583377
1960-01-14,-1.347000164
1960-01-15,-1.103963614
1960-01-16,-0.551936084
1960-01-17,-0.87764303
1960-01-18,-0.916709668
1960-01-19,-0.458323315
1960-01-20,-0.229153771
1960-01-21,-0.114574916
1960-01-22,-0.057286964
1960-01-23,-1.95858432
1960-01-24,-3.55110912
1960-01-25,-4.40211456
1960-01-26,-6.26351616
1960-01-27,-7.1442432
1960-01-28,-5.09787648
1960-01-29,-3.25859328
1960-01-30,-2.59365888
1960-01-31,-2.61868032
1960-02-01,-3.23606016
1960-02-02,-2.51486208
1960-02-03,-1.29509515
1960-02-04,-0.677605465
1960-02-05,-0.338785501
1960-02-06,-2.13249024
1960-02-07,-4.10517504
1960-02-08,-3.2272128
1960-02-09,-2.08783872
1960-02-10,-4.17083904
1960-02-11,-9.88084224
1960-02-12,-12.24834048
1960-02-13,-12.10346496
1960-02-14,-12.69485568
1960-02-15,-9.72559872
1960-02-16,-6.41253888
1960-02-17,-4.15535616
1960-02-18,-2.077056
1960-02-19,-1.038337685
1960-02-20,-0.5191284
1960-02-21,-0.259554088
1960-02-22,-0.129774516
1960-02-23,-0.064886625
1960-02-24,-0.032443154
1960-02-25,-0.214724128
1960-02-26,-1.62114048
1960-02-27,-2.31234048
1960-02-28,-2.23561728
1960-02-29,-1.707264
1960-03-01,-0.853489267
1960-03-02,-0.42671731
1960-03-03,-0.213351819
1960-03-04,-0.106674201
1960-03-05,-0.053336673
1960-03-06,-0.02666823
1960-03-07,-0.013334088
1960-03-08,0
1960-03-09,0
1960-03-10,0
1960-03-11,0
1960-03-12,-0.13524574
1960-03-13,-0.174722089
1960-03-14,-0.087359896
1960-03-15,-0.043679661
1960-03-16,-0.021839758
1960-03-17,-0.010919861
1960-03-18,0
1960-03-19,0
1960-03-20,0
1960-03-21,0
1960-03-22,0
1960-03-23,0
1960-03-24,0.00E+00
1960-03-25,0.00E+00
1960-03-26,0.00E+00
1960-03-27,0.00E+00
1960-03-28,0
1960-03-29,0
1960-03-30,0
1960-03-31,0
1960-04-01,0
1960-04-02,0
1960-04-03,0
1960-04-04,0
1960-04-05,-0.224236077
1960-04-06,-0.290233829
1960-04-07,-0.145113749
1960-04-08,-0.072556084
1960-04-09,-0.036277844
1960-04-10,-0.018138873
1960-04-11,0
1960-04-12,-0.016865245
1960-04-13,-0.226323031
1960-04-14,-0.278456666
1960-04-15,-0.13922543
1960-04-16,-0.199906984
1960-04-17,-0.225978274
1960-04-18,-0.177865362
1960-04-19,-0.281346435
1960-04-20,-0.60215634
1960-04-21,-0.769743572
1960-04-22,-0.796290712
1960-04-23,-0.659746198
1960-04-24,-0.378294562
1960-04-25,-0.189141903
1960-04-26,-0.094569612
1960-04-27,-0.047284469
1960-04-28,-0.02364215
1960-04-29,-0.011821054
1960-04-30,0
1960-05-01,0
1960-05-02,0
1960-05-03,0
1960-05-04,0
1960-05-05,0
1960-05-06,-0.119328194
1960-05-07,-0.154377336
1960-05-08,-0.077187773
1960-05-09,-0.038593662
1960-05-10,-0.019296775
1960-05-11,0
1960-05-12,-0.043427904
1960-05-13,-0.052378609
1960-05-14,-0.026189202
1960-05-15,-0.013094575
1960-05-16,-0.07868379
1960-05-17,-0.096642839
1960-05-18,-0.048321068
1960-05-19,-0.614021244
1960-05-20,-0.775523068
1960-05-21,-0.534337455
1960-05-22,-0.383605922
1960-05-23,-0.191797438
1960-05-24,-0.095897338
1960-05-25,-0.047948323
1960-05-26,-0.023974074
1960-05-27,-0.011987016
1960-05-28,0
1960-05-29,0
1960-05-30,0
1960-05-31,0
1960-06-01,0
1960-06-02,0
1960-06-03,0.00E+00
1960-06-04,0.00E+00
1960-06-05,-0.021791274
1960-06-06,-0.09805738
1960-06-07,-0.104529511
1960-06-08,-0.052264344
1960-06-09,-0.02613207
1960-06-10,-0.013066009
1960-06-11,0
1960-06-12,0
1960-06-13,0
1960-06-14,0
1960-06-15,0
1960-06-16,0
1960-06-17,-0.022832354
1960-06-18,-0.099086925
1960-06-19,-0.105952215
1960-06-20,-0.185210358
1960-06-21,-0.197642917
1960-06-22,-0.102679035
1960-06-23,-0.054404541
1960-06-24,-0.027202159
1960-06-25,-0.013601052
1960-06-26,0
1960-06-27,0
1960-06-28,0
1960-06-29,0
1960-06-30,0
1960-07-01,-0.113005346
1960-07-02,-0.146098087
1960-07-03,-0.237012051
1960-07-04,-0.248746125
1960-07-05,-0.124370743
1960-07-06,-0.06218479
1960-07-07,-0.03109225
1960-07-08,-0.015546087
1960-07-09,0
1960-07-10,0
1960-07-11,0
1960-07-12,0
1960-07-13,0
1960-07-14,0
1960-07-15,0
1960-07-16,0.00E+00
1960-07-17,0.00E+00
1960-07-18,0.00E+00
1960-07-19,0
1960-07-20,0
1960-07-21,0
1960-07-22,0
1960-07-23,0
1960-07-24,0
1960-07-25,0
1960-07-26,-0.015131239
1960-07-27,-0.031178406
1960-07-28,-0.024798303
1960-07-29,-0.012399128
1960-07-30,0
1960-07-31,0
1960-08-01,0
1960-08-02,0
1960-08-03,0
1960-08-04,0
1960-08-05,0.00E+00
1960-08-06,0.00E+00
1960-08-07,0.00E+00
1960-08-08,0.00E+00
1960-08-09,0
1960-08-10,0
1960-08-11,0
1960-08-12,0
1960-08-13,0
1960-08-14,0
1960-08-15,0
1960-08-16,0
1960-08-17,0
1960-08-18,0
1960-08-19,0.00E+00
1960-08-20,0.00E+00
1960-08-21,0.00E+00
1960-08-22,0
1960-08-23,0
1960-08-24,0
1960-08-25,0
1960-08-26,0.00E+00
1960-08-27,0.00E+00
1960-08-28,0
1960-08-29,0
1960-08-30,0
1960-08-31,0
1960-09-01,0
1960-09-02,0.00E+00
1960-09-03,0.00E+00
1960-09-04,0.00E+00
1960-09-05,0.00E+00
1960-09-06,0
1960-09-07,0
1960-09-08,0
1960-09-09,0
1960-09-10,0
1960-09-11,0
1960-09-12,0
1960-09-13,0
1960-09-14,0
1960-09-15,0
1960-09-16,0
1960-09-17,0
1960-09-18,0
1960-09-19,0
1960-09-20,0
1960-09-21,0
1960-09-22,0
1960-09-23,0
1960-09-24,0
1960-09-25,0
1960-09-26,0
1960-09-27,0
1960-09-28,-0.03457287
1960-09-29,-0.053651273
1960-09-30,-0.033958393
1960-10-01,-0.016979152
1960-10-02,0
1960-10-03,0
1960-10-04,0
1960-10-05,0
1960-10-06,0
1960-10-07,0
1960-10-08,0
1960-10-09,0.00E+00
1960-10-10,0.00E+00
1960-10-11,0.00E+00
1960-10-12,0
1960-10-13,0
1960-10-14,0
1960-10-15,0
1960-10-16,-0.083266027
1960-10-17,-0.129248504
1960-10-18,-0.216660027
1960-10-19,-0.215546545
1960-10-20,-0.107771529
1960-10-21,-0.128702028
1960-10-22,-0.123780496
1960-10-23,-0.209731687
1960-10-24,-1.44446976
1960-10-25,-2.74005504
1960-10-26,-4.27548672
1960-10-27,-8.47079424
1960-10-28,-11.87771904
1960-10-29,-9.33106176
1960-10-30,-5.57093376
1960-10-31,-6.01675776
1960-11-01,-5.53817088
1960-11-02,-3.08247552
1960-11-03,-1.54082304
1960-11-04,-0.770352312
1960-11-05,-0.385153892
1960-11-06,-0.192571375
1960-11-07,-0.464308015
1960-11-08,-0.71285014
1960-11-09,-1.57759488
1960-11-10,-1.63980288
1960-11-11,-0.819782346
1960-11-12,-1.362417671
1960-11-13,-1.437696
1960-11-14,-0.718781258
1960-11-15,-0.618657399
1960-11-16,-1.146544686
1960-11-17,-1.213472254
1960-11-18,-4.20857856
1960-11-19,-8.49705984
1960-11-20,-7.1207424
1960-11-21,-3.55843584
1960-11-22,-3.43001088
1960-11-23,-4.70527488
1960-11-24,-3.70027008
1960-11-25,-1.8614016
1960-11-26,-0.930589904
1960-11-27,-0.465262466
1960-11-28,-0.232623111
1960-11-29,-0.116309523
1960-11-30,-0.058154253
1960-12-01,-0.029076999
1960-12-02,-0.014538467
1960-12-03,0
1960-12-04,0
1960-12-05,0
1960-12-06,0
1960-12-07,0
1960-12-08,-0.143306164
1960-12-09,-1.124632153
1960-12-10,-2.48583168
1960-12-11,-2.1814272
1960-12-12,-1.093269948
1960-12-13,-0.546590136
1960-12-14,-0.273283864
1960-12-15,-0.136639126
1960-12-16,-0.068318862
1960-12-17,-0.034159255
1960-12-18,-0.017079584
1960-12-19,0
1960-12-20,-0.052852486
1960-12-21,-0.065017512
1960-12-22,-0.032508597
1960-12-23,-0.307331256
1960-12-24,-2.20161024
1960-12-25,-6.64257024
1960-12-26,-6.60704256
1960-12-27,-5.22920448
1960-12-28,-5.56416
1960-12-29,-5.13741312
1960-12-30,-3.79482624
1960-12-31,-5.28850944
1961-01-01,-7.51970304
1961-01-02,-7.87843584
1961-01-03,-6.8961024
1961-01-04,-8.13514752
1961-01-05,-12.92419584
1961-01-06,-12.52205568
1961-01-07,-8.0925696
1961-01-08,-4.824576
1961-01-09,-5.66120448
1961-01-10,-5.5116288
1961-01-11,-3.08427264
1961-01-12,-1.65708288
1961-01-13,-0.828416291
1961-01-14,-0.696092991
1961-01-15,-0.571955724
1961-01-16,-0.447980268
1961-01-17,-0.756556388
1961-01-18,-0.699063395
1961-01-19,-0.349513367
1961-01-20,-0.174752101
1961-01-21,-0.087374902
1961-01-22,-0.043687163
1961-01-23,-0.02184351
1961-01-24,-0.010921737
1961-01-25,0
1961-01-26,0
1961-01-27,0
1961-01-28,0
1961-01-29,0
1961-01-30,0
1961-01-31,0.00E+00
1961-02-01,0.00E+00
1961-02-02,-0.016698334
1961-02-03,-0.021596507
1961-02-04,-0.010798235
1961-02-05,0
1961-02-06,0
1961-02-07,0
1961-02-08,-0.314222036
1961-02-09,-0.406165211
1961-02-10,-0.203076412
1961-02-11,-0.123440377
1961-02-12,-0.079118757
1961-02-13,-0.039559143
1961-02-14,-2.51140608
1961-02-15,-3.69681408
1961-02-16,-2.3680512
1961-02-17,-1.43036928
1961-02-18,-0.814508877
1961-02-19,-0.407229549
1961-02-20,-0.57000748
1961-02-21,-0.576028247
1961-02-22,-0.288001682
1961-02-23,-0.143997724
1961-02-24,-0.071998084
1961-02-25,-0.035998846
1961-02-26,-0.18968303
1961-02-27,-0.231214529
1961-02-28,-0.115605256
1961-03-01,-0.078554185
1961-03-02,-0.0557612
1961-03-03,-0.027880482
1961-03-04,-0.013940211
1961-03-05,-0.230458148
1961-03-06,-1.169176841
1961-03-07,-1.280658678
1961-03-08,-0.640267822
1961-03-09,-0.430009731
1961-03-10,-0.302288482
1961-03-11,-0.151140806
1961-03-12,-0.075569547
1961-03-13,-0.037784559
1961-03-14,-0.018892225
1961-03-15,-0.513540657
1961-03-16,-0.79382751
1961-03-17,-0.765095556
1961-03-18,-1.9222272
1961-03-19,-2.03613696
1961-03-20,-3.44480256
1961-03-21,-5.14363392
1961-03-22,-4.08388608
1961-03-23,-2.2940928
1961-03-24,-1.146848772
1961-03-25,-0.573375048
1961-03-26,-0.286675186
1961-03-27,-0.143334503
1961-03-28,-0.071666483
1961-03-29,-0.035833048
1961-03-30,-0.017916475
1961-03-31,0
1961-04-01,0
1961-04-02,0
1961-04-03,-1.97973504
1961-04-04,-2.68199424
1961-04-05,-1.43672832
1961-04-06,-0.718296436
1961-04-07,-0.359128858
1961-04-08,-0.17955959
1961-04-09,-0.089778584
1961-04-10,-0.044888989
1961-04-11,-0.13229481
1961-04-12,-0.153405343
1961-04-13,-0.076701785
1961-04-14,-0.038350671
1961-04-15,-0.01917528
1961-04-16,0
1961-04-17,0
1961-04-18,0
1961-04-19,0
1961-04-20,0
1961-04-21,-0.045939125
1961-04-22,-0.059223042
1961-04-23,-0.029611388
1961-04-24,-0.17794926
1961-04-25,-0.218564269
1961-04-26,-0.459657663
1961-04-27,-0.508132279
1961-04-28,-0.275009983
1961-04-29,-0.6695367
1961-04-30,-1.20231977
1961-05-01,-0.965047758
1961-05-02,-0.482488939
1961-05-03,-0.269941289
1961-05-04,-0.285346202
1961-05-05,-0.473466567
1961-05-06,-0.842398217
1961-05-07,-0.82983397
1961-05-08,-0.472356694
1961-05-09,-0.236169976
1961-05-10,-0.118082892
1961-05-11,-0.059040922
1961-05-12,-0.029520329
1961-05-13,-0.014760132
1961-05-14,0
1961-05-15,0
1961-05-16,0
1961-05-17,0
1961-05-18,0
1961-05-19,0
1961-05-20,0
1961-05-21,0.00E+00
1961-05-22,0.00E+00
1961-05-23,0.00E+00
1961-05-24,0
1961-05-25,0
1961-05-26,0
1961-05-27,0
1961-05-28,0
1961-05-29,0
1961-05-30,0
1961-05-31,0
1961-06-01,0
1961-06-02,0
1961-06-03,0
1961-06-04,-0.035720521
1961-06-05,-0.174981994
1961-06-06,-0.362043551
1961-06-07,-0.384459679
1961-06-08,-0.529650939
1961-06-09,-0.490823954
1961-06-10,-0.245402943
1961-06-11,-0.122699208
1961-06-12,-0.061349039
1961-06-13,-0.030674378
1961-06-14,-0.015337153
1961-06-15,0
1961-06-16,-0.093937868
1961-06-17,-0.118541679
1961-06-18,-0.108372757
1961-06-19,-0.093190211
1961-06-20,-0.051355582
1961-06-21,-0.029459429
1961-06-22,-0.014729682
1961-06-23,0
1961-06-24,0
1961-06-25,0
1961-06-26,0
1961-06-27,0
1961-06-28,0
1961-06-29,0
1961-06-30,0.00E+00
1961-07-01,0.00E+00
1961-07-02,0.00E+00
1961-07-03,0
1961-07-04,-0.073579286
1961-07-05,-0.095233818
1961-07-06,-0.047616568
1961-07-07,-0.023808199
1961-07-08,-0.011904078
1961-07-09,0
1961-07-10,0
1961-07-11,0
1961-07-12,0
1961-07-13,0
1961-07-14,0
1961-07-15,0.00E+00
1961-07-16,0.00E+00
1961-07-17,0.00E+00
1961-07-18,0.00E+00
1961-07-19,0
1961-07-20,0
1961-07-21,0
1961-07-22,0
1961-07-23,0
1961-07-24,0
1961-07-25,0
1961-07-26,0
1961-07-27,0
1961-07-28,0
1961-07-29,0
1961-07-30,-0.021629412
1961-07-31,-0.027462492
1961-08-01,-0.013731217
1961-08-02,0
1961-08-03,0
1961-08-04,0
1961-08-05,0
1961-08-06,-0.028873022
1961-08-07,-0.037030834
1961-08-08,-0.018515365
1961-08-09,0
1961-08-10,0
1961-08-11,0
1961-08-12,0
1961-08-13,0
1961-08-14,0
1961-08-15,0
1961-08-16,0.00E+00
1961-08-17,0.00E+00
1961-08-18,0.00E+00
1961-08-19,0
1961-08-20,0
1961-08-21,0
1961-08-22,0
1961-08-23,0
1961-08-24,0
1961-08-25,0
1961-08-26,0
1961-08-27,0
1961-08-28,0
1961-08-29,0
1961-08-30,0
1961-08-31,-0.170030693
1961-09-01,-0.212267617
1961-09-02,-0.106132119
1961-09-03,-0.053065636
1961-09-04,-0.026532711
1961-09-05,-0.013266329
1961-09-06,0
1961-09-07,0
1961-09-08,0
1961-09-09,0
1961-09-10,0
1961-09-11,0
1961-09-12,0
1961-09-13,0
1961-09-14,0
1961-09-15,0
1961-09-16,0
1961-09-17,0
1961-09-18,0.00E+00
1961-09-19,0.00E+00
1961-09-20,0.00E+00
1961-09-21,0
1961-09-22,0
1961-09-23,0
1961-09-24,-0.021692426
1961-09-25,-0.083784091
1961-09-26,-0.577249763
1961-09-27,-2.0300544
1961-09-28,-2.08839168
1961-09-29,-1.044055596
1961-09-30,-0.521986913
1961-10-01,-0.260983227
1961-10-02,-0.130489059
1961-10-03,-0.06524389
1961-10-04,-0.032621784
1961-10-05,-0.016310852
1961-10-06,0
1961-10-07,-0.051602141
1961-10-08,-0.13947964
1961-10-09,-0.185566423
1961-10-10,-0.205000948
1961-10-11,-0.228600949
1961-10-12,-0.437577708
1961-10-13,-1.377585654
1961-10-14,-2.03641344
1961-10-15,-1.91614464
1961-10-16,-1.41087744
1961-10-17,-0.796759304
1961-10-18,-0.39835584
1961-10-19,-0.199171962
1961-10-20,-0.099584492
1961-10-21,-0.049791873
1961-10-22,-0.024895843
1961-10-23,-0.012447898
1961-10-24,0
1961-10-25,-0.653296057
1961-10-26,-1.54082304
1961-10-27,-1.81398528
1961-10-28,-2.45223936
1961-10-29,-2.14451712
1961-10-30,-1.072061734
1961-10-31,-1.41184512
1961-11-01,-1.6395264
1961-11-02,-1.5876864
1961-11-03,-1.82462976
1961-11-04,-1.365689162
1961-11-05,-0.682774618
1961-11-06,-0.535045658
1961-11-07,-0.972796484
1961-11-08,-0.924372118
1961-11-09,-0.462154015
1961-11-10,-1.96107264
1961-11-11,-6.922368
1961-11-12,-9.06204672
1961-11-13,-8.44176384
1961-11-14,-6.20241408
1961-11-15,-3.24808704
1961-11-16,-2.377728
1961-11-17,-3.324672
1961-11-18,-4.06232064
1961-11-19,-3.30766848
1961-11-20,-1.93978368
1961-11-21,-0.969736845
1961-11-22,-0.484833144
1961-11-23,-0.242407752
1961-11-24,-0.12120167
1961-11-25,-0.060600283
1961-11-26,-0.030300003
1961-11-27,-0.015149966
1961-11-28,0
1961-11-29,0
1961-11-30,0
1961-12-01,0
1961-12-02,0
1961-12-03,0
1961-12-04,0
1961-12-05,0.00E+00
1961-12-06,0.00E+00
1961-12-07,0.00E+00
1961-12-08,0
1961-12-09,0
1961-12-10,0
1961-12-11,0
1961-12-12,0
1961-12-13,0
1961-12-14,0
1961-12-15,0
1961-12-16,-0.303028729
1961-12-17,-0.392214058
1961-12-18,-1.281400418
1961-12-19,-1.98360576
1961-12-20,-1.71583488
1961-12-21,-1.314568936
1961-12-22,-0.804173488
1961-12-23,-0.402062483
1961-12-24,-0.20102518
1961-12-25,-0.165315894
1961-12-26,-0.134134184
1961-12-27,-0.067066416
1961-12-28,-0.033533039
1961-12-29,-0.016766477
1961-12-30,0
1961-12-31,0
1962-01-01,0
1962-01-02,0
1962-01-03,-0.024112106
1962-01-04,-0.025988951
1962-01-05,-0.01299445
1962-01-06,0
1962-01-07,-0.808329618
1962-01-08,-2.1682944
1962-01-09,-1.97724672
1962-01-10,-0.988477876
1962-01-11,-0.494202291
1962-01-12,-0.247091973
1962-01-13,-0.123543697
1962-01-14,-0.061771275
1962-01-15,-0.030885494
1962-01-16,-0.01544271
1962-01-17,0
1962-01-18,0
1962-01-19,-0.061312795
1962-01-20,-0.077826401
1962-01-21,-0.038912973
1962-01-22,-0.01945643
1962-01-23,0
1962-01-24,0
1962-01-25,0
1962-01-26,0
1962-01-27,0
1962-01-28,0
1962-01-29,0
1962-01-30,0.00E+00
1962-01-31,0.00E+00
1962-02-01,0.00E+00
1962-02-02,0
1962-02-03,0
1962-02-04,0
1962-02-05,0
1962-02-06,0
1962-02-07,0
1962-02-08,-0.234526399
1962-02-09,-0.477565162
1962-02-10,-1.7611776
1962-02-11,-2.59006464
1962-02-12,-2.02908672
1962-02-13,-1.99577088
1962-02-14,-3.43277568
1962-02-15,-3.15588096
1962-02-16,-1.57759488
1962-02-17,-0.788695612
1962-02-18,-0.394324471
1962-02-19,-0.197156395
1962-02-20,-0.09857674
1962-02-21,-0.049288004
1962-02-22,-0.024643911
1962-02-23,-0.012321932
1962-02-24,0
1962-02-25,0
1962-02-26,0
1962-02-27,0
1962-02-28,0
1962-03-01,0
1962-03-02,0.00E+00
1962-03-03,0.00E+00
1962-03-04,0.00E+00
1962-03-05,0.00E+00
1962-03-06,0
1962-03-07,0
1962-03-08,0
1962-03-09,0
1962-03-10,0
1962-03-11,0
1962-03-12,-0.044720322
1962-03-13,-0.14167666
1962-03-14,-0.137397998
1962-03-15,-0.068698291
1962-03-16,-0.034348967
1962-03-17,-0.017174439
1962-03-18,0
1962-03-19,0
1962-03-20,0
1962-03-21,0
1962-03-22,-0.11465873
1962-03-23,-0.329571307
1962-03-24,-0.439919175
1962-03-25,-0.678988597
1962-03-26,-0.684264319
1962-03-27,-0.391963622
1962-03-28,-0.195976047
1962-03-29,-0.875303912
1962-03-30,-2.44035072
1962-03-31,-3.01446144
1962-04-01,-3.18104064
1962-04-02,-4.54643712
1962-04-03,-5.36550912
1962-04-04,-3.83588352
1962-04-05,-1.9173888
1962-04-06,-0.958559312
1962-04-07,-0.479245193
1962-04-08,-0.239613977
1962-04-09,-0.119804833
1962-04-10,-0.059901878
1962-04-11,-0.029950803
1962-04-12,-0.014975368
1962-04-13,0
1962-04-14,-0.778748705
1962-04-15,-1.004926432
1962-04-16,-0.502425331
1962-04-17,-0.447783179
1962-04-18,-0.380033441
1962-04-19,-0.190011295
1962-04-20,-0.095004294
1962-04-21,-0.047501808
1962-04-22,-0.023750818
1962-04-23,-0.011875388
1962-04-24,0
1962-04-25,0
1962-04-26,-0.01128528
1962-04-27,-0.273117091
1962-04-28,-0.34283408
1962-04-29,-0.171412623
1962-04-30,-0.308073798
1962-05-01,-0.330667398
1962-05-02,-0.165329593
1962-05-03,-0.08266377
1962-05-04,-0.041331628
1962-05-05,-0.020665749
1962-05-06,-0.010332858
1962-05-07,0
1962-05-08,0
1962-05-09,0
1962-05-10,0
1962-05-11,0
1962-05-12,0
1962-05-13,0.00E+00
1962-05-14,0.00E+00
1962-05-15,0.00E+00
1962-05-16,0.00E+00
1962-05-17,0
1962-05-18,0
1962-05-19,0
1962-05-20,0
1962-05-21,0
1962-05-22,0
1962-05-23,-0.020239812
1962-05-24,-0.026197347
1962-05-25,-0.013098647
1962-05-26,0
1962-05-27,0
1962-05-28,-0.015939408
1962-05-29,-0.014461998
1962-05-30,0
1962-05-31,-0.106997239
1962-06-01,-0.135618555
1962-06-02,-0.067808586
1962-06-03,-0.03390412
1962-06-04,-0.27471198
1962-06-05,-0.566704277
1962-06-06,-0.461749884
1962-06-07,-0.230866938
1962-06-08,-0.134383946
1962-06-09,-0.082246127
1962-06-10,-0.084063813
1962-06-11,-0.076141637
1962-06-12,-0.038070601
1962-06-13,-0.019035246
1962-06-14,0
1962-06-15,0
1962-06-16,0
1962-06-17,0
1962-06-18,0
1962-06-19,0
1962-06-20,0
1962-06-21,-0.164658231
1962-06-22,-0.213062994
1962-06-23,-0.298312036
1962-06-24,-0.301491501
1962-06-25,-0.150742343
1962-06-26,-0.075370317
1962-06-27,-0.037684944
1962-06-28,-0.018842419
1962-06-29,-0.015802004
1962-06-30,-0.073605419
1962-07-01,-0.104244969
1962-07-02,-0.06743448
1962-07-03,-0.033717069
1962-07-04,-0.087089035
1962-07-05,-0.140718477
1962-07-06,-0.103234093
1962-07-07,-0.051616646
1962-07-08,-0.025808222
1962-07-09,-0.012904086
1962-07-10,-0.041640251
1962-07-11,-0.048771702
1962-07-12,-0.024385761
1962-07-13,-0.012192858
1962-07-14,0
1962-07-15,0
1962-07-16,0
1962-07-17,0
1962-07-18,0
1962-07-19,0
1962-07-20,-0.088846142
1962-07-21,-0.114921359
1962-07-22,-0.057460183
1962-07-23,-0.028729967
1962-07-24,-0.014364952
1962-07-25,0
1962-07-26,0
1962-07-27,0
1962-07-28,0
1962-07-29,0
1962-07-30,0
1962-07-31,0
1962-08-01,0.00E+00
1962-08-02,0.00E+00
1962-08-03,0.00E+00
1962-08-04,0
1962-08-05,0
1962-08-06,0
1962-08-07,0
1962-08-08,-0.210357693
1962-08-09,-1.56404736
1962-08-10,-1.9505664
1962-08-11,-1.088516248
1962-08-12,-0.54421368
1962-08-13,-0.272095732
1962-08-14,-1.166379223
1962-08-15,-1.40147712
1962-08-16,-0.700673283
1962-08-17,-0.350318228
1962-08-18,-0.175154504
1962-08-19,-0.087576102
1962-08-20,-0.043787762
1962-08-21,-0.021893808
1962-08-22,-0.010946886
1962-08-23,0
1962-08-24,0
1962-08-25,0
1962-08-26,0
1962-08-27,0
1962-08-28,-0.362617524
1962-08-29,-0.469202153
1962-08-30,-1.361499854
1962-08-31,-2.1924864
1962-09-01,-1.58588928
1962-09-02,-1.184304306
1962-09-03,-0.903012254
1962-09-04,-0.451475542
1962-09-05,-0.225730119
1962-09-06,-0.112863148
1962-09-07,-0.056431094
1962-09-08,-0.028215427
1962-09-09,-0.014107684
1962-09-10,0
1962-09-11,0
1962-09-12,0
1962-09-13,0
1962-09-14,0
1962-09-15,0
1962-09-16,0
1962-09-17,0.00E+00
1962-09-18,0.00E+00
1962-09-19,0.00E+00
1962-09-20,0
1962-09-21,0
1962-09-22,-0.295656045
1962-09-23,-0.381308678
1962-09-24,-0.308577973
1962-09-25,-0.247960894
1962-09-26,-0.123978136
1962-09-27,-0.34021457
1962-09-28,-0.391105055
1962-09-29,-0.212112954
1962-09-30,-0.119214052
1962-10-01,-0.241452016
1962-10-02,-0.392780579
1962-10-03,-0.297750215
1962-10-04,-0.148871776
1962-10-05,-0.074435058
1962-10-06,-0.082572939
1962-10-07,-0.077314241
1962-10-08,-0.038656896
1962-10-09,-0.409027567
1962-10-10,-1.017725866
1962-10-11,-0.9088925
1962-10-12,-0.454415257
1962-10-13,-0.227199887
1962-10-14,-0.113598003
1962-10-15,-0.292542285
1962-10-16,-0.333526118
1962-10-17,-0.166758884
1962-10-18,-0.083378397
1962-10-19,-0.585616601
1962-10-20,-1.094275506
1962-10-21,-1.194904784
1962-10-22,-1.305934908
1962-10-23,-0.992118634
1962-10-24,-0.8489373
1962-10-25,-2.422656
1962-10-26,-5.12704512
1962-10-27,-7.43883264
1962-10-28,-6.67961856
1962-10-29,-3.8935296
1962-10-30,-1.94614272
1962-10-31,-0.972949197
1962-11-01,-0.486439092
1962-11-02,-2.21833728
1962-11-03,-3.62575872
1962-11-04,-2.56614912
1962-11-05,-1.283477765
1962-11-06,-0.641677096
1962-11-07,-0.320823107
1962-11-08,-0.160407683
1962-11-09,-0.588138375
1962-11-10,-2.79936
1962-11-11,-4.17166848
1962-11-12,-7.45763328
1962-11-13,-7.61992704
1962-11-14,-8.10473472
1962-11-15,-8.4022272
1962-11-16,-6.34742784
1962-11-17,-4.19862528
1962-11-18,-3.73289472
1962-11-19,-5.16658176
1962-11-20,-5.73225984
1962-11-21,-4.08678912
1962-11-22,-2.04277248
1962-11-23,-1.021215223
1962-11-24,-2.09737728
1962-11-25,-3.42710784
1962-11-26,-3.17965824
1962-11-27,-2.052864
1962-11-28,-1.02945506
1962-11-29,-0.514687772
1962-11-30,-0.850752751
1962-12-01,-1.45677312
1962-12-02,-6.20393472
1962-12-03,-17.369856
1962-12-04,-20.49186816
1962-12-05,-13.18892544
1962-12-06,-12.0780288
1962-12-07,-11.325312
1962-12-08,-6.42373632
1962-12-09,-3.21034752
1962-12-10,-1.60482816
1962-12-11,-0.885929633
1962-12-12,-0.962657865
1962-12-13,-0.841341137
1962-12-14,-0.420644013
1962-12-15,-0.210315364
1962-12-16,-0.105156022
1962-12-17,-0.052577595
1962-12-18,-0.026288693
1962-12-19,-0.013144321
1962-12-20,0
1962-12-21,0
1962-12-22,-0.306781351
1962-12-23,-0.440139419
1962-12-24,-0.255310106
1962-12-25,-0.127652608
1962-12-26,-0.063825691
1962-12-27,-0.031912692
1962-12-28,-0.015956308
1962-12-29,0
1962-12-30,0
1962-12-31,0
1963-01-01,0
1963-01-02,0
1963-01-03,0
1963-01-04,0
1963-01-05,-0.085993407
1963-01-06,-0.111255139
1963-01-07,-0.160375279
1963-01-08,-0.73686475
1963-01-09,-0.870286879
1963-01-10,-4.1416704
1963-01-11,-7.20493056
1963-01-12,-5.44651776
1963-01-13,-3.39503616
1963-01-14,-2.17949184
1963-01-15,-1.089569388
1963-01-16,-0.544740167
1963-01-17,-0.272358941
1963-01-18,-0.136176689
1963-01-19,-0.068087647
1963-01-20,-0.034043649
1963-01-21,-0.017021782
1963-01-22,-0.20025528
1963-01-23,-0.542867775
1963-01-24,-0.93581839
1963-01-25,-0.812366019
1963-01-26,-0.406158244
1963-01-27,-0.203072929
1963-01-28,-0.101534919
1963-01-29,-0.050767072
1963-01-30,-0.025383438
1963-01-31,-0.012691695
1963-02-01,0
1963-02-02,0
1963-02-03,0
1963-02-04,0
1963-02-05,0
1963-02-06,0
1963-02-07,0.00E+00
1963-02-08,0.00E+00
1963-02-09,0.00E+00
1963-02-10,0.00E+00
1963-02-11,0
1963-02-12,0
1963-02-13,0
1963-02-14,0
1963-02-15,0
1963-02-16,0
1963-02-17,0
1963-02-18,0
1963-02-19,0
1963-02-20,0
1963-02-21,0
1963-02-22,0
1963-02-23,0
1963-02-24,0
1963-02-25,0
1963-02-26,-0.193777339
1963-02-27,-0.291708698
1963-02-28,-0.178337867
1963-03-01,-0.089167738
1963-03-02,-0.04458357
1963-03-03,-0.02229171
1963-03-04,-0.011145836
1963-03-05,0
1963-03-06,0
1963-03-07,0
1963-03-08,0
1963-03-09,0
1963-03-10,0
1963-03-11,0.00E+00
1963-03-12,0.00E+00
1963-03-13,0.00E+00
1963-03-14,0.00E+00
1963-03-15,0
1963-03-16,0
1963-03-17,0
1963-03-18,0
1963-03-19,0
1963-03-20,0
1963-03-21,-0.029900221
1963-03-22,-0.081907868
1963-03-23,-0.077714869
1963-03-24,-0.040795565
1963-03-25,-0.02039772
1963-03-26,-0.010198844
1963-03-27,0
1963-03-28,0
1963-03-29,0
1963-03-30,0
1963-03-31,-0.039938931
1963-04-01,-0.05104324
1963-04-02,-0.025521522
1963-04-03,-0.062403453
1963-04-04,-0.070635044
1963-04-05,-0.648916586
1963-04-06,-0.854514621
1963-04-07,-0.461141186
1963-04-08,-0.230562616
1963-04-09,-0.115279311
1963-04-10,-0.234333679
1963-04-11,-0.559269702
1963-04-12,-0.802728175
1963-04-13,-1.08880951
1963-04-14,-0.91560719
1963-04-15,-0.460953469
1963-04-16,-0.230468765
1963-04-17,-0.115232388
1963-04-18,-0.057615695
1963-04-19,-0.028807722
1963-04-20,-0.01440383
1963-04-21,0
1963-04-22,0
1963-04-23,-1.245820041
1963-04-24,-1.93660416
1963-04-25,-1.271129477
1963-04-26,-0.670733651
1963-04-27,-0.476767628
1963-04-28,-1.06353733
1963-04-29,-1.8095616
1963-04-30,-2.9037312
1963-05-01,-2.59034112
1963-05-02,-1.294890583
1963-05-03,-0.647382399
1963-05-04,-0.323675482
1963-05-05,-0.161833808
1963-05-06,-0.08091592
1963-05-07,-0.040457714
1963-05-08,-0.129286094
1963-05-09,-0.151271028
1963-05-10,-0.214218169
1963-05-11,-0.217189389
1963-05-12,-0.108592927
1963-05-13,-0.05429602
1963-05-14,-0.083856952
1963-05-15,-0.086974742
1963-05-16,-0.043487087
1963-05-17,-0.021743472
1963-05-18,-0.039372186
1963-05-19,-0.150408452
1963-05-20,-0.778941122
1963-05-21,-0.880229818
1963-05-22,-0.440085837
1963-05-23,-0.220035654
1963-05-24,-0.110016009
1963-05-25,-0.05500755
1963-05-26,-0.583917618
1963-05-27,-1.43811072
1963-05-28,-1.278335195
1963-05-29,-0.639106302
1963-05-30,-0.319537834
1963-05-31,-0.159765088
1963-06-01,-0.079881582
1963-06-02,-0.153289304
1963-06-03,-0.166681193
1963-06-04,-0.08333955
1963-06-05,-0.041669513
1963-06-06,-0.020834691
1963-06-07,-0.010417329
1963-06-08,0
1963-06-09,-0.067126144
1963-06-10,-1.7736192
1963-06-11,-2.58149376
1963-06-12,-1.93522176
1963-06-13,-1.256594384
1963-06-14,-1.41239808
1963-06-15,-1.329038987
1963-06-16,-0.664453242
1963-06-17,-0.33221006
1963-06-18,-0.16610089
1963-06-19,-0.083049407
1963-06-20,-0.041524444
1963-06-21,-0.020762156
1963-06-22,-0.117119485
1963-06-23,-0.143345894
1963-06-24,-0.071672177
1963-06-25,-0.035835896
1963-06-26,-0.017917899
1963-06-27,0
1963-06-28,0
1963-06-29,0
1963-06-30,0
1963-07-01,-0.028984156
1963-07-02,-0.037070752
1963-07-03,-0.018535324
1963-07-04,0
1963-07-05,-0.096593892
1963-07-06,-0.121344342
1963-07-07,-0.060671617
1963-07-08,-0.03033567
1963-07-09,-0.015167801
1963-07-10,0
1963-07-11,-0.027600508
1963-07-12,-0.032712503
1963-07-13,-0.016356211
1963-07-14,0
1963-07-15,0
1963-07-16,0
1963-07-17,0
1963-07-18,0
1963-07-19,0
1963-07-20,-0.013091388
1963-07-21,-0.01684331
1963-07-22,0
1963-07-23,0
1963-07-24,0
1963-07-25,0
1963-07-26,0
1963-07-27,0
1963-07-28,0
1963-07-29,0.00E+00
1963-07-30,0.00E+00
1963-07-31,0.00E+00
1963-08-01,0
1963-08-02,0
1963-08-03,0
1963-08-04,0
1963-08-05,0
1963-08-06,0
1963-08-07,0
1963-08-08,0
1963-08-09,0
1963-08-10,0
1963-08-11,0
1963-08-12,0
1963-08-13,0
1963-08-14,0
1963-08-15,0
1963-08-16,0
1963-08-17,0
1963-08-18,0
1963-08-19,0.00E+00
1963-08-20,0.00E+00
1963-08-21,0.00E+00
1963-08-22,0
1963-08-23,0
1963-08-24,0
1963-08-25,0
1963-08-26,0
1963-08-27,0
1963-08-28,0
1963-08-29,0
1963-08-30,0.00E+00
1963-08-31,0.00E+00
1963-09-01,0.00E+00
1963-09-02,0
1963-09-03,0
1963-09-04,0
1963-09-05,0
1963-09-06,0
1963-09-07,-0.012883552
1963-09-08,-0.019136755
1963-09-09,-0.101297996
1963-09-10,-0.392474502
1963-09-11,-0.825289579
1963-09-12,-1.044211516
1963-09-13,-3.18892032
1963-09-14,-3.5209728
1963-09-15,-2.69968896
1963-09-16,-2.09585664
1963-09-17,-1.047790744
1963-09-18,-0.52385419
1963-09-19,-0.261916803
1963-09-20,-0.16526986
1963-09-21,-1.73062656
1963-09-22,-2.15253504
1963-09-23,-1.076060782
1963-09-24,-0.537986963
1963-09-25,-0.268982623
1963-09-26,-0.544598941
1963-09-27,-1.028402196
1963-09-28,-0.855996955
1963-09-29,-0.427970981
1963-09-30,-1.55672064
1963-10-01,-5.54217984
1963-10-02,-6.327936
1963-10-03,-5.89510656
1963-10-04,-6.05518848
1963-10-05,-7.07083776
1963-10-06,-7.20285696
1963-10-07,-5.18247936
1963-10-08,-4.96641024
1963-10-09,-4.0207104
1963-10-10,-2.12986368
1963-10-11,-6.85794816
1963-10-12,-7.95045888
1963-10-13,-6.86734848
1963-10-14,-8.59424256
1963-10-15,-6.56833536
1963-10-16,-3.38743296
1963-10-17,-2.48666112
1963-10-18,-1.80707328
1963-10-19,-0.903434356
1963-10-20,-0.877896396
1963-10-21,-0.777461221
1963-10-22,-0.388707932
1963-10-23,-0.410549769
1963-10-24,-0.377003677
1963-10-25,-0.188496502
1963-10-26,-0.094246917
1963-10-27,-0.047123125
1963-10-28,-0.023561479
1963-10-29,-0.011780718
1963-10-30,0
1963-10-31,0
1963-11-01,0
1963-11-02,-0.19849283
1963-11-03,-0.256329529
1963-11-04,-0.128162298
1963-11-05,-0.246454051
1963-11-06,-0.268090173
1963-11-07,-0.223885458
1963-11-08,-0.183306834
1963-11-09,-0.091652155
1963-11-10,-1.265285436
1963-11-11,-1.60109568
1963-11-12,-0.800471614
1963-11-13,-1.023638971
1963-11-14,-1.006963675
1963-11-15,-0.503443801
1963-11-16,-0.251712396
1963-11-17,-0.125853816
1963-11-18,-0.062926313
1963-11-19,-0.031463008
1963-11-20,-0.015731466
1963-11-21,0
1963-11-22,0
1963-11-23,0
1963-11-24,0
1963-11-25,0
1963-11-26,0
1963-11-27,0
1963-11-28,0.00E+00
1963-11-29,-0.904967203
1963-11-30,-1.98567936
1963-12-01,-1.63966464
1963-12-02,-0.849283965
1963-12-03,-0.448112079
1963-12-04,-0.26116992
1963-12-05,-0.160069561
1963-12-06,-0.080033816
1963-12-07,-3.2168448
1963-12-08,-5.11114752
1963-12-09,-3.47687424
1963-12-10,-3.58442496
1963-12-11,-3.37001472
1963-12-12,-2.34911232
1963-12-13,-3.22596864
1963-12-14,-3.06367488
1963-12-15,-5.15303424
1963-12-16,-5.958144
1963-12-17,-3.4864128
1963-12-18,-2.93220864
1963-12-19,-5.60825856
1963-12-20,-6.8027904
1963-12-21,-4.5453312
1963-12-22,-4.271616
1963-12-23,-7.03724544
1963-12-24,-6.88421376
1963-12-25,-5.83206912
1963-12-26,-4.34999808
1963-12-27,-2.17423872
1963-12-28,-1.86748416
1963-12-29,-3.78736128
1963-12-30,-7.06696704
1963-12-31,-12.680064
1964-01-01,-16.76685312
1964-01-02,-14.46861312
1964-01-03,-11.10288384
1964-01-04,-11.28549888
1964-01-05,-18.75115008
1964-01-06,-20.03553792
1964-01-07,-12.61052928
1964-01-08,-7.92999936
1964-01-09,-6.988032
1964-01-10,-5.96547072
1964-01-11,-4.21023744
1964-01-12,-3.89297664
1964-01-13,-3.65050368
1964-01-14,-2.83627008
1964-01-15,-5.37311232
1964-01-16,-5.64793344
1964-01-17,-2.93842944
1964-01-18,-1.46893824
1964-01-19,-1.052525146
1964-01-20,-0.806087462
1964-01-21,-0.553869384
1964-01-22,-0.379614353
1964-01-23,-0.907574948
1964-01-24,-1.321690287
1964-01-25,-1.62445824
1964-01-26,-1.38958848
1964-01-27,-2.2305024
1964-01-28,-2.33473536
1964-01-29,-1.167181789
1964-01-30,-0.583539794
1964-01-31,-0.291757124
1964-02-01,-1.8067968
1964-02-02,-7.41076992
1964-02-03,-9.16683264
1964-02-04,-5.64793344
1964-02-05,-2.82272256
1964-02-06,-2.00918016
1964-02-07,-1.47944448
1964-02-08,-0.995567584
1964-02-09,-2.81954304
1964-02-10,-3.44466432
1964-02-11,-6.60635136
1964-02-12,-6.95706624
1964-02-13,-3.476736
1964-02-14,-2.62268928
1964-02-15,-2.07622656
1964-02-16,-1.087491848
1964-02-17,-1.62196992
1964-02-18,-1.724544
1964-02-19,-1.7473536
1964-02-20,-1.75758336
1964-02-21,-1.6042752
1964-02-22,-2.9673216
1964-02-23,-4.74273792
1964-02-24,-4.11222528
1964-02-25,-2.24750592
1964-02-26,-1.12355113
1964-02-27,-0.768579218
1964-02-28,-0.54857435
1964-02-29,-0.274275888
1964-03-01,-2.3231232
1964-03-02,-3.0488832
1964-03-03,-1.6443648
1964-03-04,-0.82210446
1964-03-05,-0.411026877
1964-03-06,-0.2055071
1964-03-07,-0.102751964
1964-03-08,-0.051375585
1964-03-09,-0.025687693
1964-03-10,-0.012843822
1964-03-11,-0.090054329
1964-03-12,-0.242171942
1964-03-13,-0.224913425
1964-03-14,-0.11245481
1964-03-15,-0.05622693
1964-03-16,-0.028113346
1964-03-17,-0.014056643
1964-03-18,-0.230440785
1964-03-19,-1.018930724
1964-03-20,-1.3969152
1964-03-21,-0.945161921
1964-03-22,-0.472547451
1964-03-23,-0.236265348
1964-03-24,-0.118130577
1964-03-25,-0.059064764
1964-03-26,-0.029532251
1964-03-27,-0.014766092
1964-03-28,0
1964-03-29,-0.834798528
1964-03-30,-1.44751104
1964-03-31,-1.52395776
1964-04-01,-1.164038225
1964-04-02,-2.38464
1964-04-03,-3.70192896
1964-04-04,-2.9645568
1964-04-05,-4.57588224
1964-04-06,-4.8563712
1964-04-07,-5.3547264
1964-04-08,-4.95963648
1964-04-09,-2.93289984
1964-04-10,-1.74334464
1964-04-11,-0.871586473
1964-04-12,-1.49409792
1964-04-13,-1.58754816
1964-04-14,-0.793676953
1964-04-15,-0.396814851
1964-04-16,-0.198401509
1964-04-17,-0.099199278
1964-04-18,-0.049599269
1964-04-19,-0.024799541
1964-04-20,-0.012399748
1964-04-21,0
1964-04-22,0
1964-04-23,0
1964-04-24,0
1964-04-25,-0.156205795
1964-04-26,-0.201874181
1964-04-27,-0.100935563
1964-04-28,-0.050467398
1964-04-29,-0.025233604
1964-04-30,-0.012616777
1964-05-01,0
1964-05-02,0
1964-05-03,0
1964-05-04,-0.031064538
1964-05-05,-0.039581882
1964-05-06,-0.083314751
1964-05-07,-0.09211693
1964-05-08,-0.046058147
1964-05-09,-0.023028992
1964-05-10,-0.128184348
1964-05-11,-0.156767091
1964-05-12,-0.078382619
1964-05-13,-0.039191079
1964-05-14,-0.019595481
1964-05-15,-0.105118917
1964-05-16,-0.128276634
1964-05-17,-0.064137699
1964-05-18,-0.189633637
1964-05-19,-0.45339246
1964-05-20,-0.412098375
1964-05-21,-0.231556645
1964-05-22,-0.13604309
1964-05-23,-0.06802085
1964-05-24,-0.034010251
1964-05-25,-0.085863868
1964-05-26,-0.097629203
1964-05-27,-0.048814243
1964-05-28,-0.024407032
1964-05-29,-0.012203493
1964-05-30,0
1964-05-31,-1.070042365
1964-06-01,-1.5821568
1964-06-02,-0.949658702
1964-06-03,-0.763614397
1964-06-04,-0.611199724
1964-06-05,-0.305585851
1964-06-06,-0.152789414
1964-06-07,-0.076393832
1964-06-08,-0.038196696
1964-06-09,-0.019098293
1964-06-10,0
1964-06-11,0
1964-06-12,0
1964-06-13,0
1964-06-14,0
1964-06-15,0
1964-06-16,0
1964-06-17,0.00E+00
1964-06-18,0.00E+00
1964-06-19,0.00E+00
1964-06-20,0
1964-06-21,0
1964-06-22,0
1964-06-23,-0.117419671
1964-06-24,-0.293330945
1964-06-25,-0.258942749
1964-06-26,-0.129468854
1964-06-27,-0.064733797
1964-06-28,-0.032366741
1964-06-29,-0.016183331
1964-06-30,0
1964-07-01,0
1964-07-02,0
1964-07-03,0
1964-07-04,0
1964-07-05,0
1964-07-06,0
1964-07-07,0.00E+00
1964-07-08,0.00E+00
1964-07-09,0.00E+00
1964-07-10,0
1964-07-11,0
1964-07-12,0
1964-07-13,0
1964-07-14,0
1964-07-15,0
1964-07-16,0.00E+00
1964-07-17,0.00E+00
1964-07-18,0.00E+00
1964-07-19,0.00E+00
1964-07-20,0.00E+00
1964-07-21,0
1964-07-22,0
1964-07-23,0
1964-07-24,0
1964-07-25,0
1964-07-26,0
1964-07-27,0
1964-07-28,0
1964-07-29,-0.087173874
1964-07-30,-0.121091546
1964-07-31,-0.067172679
1964-08-01,-0.03358617
1964-08-02,-0.016793043
1964-08-03,0
1964-08-04,0
1964-08-05,0
1964-08-06,-0.040910909
1964-08-07,-0.052119107
1964-08-08,-0.043885339
1964-08-09,-0.640913901
1964-08-10,-0.800842512
1964-08-11,-0.400397189
1964-08-12,-0.200192574
1964-08-13,-0.100094786
1964-08-14,-0.050047016
1964-08-15,-0.025023414
1964-08-16,-0.046972535
1964-08-17,-0.050860047
1964-08-18,-0.025429925
1964-08-19,-0.012714938
1964-08-20,0
1964-08-21,0
1964-08-22,0
1964-08-23,-0.03579142
1964-08-24,-0.079394123
1964-08-25,-0.066465433
1964-08-26,-0.03323255
1964-08-27,-0.016616234
1964-08-28,0
1964-08-29,0
1964-08-30,0
1964-08-31,-0.020973178
1964-09-01,-0.026321636
1964-09-02,-0.013160791
1964-09-03,0
1964-09-04,-0.011288242
1964-09-05,-0.028032371
1964-09-06,-0.124460381
1964-09-07,-0.282879738
1964-09-08,-0.31932135
1964-09-09,-0.314816316
1964-09-10,-0.959918709
1964-09-11,-1.051663786
1964-09-12,-0.876357163
1964-09-13,-2.14797312
1964-09-14,-4.09010688
1964-09-15,-3.5983872
1964-09-16,-1.84743936
1964-09-17,-0.923613387
1964-09-18,-3.2223744
1964-09-19,-3.80312064
1964-09-20,-1.99784448
1964-09-21,-3.60861696
1964-09-22,-5.08958208
1964-09-23,-3.55567104
1964-09-24,-2.01457152
1964-09-25,-2.26962432
1964-09-26,-1.98775296
1964-09-27,-0.993702159
1964-09-28,-0.496814045
1964-09-29,-0.248397761
1964-09-30,-0.124196563
1964-10-01,-0.503818072
1964-10-02,-0.602763338
1964-10-03,-0.301368038
1964-10-04,-0.150680605
1964-10-05,-0.075339452
1964-10-06,-0.037669512
1964-10-07,-0.018834702
1964-10-08,0
1964-10-09,0
1964-10-10,0
1964-10-11,0
1964-10-12,0
1964-10-13,0
1964-10-14,0
1964-10-15,0.00E+00
1964-10-16,0.00E+00
1964-10-17,-0.127645528
1964-10-18,-1.1522321
1964-10-19,-1.50253056
1964-10-20,-2.08977408
1964-10-21,-4.94028288
1964-10-22,-5.71014144
1964-10-23,-4.99433472
1964-10-24,-5.920128
1964-10-25,-5.14612224
1964-10-26,-4.11692544
1964-10-27,-3.0592512
1964-10-28,-2.9852928
1964-10-29,-2.64881664
1964-10-30,-1.324121956
1964-10-31,-0.775216577
1964-11-01,-0.477521022
1964-11-02,-0.943548342
1964-11-03,-5.00898816
1964-11-04,-6.00846336
1964-11-05,-3.2783616
1964-11-06,-1.93314816
1964-11-07,-1.68486912
1964-11-08,-5.14446336
1964-11-09,-6.67049472
1964-11-10,-5.54522112
1964-11-11,-5.58683136
1964-11-12,-4.12867584
1964-11-13,-2.06364672
1964-11-14,-2.04885504
1964-11-15,-3.8893824
1964-11-16,-3.93527808
1964-11-17,-2.668032
1964-11-18,-1.66496256
1964-11-19,-0.832365601
1964-11-20,-0.416156811
1964-11-21,-0.208071908
1964-11-22,-0.104034328
1964-11-23,-0.052016756
1964-11-24,-0.026008276
1964-11-25,-0.013004113
1964-11-26,0
1964-11-27,0
1964-11-28,0
1964-11-29,0
1964-11-30,0
1964-12-01,0
1964-12-02,-0.015130535
1964-12-03,-1.26447817
1964-12-04,-2.92972032
1964-12-05,-2.50394112
1964-12-06,-2.1454848
1964-12-07,-7.05106944
1964-12-08,-13.53977856
1964-12-09,-11.47723776
1964-12-10,-5.80027392
1964-12-11,-2.8988928
1964-12-12,-1.44916992
1964-12-13,-0.92836395
1964-12-14,-0.626092153
1964-12-15,-0.426941633
1964-12-16,-0.303947002
1964-12-17,-2.25773568
1964-12-18,-3.35038464
1964-12-19,-2.25068544
1964-12-20,-2.74088448
1964-12-21,-2.56545792
1964-12-22,-1.282459903
1964-12-23,-0.641168262
1964-12-24,-0.320568703
1964-12-25,-1.104549848
1964-12-26,-4.10752512
1964-12-27,-4.28087808
1964-12-28,-6.16038912
1964-12-29,-8.90431488
1964-12-30,-7.95115008
1964-12-31,-5.09372928
1965-01-01,-2.54596608
1965-01-02,-1.272706629
1965-01-03,-0.636292565
1965-01-04,-1.046700541
1965-01-05,-1.102000772
1965-01-06,-0.550954829
1965-01-07,-1.43728128
1965-01-08,-1.64132352
1965-01-09,-0.820526451
1965-01-10,-0.5477576
1965-01-11,-0.383103876
1965-01-12,-0.191546436
1965-01-13,-0.095771838
1965-01-14,-0.047885574
1965-01-15,-0.023942701
1965-01-16,-2.19442176
1965-01-17,-4.52127744
1965-01-18,-4.92936192
1965-01-19,-5.06608128
1965-01-20,-15.75092736
1965-01-21,-24.32650752
1965-01-22,-19.07753472
1965-01-23,-12.09295872
1965-01-24,-7.18391808
1965-01-25,-4.73513472
1965-01-26,-4.96226304
1965-01-27,-5.42979072
1965-01-28,-6.4433664
1965-01-29,-5.1660288
1965-01-30,-2.58204672
1965-01-31,-2.6942976
1965-02-01,-2.46150144
1965-02-02,-1.230541881
1965-02-03,-1.66828032
1965-02-04,-1.8510336
1965-02-05,-1.068942238
1965-02-06,-0.534428251
1965-02-07,-3.94108416
1965-02-08,-5.46918912
1965-02-09,-3.3924096
1965-02-10,-3.55428864
1965-02-11,-3.60032256
1965-02-12,-3.80837376
1965-02-13,-6.64492032
1965-02-14,-7.50394368
1965-02-15,-5.88860928
1965-02-16,-7.0405632
1965-02-17,-6.14877696
1965-02-18,-3.7248768
1965-02-19,-2.3798016
1965-02-20,-1.291516006
1965-02-21,-2.33846784
1965-02-22,-4.5004032
1965-02-23,-7.32492288
1965-02-24,-8.8584192
1965-02-25,-6.38074368
1965-02-26,-3.18878208
1965-02-27,-1.59404544
1965-02-28,-1.42857216
1965-03-01,-4.866048
1965-03-02,-5.89068288
1965-03-03,-3.82219776
1965-03-04,-3.02372352
1965-03-05,-2.12226048
1965-03-06,-5.38057728
1965-03-07,-6.11877888
1965-03-08,-3.05800704
1965-03-09,-1.52865792
1965-03-10,-0.76423392
1965-03-11,-0.382095042
1965-03-12,-0.19104204
1965-03-13,-0.47799965
1965-03-14,-0.542801461
1965-03-15,-0.446496095
1965-03-16,-2.47601664
1965-03-17,-3.96417024
1965-03-18,-5.99851008
1965-03-19,-5.5268352
1965-03-20,-2.76231168
1965-03-21,-1.380844703
1965-03-22,-0.690350833
1965-03-23,-0.345157535
1965-03-24,-0.172574296
1965-03-25,-0.086286029
1965-03-26,-0.043142735
1965-03-27,-1.41696
1965-03-28,-1.81661184
1965-03-29,-0.908178103
1965-03-30,-0.454058114
1965-03-31,-0.227021322
1965-04-01,-0.113508726
1965-04-02,-0.056753879
1965-04-03,-0.028376818
1965-04-04,-0.014188379
1965-04-05,0
1965-04-06,0
1965-04-07,0
1965-04-08,0
1965-04-09,0
1965-04-10,0
1965-04-11,0
1965-04-12,0.00E+00
1965-04-13,0.00E+00
1965-04-14,0.00E+00
1965-04-15,0
1965-04-16,0
1965-04-17,-0.151366759
1965-04-18,-0.221336285
1965-04-19,-0.130857677
1965-04-20,-0.09241642
1965-04-21,-0.150793367
1965-04-22,-0.141443353
1965-04-23,-0.18586415
1965-04-24,-0.378370331
1965-04-25,-0.388810658
1965-04-26,-0.230581168
1965-04-27,-0.115288591
1965-04-28,-0.389519373
1965-04-29,-0.458369833
1965-04-30,-0.229177037
1965-05-01,-0.114586543
1965-05-02,-0.057292779
1965-05-03,-0.028646266
1965-05-04,-0.014323102
1965-05-05,0
1965-05-06,0
1965-05-07,0
1965-05-08,0
1965-05-09,0
1965-05-10,-0.070004258
1965-05-11,-0.101117666
1965-05-12,-0.059046877
1965-05-13,-0.029523307
1965-05-14,-0.026707633
1965-05-15,-0.234010142
1965-05-16,-0.811910615
1965-05-17,-0.824663462
1965-05-18,-0.412306219
1965-05-19,-0.206146737
1965-05-20,-0.10307177
1965-05-21,-0.051535485
1965-05-22,-0.025767643
1965-05-23,-0.260204341
1965-05-24,-0.326553486
1965-05-25,-0.163272748
1965-05-26,-0.08163537
1965-05-27,-0.040817435
1965-05-28,-0.020408655
1965-05-29,-0.010204311
1965-05-30,0
1965-05-31,0
1965-06-01,0
1965-06-02,0
1965-06-03,0
1965-06-04,0
1965-06-05,0.00E+00
1965-06-06,0.00E+00
1965-06-07,0.00E+00
1965-06-08,0
1965-06-09,0
1965-06-10,0
1965-06-11,0
1965-06-12,0
1965-06-13,0
1965-06-14,0
1965-06-15,0
1965-06-16,0
1965-06-17,0
1965-06-18,0
1965-06-19,0
1965-06-20,0.00E+00
1965-06-21,0.00E+00
1965-06-22,0.00E+00
1965-06-23,0
1965-06-24,0
1965-06-25,0
1965-06-26,0
1965-06-27,0
1965-06-28,0
1965-06-29,0
1965-06-30,0
1965-07-01,0
1965-07-02,0
1965-07-03,0
1965-07-04,0
1965-07-05,0
1965-07-06,0
1965-07-07,0
1965-07-08,0
1965-07-09,-0.036437761
1965-07-10,-0.047110308
1965-07-11,-0.02355507
1965-07-12,-0.011777514
1965-07-13,-0.021485443
1965-07-14,-0.26953908
1965-07-15,-0.330495151
1965-07-16,-0.16524347
1965-07-17,-0.082620712
1965-07-18,-0.041310099
1965-07-19,-0.020654986
1965-07-20,-0.010327476
1965-07-21,0
1965-07-22,0
1965-07-23,0
1965-07-24,0
1965-07-25,0
1965-07-26,0
1965-07-27,0.00E+00
1965-07-28,0.00E+00
1965-07-29,0.00E+00
1965-07-30,0
1965-07-31,0
1965-08-01,0
1965-08-02,0
1965-08-03,-0.034832948
1965-08-04,-0.044998158
1965-08-05,-0.052838349
1965-08-06,-0.085708705
1965-08-07,-0.070806854
1965-08-08,-0.035403238
1965-08-09,-0.017701571
1965-08-10,0
1965-08-11,0
1965-08-12,0
1965-08-13,0
1965-08-14,0
1965-08-15,0
1965-08-16,0
1965-08-17,0.00E+00
1965-08-18,0.00E+00
1965-08-19,0.00E+00
1965-08-20,0
1965-08-21,0
1965-08-22,0
1965-08-23,0
1965-08-24,0
1965-08-25,0
1965-08-26,0
1965-08-27,0
1965-08-28,0.00E+00
1965-08-29,0.00E+00
1965-08-30,0.00E+00
1965-08-31,0
1965-09-01,0
1965-09-02,0
1965-09-03,0
1965-09-04,0
1965-09-05,-0.02972614
1965-09-06,-0.330863533
1965-09-07,-0.397678409
1965-09-08,-0.198833274
1965-09-09,-0.148860371
1965-09-10,-0.113705871
1965-09-11,-0.05685245
1965-09-12,-0.028426103
1965-09-13,-0.172458229
1965-09-14,-0.584944782
1965-09-15,-0.588752741
1965-09-16,-0.620297492
1965-09-17,-0.569029847
1965-09-18,-2.14382592
1965-09-19,-2.54831616
1965-09-20,-1.273918717
1965-09-21,-0.636898485
1965-09-22,-0.318434029
1965-09-23,-0.544901894
1965-09-24,-0.578798286
1965-09-25,-0.28938657
1965-09-26,-0.373716164
1965-09-27,-0.368774789
1965-09-28,-0.184382286
1965-09-29,-0.092189867
1965-09-30,-0.046094614
1965-10-01,-0.023047226
1965-10-02,-0.011523593
1965-10-03,0
1965-10-04,0
1965-10-05,0
1965-10-06,0
1965-10-07,0
1965-10-08,0
1965-10-09,0.00E+00
1965-10-10,0.00E+00
1965-10-11,0.00E+00
1965-10-12,0.00E+00
1965-10-13,0
1965-10-14,0
1965-10-15,0
1965-10-16,0
1965-10-17,0
1965-10-18,0
1965-10-19,0
1965-10-20,0
1965-10-21,0
1965-10-22,0
1965-10-23,-0.025859123
1965-10-24,-0.033470669
1965-10-25,-0.016735292
1965-10-26,0
1965-10-27,-0.134551377
1965-10-28,-0.440052563
1965-10-29,-0.43386841
1965-10-30,-0.216927148
1965-10-31,-0.108461805
1965-11-01,-0.05423046
1965-11-02,-0.027115119
1965-11-03,-0.013557532
1965-11-04,0
1965-11-05,0
1965-11-06,0
1965-11-07,0
1965-11-08,0
1965-11-09,-0.023981899
1965-11-10,-0.511386698
1965-11-11,-0.803745082
1965-11-12,-0.557552402
1965-11-13,-0.475456007
1965-11-14,-0.71562022
1965-11-15,-2.09599488
1965-11-16,-2.21612544
1965-11-17,-1.107885427
1965-11-18,-0.553896673
1965-11-19,-0.276936828
1965-11-20,-2.11009536
1965-11-21,-2.62061568
1965-11-22,-1.310072694
1965-11-23,-0.654971969
1965-11-24,-2.3452416
1965-11-25,-3.07611648
1965-11-26,-2.24322048
1965-11-27,-1.49174784
1965-11-28,-0.745797211
1965-11-29,-0.372877738
1965-11-30,-0.411323111
1965-12-01,-2.37897216
1965-12-02,-3.38259456
1965-12-03,-2.2581504
1965-12-04,-1.195177048
1965-12-05,-0.597534935
1965-12-06,-0.298754072
1965-12-07,-0.149373684
1965-12-08,-0.074686006
1965-12-09,-0.037342793
1965-12-10,-0.018671344
1965-12-11,0
1965-12-12,0
1965-12-13,0
1965-12-14,-0.860995215
1965-12-15,-3.10722048
1965-12-16,-4.10102784
1965-12-17,-2.94824448
1965-12-18,-1.57911552
1965-12-19,-0.789453541
1965-12-20,-0.75996717
1965-12-21,-2.99331072
1965-12-22,-5.07396096
1965-12-23,-6.27360768
1965-12-24,-7.83226368
1965-12-25,-7.13207808
1965-12-26,-4.340736
1965-12-27,-2.1696768
1965-12-28,-2.09585664
1965-12-29,-4.38898176
1965-12-30,-5.06221056
1965-12-31,-7.00724736
1966-01-01,-6.5187072
1966-01-02,-3.25776384
1966-01-03,-1.79905536
1966-01-04,-2.59504128
1966-01-05,-6.286464
1966-01-06,-6.80334336
1966-01-07,-4.83342336
1966-01-08,-3.83463936
1966-01-09,-3.07736064
1966-01-10,-3.96721152
1966-01-11,-3.54392064
1966-01-12,-1.77735168
1966-01-13,-0.888556539
1966-01-14,-0.444248645
1966-01-15,-0.222116913
1966-01-16,-0.111056607
1966-01-17,-0.05552784
1966-01-18,-0.027763804
1966-01-19,-0.013881873
1966-01-20,0
1966-01-21,-3.81639168
1966-01-22,-7.88534784
1966-01-23,-6.28273152
1966-01-24,-3.13998336
1966-01-25,-1.56957696
1966-01-26,-0.784701914
1966-01-27,-0.392327857
1966-01-28,-0.19615815
1966-01-29,-0.098077632
1966-01-30,-0.049038454
1966-01-31,-0.024519137
1966-02-01,-0.012259545
1966-02-02,0
1966-02-03,0
1966-02-04,-3.28790016
1966-02-05,-5.24178432
1966-02-06,-5.79184128
1966-02-07,-4.79015424
1966-02-08,-3.04100352
1966-02-09,-2.7378432
1966-02-10,-2.6390016
1966-02-11,-3.65810688
1966-02-12,-3.23744256
1966-02-13,-1.61837568
1966-02-14,-0.809078672
1966-02-15,-0.404514778
1966-02-16,-0.202251244
1966-02-17,-1.86084864
1966-02-18,-2.46523392
1966-02-19,-1.341558264
1966-02-20,-0.670711629
1966-02-21,-0.727056346
1966-02-22,-0.679855583
1966-02-23,-0.61536784
1966-02-24,-1.52851968
1966-02-25,-1.9436544
1966-02-26,-1.27437943
1966-02-27,-0.637128806
1966-02-28,-0.318549169
1966-03-01,-0.159270783
1966-03-02,-0.079634435
1966-03-03,-0.03981698
1966-03-04,-0.019908429
1966-03-05,0
1966-03-06,0
1966-03-07,0
1966-03-08,-0.519494861
1966-03-09,-0.671387139
1966-03-10,-0.335676663
1966-03-11,-0.167834101
1966-03-12,-0.083915993
1966-03-13,-0.041957731
1966-03-14,-0.020978799
1966-03-15,-0.010489383
1966-03-16,0
1966-03-17,0
1966-03-18,0
1966-03-19,-0.210417924
1966-03-20,-0.271828293
1966-03-21,-0.135911371
1966-03-22,-0.067954991
1966-03-23,-0.033977321
1966-03-24,-0.087359976
1966-03-25,-0.099578741
1966-03-26,-0.314781604
1966-03-27,-0.409983289
1966-03-28,-0.238431431
1966-03-29,-0.119213581
1966-03-30,-0.059606257
1966-03-31,-0.029802994
1966-04-01,-0.233853724
1966-04-02,-0.290845445
1966-04-03,-0.14541955
1966-04-04,-0.07270898
1966-04-05,-0.03635429
1966-04-06,-0.018177096
1966-04-07,0
1966-04-08,0
1966-04-09,0
1966-04-10,-0.051476787
1966-04-11,-0.065726219
1966-04-12,-0.032862946
1966-04-13,-0.016431433
1966-04-14,0
1966-04-15,0
1966-04-16,-0.032183284
1966-04-17,-0.044581181
1966-04-18,-0.025909892
1966-04-19,-0.01295492
1966-04-20,0
1966-04-21,0
1966-04-22,-0.324911223
1966-04-23,-0.424117362
1966-04-24,-0.215918494
1966-04-25,-0.107957495
1966-04-26,-0.05397831
1966-04-27,-0.026989044
1966-04-28,-0.013494495
1966-04-29,0
1966-04-30,0
1966-05-01,-0.237336003
1966-05-02,-0.748369111
1966-05-03,-0.72566102
1966-05-04,-0.362810756
1966-05-05,-0.181400436
1966-05-06,-0.090698983
1966-05-07,-0.209819967
1966-05-08,-0.964269854
1966-05-09,-1.060909305
1966-05-10,-0.530412434
1966-05-11,-0.265195662
1966-05-12,-0.132595191
1966-05-13,-0.066296935
1966-05-14,-0.033148301
1966-05-15,-0.016574109
1966-05-16,-0.12338355
1966-05-17,-0.15311696
1966-05-18,-0.311412681
1966-05-19,-0.342254924
1966-05-20,-0.171123066
1966-05-21,-0.088584662
1966-05-22,-0.046694326
1966-05-23,-0.023347081
1966-05-24,-0.016940708
1966-05-25,-1.069940897
1966-05-26,-1.38392064
1966-05-27,-0.699293911
1966-05-28,-0.349628604
1966-05-29,-0.174809719
1966-05-30,-0.087403711
1966-05-31,-0.043701568
1966-06-01,-0.021850712
1966-06-02,-0.010925338
1966-06-03,0
1966-06-04,0
1966-06-05,0
1966-06-06,0
1966-06-07,0
1966-06-08,0
1966-06-09,0.00E+00
1966-06-10,0.00E+00
1966-06-11,0.00E+00
1966-06-12,0.00E+00
1966-06-13,0
1966-06-14,0
1966-06-15,0
1966-06-16,0
1966-06-17,0
1966-06-18,0
1966-06-19,0
1966-06-20,0
1966-06-21,-0.118746138
1966-06-22,-0.153697319
1966-06-23,-0.076847775
1966-06-24,-0.038423666
1966-06-25,-0.019211777
1966-06-26,0
1966-06-27,0
1966-06-28,0
1966-06-29,0
1966-06-30,0
1966-07-01,0
1966-07-02,0
1966-07-03,-0.031380455
1966-07-04,-0.045621427
1966-07-05,-0.040335729
1966-07-06,-0.084797381
1966-07-07,-0.100615529
1966-07-08,-0.062539461
1966-07-09,-0.031269584
1966-07-10,-0.015634755
1966-07-11,0
1966-07-12,0
1966-07-13,0
1966-07-14,0
1966-07-15,0
1966-07-16,0
1966-07-17,0
1966-07-18,0.00E+00
1966-07-19,0.00E+00
1966-07-20,0.00E+00
1966-07-21,0
1966-07-22,0
1966-07-23,0
1966-07-24,0
1966-07-25,0
1966-07-26,0
1966-07-27,0
1966-07-28,0
1966-07-29,0
1966-07-30,0
1966-07-31,0
1966-08-01,0
1966-08-02,0
1966-08-03,0
1966-08-04,0
1966-08-05,0
1966-08-06,0
1966-08-07,-0.012076519
1966-08-08,0
1966-08-09,0
1966-08-10,-0.179463458
1966-08-11,-0.231085509
1966-08-12,-0.115540747
1966-08-13,-0.057769871
1966-08-14,-0.02888481
1966-08-15,-0.014442374
1966-08-16,0
1966-08-17,0
1966-08-18,0
1966-08-19,0
1966-08-20,0
1966-08-21,0
1966-08-22,0
1966-08-23,0
1966-08-24,-0.019677137
1966-08-25,-0.023604459
1966-08-26,-0.011802208
1966-08-27,0
1966-08-28,0
1966-08-29,0
1966-08-30,0
1966-08-31,0
1966-09-01,0
1966-09-02,0.00E+00
1966-09-03,0.00E+00
1966-09-04,0.00E+00
1966-09-05,0.00E+00
1966-09-06,0
1966-09-07,0
1966-09-08,0
1966-09-09,0
1966-09-10,0
1966-09-11,0
1966-09-12,0
1966-09-13,0
1966-09-14,0
1966-09-15,0
1966-09-16,0
1966-09-17,0
1966-09-18,-0.022300007
1966-09-19,-0.037710668
1966-09-20,-0.025882661
1966-09-21,-0.012941305
1966-09-22,0
1966-09-23,0
1966-09-24,-0.032112823
1966-09-25,-0.079650594
1966-09-26,-0.113743417
1966-09-27,-0.090745743
1966-09-28,-0.045372562
1966-09-29,-0.022686203
1966-09-30,-0.458866405
1966-10-01,-1.9581696
1966-10-02,-2.06972928
1966-10-03,-1.03469325
1966-10-04,-0.561999859
1966-10-05,-0.316489794
1966-10-06,-0.15824113
1966-10-07,-0.079119628
1966-10-08,-0.039559578
1966-10-09,-0.01977973
1966-10-10,0
1966-10-11,0
1966-10-12,0
1966-10-13,0
1966-10-14,0
1966-10-15,0
1966-10-16,-0.299695639
1966-10-17,-0.386709079
1966-10-18,-0.19334892
1966-10-19,-0.096673058
1966-10-20,-0.115521701
1966-10-21,-0.127524982
1966-10-22,-0.076786189
1966-10-23,-0.038392873
1966-10-24,-0.019196381
1966-10-25,0
1966-10-26,-0.050127495
1966-10-27,-0.061070088
1966-10-28,-0.213307417
1966-10-29,-0.251834435
1966-10-30,-0.12591484
1966-10-31,-0.080394759
1966-11-01,-0.054048915
1966-11-02,-0.027024347
1966-11-03,-0.013512146
1966-11-04,-0.863251085
1966-11-05,-1.111892991
1966-11-06,-1.301012126
1966-11-07,-1.43659008
1966-11-08,-0.872521832
1966-11-09,-0.436232356
1966-11-10,-2.59877376
1966-11-11,-4.76361216
1966-11-12,-4.87655424
1966-11-13,-3.42669312
1966-11-14,-1.71293184
1966-11-15,-0.89176361
1966-11-16,-0.521147506
1966-11-17,-0.878957955
1966-11-18,-1.093420906
1966-11-19,-5.75963136
1966-11-20,-6.89582592
1966-11-21,-5.36744448
1966-11-22,-4.21092864
1966-11-23,-2.10691584
1966-11-24,-4.63629312
1966-11-25,-5.94072576
1966-11-26,-4.61348352
1966-11-27,-4.0137984
1966-11-28,-2.72388096
1966-11-29,-2.81152512
1966-11-30,-2.82203136
1966-12-01,-2.10456576
1966-12-02,-1.43258112
1966-12-03,-5.33647872
1966-12-04,-8.3096064
1966-12-05,-8.89311744
1966-12-06,-7.634304
1966-12-07,-4.34792448
1966-12-08,-2.17327104
1966-12-09,-1.086448924
1966-12-10,-0.543180184
1966-12-11,-0.795569002
1966-12-12,-1.232623609
1966-12-13,-1.66192128
1966-12-14,-1.39719168
1966-12-15,-0.698522518
1966-12-16,-0.58165456
1966-12-17,-0.515036303
1966-12-18,-0.850058842
1966-12-19,-1.43866368
1966-12-20,-1.170337601
1966-12-21,-1.243102118
1966-12-22,-1.60261632
1966-12-23,-1.9084032
1966-12-24,-2.72650752
1966-12-25,-2.69650944
1966-12-26,-1.66123008
1966-12-27,-0.830545644
1966-12-28,-0.415246943
1966-12-29,-0.207617002
1966-12-30,-0.103806882
1966-12-31,-0.051903036
1967-01-01,-0.025951416
1967-01-02,-0.012975683
1967-01-03,0
1967-01-04,-0.081749869
1967-01-05,-0.10323535
1967-01-06,-0.051617273
1967-01-07,-0.025808537
1967-01-08,-0.347079984
1967-01-09,-0.438978507
1967-01-10,-0.219482031
1967-01-11,-0.109739203
1967-01-12,-0.054869149
1967-01-13,-0.027434461
1967-01-14,-0.013717202
1967-01-15,0
1967-01-16,-0.037198413
1967-01-17,-0.778346344
1967-01-18,-1.97102592
1967-01-19,-1.77942528
1967-01-20,-0.88960437
1967-01-21,-4.22005248
1967-01-22,-5.10700032
1967-01-23,-3.15297792
1967-01-24,-2.30764032
1967-01-25,-1.35571516
1967-01-26,-0.677788646
1967-01-27,-0.338877085
1967-01-28,-0.169434229
1967-01-29,-0.084716038
1967-01-30,-0.042357749
1967-01-31,-0.021178806
1967-02-01,-0.010589386
1967-02-02,-0.796224716
1967-02-03,-1.026311469
1967-02-04,-1.158499847
1967-02-05,-1.091820723
1967-02-06,-0.545865648
1967-02-07,-0.272921647
1967-02-08,-0.136458026
1967-02-09,-0.068228313
1967-02-10,-1.106033993
1967-02-11,-1.85476608
1967-02-12,-2.7343872
1967-02-13,-6.0079104
1967-02-14,-8.12726784
1967-02-15,-5.92994304
1967-02-16,-3.40512768
1967-02-17,-2.52799488
1967-02-18,-1.71929088
1967-02-19,-0.921533566
1967-02-20,-0.460734926
1967-02-21,-0.2303595
1967-02-22,-0.115177755
1967-02-23,-1.59791616
1967-02-24,-7.67674368
1967-02-25,-10.1689344
1967-02-26,-6.5788416
1967-02-27,-3.31471872
1967-02-28,-1.65694464
1967-03-01,-0.828378068
1967-03-02,-0.414163294
1967-03-03,-0.207075212
1967-03-04,-0.103535994
1967-03-05,-0.051767594
1967-03-06,-0.025883695
1967-03-07,-0.012941823
1967-03-08,0
1967-03-09,0
1967-03-10,0
1967-03-11,0
1967-03-12,0
1967-03-13,0
1967-03-14,0
1967-03-15,0.00E+00
1967-03-16,0.00E+00
1967-03-17,0.00E+00
1967-03-18,0
1967-03-19,0
1967-03-20,0
1967-03-21,0
1967-03-22,0
1967-03-23,0
1967-03-24,-0.083948209
1967-03-25,-0.108657487
1967-03-26,-0.054328301
1967-03-27,-0.027164038
1967-03-28,-0.013581991
1967-03-29,0
1967-03-30,0
1967-03-31,0
1967-04-01,0
1967-04-02,0
1967-04-03,0
1967-04-04,0
1967-04-05,0.00E+00
1967-04-06,0.00E+00
1967-04-07,0.00E+00
1967-04-08,0
1967-04-09,0
1967-04-10,0
1967-04-11,0
1967-04-12,0
1967-04-13,0
1967-04-14,0
1967-04-15,0
1967-04-16,0
1967-04-17,0
1967-04-18,0
1967-04-19,0
1967-04-20,0
1967-04-21,0
1967-04-22,0
1967-04-23,0
1967-04-24,0
1967-04-25,0
1967-04-26,-0.052787153
1967-04-27,-0.077419082
1967-04-28,-0.04593342
1967-04-29,-0.02296663
1967-04-30,-0.011483295
1967-05-01,0
1967-05-02,0
1967-05-03,0
1967-05-04,-0.109131705
1967-05-05,-0.432586939
1967-05-06,-0.681943145
1967-05-07,-0.535021549
1967-05-08,-0.930422025
1967-05-09,-0.994350118
1967-05-10,-0.589268404
1967-05-11,-0.790514989
1967-05-12,-0.734954011
1967-05-13,-1.63496448
1967-05-14,-1.8240768
1967-05-15,-0.911929066
1967-05-16,-0.870396558
1967-05-17,-0.974450249
1967-05-18,-1.177553563
1967-05-19,-1.53294336
1967-05-20,-1.97282304
1967-05-21,-1.6111872
1967-05-22,-0.805485648
1967-05-23,-0.402718487
1967-05-24,-0.569961972
1967-05-25,-0.577760781
1967-05-26,-0.288867866
1967-05-27,-0.144430802
1967-05-28,-0.072214617
1967-05-29,-0.036107113
1967-05-30,-0.018053507
1967-05-31,0
1967-06-01,0
1967-06-02,0
1967-06-03,0
1967-06-04,0
1967-06-05,0
1967-06-06,-0.026399317
1967-06-07,-0.034057827
1967-06-08,-0.017028869
1967-06-09,0
1967-06-10,-0.054818758
1967-06-11,-0.067572602
1967-06-12,-0.03378613
1967-06-13,-0.026902849
1967-06-14,-0.02140269
1967-06-15,-0.010701328
1967-06-16,0
1967-06-17,0
1967-06-18,0
1967-06-19,-0.057857575
1967-06-20,-0.222943076
1967-06-21,-0.365687544
1967-06-22,-0.371063269
1967-06-23,-0.456547028
1967-06-24,-0.393040083
1967-06-25,-0.611655045
1967-06-26,-1.10271727
1967-06-27,-1.39968
1967-06-28,-1.45552896
1967-06-29,-3.23564544
1967-06-30,-4.71025152
1967-07-01,-4.30424064
1967-07-02,-3.24808704
1967-07-03,-2.58135552
1967-07-04,-2.51430912
1967-07-05,-1.82117376
1967-07-06,-0.910482841
1967-07-07,-0.455210316
1967-07-08,-0.227597382
1967-07-09,-0.113796747
1967-07-10,-0.512776894
1967-07-11,-0.618488276
1967-07-12,-0.309229789
1967-07-13,-0.154611307
1967-07-14,-0.077304755
1967-07-15,-0.038652153
1967-07-16,-0.01932602
1967-07-17,0
1967-07-18,0
1967-07-19,0
1967-07-20,0
1967-07-21,0
1967-07-22,0
1967-07-23,0
1967-07-24,0.00E+00
1967-07-25,0.00E+00
1967-07-26,0.00E+00
1967-07-27,0
1967-07-28,0
1967-07-29,0
1967-07-30,0
1967-07-31,0
1967-08-01,0
1967-08-02,0
1967-08-03,0
1967-08-04,-0.02356992
1967-08-05,-0.105955516
1967-08-06,-0.123444408
1967-08-07,-0.070090546
1967-08-08,-0.035045088
1967-08-09,-0.017522498
1967-08-10,0
1967-08-11,0
1967-08-12,0
1967-08-13,0
1967-08-14,0
1967-08-15,0
1967-08-16,0
1967-08-17,0.00E+00
1967-08-18,0.00E+00
1967-08-19,0.00E+00
1967-08-20,0
1967-08-21,0
1967-08-22,0
1967-08-23,0
1967-08-24,0
1967-08-25,0
1967-08-26,0
1967-08-27,-0.125987568
1967-08-28,-0.427394728
1967-08-29,-0.67298941
1967-08-30,-0.534533534
1967-08-31,-0.267256047
1967-09-01,-0.340678863
1967-09-02,-0.33480405
1967-09-03,-0.167397816
1967-09-04,-0.083697855
1967-09-05,-0.041848664
1967-09-06,-0.020924266
1967-09-07,-0.010462116
1967-09-08,0
1967-09-09,0
1967-09-10,0
1967-09-11,0
1967-09-12,-0.031518738
1967-09-13,-0.040536446
1967-09-14,-0.020268161
1967-09-15,-0.010134065
1967-09-16,0
1967-09-17,0
1967-09-18,0
1967-09-19,0
1967-09-20,0
1967-09-21,0
1967-09-22,0.00E+00
1967-09-23,0.00E+00
1967-09-24,0.00E+00
1967-09-25,0
1967-09-26,0
1967-09-27,0
1967-09-28,0
1967-09-29,0
1967-09-30,0
1967-10-01,0
1967-10-02,0
1967-10-03,0
1967-10-04,0
1967-10-05,0
1967-10-06,-0.218719996
1967-10-07,-0.323491443
1967-10-08,-0.193830894
1967-10-09,-0.109407867
1967-10-10,-0.346514209
1967-10-11,-0.555217031
1967-10-12,-0.403144957
1967-10-13,-0.201566389
1967-10-14,-0.100781666
1967-10-15,-0.436217689
1967-10-16,-0.524570812
1967-10-17,-0.26227508
1967-10-18,-0.131134958
1967-10-19,-0.152885394
1967-10-20,-1.256904995
1967-10-21,-1.5489792
1967-10-22,-1.082916905
1967-10-23,-0.762427635
1967-10-24,-0.381192003
1967-10-25,-0.190590548
1967-10-26,-0.095293911
1967-10-27,-0.047646614
1967-10-28,-0.023823221
1967-10-29,-0.011911589
1967-10-30,0
1967-10-31,0
1967-11-01,0
1967-11-02,0
1967-11-03,0
1967-11-04,-0.14603516
1967-11-05,-0.442120813
1967-11-06,-1.79186688
1967-11-07,-2.7212544
1967-11-08,-3.6695808
1967-11-09,-6.24195072
1967-11-10,-8.2204416
1967-11-11,-6.45152256
1967-11-12,-3.39075072
1967-11-13,-1.71389952
1967-11-14,-0.871953694
1967-11-15,-0.500944311
1967-11-16,-0.302091545
1967-11-17,-0.151042351
1967-11-18,-0.829360277
1967-11-19,-2.16843264
1967-11-20,-2.97575424
1967-11-21,-2.95460352
1967-11-22,-2.04885504
1967-11-23,-1.04127288
1967-11-24,-0.64718343
1967-11-25,-0.424128656
1967-11-26,-0.212057575
1967-11-27,-1.230866772
1967-11-28,-2.66291712
1967-11-29,-3.17067264
1967-11-30,-2.31787008
1967-12-01,-1.71168768
1967-12-02,-1.294891025
1967-12-03,-0.64738262
1967-12-04,-0.323675592
1967-12-05,-0.161833863
1967-12-06,-0.080915946
1967-12-07,-0.040457728
1967-12-08,-1.5220224
1967-12-09,-2.22179328
1967-12-10,-4.41068544
1967-12-11,-7.90262784
1967-12-12,-6.52713984
1967-12-13,-3.26191104
1967-12-14,-1.6305408
1967-12-15,-0.815189143
1967-12-16,-1.65943296
1967-12-17,-5.34062592
1967-12-18,-7.14797568
1967-12-19,-5.0056704
1967-12-20,-4.91816448
1967-12-21,-4.31751168
1967-12-22,-3.1027968
1967-12-23,-2.36376576
1967-12-24,-2.12308992
1967-12-25,-2.01194496
1967-12-26,-1.9090944
1967-12-27,-1.51898112
1967-12-28,-0.759427578
1967-12-29,-0.379692154
1967-12-30,-1.83942144
1967-12-31,-2.89516032
1968-01-01,-3.0951936
1968-01-02,-6.25107456
1968-01-03,-7.3840896
1968-01-04,-5.84022528
1968-01-05,-7.6322304
1968-01-06,-7.46122752
1968-01-07,-4.2640128
1968-01-08,-2.15004672
1968-01-09,-1.074836197
1968-01-10,-0.537374767
1968-01-11,-0.268676546
1968-01-12,-0.134335565
1968-01-13,-0.428038111
1968-01-14,-0.782740745
1968-01-15,-8.28306432
1968-01-16,-10.87077888
1968-01-17,-6.30388224
1968-01-18,-12.659328
1968-01-19,-13.64249088
1968-01-20,-6.81426432
1968-01-21,-3.40540416
1968-01-22,-1.70228736
1968-01-23,-0.851024061
1968-01-24,-0.425484859
1968-01-25,-0.212735642
1968-01-26,-0.106366119
1968-01-27,-0.053182634
1968-01-28,-0.02659121
1968-01-29,-0.013295579
1968-01-30,0
1968-01-31,0
1968-02-01,0
1968-02-02,0
1968-02-03,0
1968-02-04,0
1968-02-05,0
1968-02-06,0.00E+00
1968-02-07,-0.083854603
1968-02-08,-0.108515704
1968-02-09,-0.05425741
1968-02-10,-0.027128594
1968-02-11,-0.013564269
1968-02-12,0
1968-02-13,0
1968-02-14,0
1968-02-15,0
1968-02-16,0
1968-02-17,0
1968-02-18,0
1968-02-19,0.00E+00
1968-02-20,0.00E+00
1968-02-21,-1.287013654
1968-02-22,-1.66565376
1968-02-23,-0.832713537
1968-02-24,-0.416330759
1968-02-25,-0.208158875
1968-02-26,-0.10407781
1968-02-27,-0.111687455
1968-02-28,-0.103225052
1968-02-29,-0.051612125
1968-03-01,-0.025805962
1968-03-02,-0.012902956
1968-03-03,-0.240057368
1968-03-04,-0.305586736
1968-03-05,-0.152789857
1968-03-06,-1.084655743
1968-03-07,-2.00212992
1968-03-08,-1.52437248
1968-03-09,-0.966218983
1968-03-10,-0.645194392
1968-03-11,-0.322581575
1968-03-12,-0.161286889
1968-03-13,-0.080642464
1968-03-14,-0.040320987
1968-03-15,-0.020160432
1968-03-16,-0.010080201
1968-03-17,0
1968-03-18,0
1968-03-19,0
1968-03-20,0
1968-03-21,0
1968-03-22,0
1968-03-23,0.00E+00
1968-03-24,0.00E+00
1968-03-25,0.00E+00
1968-03-26,0
1968-03-27,0
1968-03-28,-0.125560919
1968-03-29,-0.191250243
1968-03-30,-0.11844875
1968-03-31,-0.509877863
1968-04-01,-2.14631424
1968-04-02,-5.08640256
1968-04-03,-6.13564416
1968-04-04,-4.68467712
1968-04-05,-7.41491712
1968-04-06,-8.2453248
1968-04-07,-5.9595264
1968-04-08,-6.3528192
1968-04-09,-7.07705856
1968-04-10,-6.57552384
1968-04-11,-4.82554368
1968-04-12,-2.69927424
1968-04-13,-3.30932736
1968-04-14,-3.75293952
1968-04-15,-5.50858752
1968-04-16,-5.62540032
1968-04-17,-3.07321344
1968-04-18,-2.654208
1968-04-19,-2.21474304
1968-04-20,-1.107157027
1968-04-21,-0.553532535
1968-04-22,-0.297341992
1968-04-23,-0.165021014
1968-04-24,-3.68810496
1968-04-25,-4.99889664
1968-04-26,-3.6951552
1968-04-27,-4.1409792
1968-04-28,-3.90237696
1968-04-29,-2.7433728
1968-04-30,-1.61063424
1968-05-01,-0.805194985
1968-05-02,-0.402573169
1968-05-03,-0.201280509
1968-05-04,-0.100638731
1968-05-05,-0.050318984
1968-05-06,-0.025159397
1968-05-07,-0.012579674
1968-05-08,0
1968-05-09,0
1968-05-10,0
1968-05-11,0
1968-05-12,0
1968-05-13,0
1968-05-14,0.00E+00
1968-05-15,0.00E+00
1968-05-16,0.00E+00
1968-05-17,0.00E+00
1968-05-18,0
1968-05-19,0
1968-05-20,0
1968-05-21,0
1968-05-22,0
1968-05-23,0
1968-05-24,0
1968-05-25,0
1968-05-26,-0.168580321
1968-05-27,-0.218198445
1968-05-28,-0.109097438
1968-05-29,-0.089804895
1968-05-30,-0.138864928
1968-05-31,-0.15126554
1968-06-01,-0.099018586
1968-06-02,-0.049508924
1968-06-03,-0.635044866
1968-06-04,-0.802260177
1968-06-05,-0.401105945
1968-06-06,-0.200546938
1968-06-07,-0.100271957
1968-06-08,-0.0501356
1968-06-09,-0.025067705
1968-06-10,-0.012533829
1968-06-11,0
1968-06-12,-0.283678917
1968-06-13,-0.610279792
1968-06-14,-0.500210948
1968-06-15,-0.25009608
1968-06-16,-0.125045696
1968-06-17,-0.06252226
1968-06-18,-0.031260983
1968-06-19,-0.015630454
1968-06-20,0
1968-06-21,0
1968-06-22,0
1968-06-23,0
1968-06-24,0
1968-06-25,0
1968-06-26,0
1968-06-27,0.00E+00
1968-06-28,0.00E+00
1968-06-29,0.00E+00
1968-06-30,0
1968-07-01,0
1968-07-02,0
1968-07-03,0
1968-07-04,0
1968-07-05,0
1968-07-06,0
1968-07-07,0
1968-07-08,0
1968-07-09,0.00E+00
1968-07-10,0.00E+00
1968-07-11,0.00E+00
1968-07-12,0
1968-07-13,0
1968-07-14,0
1968-07-15,0
1968-07-16,0
1968-07-17,0
1968-07-18,0.00E+00
1968-07-19,0
1968-07-20,0
1968-07-21,0
1968-07-22,0
1968-07-23,0
1968-07-24,0
1968-07-25,0
1968-07-26,0.00E+00
1968-07-27,0
1968-07-28,0
1968-07-29,0
1968-07-30,0
1968-07-31,0
1968-08-01,0
1968-08-02,0
1968-08-03,0
1968-08-04,0
1968-08-05,0
1968-08-06,0
1968-08-07,0.00E+00
1968-08-08,0.00E+00
1968-08-09,0.00E+00
1968-08-10,0
1968-08-11,0
1968-08-12,0
1968-08-13,0
1968-08-14,0
1968-08-15,0
1968-08-16,0
1968-08-17,0
1968-08-18,0
1968-08-19,0
1968-08-20,0
1968-08-21,0
1968-08-22,0
1968-08-23,0
1968-08-24,0
1968-08-25,0
1968-08-26,0.00E+00
1968-08-27,0.00E+00
1968-08-28,0.00E+00
1968-08-29,0.00E+00
1968-08-30,0
1968-08-31,0
1968-09-01,0
1968-09-02,0
1968-09-03,-0.014325119
1968-09-04,-0.01779258
1968-09-05,0
1968-09-06,0
1968-09-07,-0.015266847
1968-09-08,-0.017993928
1968-09-09,0
1968-09-10,-0.208506189
1968-09-11,-0.47117647
1968-09-12,-0.398318073
1968-09-13,-0.199153078
1968-09-14,-0.256918446
1968-09-15,-0.253440147
1968-09-16,-0.126717666
1968-09-17,-0.063358229
1968-09-18,-0.031678964
1968-09-19,-0.015839444
1968-09-20,0
1968-09-21,0
1968-09-22,0
1968-09-23,0
1968-09-24,-0.08453433
1968-09-25,-0.354133431
1968-09-26,-0.409666623
1968-09-27,-0.234937746
1968-09-28,-0.186539466
1968-09-29,-0.399201952
1968-09-30,-2.90497536
1968-10-01,-3.54461184
1968-10-02,-1.85324544
1968-10-03,-0.939546902
1968-10-04,-0.48011399
1968-10-05,-0.240048341
1968-10-06,-0.120022007
1968-10-07,-0.765282208
1968-10-08,-0.942809546
1968-10-09,-0.949325447
1968-10-10,-1.7051904
1968-10-11,-1.52838144
1968-10-12,-0.76411607
1968-10-13,-0.388921776
1968-10-14,-0.199924775
1968-10-15,-0.099960889
1968-10-16,-0.492482875
1968-10-17,-0.597717716
1968-10-18,-0.298845449
1968-10-19,-0.149419372
1968-10-20,-0.07470885
1968-10-21,-0.037354215
1968-10-22,-1.350577304
1968-10-23,-4.516992
1968-10-24,-4.46846976
1968-10-25,-2.7461376
1968-10-26,-2.32326144
1968-10-27,-2.99303424
1968-10-28,-2.87428608
1968-10-29,-1.7328384
1968-10-30,-2.7703296
1968-10-31,-2.84373504
1968-11-01,-1.86195456
1968-11-02,-2.06226432
1968-11-03,-1.65169152
1968-11-04,-0.825730855
1968-11-05,-0.412839853
1968-11-06,-0.206413526
1968-11-07,-0.103205164
1968-11-08,-3.48323328
1968-11-09,-4.48671744
1968-11-10,-3.12062976
1968-11-11,-2.2443264
1968-11-12,-1.61588736
1968-11-13,-1.200112506
1968-11-14,-0.600002229
1968-11-15,-0.299987601
1968-11-16,-0.149990428
1968-11-17,-0.074994368
1968-11-18,-0.037496972
1968-11-19,-0.018748434
1968-11-20,0
1968-11-21,0
1968-11-22,0
1968-11-23,-0.874396118
1968-11-24,-1.130751374
1968-11-25,-0.565327725
1968-11-26,-1.067270253
1968-11-27,-1.64007936
1968-11-28,-1.203794376
1968-11-29,-0.601842839
1968-11-30,-0.300907824
1968-12-01,-0.150450518
1968-12-02,-0.075224407
1968-12-03,-0.037611991
1968-12-04,-0.018805942
1968-12-05,0
1968-12-06,0
1968-12-07,0
1968-12-08,-1.3886208
1968-12-09,-3.7642752
1968-12-10,-3.95380224
1968-12-11,-2.73411072
1968-12-12,-1.64740608
1968-12-13,-0.823604226
1968-12-14,-0.411776663
1968-12-15,-0.205881966
1968-12-16,-0.102939394
1968-12-17,-0.650591889
1968-12-18,-4.05333504
1968-12-19,-4.91968512
1968-12-20,-2.706048
1968-12-21,-1.352752663
1968-12-22,-1.179060296
1968-12-23,-0.988813758
1968-12-24,-0.519647105
1968-12-25,-1.99742976
1968-12-26,-3.02247936
1968-12-27,-3.67110144
1968-12-28,-3.1629312
1968-12-29,-2.41353216
1968-12-30,-2.4489216
1968-12-31,-1.70021376
1969-01-01,-4.84641792
1969-01-02,-8.16500736
1969-01-03,-6.16951296
1969-01-04,-3.12242688
1969-01-05,-1.56086784
1969-01-06,-1.280720761
1969-01-07,-1.7950464
1969-01-08,-1.49893632
1969-01-09,-0.749358757
1969-01-10,-0.374658311
1969-01-11,-1.274792422
1969-01-12,-2.86170624
1969-01-13,-2.5111296
1969-01-14,-1.255329626
1969-01-15,-5.05585152
1969-01-16,-7.01858304
1969-01-17,-4.28226048
1969-01-18,-2.14036992
1969-01-19,-1.07003367
1969-01-20,-0.534973884
1969-01-21,-0.267476208
1969-01-22,-0.133735416
1969-01-23,-0.135060661
1969-01-24,-1.9823616
1969-01-25,-3.5064576
1969-01-26,-2.57693184
1969-01-27,-1.42428672
1969-01-28,-0.820219668
1969-01-29,-0.410084605
1969-01-30,-0.205035992
1969-01-31,-0.102516416
1969-02-01,-0.051257813
1969-02-02,-0.025628807
1969-02-03,-0.012814379
1969-02-04,0
1969-02-05,0
1969-02-06,-0.106180477
1969-02-07,-6.02850816
1969-02-08,-7.69056768
1969-02-09,-3.843072
1969-02-10,-1.92098304
1969-02-11,-0.960344654
1969-02-12,-0.480137725
1969-02-13,-0.240060216
1969-02-14,-0.890747353
1969-02-15,-1.178149073
1969-02-16,-0.902169156
1969-02-17,-0.623678663
1969-02-18,-0.531654092
1969-02-19,-2.07415296
1969-02-20,-2.62089216
1969-02-21,-1.53764352
1969-02-22,-1.93024512
1969-02-23,-5.40836352
1969-02-24,-5.49863424
1969-02-25,-2.7482112
1969-02-26,-2.01332736
1969-02-27,-1.5144192
1969-02-28,-1.021064569
1969-03-01,-2.86198272
1969-03-02,-5.3388288
1969-03-03,-5.92261632
1969-03-04,-4.15259136
1969-03-05,-2.0756736
1969-03-06,-2.59766784
1969-03-07,-5.4867456
1969-03-08,-5.4093312
1969-03-09,-2.96193024
1969-03-10,-1.48068864
1969-03-11,-0.740249487
1969-03-12,-0.370104187
1969-03-13,-0.185046958
1969-03-14,-0.092522191
1969-03-15,-0.046260773
1969-03-16,-0.023130306
1969-03-17,-0.011565133
1969-03-18,0
1969-03-19,0
1969-03-20,-0.371402095
1969-03-21,-0.479559274
1969-03-22,-0.239771004
1969-03-23,-0.119883344
1969-03-24,-0.420418018
1969-03-25,-0.496535975
1969-03-26,-0.248258733
1969-03-27,-0.124127055
1969-03-28,-0.062062949
1969-03-29,-0.03103133
1969-03-30,-0.015515628
1969-03-31,0
1969-04-01,-0.411795187
1969-04-02,-0.771490953
1969-04-03,-0.577619859
1969-04-04,-0.288797405
1969-04-05,-0.552283771
1969-04-06,-0.600121668
1969-04-07,-0.300047321
1969-04-08,-0.150020287
1969-04-09,-0.075009296
1969-04-10,-0.539919779
1969-04-11,-1.054377257
1969-04-12,-0.833238573
1969-04-13,-1.9823616
1969-04-14,-2.3583744
1969-04-15,-1.62196992
1969-04-16,-1.08474712
1969-04-17,-0.711485407
1969-04-18,-1.347545535
1969-04-19,-3.72155904
1969-04-20,-3.97204992
1969-04-21,-2.40523776
1969-04-22,-1.69952256
1969-04-23,-1.096057544
1969-04-24,-0.547983719
1969-04-25,-0.273980593
1969-04-26,-0.136987476
1969-04-27,-0.068493033
1969-04-28,-0.03424634
1969-04-29,-0.017123125
1969-04-30,0
1969-05-01,0
1969-05-02,-0.872013814
1969-05-03,-1.126899054
1969-05-04,-0.563401889
1969-05-05,-0.634349546
1969-05-06,-0.597283753
1969-05-07,-0.298628495
1969-05-08,-0.149310895
1969-05-09,-0.210800434
1969-05-10,-0.53519927
1969-05-11,-0.641807774
1969-05-12,-0.637544563
1969-05-13,-0.495376487
1969-05-14,-0.247679037
1969-05-15,-0.52055736
1969-05-16,-0.636052249
1969-05-17,-1.19777925
1969-05-18,-2.14811136
1969-05-19,-1.77970176
1969-05-20,-0.889748693
1969-05-21,-0.444844653
1969-05-22,-0.222414903
1969-05-23,-0.111205592
1969-05-24,-0.055602332
1969-05-25,-0.02780105
1969-05-26,-0.013900495
1969-05-27,0
1969-05-28,-0.086109885
1969-05-29,-0.108694996
1969-05-30,-0.136241139
1969-05-31,-0.133171798
1969-06-01,-0.066585233
1969-06-02,-0.03329245
1969-06-03,-0.886774058
1969-06-04,-1.4079744
1969-06-05,-0.921093963
1969-06-06,-0.460515152
1969-06-07,-0.230249627
1969-06-08,-0.11512282
1969-06-09,-0.057560912
1969-06-10,-0.028780331
1969-06-11,-0.014390134
1969-06-12,0
1969-06-13,0
1969-06-14,0
1969-06-15,0
1969-06-16,0
1969-06-17,0
1969-06-18,0
1969-06-19,0.00E+00
1969-06-20,0.00E+00
1969-06-21,0.00E+00
1969-06-22,0
1969-06-23,0
1969-06-24,0
1969-06-25,0
1969-06-26,-0.052608408
1969-06-27,-0.068093344
1969-06-28,-0.034046498
1969-06-29,-0.017023205
1969-06-30,0
1969-07-01,0
1969-07-02,0
1969-07-03,-0.035037105
1969-07-04,-0.108819022
1969-07-05,-0.105496526
1969-07-06,-0.052747844
1969-07-07,-0.026373817
1969-07-08,-0.013186882
1969-07-09,0
1969-07-10,0
1969-07-11,-0.068154855
1969-07-12,-0.086906301
1969-07-13,-0.043452867
1969-07-14,-0.021726362
1969-07-15,-0.010863163
1969-07-16,0
1969-07-17,0
1969-07-18,0
1969-07-19,0
1969-07-20,0
1969-07-21,0
1969-07-22,0.00E+00
1969-07-23,0.00E+00
1969-07-24,0.00E+00
1969-07-25,0.00E+00
1969-07-26,0
1969-07-27,0
1969-07-28,0
1969-07-29,0
1969-07-30,-0.011379251
1969-07-31,0
1969-08-01,-0.095450128
1969-08-02,-0.121285012
1969-08-03,-0.064238592
1969-08-04,-0.034976126
1969-08-05,-0.216401131
1969-08-06,-0.367107448
1969-08-07,-1.241847176
1969-08-08,-1.5088896
1969-08-09,-0.842598886
1969-08-10,-0.421272811
1969-08-11,-0.210629749
1969-08-12,-0.105313206
1969-08-13,-0.142969937
1969-08-14,-0.143224146
1969-08-15,-0.071611306
1969-08-16,-0.14521942
1969-08-17,-0.159520818
1969-08-18,-0.079759449
1969-08-19,-0.039879485
1969-08-20,-0.019939682
1969-08-21,0
1969-08-22,0
1969-08-23,0
1969-08-24,0
1969-08-25,0
1969-08-26,0
1969-08-27,0
1969-08-28,0.00E+00
1969-08-29,0.00E+00
1969-08-30,0.00E+00
1969-08-31,0
1969-09-01,0
1969-09-02,0
1969-09-03,0
1969-09-04,0
1969-09-05,0
1969-09-06,0
1969-09-07,0
1969-09-08,0
1969-09-09,0
1969-09-10,0
1969-09-11,-0.300890101
1969-09-12,-0.637012394
1969-09-13,-0.515138794
1969-09-14,-0.257559437
1969-09-15,-0.349155533
1969-09-16,-0.376141059
1969-09-17,-0.445957015
1969-09-18,-0.66988682
1969-09-19,-4.77093888
1969-09-20,-7.4850048
1969-09-21,-5.53747968
1969-09-22,-3.096576
1969-09-23,-1.54787328
1969-09-24,-2.51610624
1969-09-25,-2.64148992
1969-09-26,-7.12184832
1969-09-27,-8.27698176
1969-09-28,-16.23573504
1969-09-29,-18.63461376
1969-09-30,-10.14930432
1969-10-01,-7.50753792
1969-10-02,-6.22619136
1969-10-03,-3.56617728
1969-10-04,-1.7826048
1969-10-05,-0.891197434
1969-10-06,-0.44556892
1969-10-07,-0.222777009
1969-10-08,-0.111386642
1969-10-09,-0.055692855
1969-10-10,-0.027846311
1969-10-11,-0.013923126
1969-10-12,-0.181266011
1969-10-13,-0.229087913
1969-10-14,-0.114541985
1969-10-15,-0.0572705
1969-10-16,-0.590585486
1969-10-17,-0.741638246
1969-10-18,-1.163322847
1969-10-19,-2.02493952
1969-10-20,-1.98982656
1969-10-21,-3.00561408
1969-10-22,-5.63065344
1969-10-23,-7.32271104
1969-10-24,-5.968512
1969-10-25,-3.34582272
1969-10-26,-1.67256576
1969-10-27,-0.836146451
1969-10-28,-0.418046994
1969-10-29,-0.332499286
1969-10-30,-0.264332049
1969-10-31,-7.008768
1969-11-01,-10.10686464
1969-11-02,-5.9595264
1969-11-03,-2.9783808
1969-11-04,-3.95546112
1969-11-05,-3.93583104
1969-11-06,-1.96729344
1969-11-07,-0.983526617
1969-11-08,-0.491727021
1969-11-09,-0.313943842
1969-11-10,-0.211054423
1969-11-11,-5.11059456
1969-11-12,-6.56114688
1969-11-13,-3.30518016
1969-11-14,-1.65224448
1969-11-15,-0.826003146
1969-11-16,-0.960538176
1969-11-17,-2.09309184
1969-11-18,-1.98208512
1969-11-19,-1.05649327
1969-11-20,-0.580336676
1969-11-21,-0.419370186
1969-11-22,-0.312318084
1969-11-23,-0.156155379
1969-11-24,-0.078076774
1969-11-25,-0.039038158
1969-11-26,-0.22565294
1969-11-27,-0.276563386
1969-11-28,-0.138278818
1969-11-29,-0.069138694
1969-11-30,-0.034569167
1969-12-01,-0.281944752
1969-12-02,-0.539649658
1969-12-03,-1.161208355
1969-12-04,-1.169673081
1969-12-05,-0.584785226
1969-12-06,-0.92920449
1969-12-07,-4.05070848
1969-12-08,-5.83428096
1969-12-09,-6.22480896
1969-12-10,-6.6852864
1969-12-11,-4.97912832
1969-12-12,-6.75648
1969-12-13,-6.73201152
1969-12-14,-3.43996416
1969-12-15,-1.71956736
1969-12-16,-5.48246016
1969-12-17,-8.802432
1969-12-18,-6.55589376
1969-12-19,-3.48129792
1969-12-20,-1.74016512
1969-12-21,-0.869974691
1969-12-22,-0.434958958
1969-12-23,-4.72214016
1969-12-24,-10.72977408
1969-12-25,-10.2463488
1969-12-26,-11.87191296
1969-12-27,-10.60950528
1969-12-28,-5.30053632
1969-12-29,-3.7836288
1969-12-30,-2.85009408
1969-12-31,-1.53805824
1970-01-01,-0.822449341
1970-01-02,-0.411199304
1970-01-03,-0.979628042
1970-01-04,-1.104580261
1970-01-05,-0.552244359
1970-01-06,-1.128208601
1970-01-07,-3.25790208
1970-01-08,-3.23039232
1970-01-09,-1.61478144
1970-01-10,-0.807290537
1970-01-11,-0.403620821
1970-01-12,-0.2018043
1970-01-13,-0.100900618
1970-01-14,-0.050449926
1970-01-15,-0.025224867
1970-01-16,-0.01261241
1970-01-17,0
1970-01-18,0
1970-01-19,0
1970-01-20,0
1970-01-21,0
1970-01-22,0
1970-01-23,0.00E+00
1970-01-24,0.00E+00
1970-01-25,0.00E+00
1970-01-26,0.00E+00
1970-01-27,-0.020867092
1970-01-28,-0.525667996
1970-01-29,-0.658916052
1970-01-30,-0.329441735
1970-01-31,-1.82767104
1970-02-01,-2.4509952
1970-02-02,-1.39732992
1970-02-03,-0.698605918
1970-02-04,-0.349284649
1970-02-05,-0.834882274
1970-02-06,-3.32660736
1970-02-07,-4.73942016
1970-02-08,-3.30822144
1970-02-09,-2.827008
1970-02-10,-2.34510336
1970-02-11,-1.80928512
1970-02-12,-2.41035264
1970-02-13,-2.39597568
1970-02-14,-1.71099648
1970-02-15,-1.9450368
1970-02-16,-1.8890496
1970-02-17,-1.82601216
1970-02-18,-1.5019776
1970-02-19,-0.750876273
1970-02-20,-0.375416986
1970-02-21,-0.187703198
1970-02-22,-0.093850278
1970-02-23,-0.046924808
1970-02-24,-0.023462321
1970-02-25,-0.01173114
1970-02-26,0
1970-02-27,-0.965304387
1970-02-28,-6.8726016
1970-03-01,-8.221824
1970-03-02,-4.3635456
1970-03-03,-3.99209472
1970-03-04,-3.43374336
1970-03-05,-1.71638784
1970-03-06,-0.858093102
1970-03-07,-0.429018937
1970-03-08,-0.214502557
1970-03-09,-0.107249552
1970-03-10,-0.053624344
1970-03-11,-0.026812064
1970-03-12,-0.013406005
1970-03-13,0
1970-03-14,0
1970-03-15,0
1970-03-16,0
1970-03-17,0
1970-03-18,0
1970-03-19,0
1970-03-20,0.00E+00
1970-03-21,0.00E+00
1970-03-22,0.00E+00
1970-03-23,-0.123106394
1970-03-24,-0.447976742
1970-03-25,-0.739593939
1970-03-26,-1.056657665
1970-03-27,-0.893219098
1970-03-28,-0.44657962
1970-03-29,-0.223282331
1970-03-30,-0.111639291
1970-03-31,-0.213107674
1970-04-01,-0.231492018
1970-04-02,-0.115743997
1970-04-03,-0.224767084
1970-04-04,-0.353579669
1970-04-05,-0.31633903
1970-04-06,-0.200478261
1970-04-07,-0.100237619
1970-04-08,-0.050118432
1970-04-09,-0.059074994
1970-04-10,-0.056557757
1970-04-11,-0.475657754
1970-04-12,-1.064492693
1970-04-13,-1.68459264
1970-04-14,-2.80751616
1970-04-15,-2.47352832
1970-04-16,-1.78523136
1970-04-17,-1.41170688
1970-04-18,-1.17982309
1970-04-19,-0.91368882
1970-04-20,-0.456813098
1970-04-21,-0.960233661
1970-04-22,-3.19804416
1970-04-23,-3.29550336
1970-04-24,-1.64726784
1970-04-25,-2.49896448
1970-04-26,-2.61328896
1970-04-27,-3.794688
1970-04-28,-3.85191936
1970-04-29,-1.92540672
1970-04-30,-0.962548393
1970-05-01,-0.481239443
1970-05-02,-0.240611033
1970-05-03,-0.120303342
1970-05-04,-0.060151127
1970-05-05,-0.055098368
1970-05-06,-0.879791349
1970-05-07,-2.90635776
1970-05-08,-2.88672768
1970-05-09,-1.44308736
1970-05-10,-0.980941999
1970-05-11,-0.92218393
1970-05-12,-1.76933376
1970-05-13,-1.78136064
1970-05-14,-0.890552503
1970-05-15,-0.445246502
1970-05-16,-1.64630016
1970-05-17,-1.95374592
1970-05-18,-0.983604764
1970-05-19,-0.497213199
1970-05-20,-0.248597324
1970-05-21,-0.124296342
1970-05-22,-0.062147591
1970-05-23,-0.031073649
1970-05-24,-0.015536788
1970-05-25,0
1970-05-26,0
1970-05-27,-0.181497826
1970-05-28,-0.23337504
1970-05-29,-0.116685474
1970-05-30,-1.040691387
1970-05-31,-1.300552699
1970-06-01,-0.650212904
1970-06-02,-0.325090589
1970-06-03,-0.162541334
1970-06-04,-0.831634159
1970-06-05,-1.044023925
1970-06-06,-0.547571405
1970-06-07,-0.27377445
1970-06-08,-0.136884413
1970-06-09,-1.301505919
1970-06-10,-1.62998784
1970-06-11,-0.814923362
1970-06-12,-0.40743677
1970-06-13,-0.203712151
1970-06-14,-0.101854519
1970-06-15,-0.05092687
1970-06-16,-0.025463337
1970-06-17,-0.012731644
1970-06-18,0
1970-06-19,0
1970-06-20,-0.031613215
1970-06-21,-0.039654274
1970-06-22,-0.019827078
1970-06-23,0
1970-06-24,0
1970-06-25,-0.018036426
1970-06-26,-0.021376712
1970-06-27,-0.010688338
1970-06-28,0
1970-06-29,0
1970-06-30,0
1970-07-01,0
1970-07-02,0
1970-07-03,-0.060868385
1970-07-04,-0.098597539
1970-07-05,-0.065142184
1970-07-06,-0.032570932
1970-07-07,-0.016990084
1970-07-08,0
1970-07-09,-0.96971698
1970-07-10,-1.251443658
1970-07-11,-0.687889981
1970-07-12,-0.393356307
1970-07-13,-0.228590719
1970-07-14,-0.139647574
1970-07-15,-0.069823051
1970-07-16,-0.034911342
1970-07-17,-0.017455626
1970-07-18,0
1970-07-19,0
1970-07-20,0
1970-07-21,0
1970-07-22,0
1970-07-23,-0.083310865
1970-07-24,-0.107615906
1970-07-25,-0.56313463
1970-07-26,-0.686117302
1970-07-27,-0.343040984
1970-07-28,-0.171516082
1970-07-29,-0.085756934
1970-07-30,-0.04287819
1970-07-31,-0.021439026
1970-08-01,-0.010719495
1970-08-02,0
1970-08-03,0
1970-08-04,0
1970-08-05,0
1970-08-06,0
1970-08-07,0
1970-08-08,0.00E+00
1970-08-09,0.00E+00
1970-08-10,0.00E+00
1970-08-11,0.00E+00
1970-08-12,0
1970-08-13,0
1970-08-14,0
1970-08-15,0
1970-08-16,0
1970-08-17,0
1970-08-18,0
1970-08-19,0
1970-08-20,0
1970-08-21,0
1970-08-22,0
1970-08-23,0
1970-08-24,0
1970-08-25,0
1970-08-26,-0.021415027
1970-08-27,-0.023803355
1970-08-28,-0.011901656
1970-08-29,0
1970-08-30,-0.140007689
1970-08-31,-0.178853087
1970-09-01,-0.08942534
1970-09-02,-0.044712369
1970-09-03,-0.022356109
1970-09-04,-0.011178036
1970-09-05,0
1970-09-06,0
1970-09-07,0
1970-09-08,0
1970-09-09,0
1970-09-10,0
1970-09-11,0.00E+00
1970-09-12,0.00E+00
1970-09-13,0.00E+00
1970-09-14,0.00E+00
1970-09-15,0
1970-09-16,0
1970-09-17,0
1970-09-18,-0.017006136
1970-09-19,-0.366209096
1970-09-20,-0.583523247
1970-09-21,-0.392645256
1970-09-22,-0.196316836
1970-09-23,-0.098156972
1970-09-24,-0.049078124
1970-09-25,-0.024538971
1970-09-26,-0.012269463
1970-09-27,0
1970-09-28,-0.224478674
1970-09-29,-0.494903831
1970-09-30,-0.665646447
1970-10-01,-0.565302731
1970-10-02,-0.307092101
1970-10-03,-0.153542518
1970-10-04,-0.343986504
1970-10-05,-0.384245642
1970-10-06,-0.192117284
1970-10-07,-0.096057256
1970-10-08,-0.484858456
1970-10-09,-1.83347712
1970-10-10,-6.44433408
1970-10-11,-8.82828288
1970-10-12,-6.64754688
1970-10-13,-3.83463936
1970-10-14,-1.93287168
1970-10-15,-2.56144896
1970-10-16,-4.89037824
1970-10-17,-4.313088
1970-10-18,-3.91108608
1970-10-19,-4.081536
1970-10-20,-4.1872896
1970-10-21,-4.23622656
1970-10-22,-2.83239936
1970-10-23,-1.41585408
1970-10-24,-0.707863906
1970-10-25,-1.241358387
1970-10-26,-1.325493435
1970-10-27,-0.662680825
1970-10-28,-0.750156789
1970-10-29,-0.713438531
1970-10-30,-4.88291328
1970-10-31,-6.83582976
1970-11-01,-5.3872128
1970-11-02,-5.51950848
1970-11-03,-6.50985984
1970-11-04,-5.1162624
1970-11-05,-11.37881088
1970-11-06,-18.86049792
1970-11-07,-19.36852992
1970-11-08,-14.4350208
1970-11-09,-8.56852992
1970-11-10,-4.88388096
1970-11-11,-2.44104192
1970-11-12,-6.92070912
1970-11-13,-9.18922752
1970-11-14,-7.39749888
1970-11-15,-5.16478464
1970-11-16,-3.7421568
1970-11-17,-2.792448
1970-11-18,-4.22447616
1970-11-19,-5.77691136
1970-11-20,-5.9311872
1970-11-21,-10.35154944
1970-11-22,-10.54093824
1970-11-23,-5.98178304
1970-11-24,-3.51765504
1970-11-25,-9.79112448
1970-11-26,-11.43618048
1970-11-27,-7.68918528
1970-11-28,-5.14225152
1970-11-29,-2.57015808
1970-11-30,-1.284827941
1970-12-01,-2.02355712
1970-12-02,-5.49960192
1970-12-03,-5.4411264
1970-12-04,-3.79067904
1970-12-05,-4.60145664
1970-12-06,-4.53828096
1970-12-07,-5.30924544
1970-12-08,-4.58625024
1970-12-09,-4.0836096
1970-12-10,-3.57336576
1970-12-11,-1.873152
1970-12-12,-1.015800694
1970-12-13,-0.603672404
1970-12-14,-2.08355328
1970-12-15,-2.685312
1970-12-16,-2.0224512
1970-12-17,-1.81702656
1970-12-18,-1.244342919
1970-12-19,-0.622113385
1970-12-20,-0.31104217
1970-12-21,-0.155517456
1970-12-22,-0.077757819
1970-12-23,-0.038878681
1970-12-24,-0.265681493
1970-12-25,-2.377728
1970-12-26,-9.32815872
1970-12-27,-10.42080768
1970-12-28,-5.67571968
1970-12-29,-3.01390848
1970-12-30,-1.64740608
1970-12-31,-2.10014208
1971-01-01,-4.07172096
1971-01-02,-5.11750656
1971-01-03,-5.94266112
1971-01-04,-8.16251904
1971-01-05,-9.36838656
1971-01-06,-7.08009984
1971-01-07,-4.28212224
1971-01-08,-2.49813504
1971-01-09,-1.90674432
1971-01-10,-1.47585024
1971-01-11,-1.86181632
1971-01-12,-1.82988288
1971-01-13,-0.919825169
1971-01-14,-0.459880838
1971-01-15,-0.229932491
1971-01-16,-0.114964257
1971-01-17,-0.057481632
1971-01-18,-0.087802139
1971-01-19,-1.306425218
1971-01-20,-1.75523328
1971-01-21,-0.985977737
1971-01-22,-2.96193024
1971-01-23,-7.0357248
1971-01-24,-9.63007488
1971-01-25,-9.09605376
1971-01-26,-7.85590272
1971-01-27,-7.04166912
1971-01-28,-4.75490304
1971-01-29,-2.37662208
1971-01-30,-1.99812096
1971-01-31,-1.6422912
1971-02-01,-0.821026105
1971-02-02,-0.995122479
1971-02-03,-2.05949952
1971-02-04,-2.66913792
1971-02-05,-3.14025984
1971-02-06,-8.37070848
1971-02-07,-10.68761088
1971-02-08,-8.4160512
1971-02-09,-5.47554816
1971-02-10,-2.73659904
1971-02-11,-1.368031832
1971-02-12,-0.683945718
1971-02-13,-0.341955316
1971-02-14,-0.170973269
1971-02-15,-0.085485535
1971-02-16,-0.042742493
1971-02-17,-0.021371178
1971-02-18,-0.010685571
1971-02-19,0
1971-02-20,0
1971-02-21,0
1971-02-22,-0.013276441
1971-02-23,-0.016653832
1971-02-24,0
1971-02-25,0
1971-02-26,-0.384347345
1971-02-27,-1.50764544
1971-02-28,-1.65970944
1971-03-01,-0.943528573
1971-03-02,-3.37264128
1971-03-03,-5.86842624
1971-03-04,-5.0886144
1971-03-05,-3.05745408
1971-03-06,-1.52838144
1971-03-07,-3.0855168
1971-03-08,-3.5030016
1971-03-09,-3.80809728
1971-03-10,-4.44054528
1971-03-11,-6.45138432
1971-03-12,-6.87508992
1971-03-13,-4.85374464
1971-03-14,-2.99801088
1971-03-15,-1.5130368
1971-03-16,-1.098663036
1971-03-17,-0.821145365
1971-03-18,-1.039241623
1971-03-19,-4.43377152
1971-03-20,-7.94036736
1971-03-21,-7.18944768
1971-03-22,-4.2515712
1971-03-23,-2.28662784
1971-03-24,-1.66136832
1971-03-25,-2.00060928
1971-03-26,-1.73117952
1971-03-27,-0.962396025
1971-03-28,-7.1635968
1971-03-29,-9.59136768
1971-03-30,-5.38320384
1971-03-31,-2.69056512
1971-04-01,-1.344986201
1971-04-02,-0.672425252
1971-04-03,-0.336195657
1971-04-04,-0.168093592
1971-04-05,-0.604037136
1971-04-06,-4.6324224
1971-04-07,-7.41616128
1971-04-08,-5.28657408
1971-04-09,-2.77005312
1971-04-10,-1.48621824
1971-04-11,-0.743058994
1971-04-12,-0.371508775
1971-04-13,-0.185749217
1971-04-14,-0.092873309
1971-04-15,-0.168317084
1971-04-16,-0.180972113
1971-04-17,-0.090484823
1971-04-18,-0.586123804
1971-04-19,-0.722673543
1971-04-20,-0.361317183
1971-04-21,-0.180653691
1971-04-22,-1.328242019
1971-04-23,-1.64726784
1971-04-24,-2.77489152
1971-04-25,-3.50258688
1971-04-26,-2.20022784
1971-04-27,-1.09990338
1971-04-28,-2.00558592
1971-04-29,-2.51265024
1971-04-30,-4.79734272
1971-05-01,-5.0347008
1971-05-02,-2.55453696
1971-05-03,-1.277054595
1971-05-04,-0.638466126
1971-05-05,-0.711592916
1971-05-06,-0.667446027
1971-05-07,-0.3337063
1971-05-08,-0.166848975
1971-05-09,-0.08342344
1971-05-10,-0.041711458
1971-05-11,-0.020855663
1971-05-12,-0.010427815
1971-05-13,0
1971-05-14,-1.301470959
1971-05-15,-1.68224256
1971-05-16,-0.841035696
1971-05-17,-0.621492798
1971-05-18,-0.47039287
1971-05-19,-0.235188127
1971-05-20,-0.117591988
1971-05-21,-0.058795475
1971-05-22,-0.029397607
1971-05-23,-0.01469877
1971-05-24,0
1971-05-25,0
1971-05-26,0
1971-05-27,0
1971-05-28,0
1971-05-29,0
1971-05-30,0
1971-05-31,0.00E+00
1971-06-01,0.00E+00
1971-06-02,0.00E+00
1971-06-03,0
1971-06-04,0
1971-06-05,0
1971-06-06,0
1971-06-07,0
1971-06-08,-0.014897174
1971-06-09,-0.019282126
1971-06-10,0
1971-06-11,0
1971-06-12,0
1971-06-13,0
1971-06-14,0
1971-06-15,0
1971-06-16,-0.113024767
1971-06-17,-0.375458969
1971-06-18,-0.372661434
1971-06-19,-0.186325498
1971-06-20,-0.093161448
1971-06-21,-0.046580398
1971-06-22,-0.023290117
1971-06-23,-0.011645038
1971-06-24,0
1971-06-25,0
1971-06-26,0
1971-06-27,0
1971-06-28,0
1971-06-29,0
1971-06-30,0.00E+00
1971-07-01,0.00E+00
1971-07-02,0.00E+00
1971-07-03,0.00E+00
1971-07-04,-0.05469117
1971-07-05,-0.070784622
1971-07-06,-0.095846148
1971-07-07,-0.097312261
1971-07-08,-0.049742623
1971-07-09,-0.024871219
1971-07-10,-0.012435586
1971-07-11,0
1971-07-12,-0.028046717
1971-07-13,-0.487496877
1971-07-14,-1.064507913
1971-07-15,-0.8979227
1971-07-16,-0.448931096
1971-07-17,-1.116768343
1971-07-18,-2.63374848
1971-07-19,-2.40205824
1971-07-20,-1.200816092
1971-07-21,-0.600353953
1971-07-22,-0.300163457
1971-07-23,-0.150078348
1971-07-24,-0.075038327
1971-07-25,-0.037518951
1971-07-26,-0.018759422
1971-07-27,0
1971-07-28,-1.061576824
1971-07-29,-1.37019092
1971-07-30,-0.68502504
1971-07-31,-0.342494922
1971-08-01,-0.171243058
1971-08-02,-0.085620426
1971-08-03,-0.042809938
1971-08-04,-0.021404899
1971-08-05,-0.519340281
1971-08-06,-0.739868954
1971-08-07,-1.73449728
1971-08-08,-1.9028736
1971-08-09,-0.951272516
1971-08-10,-0.47560232
1971-08-11,-0.237792665
1971-08-12,-0.118894212
1971-08-13,-0.059446574
1971-08-14,-0.029723154
1971-08-15,-0.146699127
1971-08-16,-0.178072432
1971-08-17,-0.089035024
1971-08-18,-0.419904235
1971-08-19,-0.569695072
1971-08-20,-0.333745091
1971-08-21,-0.166868357
1971-08-22,-0.083433135
1971-08-23,-0.041716306
1971-08-24,-0.020858087
1971-08-25,-0.010429027
1971-08-26,0
1971-08-27,0
1971-08-28,0
1971-08-29,-0.208257731
1971-08-30,-0.269035361
1971-08-31,-0.134514961
1971-09-01,-0.067256801
1971-09-02,-0.033628231
1971-09-03,-0.016814072
1971-09-04,0
1971-09-05,0
1971-09-06,0
1971-09-07,0
1971-09-08,0
1971-09-09,0
1971-09-10,0
1971-09-11,0.00E+00
1971-09-12,0.00E+00
1971-09-13,-0.036555514
1971-09-14,-0.047302413
1971-09-15,-0.023651122
1971-09-16,-0.01182554
1971-09-17,0
1971-09-18,0
1971-09-19,0
1971-09-20,0
1971-09-21,0
1971-09-22,0
1971-09-23,0.00E+00
1971-09-24,0.00E+00
1971-09-25,0.00E+00
1971-09-26,0.00E+00
1971-09-27,0
1971-09-28,-0.024410408
1971-09-29,-0.031593238
1971-09-30,-0.015796581
1971-10-01,-0.022918293
1971-10-02,-0.234645714
1971-10-03,-0.342623167
1971-10-04,-0.216978172
1971-10-05,-0.108487315
1971-10-06,-0.17219249
1971-10-07,-0.531429687
1971-10-08,-0.980935447
1971-10-09,-0.836681537
1971-10-10,-0.418314503
1971-10-11,-0.209150692
1971-10-12,-0.104573701
1971-10-13,-0.144199623
1971-10-14,-0.145109477
1971-10-15,-0.072553948
1971-10-16,-0.036276776
1971-10-17,-0.359151861
1971-10-18,-0.450445322
1971-10-19,-1.7611776
1971-10-20,-2.19442176
1971-10-21,-1.43327232
1971-10-22,-1.5607296
1971-10-23,-1.61630208
1971-10-24,-1.99839744
1971-10-25,-1.73615616
1971-10-26,-0.867950816
1971-10-27,-0.433947152
1971-10-28,-0.216966505
1971-10-29,-0.108481487
1971-10-30,-0.054240301
1971-10-31,-0.027120039
1971-11-01,-0.013559992
1971-11-02,0
1971-11-03,0
1971-11-04,0
1971-11-05,0
1971-11-06,-0.137813469
1971-11-07,-0.256962738
1971-11-08,-0.555991119
1971-11-09,-0.567767094
1971-11-10,-0.283871458
1971-11-11,-0.141932695
1971-11-12,-0.181518617
1971-11-13,-0.189776259
1971-11-14,-0.103784691
1971-11-15,-0.051891941
1971-11-16,-0.025945869
1971-11-17,-0.012972909
1971-11-18,0
1971-11-19,0
1971-11-20,0
1971-11-21,0
1971-11-22,-0.099331805
1971-11-23,-0.128246876
1971-11-24,-0.06412282
1971-11-25,-0.045455827
1971-11-26,-0.842488916
1971-11-27,-1.53543168
1971-11-28,-1.142121849
1971-11-29,-1.256713298
1971-11-30,-1.186263346
1971-12-01,-0.858833349
1971-12-02,-0.632076494
1971-12-03,-0.316023248
1971-12-04,-0.659575153
1971-12-05,-1.041883182
1971-12-06,-0.770088315
1971-12-07,-0.385021915
1971-12-08,-0.192505393
1971-12-09,-0.096251304
1971-12-10,-0.048125305
1971-12-11,-0.024062565
1971-12-12,-0.01203126
1971-12-13,0
1971-12-14,0
1971-12-15,0
1971-12-16,0
1971-12-17,0
1971-12-18,0
1971-12-19,0.00E+00
1971-12-20,0.00E+00
1971-12-21,0.00E+00
1971-12-22,-0.01168228
1971-12-23,-0.015111606
1971-12-24,0
1971-12-25,-0.550770237
1971-12-26,-0.709852004
1971-12-27,-0.607567841
1971-12-28,-2.06516736
1971-12-29,-5.24081664
1971-12-30,-4.97691648
1971-12-31,-2.48749056
1972-01-01,-1.243521552
1972-01-02,-0.621702785
1972-01-03,-0.310836884
1972-01-04,-0.155414813
1972-01-05,-0.077706501
1972-01-06,-0.038853024
1972-01-07,-0.019426455
1972-01-08,0
1972-01-09,0
1972-01-10,0
1972-01-11,-0.079011391
1972-01-12,-0.101303172
1972-01-13,-0.0506512
1972-01-14,-0.180597814
1972-01-15,-0.898946326
1972-01-16,-1.015785903
1972-01-17,-0.525336123
1972-01-18,-0.28639854
1972-01-19,-0.162054591
1972-01-20,-0.081026306
1972-01-21,-0.139015789
1972-01-22,-0.147752032
1972-01-23,-1.353896336
1972-01-24,-1.69357824
1972-01-25,-1.081388317
1972-01-26,-1.77113088
1972-01-27,-1.71472896
1972-01-28,-0.857241474
1972-01-29,-0.428593172
1972-01-30,-0.214289695
1972-01-31,-0.107143122
1972-02-01,-0.05357113
1972-02-02,-0.026785457
1972-02-03,-0.013392701
1972-02-04,-0.137303745
1972-02-05,-3.33310464
1972-02-06,-4.17595392
1972-02-07,-2.08935936
1972-02-08,-1.046085595
1972-02-09,-1.140982019
1972-02-10,-1.06129845
1972-02-11,-0.530606979
1972-02-12,-0.265292928
1972-02-13,-0.777662111
1972-02-14,-1.4508288
1972-02-15,-1.162026377
1972-02-16,-0.58096253
1972-02-17,-0.290468602
1972-02-18,-0.145231129
1972-02-19,-0.221191161
1972-02-20,-2.60292096
1972-02-21,-3.18684672
1972-02-22,-2.0383488
1972-02-23,-1.372670406
1972-02-24,-0.991674109
1972-02-25,-1.041261779
1972-02-26,-2.94437376
1972-02-27,-3.53120256
1972-02-28,-2.02369536
1972-02-29,-2.0300544
1972-03-01,-2.19677184
1972-03-02,-1.39442688
1972-03-03,-0.697125865
1972-03-04,-0.348544692
1972-03-05,-0.216672482
1972-03-06,-0.142018376
1972-03-07,-0.071008432
1972-03-08,-0.035504026
1972-03-09,-0.017751965
1972-03-10,-0.199672999
1972-03-11,-0.2513915
1972-03-12,-0.12569338
1972-03-13,-1.300195515
1972-03-14,-1.63275264
1972-03-15,-0.842368772
1972-03-16,-1.147675489
1972-03-17,-6.0417792
1972-03-18,-6.91739136
1972-03-19,-3.45821184
1972-03-20,-1.7286912
1972-03-21,-0.864212309
1972-03-22,-0.432078133
1972-03-23,-0.216032058
1972-03-24,-0.108014279
1972-03-25,-0.0540067
1972-03-26,-0.02700324
1972-03-27,-0.013501593
1972-03-28,0
1972-03-29,0
1972-03-30,0
1972-03-31,0
1972-04-01,0
1972-04-02,-0.541314828
1972-04-03,-0.700447745
1972-04-04,-0.350205466
1972-04-05,-0.341263715
1972-04-06,-0.966184948
1972-04-07,-1.010121989
1972-04-08,-0.505022723
1972-04-09,-0.252501788
1972-04-10,-0.941696575
1972-04-11,-1.118509199
1972-04-12,-0.559207674
1972-04-13,-0.2795921
1972-04-14,-0.139793113
1972-04-15,-0.069895825
1972-04-16,-0.034947729
1972-04-17,-0.017473818
1972-04-18,0
1972-04-19,0
1972-04-20,0
1972-04-21,0
1972-04-22,0
1972-04-23,0
1972-04-24,0
1972-04-25,0.00E+00
1972-04-26,0.00E+00
1972-04-27,-0.091407296
1972-04-28,-0.118298443
1972-04-29,-0.059148696
1972-04-30,-0.099066187
1972-05-01,-0.107701262
1972-05-02,-0.056207852
1972-05-03,-0.045568485
1972-05-04,-0.036657195
1972-05-05,-0.018328546
1972-05-06,0
1972-05-07,0
1972-05-08,-0.03679508
1972-05-09,-0.244568789
1972-05-10,-0.280166183
1972-05-11,-0.14008014
1972-05-12,-0.070039336
1972-05-13,-0.035019483
1972-05-14,-0.017509695
1972-05-15,0
1972-05-16,-0.05859768
1972-05-17,-0.072368315
1972-05-18,-0.053076837
1972-05-19,-0.070903774
1972-05-20,-0.244633983
1972-05-21,-0.294211326
1972-05-22,-0.167169665
1972-05-23,-0.144607666
1972-05-24,-0.171217525
1972-05-25,-0.273194298
1972-05-26,-0.781465107
1972-05-27,-1.015855216
1972-05-28,-0.671518813
1972-05-29,-0.335742493
1972-05-30,-0.167867016
1972-05-31,-0.083932449
1972-06-01,-0.063894856
1972-06-02,-0.049366434
1972-06-03,-0.454900977
1972-06-04,-0.599610152
1972-06-05,-0.323970928
1972-06-06,-0.186773728
1972-06-07,-0.113079119
1972-06-08,-0.10307983
1972-06-09,-0.088508933
1972-06-10,-0.044254171
1972-06-11,-0.022127012
1972-06-12,-0.011063487
1972-06-13,0
1972-06-14,0
1972-06-15,0
1972-06-16,0
1972-06-17,0
1972-06-18,0
1972-06-19,0
1972-06-20,0
1972-06-21,0
1972-06-22,0
1972-06-23,0
1972-06-24,0
1972-06-25,0.00E+00
1972-06-26,0.00E+00
1972-06-27,0.00E+00
1972-06-28,0
1972-06-29,0
1972-06-30,0
1972-07-01,0
1972-07-02,-0.026683654
1972-07-03,-0.034537895
1972-07-04,-0.107963641
1972-07-05,-0.126024016
1972-07-06,-0.063011411
1972-07-07,-0.031505555
1972-07-08,-0.083752411
1972-07-09,-0.095891062
1972-07-10,-0.047945185
1972-07-11,-0.026583289
1972-07-12,-0.015365492
1972-07-13,0
1972-07-14,0
1972-07-15,0
1972-07-16,0
1972-07-17,0
1972-07-18,0
1972-07-19,0
1972-07-20,0.00E+00
1972-07-21,0.00E+00
1972-07-22,0.00E+00
1972-07-23,0
1972-07-24,0
1972-07-25,0
1972-07-26,0
1972-07-27,0
1972-07-28,0
1972-07-29,-0.086773088
1972-07-30,-0.107385685
1972-07-31,-0.161277364
1972-08-01,-0.418598945
1972-08-02,-0.409862081
1972-08-03,-0.204924737
1972-08-04,-0.102460791
1972-08-05,-0.051230001
1972-08-06,-0.025614902
1972-08-07,-0.327408888
1972-08-08,-0.413595708
1972-08-09,-0.206791433
1972-08-10,-0.103394111
1972-08-11,-0.051696653
1972-08-12,-0.025848226
1972-08-13,-0.012924088
1972-08-14,0
1972-08-15,0
1972-08-16,0
1972-08-17,0
1972-08-18,-0.105877644
1972-08-19,-0.136720532
1972-08-20,-0.068359564
1972-08-21,-0.034179606
1972-08-22,-0.025649998
1972-08-23,-0.01962479
1972-08-24,-0.165160318
1972-08-25,-0.861699161
1972-08-26,-0.957341169
1972-08-27,-0.483151952
1972-08-28,-0.241567212
1972-08-29,-0.120781416
1972-08-30,-0.060390161
1972-08-31,-0.030194942
1972-09-01,-0.015097436
1972-09-02,0
1972-09-03,0
1972-09-04,0
1972-09-05,0
1972-09-06,0
1972-09-07,-0.240395144
1972-09-08,-0.310961023
1972-09-09,-0.155476883
1972-09-10,-0.077737533
1972-09-11,-0.038868539
1972-09-12,-0.019434212
1972-09-13,0
1972-09-14,0
1972-09-15,0
1972-09-16,0
1972-09-17,0
1972-09-18,0
1972-09-19,-0.023557214
1972-09-20,-0.030370601
1972-09-21,-0.015185266
1972-09-22,0
1972-09-23,0
1972-09-24,0
1972-09-25,0
1972-09-26,0
1972-09-27,0
1972-09-28,0
1972-09-29,0.00E+00
1972-09-30,0.00E+00
1972-10-01,0.00E+00
1972-10-02,0
1972-10-03,0
1972-10-04,0
1972-10-05,0
1972-10-06,0
1972-10-07,0
1972-10-08,-0.046812051
1972-10-09,-0.060590899
1972-10-10,-0.030295311
1972-10-11,-0.01514762
1972-10-12,0
1972-10-13,0
1972-10-14,0
1972-10-15,-0.013970526
1972-10-16,-0.163367774
1972-10-17,-0.202578486
1972-10-18,-0.104649422
1972-10-19,-0.052324299
1972-10-20,-0.272415495
1972-10-21,-1.65376512
1972-10-22,-1.8814464
1972-10-23,-2.29796352
1972-10-24,-4.5052416
1972-10-25,-4.06370304
1972-10-26,-2.03129856
1972-10-27,-1.015462656
1972-10-28,-0.507692648
1972-10-29,-0.253836647
1972-10-30,-0.126915907
1972-10-31,-0.126914141
1972-11-01,-2.72830464
1972-11-02,-4.14498816
1972-11-03,-2.63167488
1972-11-04,-1.315600635
1972-11-05,-2.25925632
1972-11-06,-2.40136704
1972-11-07,-4.88650752
1972-11-08,-5.64420096
1972-11-09,-4.49915904
1972-11-10,-3.4083072
1972-11-11,-2.78498304
1972-11-12,-2.30694912
1972-11-13,-1.197751685
1972-11-14,-0.598822032
1972-11-15,-2.47753728
1972-11-16,-4.31557632
1972-11-17,-3.22707456
1972-11-18,-1.61312256
1972-11-19,-2.28759552
1972-11-20,-5.88432384
1972-11-21,-8.54682624
1972-11-22,-9.31765248
1972-11-23,-6.91282944
1972-11-24,-3.4546176
1972-11-25,-1.72689408
1972-11-26,-0.86331556
1972-11-27,-2.61978624
1972-11-28,-3.46000896
1972-11-29,-4.63878144
1972-11-30,-6.45083136
1972-12-01,-4.87738368
1972-12-02,-2.4378624
1972-12-03,-1.99148544
1972-12-04,-1.60952832
1972-12-05,-0.804647693
1972-12-06,-0.402299551
1972-12-07,-0.201143707
1972-12-08,-0.100570333
1972-12-09,-0.050284786
1972-12-10,-0.655207004
1972-12-11,-2.04899328
1972-12-12,-1.994112
1972-12-13,-2.0736
1972-12-14,-4.1845248
1972-12-15,-4.212864
1972-12-16,-2.54375424
1972-12-17,-1.42995456
1972-12-18,-0.714927444
1972-12-19,-0.524605524
1972-12-20,-1.72426752
1972-12-21,-2.05936128
1972-12-22,-1.141997972
1972-12-23,-3.18117888
1972-12-24,-8.00216064
1972-12-25,-7.44367104
1972-12-26,-4.89687552
1972-12-27,-4.79236608
1972-12-28,-3.66239232
1972-12-29,-2.4876288
1972-12-30,-2.0300544
1972-12-31,-6.95043072
1973-01-01,-9.17056512
1973-01-02,-11.086848
1973-01-03,-9.93931776
1973-01-04,-4.96585728
1973-01-05,-2.4820992
1973-01-06,-1.240787635
1973-01-07,-0.620336075
1973-01-08,-0.310153591
1973-01-09,-0.155073194
1973-01-10,-0.07753569
1973-01-11,-0.038767619
1973-01-12,-0.019383753
1973-01-13,0
1973-01-14,0
1973-01-15,0
1973-01-16,-0.70682506
1973-01-17,-1.081330601
1973-01-18,-0.863670685
1973-01-19,-2.78152704
1973-01-20,-5.98883328
1973-01-21,-5.28256512
1973-01-22,-2.6597376
1973-01-23,-1.32959731
1973-01-24,-0.711840946
1973-01-25,-0.500848842
1973-01-26,-0.347156002
1973-01-27,-0.182572006
1973-01-28,-0.091284752
1973-01-29,-0.336309968
1973-01-30,-0.399035497
1973-01-31,-1.065965018
1973-02-01,-2.2519296
1973-02-02,-6.00251904
1973-02-03,-6.22190592
1973-02-04,-3.10957056
1973-02-05,-1.55437056
1973-02-06,-0.77711211
1973-02-07,-0.38853339
1973-02-08,-0.194261027
1973-02-09,-0.097129099
1973-02-10,-0.048564194
1973-02-11,-0.024282008
1973-02-12,-0.012140982
1973-02-13,0
1973-02-14,0
1973-02-15,0
1973-02-16,0
1973-02-17,0
1973-02-18,-0.306604086
1973-02-19,-0.396690877
1973-02-20,-0.198339536
1973-02-21,-0.09916829
1973-02-22,-0.049583775
1973-02-23,-0.024791796
1973-02-24,-0.012395874
1973-02-25,0
1973-02-26,0
1973-02-27,-0.566690218
1973-02-28,-2.70701568
1973-03-01,-2.9217024
1973-03-02,-2.8415232
1973-03-03,-2.5173504
1973-03-04,-1.258429091
1973-03-05,-0.629155151
1973-03-06,-0.314562728
1973-03-07,-0.157277652
1973-03-08,-0.078637895
1973-03-09,-0.039318714
1973-03-10,-0.019659298
1973-03-11,0
1973-03-12,0
1973-03-13,0
1973-03-14,0
1973-03-15,0
1973-03-16,0
1973-03-17,0
1973-03-18,0.00E+00
1973-03-19,0.00E+00
1973-03-20,0.00E+00
1973-03-21,0
1973-03-22,0
1973-03-23,0
1973-03-24,0
1973-03-25,0
1973-03-26,0
1973-03-27,-0.080355956
1973-03-28,-0.104007929
1973-03-29,-0.052003557
1973-03-30,-0.026001676
1973-03-31,-0.013000813
1973-04-01,0
1973-04-02,0
1973-04-03,0
1973-04-04,0
1973-04-05,0
1973-04-06,0
1973-04-07,0
1973-04-08,-0.079040018
1973-04-09,-0.102264331
1973-04-10,-0.104415538
1973-04-11,-0.09453303
1973-04-12,-0.047266179
1973-04-13,-0.023633006
1973-04-14,-0.011816481
1973-04-15,0
1973-04-16,0
1973-04-17,0
1973-04-18,0
1973-04-19,0
1973-04-20,0
1973-04-21,0.00E+00
1973-04-22,0.00E+00
1973-04-23,0.00E+00
1973-04-24,0.00E+00
1973-04-25,-0.035533875
1973-04-26,-0.045988525
1973-04-27,-0.074815272
1973-04-28,-0.078571253
1973-04-29,-0.039432458
1973-04-30,-0.01983299
1973-05-01,0
1973-05-02,0
1973-05-03,-0.219435292
1973-05-04,-0.410582822
1973-05-05,-0.307382446
1973-05-06,-0.15368767
1973-05-07,-0.171093759
1973-05-08,-0.160413046
1973-05-09,-0.080205557
1973-05-10,-0.040102536
1973-05-11,-0.069521721
1973-05-12,-0.074057349
1973-05-13,-0.037028469
1973-05-14,-0.018514182
1973-05-15,0
1973-05-16,-0.242583469
1973-05-17,-0.47977602
1973-05-18,-0.853528693
1973-05-19,-0.807234841
1973-05-20,-0.403592979
1973-05-21,-0.20179038
1973-05-22,-0.100893659
1973-05-23,-0.376174154
1973-05-24,-0.44681442
1973-05-25,-0.223399725
1973-05-26,-0.111697985
1973-05-27,-0.055848523
1973-05-28,-0.027924144
1973-05-29,-0.013962042
1973-05-30,0
1973-05-31,0
1973-06-01,0
1973-06-02,-0.978008602
1973-06-03,-1.265076597
1973-06-04,-0.632478261
1973-06-05,-0.316224124
1973-06-06,-0.158108309
1973-06-07,-0.079053216
1973-06-08,-0.039526373
1973-06-09,-0.019763128
1973-06-10,0
1973-06-11,0
1973-06-12,0
1973-06-13,0
1973-06-14,0
1973-06-15,-0.129212964
1973-06-16,-0.166999463
1973-06-17,-0.083498681
1973-06-18,-0.041749079
1973-06-19,-0.020874474
1973-06-20,-0.01043722
1973-06-21,0
1973-06-22,0
1973-06-23,0
1973-06-24,0
1973-06-25,0
1973-06-26,0
1973-06-27,0.00E+00
1973-06-28,0.00E+00
1973-06-29,-0.036095151
1973-06-30,-0.068864559
1973-07-01,-0.083644219
1973-07-02,-0.066929913
1973-07-03,-0.033464788
1973-07-04,-0.016732351
1973-07-05,0
1973-07-06,0
1973-07-07,0
1973-07-08,0
1973-07-09,0
1973-07-10,0
1973-07-11,0
1973-07-12,0.00E+00
1973-07-13,0.00E+00
1973-07-14,-0.512563023
1973-07-15,-0.76779501
1973-07-16,-0.466806772
1973-07-17,-0.233395209
1973-07-18,-0.116695559
1973-07-19,-0.058347268
1973-07-20,-0.029173506
1973-07-21,-0.01458672
1973-07-22,0
1973-07-23,0
1973-07-24,-0.015527937
1973-07-25,-0.161549116
1973-07-26,-0.19428356
1973-07-27,-0.097140366
1973-07-28,-0.048569828
1973-07-29,-0.024284825
1973-07-30,-0.01214239
1973-07-31,0
1973-08-01,0
1973-08-02,0
1973-08-03,0
1973-08-04,0
1973-08-05,0
1973-08-06,0.00E+00
1973-08-07,0.00E+00
1973-08-08,0.00E+00
1973-08-09,0.00E+00
1973-08-10,0
1973-08-11,0
1973-08-12,0
1973-08-13,0
1973-08-14,0
1973-08-15,0
1973-08-16,0
1973-08-17,0
1973-08-18,0
1973-08-19,0
1973-08-20,0
1973-08-21,0
1973-08-22,0
1973-08-23,0
1973-08-24,0
1973-08-25,0
1973-08-26,0
1973-08-27,0.00E+00
1973-08-28,0
1973-08-29,0
1973-08-30,0.00E+00
1973-08-31,0.00E+00
1973-09-01,0.00E+00
1973-09-02,0
1973-09-03,0
1973-09-04,0
1973-09-05,-0.016038215
1973-09-06,-0.022792819
1973-09-07,-0.273329607
1973-09-08,-0.338821982
1973-09-09,-0.169406678
1973-09-10,-0.084702264
1973-09-11,-0.042350862
1973-09-12,-0.021175363
1973-09-13,-0.010587665
1973-09-14,0
1973-09-15,0
1973-09-16,0
1973-09-17,0
1973-09-18,0
1973-09-19,0
1973-09-20,0.00E+00
1973-09-21,0
1973-09-22,-0.011274938
1973-09-23,0
1973-09-24,0
1973-09-25,0
1973-09-26,0
1973-09-27,0
1973-09-28,0
1973-09-29,0.00E+00
1973-09-30,0.00E+00
1973-10-01,-0.203133658
1973-10-02,-0.662860676
1973-10-03,-0.684213171
1973-10-04,-0.369976799
1973-10-05,-0.224946202
1973-10-06,-0.144215507
1973-10-07,-0.072106975
1973-10-08,-0.036053292
1973-10-09,-0.018026597
1973-10-10,0
1973-10-11,0
1973-10-12,-0.01871133
1973-10-13,-0.022429045
1973-10-14,-0.011214503
1973-10-15,0
1973-10-16,0
1973-10-17,0
1973-10-18,-0.339091232
1973-10-19,-0.834220975
1973-10-20,-0.731543243
1973-10-21,-0.947686349
1973-10-22,-1.08565291
1973-10-23,-0.661624934
1973-10-24,-0.330796044
1973-10-25,-0.165393916
1973-10-26,-0.08269593
1973-10-27,-0.168808887
1973-10-28,-1.193681014
1973-10-29,-4.624128
1973-10-30,-6.13108224
1973-10-31,-4.0628736
1973-11-01,-3.9737088
1973-11-02,-3.5292672
1973-11-03,-1.76421888
1973-11-04,-0.881958247
1973-11-05,-0.440949948
1973-11-06,-0.220467682
1973-11-07,-0.955543012
1973-11-08,-1.149149044
1973-11-09,-0.574524984
1973-11-10,-0.423544357
1973-11-11,-0.320028669
1973-11-12,-0.965814078
1973-11-13,-1.271181676
1973-11-14,-1.263491869
1973-11-15,-1.079497235
1973-11-16,-0.57352302
1973-11-17,-0.286749172
1973-11-18,-0.143371496
1973-11-19,-0.071684977
1973-11-20,-0.035842295
1973-11-21,-0.017921099
1973-11-22,-0.492201861
1973-11-23,-1.023508542
1973-11-24,-0.824333801
1973-11-25,-1.6436736
1973-11-26,-1.7998848
1973-11-27,-0.913832866
1973-11-28,-1.72219392
1973-11-29,-12.78346752
1973-11-30,-15.05488896
1973-12-01,-7.56642816
1973-12-02,-5.4404352
1973-12-03,-4.00702464
1973-12-04,-2.00295936
1973-12-05,-1.001297079
1973-12-06,-0.500610931
1973-12-07,-0.250296058
1973-12-08,-0.125145679
1973-12-09,-0.062572251
1973-12-10,-1.52395776
1973-12-11,-1.99217664
1973-12-12,-1.78910208
1973-12-13,-1.49630976
1973-12-14,-0.748041012
1973-12-15,-0.373999514
1973-12-16,-0.186994511
1973-12-17,-0.167925685
1973-12-18,-0.783074829
1973-12-19,-6.60386304
1973-12-20,-7.82839296
1973-12-21,-3.91191552
1973-12-22,-2.25497088
1973-12-23,-1.365226168
1973-12-24,-0.682543176
1973-12-25,-2.22400512
1973-12-26,-4.61044224
1973-12-27,-3.89532672
1973-12-28,-4.91982336
1973-12-29,-4.81946112
1973-12-30,-2.408832
1973-12-31,-1.64104704
1974-01-01,-1.167359634
1974-01-02,-0.58362871
1974-01-03,-0.291801568
1974-01-04,-0.145897584
1974-01-05,-0.072947996
1974-01-06,-0.036473797
1974-01-07,-2.7841536
1974-01-08,-3.93334272
1974-01-09,-3.32439552
1974-01-10,-4.02223104
1974-01-11,-10.00885248
1974-01-12,-11.36775168
1974-01-13,-7.59227904
1974-01-14,-5.46213888
1974-01-15,-5.28477696
1974-01-16,-8.67013632
1974-01-17,-7.88673024
1974-01-18,-3.94094592
1974-01-19,-2.03129856
1974-01-20,-1.064277592
1974-01-21,-2.72277504
1974-01-22,-4.50690048
1974-01-23,-3.36932352
1974-01-24,-5.54162688
1974-01-25,-6.44419584
1974-01-26,-3.70635264
1974-01-27,-1.92443904
1974-01-28,-1.019012134
1974-01-29,-0.509467111
1974-01-30,-1.321154828
1974-01-31,-1.5075072
1974-02-01,-0.753681135
1974-02-02,-0.376819251
1974-02-03,-0.188404296
1974-02-04,-0.094200817
1974-02-05,-0.047100074
1974-02-06,-0.023549954
1974-02-07,-0.011774956
1974-02-08,0
1974-02-09,0
1974-02-10,0
1974-02-11,0
1974-02-12,0
1974-02-13,0
1974-02-14,0.00E+00
1974-02-15,0.00E+00
1974-02-16,0.00E+00
1974-02-17,0.00E+00
1974-02-18,-0.045139193
1974-02-19,-0.561113036
1974-02-20,-0.882059922
1974-02-21,-1.98484992
1974-02-22,-2.09101824
1974-02-23,-1.045312266
1974-02-24,-0.522615145
1974-02-25,-0.261297322
1974-02-26,-0.190083594
1974-02-27,-0.142254199
1974-02-28,-0.071126342
1974-03-01,-0.035562981
1974-03-02,-0.017781442
1974-03-03,0
1974-03-04,-1.036463869
1974-03-05,-2.32533504
1974-03-06,-1.94683392
1974-03-07,-0.973269154
1974-03-08,-0.486599035
1974-03-09,-0.243290636
1974-03-10,-0.121643096
1974-03-11,-0.885333086
1974-03-12,-2.24142336
1974-03-13,-2.02908672
1974-03-14,-1.014404194
1974-03-15,-0.507163493
1974-03-16,-0.253572098
1974-03-17,-0.126783635
1974-03-18,-0.063391213
1974-03-19,-0.73853039
1974-03-20,-1.197210378
1974-03-21,-0.810262905
1974-03-22,-0.585410554
1974-03-23,-0.435912938
1974-03-24,-0.217949336
1974-03-25,-0.108972886
1974-03-26,-0.054485997
1974-03-27,-0.027242886
1974-03-28,-0.013621415
1974-03-29,0
1974-03-30,-0.08756087
1974-03-31,-0.480133025
1974-04-01,-1.4356224
1974-04-02,-1.54925568
1974-04-03,-0.904904207
1974-04-04,-0.483365726
1974-04-05,-0.241674099
1974-04-06,-0.120834854
1974-04-07,-0.060416878
1974-04-08,-0.030208302
1974-04-09,-0.015104116
1974-04-10,0
1974-04-11,0
1974-04-12,0
1974-04-13,0
1974-04-14,0
1974-04-15,0
1974-04-16,0
1974-04-17,-0.152671897
1974-04-18,-0.940611903
1974-04-19,-3.0350592
1974-04-20,-3.08524032
1974-04-21,-1.58395392
1974-04-22,-0.824997271
1974-04-23,-0.412473102
1974-04-24,-0.206230164
1974-04-25,-0.103113486
1974-04-26,-0.051556344
1974-04-27,-0.025778072
1974-04-28,-0.19306803
1974-04-29,-0.413383178
1974-04-30,-0.344683013
1974-05-01,-0.172337048
1974-05-02,-0.086167408
1974-05-03,-0.043083425
1974-05-04,-1.074312419
1974-05-05,-1.81218816
1974-05-06,-1.51552512
1974-05-07,-0.965012742
1974-05-08,-0.482471438
1974-05-09,-0.241226989
1974-05-10,-0.120611308
1974-05-11,-0.060305107
1974-05-12,-0.030152417
1974-05-13,-0.015076174
1974-05-14,0
1974-05-15,0
1974-05-16,0
1974-05-17,0
1974-05-18,0
1974-05-19,0
1974-05-20,-0.068017731
1974-05-21,-0.087944614
1974-05-22,-0.043972015
1974-05-23,-0.021985934
1974-05-24,-0.010992949
1974-05-25,0
1974-05-26,0
1974-05-27,0
1974-05-28,0
1974-05-29,0
1974-05-30,0
1974-05-31,-0.047237478
1974-06-01,-0.061073326
1974-06-02,-0.030536522
1974-06-03,-0.015268226
1974-06-04,0
1974-06-05,0
1974-06-06,0
1974-06-07,0
1974-06-08,0
1974-06-09,0
1974-06-10,0
1974-06-11,0.00E+00
1974-06-12,0.00E+00
1974-06-13,0.00E+00
1974-06-14,0
1974-06-15,0
1974-06-16,0
1974-06-17,0
1974-06-18,0
1974-06-19,0
1974-06-20,0
1974-06-21,0
1974-06-22,0
1974-06-23,0
1974-06-24,0
1974-06-25,0
1974-06-26,0
1974-06-27,0
1974-06-28,0.00E+00
1974-06-29,0.00E+00
1974-06-30,0.00E+00
1974-07-01,0
1974-07-02,0
1974-07-03,0
1974-07-04,0
1974-07-05,0
1974-07-06,0
1974-07-07,0
1974-07-08,-0.029815443
1974-07-09,-0.031062702
1974-07-10,-0.015531314
1974-07-11,0
1974-07-12,0
1974-07-13,0
1974-07-14,0
1974-07-15,0
1974-07-16,0
1974-07-17,0
1974-07-18,-0.010603425
1974-07-19,-0.022020391
1974-07-20,-0.024290633
1974-07-21,-0.0399005
1974-07-22,-0.041997461
1974-07-23,-0.020998664
1974-07-24,-0.010499315
1974-07-25,0
1974-07-26,0
1974-07-27,0
1974-07-28,0
1974-07-29,0
1974-07-30,0
1974-07-31,0.00E+00
1974-08-01,0.00E+00
1974-08-02,0.00E+00
1974-08-03,0.00E+00
1974-08-04,-0.079385415
1974-08-05,-0.102747656
1974-08-06,-0.05137343
1974-08-07,-0.025686616
1974-08-08,-0.026069771
1974-08-09,-0.083222674
1974-08-10,-0.089018644
1974-08-11,-0.625239572
1974-08-12,-1.293242513
1974-08-13,-1.059086223
1974-08-14,-0.529501031
1974-08-15,-0.264739996
1974-08-16,-0.391098959
1974-08-17,-0.554299739
1974-08-18,-0.844858419
1974-08-19,-0.776661655
1974-08-20,-0.628965071
1974-08-21,-0.505627315
1974-08-22,-0.252804064
1974-08-23,-0.126399633
1974-08-24,-0.073535571
1974-08-25,-0.044978243
1974-08-26,-0.022489045
1974-08-27,-0.011244504
1974-08-28,-0.607803997
1974-08-29,-0.782200793
1974-08-30,-0.391077449
1974-08-31,-0.195532987
1974-09-01,-0.097765056
1974-09-02,-0.048882169
1974-09-03,-0.024440994
1974-09-04,-0.012220474
1974-09-05,0
1974-09-06,0
1974-09-07,0
1974-09-08,0
1974-09-09,0
1974-09-10,0
1974-09-11,-0.019346729
1974-09-12,-0.023593689
1974-09-13,-0.014494909
1974-09-14,0
1974-09-15,0
1974-09-16,0
1974-09-17,0
1974-09-18,0
1974-09-19,0
1974-09-20,0
1974-09-21,0.00E+00
1974-09-22,0.00E+00
1974-09-23,0
1974-09-24,0
1974-09-25,0
1974-09-26,0
1974-09-27,0
1974-09-28,0
1974-09-29,0
1974-09-30,0.00E+00
1974-10-01,0.00E+00
1974-10-02,0.00E+00
1974-10-03,0
1974-10-04,0
1974-10-05,0
1974-10-06,0
1974-10-07,-0.035869295
1974-10-08,-0.144599842
1974-10-09,-0.151909185
1974-10-10,-0.18725349
1974-10-11,-0.559189509
1974-10-12,-0.82218193
1974-10-13,-1.71514368
1974-10-14,-3.24988416
1974-10-15,-3.16873728
1974-10-16,-2.3328
1974-10-17,-1.5434496
1974-10-18,-1.41322752
1974-10-19,-1.376175703
1974-10-20,-0.81511893
1974-10-21,-0.407534534
1974-10-22,-0.203761032
1974-10-23,-0.10187896
1974-10-24,-0.05093909
1974-10-25,-0.025469447
1974-10-26,-0.012734699
1974-10-27,-0.119794913
1974-10-28,-0.190568595
1974-10-29,-0.378905831
1974-10-30,-0.38913743
1974-10-31,-0.194563026
1974-11-01,-0.164889161
1974-11-02,-0.136148335
1974-11-03,-0.068073471
1974-11-04,-0.034036561
1974-11-05,-0.017018237
1974-11-06,0
1974-11-07,0
1974-11-08,-0.275053571
1974-11-09,-0.818560692
1974-11-10,-0.778007144
1974-11-11,-0.388980873
1974-11-12,-0.194484755
1974-11-13,-0.097240958
1974-11-14,-0.048620124
1974-11-15,-0.024309973
1974-11-16,-0.012154964
1974-11-17,0
1974-11-18,-0.465962043
1974-11-19,-0.600678015
1974-11-20,-0.300325474
1974-11-21,-0.150159343
1974-11-22,-0.075078828
1974-11-23,-0.037539202
1974-11-24,-0.018769547
1974-11-25,0
1974-11-26,-0.227980597
1974-11-27,-0.291353117
1974-11-28,-0.320177899
1974-11-29,-0.298699854
1974-11-30,-0.149346575
1974-12-01,-0.07467245
1974-12-02,-0.037336015
1974-12-03,-0.018667954
1974-12-04,0
1974-12-05,0
1974-12-06,0
1974-12-07,0
1974-12-08,0
1974-12-09,0
1974-12-10,0
1974-12-11,0.00E+00
1974-12-12,0.00E+00
1974-12-13,0.00E+00
1974-12-14,0
1974-12-15,0
1974-12-16,-0.34169595
1974-12-17,-1.10382977
1974-12-18,-2.02853376
1974-12-19,-2.31994368
1974-12-20,-1.59694848
1974-12-21,-0.798359694
1974-12-22,-1.161661202
1974-12-23,-1.4024448
1974-12-24,-1.582848
1974-12-25,-1.638144
1974-12-26,-1.043612592
1974-12-27,-0.532317395
1974-12-28,-1.16168274
1974-12-29,-1.285431511
1974-12-30,-0.855401361
1974-12-31,-0.766910523
1975-01-01,-0.817844346
1975-01-02,-0.646540545
1975-01-03,-0.323254596
1975-01-04,-0.161623379
1975-01-05,-0.746950948
1975-01-06,-0.902565172
1975-01-07,-0.451252035
1975-01-08,-1.226882502
1975-01-09,-1.4086656
1975-01-10,-0.704251639
1975-01-11,-0.419408493
1975-01-12,-0.871287778
1975-01-13,-0.918650405
1975-01-14,-0.459293553
1975-01-15,-0.229638855
1975-01-16,-0.114817449
1975-01-17,-0.649478504
1975-01-18,-1.204270737
1975-01-19,-1.304960786
1975-01-20,-1.003166761
1975-01-21,-0.541789157
1975-01-22,-0.716730357
1975-01-23,-1.6409088
1975-01-24,-1.55768832
1975-01-25,-0.778775883
1975-01-26,-0.389365194
1975-01-27,-0.194676909
1975-01-28,-0.09733703
1975-01-29,-0.048668159
1975-01-30,-0.02433399
1975-01-31,-0.012166973
1975-02-01,0
1975-02-02,0
1975-02-03,0
1975-02-04,0
1975-02-05,0
1975-02-06,0
1975-02-07,0.00E+00
1975-02-08,0.00E+00
1975-02-09,0.00E+00
1975-02-10,-0.292254981
1975-02-11,-1.6747776
1975-02-12,-2.16262656
1975-02-13,-1.49686272
1975-02-14,-0.892108021
1975-02-15,-0.446024158
1975-02-16,-0.223004607
1975-02-17,-0.111500439
1975-02-18,-0.13474425
1975-02-19,-0.130120121
1975-02-20,-0.065059424
1975-02-21,-0.032529553
1975-02-22,-0.016264736
1975-02-23,0
1975-02-24,0
1975-02-25,0
1975-02-26,0
1975-02-27,0
1975-02-28,0
1975-03-01,0
1975-03-02,0.00E+00
1975-03-03,-0.025233114
1975-03-04,-0.108010803
1975-03-05,-0.113879076
1975-03-06,-0.05693905
1975-03-07,-0.028469403
1975-03-08,-0.014234671
1975-03-09,0
1975-03-10,0
1975-03-11,0
1975-03-12,0
1975-03-13,0
1975-03-14,0
1975-03-15,0
1975-03-16,0.00E+00
1975-03-17,0.00E+00
1975-03-18,0.00E+00
1975-03-19,0
1975-03-20,0
1975-03-21,0
1975-03-22,0
1975-03-23,-0.024778555
1975-03-24,-0.032072042
1975-03-25,-0.016035982
1975-03-26,-0.077166129
1975-03-27,-0.226568752
1975-03-28,-0.5185467
1975-03-29,-0.824246503
1975-03-30,-0.671860888
1975-03-31,-0.335913509
1975-04-01,-0.167952518
1975-04-02,-0.0839752
1975-04-03,-0.041987335
1975-04-04,-0.020993601
1975-04-05,-0.010496784
1975-04-06,0
1975-04-07,0
1975-04-08,-0.050083856
1975-04-09,-0.063783469
1975-04-10,-0.031891581
1975-04-11,-0.015945752
1975-04-12,0
1975-04-13,0
1975-04-14,-0.253260394
1975-04-15,-0.489868163
1975-04-16,-0.374918755
1975-04-17,-0.236479344
1975-04-18,-0.247615612
1975-04-19,-0.316896745
1975-04-20,-0.254761888
1975-04-21,-0.127378509
1975-04-22,-0.370458206
1975-04-23,-0.919724143
1975-04-24,-0.947244285
1975-04-25,-0.665385007
1975-04-26,-0.423476149
1975-04-27,-0.211731342
1975-04-28,-0.10586399
1975-04-29,-0.052931573
1975-04-30,-0.026465682
1975-05-01,-0.013232814
1975-05-02,-0.05558186
1975-05-03,-0.066686308
1975-05-04,-0.033342986
1975-05-05,-0.016671451
1975-05-06,0
1975-05-07,0
1975-05-08,0
1975-05-09,0
1975-05-10,0
1975-05-11,0
1975-05-12,-0.127494554
1975-05-13,-0.72163702
1975-05-14,-0.803002222
1975-05-15,-0.49735137
1975-05-16,-0.324822957
1975-05-17,-0.162407518
1975-05-18,-0.081202769
1975-05-19,-0.040601136
1975-05-20,-0.020300505
1975-05-21,-0.01536937
1975-05-22,-0.011830489
1975-05-23,0
1975-05-24,0
1975-05-25,0
1975-05-26,0
1975-05-27,0
1975-05-28,0
1975-05-29,-0.034051021
1975-05-30,-0.044000371
1975-05-31,-0.022000112
1975-06-01,-0.011000038
1975-06-02,0
1975-06-03,0
1975-06-04,0
1975-06-05,0
1975-06-06,0
1975-06-07,-0.010072344
1975-06-08,0
1975-06-09,0
1975-06-10,0
1975-06-11,0
1975-06-12,0
1975-06-13,0
1975-06-14,0.00E+00
1975-06-15,0
1975-06-16,0
1975-06-17,0
1975-06-18,0
1975-06-19,0
1975-06-20,0
1975-06-21,0
1975-06-22,0
1975-06-23,0.00E+00
1975-06-24,0
1975-06-25,-0.01119788
1975-06-26,-0.012597533
1975-06-27,0
1975-06-28,0
1975-06-29,0
1975-06-30,0
1975-07-01,-0.010422248
1975-07-02,0
1975-07-03,-0.067976549
1975-07-04,-0.08591517
1975-07-05,-0.068975737
1975-07-06,-0.055155349
1975-07-07,-0.02757756
1975-07-08,-0.013788751
1975-07-09,0
1975-07-10,0
1975-07-11,0
1975-07-12,0
1975-07-13,0
1975-07-14,0
1975-07-15,0
1975-07-16,0.00E+00
1975-07-17,0.00E+00
1975-07-18,0.00E+00
1975-07-19,0
1975-07-20,0
1975-07-21,0
1975-07-22,0
1975-07-23,0
1975-07-24,0
1975-07-25,0
1975-07-26,0
1975-07-27,0
1975-07-28,0
1975-07-29,-0.010619809
1975-07-30,-0.012470558
1975-07-31,0
1975-08-01,0
1975-08-02,0
1975-08-03,0
1975-08-04,0
1975-08-05,0
1975-08-06,0.00E+00
1975-08-07,0.00E+00
1975-08-08,0.00E+00
1975-08-09,0.00E+00
1975-08-10,0
1975-08-11,0
1975-08-12,0
1975-08-13,0
1975-08-14,0
1975-08-15,0
1975-08-16,0
1975-08-17,0
1975-08-18,0
1975-08-19,0
1975-08-20,0
1975-08-21,0
1975-08-22,0
1975-08-23,0
1975-08-24,0
1975-08-25,-0.012900145
1975-08-26,-0.01669728
1975-08-27,0
1975-08-28,0
1975-08-29,0
1975-08-30,0
1975-08-31,0
1975-09-01,0
1975-09-02,0
1975-09-03,0.00E+00
1975-09-04,0.00E+00
1975-09-05,0
1975-09-06,0
1975-09-07,0
1975-09-08,0
1975-09-09,-0.045603854
1975-09-10,-0.057994586
1975-09-11,-0.028997166
1975-09-12,-0.014498552
1975-09-13,0
1975-09-14,0
1975-09-15,0
1975-09-16,0
1975-09-17,0
1975-09-18,0
1975-09-19,0
1975-09-20,0
1975-09-21,0
1975-09-22,0
1975-09-23,0.00E+00
1975-09-24,0.00E+00
1975-09-25,0
1975-09-26,0
1975-09-27,0
1975-09-28,0
1975-09-29,0
1975-09-30,0
1975-10-01,0
1975-10-02,0
1975-10-03,0.00E+00
1975-10-04,0.00E+00
1975-10-05,0.00E+00
1975-10-06,0
1975-10-07,0
1975-10-08,0
1975-10-09,0
1975-10-10,0
1975-10-11,0
1975-10-12,0
1975-10-13,0
1975-10-14,0
1975-10-15,-0.054691135
1975-10-16,-0.069340789
1975-10-17,-0.034670213
1975-10-18,-0.174151075
1975-10-19,-0.211639067
1975-10-20,-0.105817848
1975-10-21,-0.118882272
1975-10-22,-0.147149554
1975-10-23,-0.101616818
1975-10-24,-0.05080802
1975-10-25,-0.026095212
1975-10-26,-0.013596714
1975-10-27,0
1975-10-28,-0.172794028
1975-10-29,-0.220952254
1975-10-30,-0.617735131
1975-10-31,-1.124558402
1975-11-01,-0.995405511
1975-11-02,-0.581305545
1975-11-03,-0.972259546
1975-11-04,-1.173043109
1975-11-05,-0.702080539
1975-11-06,-0.351021773
1975-11-07,-0.283709731
1975-11-08,-0.624622441
1975-11-09,-0.627496451
1975-11-10,-0.313733454
1975-11-11,-0.156863029
1975-11-12,-0.608359293
1975-11-13,-0.725090531
1975-11-14,-0.362525539
1975-11-15,-0.181257841
1975-11-16,-0.090627686
1975-11-17,-0.045313533
1975-11-18,-0.02265669
1975-11-19,-0.011328325
1975-11-20,0
1975-11-21,0
1975-11-22,0
1975-11-23,0
1975-11-24,-0.386446602
1975-11-25,-0.49989782
1975-11-26,-0.249939537
1975-11-27,-0.36640183
1975-11-28,-0.64600698
1975-11-29,-0.538275332
1975-11-30,-0.269126793
1975-12-01,-0.476737671
1975-12-02,-1.68763392
1975-12-03,-5.0519808
1975-12-04,-6.9099264
1975-12-05,-4.8715776
1975-12-06,-2.43482112
1975-12-07,-2.85894144
1975-12-08,-2.7330048
1975-12-09,-1.366211571
1975-12-10,-0.683035781
1975-12-11,-0.341500382
1975-12-12,-0.170745809
1975-12-13,-0.085371812
1975-12-14,-0.042685632
1975-12-15,-0.021342748
1975-12-16,-0.010671356
1975-12-17,0
1975-12-18,0
1975-12-19,0
1975-12-20,0
1975-12-21,0
1975-12-22,0
1975-12-23,0.00E+00
1975-12-24,0.00E+00
1975-12-25,0.00E+00
1975-12-26,0.00E+00
1975-12-27,0
1975-12-28,0
1975-12-29,0
1975-12-30,-2.60679168
1975-12-31,-4.161024
1976-01-01,-2.7053568
1976-01-02,-1.352423596
1976-01-03,-0.67614319
1976-01-04,-0.839594668
1976-01-05,-0.818145986
1976-01-06,-0.409047875
1976-01-07,-1.02262364
1976-01-08,-4.51616256
1976-01-09,-5.94943488
1976-01-10,-3.7898496
1976-01-11,-2.12599296
1976-01-12,-1.246881794
1976-01-13,-0.62338258
1976-01-14,-0.311676706
1976-01-15,-0.155834703
1976-01-16,-0.470743239
1976-01-17,-2.23699968
1976-01-18,-2.58315264
1976-01-19,-1.38889728
1976-01-20,-1.014672559
1976-01-21,-0.761707584
1976-01-22,-0.380832026
1976-01-23,-0.190410573
1976-01-24,-0.095203922
1976-01-25,-0.047601621
1976-01-26,-0.023800726
1976-01-27,-0.011900341
1976-01-28,-0.19365837
1976-01-29,-0.303005947
1976-01-30,-0.196836701
1976-01-31,-0.098416896
1976-02-01,-0.049208083
1976-02-02,-0.024603951
1976-02-03,-0.012301952
1976-02-04,0
1976-02-05,0
1976-02-06,0
1976-02-07,0
1976-02-08,-0.170927774
1976-02-09,-0.220931422
1976-02-10,-0.110463876
1976-02-11,-0.055231479
1976-02-12,-0.027615624
1976-02-13,-0.013807783
1976-02-14,-0.339244319
1976-02-15,-4.8612096
1976-02-16,-7.82244864
1976-02-17,-7.01139456
1976-02-18,-5.53609728
1976-02-19,-3.69501696
1976-02-20,-4.10614272
1976-02-21,-3.63806208
1976-02-22,-1.8185472
1976-02-23,-0.909144954
1976-02-24,-0.45454147
1976-02-25,-0.22726298
1976-02-26,-0.113629553
1976-02-27,-0.056814291
1976-02-28,-0.028407023
1976-02-29,-0.014203481
1976-03-01,-2.14451712
1976-03-02,-8.10072576
1976-03-03,-14.20153344
1976-03-04,-11.7932544
1976-03-05,-5.89151232
1976-03-06,-6.30623232
1976-03-07,-6.683904
1976-03-08,-5.00857344
1976-03-09,-4.43653632
1976-03-10,-3.13279488
1976-03-11,-1.56598272
1976-03-12,-0.782923857
1976-03-13,-0.391438932
1976-03-14,-0.195713722
1976-03-15,-0.097855419
1976-03-16,-0.04892735
1976-03-17,-0.860465632
1976-03-18,-1.221326291
1976-03-19,-0.711567203
1976-03-20,-0.355764607
1976-03-21,-1.66662144
1976-03-22,-4.24217088
1976-03-23,-6.11449344
1976-03-24,-5.48232192
1976-03-25,-3.2631552
1976-03-26,-2.06585856
1976-03-27,-3.06298368
1976-03-28,-6.81053184
1976-03-29,-11.32724736
1976-03-30,-9.46487808
1976-03-31,-4.72905216
1976-04-01,-2.36376576
1976-04-02,-1.181649821
1976-04-03,-1.58671872
1976-04-04,-1.58436864
1976-04-05,-0.792085741
1976-04-06,-0.396019335
1976-04-07,-0.198003779
1976-04-08,-1.274779662
1976-04-09,-1.57123584
1976-04-10,-0.785503457
1976-04-11,-0.392728587
1976-04-12,-0.196358501
1976-04-13,-0.098177803
1976-04-14,-0.049088539
1976-04-15,-0.024544179
1976-04-16,-0.012272067
1976-04-17,0
1976-04-18,0
1976-04-19,0
1976-04-20,0
1976-04-21,0
1976-04-22,0
1976-04-23,0.00E+00
1976-04-24,0.00E+00
1976-04-25,-0.612218332
1976-04-26,-0.792360313
1976-04-27,-0.396156607
1976-04-28,-0.198072415
1976-04-29,-0.099034732
1976-04-30,-0.049516997
1976-05-01,-0.024758407
1976-05-02,-0.01237918
1976-05-03,0
1976-05-04,-0.038415393
1976-05-05,-0.047264447
1976-05-06,-0.254297484
1976-05-07,-0.411360008
1976-05-08,-0.285893162
1976-05-09,-0.142943519
1976-05-10,-0.07147099
1976-05-11,-0.035735303
1976-05-12,-0.017867603
1976-05-13,0
1976-05-14,-0.075137717
1976-05-15,-0.826540499
1976-05-16,-0.995326175
1976-05-17,-0.497625929
1976-05-18,-0.990403587
1976-05-19,-1.216013977
1976-05-20,-0.712649484
1976-05-21,-0.356305693
1976-05-22,-0.178148077
1976-05-23,-0.089072847
1976-05-24,-0.057104941
1976-05-25,-0.038536363
1976-05-26,-0.019268125
1976-05-27,0
1976-05-28,0
1976-05-29,0
1976-05-30,0
1976-05-31,0
1976-06-01,0
1976-06-02,0
1976-06-03,0.00E+00
1976-06-04,0.00E+00
1976-06-05,0.00E+00
1976-06-06,0
1976-06-07,0
1976-06-08,0
1976-06-09,0
1976-06-10,0
1976-06-11,0
1976-06-12,0
1976-06-13,0
1976-06-14,0
1976-06-15,-0.129830579
1976-06-16,-0.168044129
1976-06-17,-0.084021007
1976-06-18,-0.042010237
1976-06-19,-0.021005052
1976-06-20,-0.010502509
1976-06-21,0
1976-06-22,0
1976-06-23,0
1976-06-24,0
1976-06-25,0
1976-06-26,0
1976-06-27,0.00E+00
1976-06-28,0.00E+00
1976-06-29,0.00E+00
1976-06-30,0.00E+00
1976-07-01,0
1976-07-02,0
1976-07-03,0
1976-07-04,0
1976-07-05,-0.029499834
1976-07-06,-0.035714032
1976-07-07,-0.017856968
1976-07-08,0
1976-07-09,0
1976-07-10,0
1976-07-11,0
1976-07-12,0
1976-07-13,0
1976-07-14,0
1976-07-15,0.00E+00
1976-07-16,0.00E+00
1976-07-17,0.00E+00
1976-07-18,0
1976-07-19,0
1976-07-20,0
1976-07-21,0
1976-07-22,0
1976-07-23,0.00E+00
1976-07-24,0.00E+00
1976-07-25,0.00E+00
1976-07-26,0
1976-07-27,0
1976-07-28,0
1976-07-29,0
1976-07-30,0
1976-07-31,0
1976-08-01,-0.035800094
1976-08-02,-0.046337687
1976-08-03,-0.023168763
1976-08-04,-0.011584361
1976-08-05,0
1976-08-06,0
1976-08-07,0
1976-08-08,0
1976-08-09,0
1976-08-10,0
1976-08-11,0.00E+00
1976-08-12,0.00E+00
1976-08-13,0.00E+00
1976-08-14,0.00E+00
1976-08-15,-0.036671894
1976-08-16,-0.092894783
1976-08-17,-0.11130094
1976-08-18,-0.181750404
1976-08-19,-0.172890879
1976-08-20,-0.086444316
1976-08-21,-0.043221876
1976-08-22,-0.021610868
1976-08-23,-0.010805416
1976-08-24,-0.015915835
1976-08-25,-0.016309001
1976-08-26,0
1976-08-27,0
1976-08-28,-0.162464307
1976-08-29,-0.203293643
1976-08-30,-0.101645269
1976-08-31,-0.050822245
1976-09-01,-0.025411025
1976-09-02,-0.012705488
1976-09-03,0
1976-09-04,0
1976-09-05,0
1976-09-06,0
1976-09-07,0
1976-09-08,0
1976-09-09,0.00E+00
1976-09-10,0
1976-09-11,0
1976-09-12,-0.466653436
1976-09-13,-0.972340098
1976-09-14,-1.81453824
1976-09-15,-2.3092992
1976-09-16,-1.61519616
1976-09-17,-0.807503952
1976-09-18,-0.403727515
1976-09-19,-0.201857647
1976-09-20,-2.01318912
1976-09-21,-2.61010944
1976-09-22,-1.372321779
1976-09-23,-1.225417863
1976-09-24,-1.04103812
1976-09-25,-0.520478411
1976-09-26,-0.260229045
1976-09-27,-0.130111979
1976-09-28,-0.065055353
1976-09-29,-0.032527517
1976-09-30,-0.016263719
1976-10-01,-2.29782528
1976-10-02,-7.56020736
1976-10-03,-7.42445568
1976-10-04,-4.03702272
1976-10-05,-5.467392
1976-10-06,-5.26569984
1976-10-07,-2.63181312
1976-10-08,-1.315628366
1976-10-09,-0.657749265
1976-10-10,-0.671200169
1976-10-11,-0.607510997
1976-10-12,-0.303741647
1976-10-13,-0.151867367
1976-10-14,-0.075932814
1976-10-15,-0.037966191
1976-10-16,-0.018983041
1976-10-17,-0.13817417
1976-10-18,-1.94738688
1976-10-19,-3.36724992
1976-10-20,-3.80312064
1976-10-21,-2.9645568
1976-10-22,-2.54126592
1976-10-23,-2.11175424
1976-10-24,-1.055703601
1976-10-25,-0.527809997
1976-10-26,-0.263894547
1976-10-27,-0.131944658
1976-10-28,-0.065971675
1976-10-29,-0.032985673
1976-10-30,-0.016492795
1976-10-31,0
1976-11-01,0
1976-11-02,0
1976-11-03,0
1976-11-04,0
1976-11-05,0
1976-11-06,0
1976-11-07,0.00E+00
1976-11-08,0.00E+00
1976-11-09,0.00E+00
1976-11-10,-0.295647778
1976-11-11,-0.382654651
1976-11-12,-0.228388516
1976-11-13,-0.216588004
1976-11-14,-0.166241065
1976-11-15,-0.603735303
1976-11-16,-1.204865847
1976-11-17,-1.97531136
1976-11-18,-1.76919552
1976-11-19,-4.03992576
1976-11-20,-4.83397632
1976-11-21,-4.25972736
1976-11-22,-7.1718912
1976-11-23,-8.135424
1976-11-24,-5.61821184
1976-11-25,-3.06049536
1976-11-26,-1.52990208
1976-11-27,-1.366470729
1976-11-28,-1.161023998
1976-11-29,-0.580461438
1976-11-30,-0.290218084
1976-12-01,-0.219243553
1976-12-02,-2.80779264
1976-12-03,-4.24244736
1976-12-04,-4.04462592
1976-12-05,-3.08123136
1976-12-06,-8.06823936
1976-12-07,-13.6035072
1976-12-08,-10.27980288
1976-12-09,-5.13589248
1976-12-10,-2.97174528
1976-12-11,-1.80693504
1976-12-12,-0.903365513
1976-12-13,-0.451652143
1976-12-14,-0.225818413
1976-12-15,-1.196449243
1976-12-16,-1.45884672
1976-12-17,-0.729311565
1976-12-18,-0.364635828
1976-12-19,-0.182312916
1976-12-20,-0.091155213
1976-12-21,-0.045577294
1976-12-22,-0.022788568
1976-12-23,-0.011394265
1976-12-24,0
1976-12-25,0
1976-12-26,0
1976-12-27,0
1976-12-28,-0.070353593
1976-12-29,-0.51292835
1976-12-30,-4.26152448
1976-12-31,-6.00362496
1977-01-01,-3.76261632
1977-01-02,-2.85894144
1977-01-03,-2.47712256
1977-01-04,-1.46299392
1977-01-05,-2.05106688
1977-01-06,-3.2776704
1977-01-07,-3.89643264
1977-01-08,-2.9776896
1977-01-09,-1.52603136
1977-01-10,-0.995580578
1977-01-11,-0.87009872
1977-01-12,-1.160630775
1977-01-13,-1.077819236
1977-01-14,-0.582101033
1977-01-15,-0.694060559
1977-01-16,-2.17354752
1977-01-17,-2.76770304
1977-01-18,-1.96286976
1977-01-19,-2.50200576
1977-01-20,-2.33597952
1977-01-21,-1.64464128
1977-01-22,-1.200901442
1977-01-23,-0.600396627
1977-01-24,-0.300184787
1977-01-25,-0.150089007
1977-01-26,-0.07504366
1977-01-27,-0.037521618
1977-01-28,-0.018760756
1977-01-29,0
1977-01-30,0
1977-01-31,0
1977-02-01,0
1977-02-02,0
1977-02-03,0
1977-02-04,-0.033510225
1977-02-05,-1.4363136
1977-02-06,-3.88772352
1977-02-07,-4.62108672
1977-02-08,-4.20139008
1977-02-09,-8.4443904
1977-02-10,-10.33814016
1977-02-11,-7.33888512
1977-02-12,-4.9807872
1977-02-13,-3.56963328
1977-02-14,-2.204928
1977-02-15,-1.102309213
1977-02-16,-0.551109036
1977-02-17,-0.27554312
1977-02-18,-0.137768709
1977-02-19,-0.485232837
1977-02-20,-0.573319628
1977-02-21,-0.889997746
1977-02-22,-5.00249088
1977-02-23,-7.20285696
1977-02-24,-6.64146432
1977-02-25,-4.90116096
1977-02-26,-4.10351616
1977-02-27,-4.87351296
1977-02-28,-10.83912192
1977-03-01,-15.6653568
1977-03-02,-11.44889856
1977-03-03,-5.84589312
1977-03-04,-3.0219264
1977-03-05,-3.45779712
1977-03-06,-6.83168256
1977-03-07,-6.23821824
1977-03-08,-3.13155072
1977-03-09,-1.57648896
1977-03-10,-0.788165683
1977-03-11,-0.394059534
1977-03-12,-0.197023947
1977-03-13,-0.098510512
1977-03-14,-0.049254891
1977-03-15,-0.024627354
1977-03-16,-0.012313654
1977-03-17,-0.861231855
1977-03-18,-1.170520547
1977-03-19,-0.63347616
1977-03-20,-0.316723019
1977-03-21,-0.158357749
1977-03-22,-0.07917793
1977-03-23,-0.195026476
1977-03-24,-0.220981644
1977-03-25,-0.110488992
1977-03-26,-0.055244037
1977-03-27,-0.027621903
1977-03-28,-1.63206144
1977-03-29,-2.101248
1977-03-30,-1.050433892
1977-03-31,-0.874846794
1977-04-01,-0.715143279
1977-04-02,-0.357552452
1977-04-03,-0.178771429
1977-04-04,-0.089384513
1977-04-05,-0.044691957
1977-04-06,-0.022345903
1977-04-07,-0.011172933
1977-04-08,0
1977-04-09,0
1977-04-10,-0.024287123
1977-04-11,-0.411940519
1977-04-12,-0.509086536
1977-04-13,-0.254533543
1977-04-14,-0.12726434
1977-04-15,-0.063631561
1977-04-16,-0.031815628
1977-04-17,-0.015907776
1977-04-18,0
1977-04-19,0
1977-04-20,0
1977-04-21,0
1977-04-22,0
1977-04-23,0
1977-04-24,0
1977-04-25,0.00E+00
1977-04-26,-0.016816071
1977-04-27,-0.021741161
1977-04-28,-0.010870563
1977-04-29,-0.026009503
1977-04-30,-0.177197857
1977-05-01,-0.206040499
1977-05-02,-0.103018658
1977-05-03,-0.05150893
1977-05-04,-0.025754365
1977-05-05,-0.012877157
1977-05-06,0
1977-05-07,0
1977-05-08,0
1977-05-09,0
1977-05-10,0
1977-05-11,0
1977-05-12,0
1977-05-13,-0.018651655
1977-05-14,-0.208446235
1977-05-15,-0.25170565
1977-05-16,-0.125850445
1977-05-17,-0.062924628
1977-05-18,-0.031462165
1977-05-19,-0.381610303
1977-05-20,-0.48142456
1977-05-21,-0.240703585
1977-05-22,-0.120349615
1977-05-23,-0.060174263
1977-05-24,-0.197231501
1977-05-25,-0.656065433
1977-05-26,-1.56432384
1977-05-27,-1.49617152
1977-05-28,-0.747992628
1977-05-29,-0.607314378
1977-05-30,-0.884400934
1977-05-31,-0.756249703
1977-06-01,-0.37810339
1977-06-02,-0.334011659
1977-06-03,-0.488699717
1977-06-04,-0.763314361
1977-06-05,-0.663543332
1977-06-06,-0.331755153
1977-06-07,-0.165873443
1977-06-08,-0.082935689
1977-06-09,-0.041467586
1977-06-10,-0.020733727
1977-06-11,-0.010366848
1977-06-12,-0.322992382
1977-06-13,-1.373957282
1977-06-14,-1.8185472
1977-06-15,-1.202287256
1977-06-16,-1.45193472
1977-06-17,-1.4017536
1977-06-18,-0.737610942
1977-06-19,-0.398012922
1977-06-20,-1.116808197
1977-06-21,-1.45304064
1977-06-22,-0.858132486
1977-06-23,-0.662183797
1977-06-24,-0.516268367
1977-06-25,-0.258124189
1977-06-26,-0.129059591
1977-06-27,-0.06452917
1977-06-28,-0.032264428
1977-06-29,-0.016132174
1977-06-30,-0.063795641
1977-07-01,-0.348015827
1977-07-02,-1.040622129
1977-07-03,-1.037100409
1977-07-04,-0.518509859
1977-07-05,-0.259244845
1977-07-06,-0.129619898
1977-07-07,-0.064809317
1977-07-08,-0.185434334
1977-07-09,-0.279802764
1977-07-10,-0.191951396
1977-07-11,-0.095974313
1977-07-12,-0.04798681
1977-07-13,-0.023993319
1977-07-14,-0.011996637
1977-07-15,-0.037349787
1977-07-16,-0.04357879
1977-07-17,-0.021789324
1977-07-18,-0.010894644
1977-07-19,0
1977-07-20,0
1977-07-21,-0.18960932
1977-07-22,-2.38076928
1977-07-23,-2.88686592
1977-07-24,-1.44308736
1977-07-25,-0.7214708
1977-07-26,-0.36071588
1977-07-27,-0.18035306
1977-07-28,-0.090175305
1977-07-29,-0.045087346
1977-07-30,-0.022543597
1977-07-31,-0.011271779
1977-08-01,0
1977-08-02,0
1977-08-03,0
1977-08-04,0
1977-08-05,0
1977-08-06,0
1977-08-07,0.00E+00
1977-08-08,0.00E+00
1977-08-09,0.00E+00
1977-08-10,0.00E+00
1977-08-11,0
1977-08-12,0
1977-08-13,0
1977-08-14,-0.053003639
1977-08-15,-0.059515389
1977-08-16,-0.029757562
1977-08-17,-0.014878748
1977-08-18,0
1977-08-19,-0.317266592
1977-08-20,-0.40768722
1977-08-21,-0.437377743
1977-08-22,-0.73027666
1977-08-23,-0.624135145
1977-08-24,-0.312052967
1977-08-25,-0.15602282
1977-08-26,-0.078010498
1977-08-27,-0.03900502
1977-08-28,-0.019502453
1977-08-29,0
1977-08-30,0
1977-08-31,0
1977-09-01,0
1977-09-02,0
1977-09-03,0
1977-09-04,0
1977-09-05,0.00E+00
1977-09-06,0.00E+00
1977-09-07,0.00E+00
1977-09-08,0
1977-09-09,0
1977-09-10,0
1977-09-11,0
1977-09-12,0
1977-09-13,0
1977-09-14,0
1977-09-15,0
1977-09-16,0
1977-09-17,0
1977-09-18,0
1977-09-19,0
1977-09-20,0.00E+00
1977-09-21,0.00E+00
1977-09-22,0.00E+00
1977-09-23,0
1977-09-24,0
1977-09-25,0
1977-09-26,0
1977-09-27,0
1977-09-28,0
1977-09-29,0.00E+00
1977-09-30,0.00E+00
1977-10-01,0
1977-10-02,0
1977-10-03,0
1977-10-04,0
1977-10-05,0
1977-10-06,0
1977-10-07,0
1977-10-08,0
1977-10-09,0
1977-10-10,0
1977-10-11,0
1977-10-12,0
1977-10-13,0
1977-10-14,0
1977-10-15,0.00E+00
1977-10-16,-0.012779212
1977-10-17,-0.016513711
1977-10-18,0
1977-10-19,0
1977-10-20,0
1977-10-21,0
1977-10-22,0
1977-10-23,0
1977-10-24,0
1977-10-25,0.00E+00
1977-10-26,0.00E+00
1977-10-27,0.00E+00
1977-10-28,-0.030949392
1977-10-29,-0.040052817
1977-10-30,-0.020026348
1977-10-31,-0.010013159
1977-11-01,0
1977-11-02,0
1977-11-03,0
1977-11-04,0
1977-11-05,0
1977-11-06,0
1977-11-07,0.00E+00
1977-11-08,0.00E+00
1977-11-09,0.00E+00
1977-11-10,0
1977-11-11,0
1977-11-12,0
1977-11-13,0
1977-11-14,0
1977-11-15,0
1977-11-16,0
1977-11-17,-0.050201343
1977-11-18,-0.110283743
1977-11-19,-1.180470952
1977-11-20,-1.45525248
1977-11-21,-1.003015181
1977-11-22,-0.720257937
1977-11-23,-0.360109505
1977-11-24,-0.231234366
1977-11-25,-0.156273214
1977-11-26,-0.078135688
1977-11-27,-0.039067614
1977-11-28,-0.231749434
1977-11-29,-0.882226723
1977-11-30,-0.933262221
1977-12-01,-3.1601664
1977-12-02,-3.70787328
1977-12-03,-1.85338368
1977-12-04,-1.24999753
1977-12-05,-1.60648704
1977-12-06,-1.4397696
1977-12-07,-4.32359424
1977-12-08,-5.4411264
1977-12-09,-3.08247552
1977-12-10,-1.54082304
1977-12-11,-0.770356169
1977-12-12,-0.385155828
1977-12-13,-0.192572343
1977-12-14,-0.096284779
1977-12-15,-0.048142041
1977-12-16,-0.024070934
1977-12-17,-0.012035445
1977-12-18,0
1977-12-19,0
1977-12-20,0
1977-12-21,0
1977-12-22,0
1977-12-23,0
1977-12-24,-0.184965369
1977-12-25,-0.239331055
1977-12-26,-0.119663378
1977-12-27,-0.203452259
1977-12-28,-0.747107408
1977-12-29,-0.795545142
1977-12-30,-0.397748828
1977-12-31,-0.198868484
1978-01-01,-0.203177756
1978-01-02,-0.363478344
1978-01-03,-1.85559552
1978-01-04,-4.3186176
1978-01-05,-6.65252352
1978-01-06,-5.52158208
1978-01-07,-2.96123904
1978-01-08,-1.84260096
1978-01-09,-1.081763417
1978-01-10,-2.46841344
1978-01-11,-2.76493824
1978-01-12,-1.382166126
1978-01-13,-0.691011413
1978-01-14,-5.26874112
1978-01-15,-7.13843712
1978-01-16,-6.73463808
1978-01-17,-5.62111488
1978-01-18,-2.90179584
1978-01-19,-1.45055232
1978-01-20,-0.771460195
1978-01-21,-0.422430875
1978-01-22,-0.21120874
1978-01-23,-0.105602694
1978-01-24,-0.052800928
1978-01-25,-0.026400359
1978-01-26,-0.013200153
1978-01-27,0
1978-01-28,0
1978-01-29,-0.799561788
1978-01-30,-2.5360128
1978-01-31,-3.91329792
1978-02-01,-3.10929408
1978-02-02,-4.10213376
1978-02-03,-4.44566016
1978-02-04,-3.46139136
1978-02-05,-2.47974912
1978-02-06,-1.23967443
1978-02-07,-0.619779576
1978-02-08,-0.309875369
1978-02-09,-0.154934084
1978-02-10,-0.077466139
1978-02-11,-0.038732844
1978-02-12,-0.019366365
1978-02-13,0
1978-02-14,0
1978-02-15,0
1978-02-16,0
1978-02-17,0
1978-02-18,-0.113680127
1978-02-19,-0.14689992
1978-02-20,-0.073449146
1978-02-21,-0.03672437
1978-02-22,-0.018362134
1978-02-23,0
1978-02-24,0
1978-02-25,-0.45837492
1978-02-26,-0.801441589
1978-02-27,-0.567498908
1978-02-28,-0.283737379
1978-03-01,-0.141865662
1978-03-02,-0.210152462
1978-03-03,-0.666016446
1978-03-04,-0.710625056
1978-03-05,-0.371111363
1978-03-06,-0.185550511
1978-03-07,-0.136556502
1978-03-08,-0.120653946
1978-03-09,-1.092010098
1978-03-10,-3.92034816
1978-03-11,-5.07244032
1978-03-12,-3.38923008
1978-03-13,-1.6941312
1978-03-14,-0.846974776
1978-03-15,-2.7848448
1978-03-16,-3.68326656
1978-03-17,-2.17147392
1978-03-18,-1.085563109
1978-03-19,-0.542737359
1978-03-20,-0.271357627
1978-03-21,-1.57648896
1978-03-22,-1.93245696
1978-03-23,-1.50391296
1978-03-24,-1.239899015
1978-03-25,-0.668279504
1978-03-26,-0.77693613
1978-03-27,-0.865431766
1978-03-28,-1.08816556
1978-03-29,-0.985653661
1978-03-30,-1.69634304
1978-03-31,-1.80389376
1978-04-01,-0.901823114
1978-04-02,-0.45088104
1978-04-03,-0.225432889
1978-04-04,-0.11271454
1978-04-05,-0.056356792
1978-04-06,-0.028178276
1978-04-07,-0.014089108
1978-04-08,-1.306181735
1978-04-09,-3.00824064
1978-04-10,-2.61245952
1978-04-11,-1.351811497
1978-04-12,-1.48483584
1978-04-13,-3.90624768
1978-04-14,-4.02015744
1978-04-15,-2.06143488
1978-04-16,-1.030549326
1978-04-17,-1.67864832
1978-04-18,-3.07777536
1978-04-19,-2.66305536
1978-04-20,-1.39511808
1978-04-21,-0.95925853
1978-04-22,-0.890627042
1978-04-23,-0.606610833
1978-04-24,-0.303291607
1978-04-25,-0.151642354
1978-04-26,-0.075820313
1978-04-27,-0.03790994
1978-04-28,-0.402277654
1978-04-29,-1.83485952
1978-04-30,-2.32270848
1978-05-01,-1.43894016
1978-05-02,-0.719382118
1978-05-03,-0.359671643
1978-05-04,-0.179830969
1978-05-05,-0.089914268
1978-05-06,-0.04495683
1978-05-07,-0.022478338
1978-05-08,-0.01123915
1978-05-09,0
1978-05-10,0
1978-05-11,0
1978-05-12,0
1978-05-13,0
1978-05-14,-0.202221149
1978-05-15,-0.347467139
1978-05-16,-0.595791328
1978-05-17,-0.733766031
1978-05-18,-0.644559732
1978-05-19,-0.445168093
1978-05-20,-0.222576602
1978-05-21,-0.111286443
1978-05-22,-0.055642756
1978-05-23,-0.742235028
1978-05-24,-1.70394624
1978-05-25,-1.77444864
1978-05-26,-1.137108617
1978-05-27,-2.50242048
1978-05-28,-3.55166208
1978-05-29,-2.38284288
1978-05-30,-1.191210721
1978-05-31,-0.778386641
1978-06-01,-1.088058328
1978-06-02,-2.78470656
1978-06-03,-2.82230784
1978-06-04,-1.41087744
1978-06-05,-0.705345007
1978-06-06,-0.352653848
1978-06-07,-0.176322258
1978-06-08,-0.088159958
1978-06-09,-0.044079687
1978-06-10,-1.243907961
1978-06-11,-1.59238656
1978-06-12,-0.900559255
1978-06-13,-0.533235585
1978-06-14,-0.26660712
1978-06-15,-0.133300895
1978-06-16,-1.41184512
1978-06-17,-1.7743104
1978-06-18,-0.887033397
1978-06-19,-0.443487191
1978-06-20,-0.221736214
1978-06-21,-0.579514508
1978-06-22,-0.661996261
1978-06-23,-0.330981687
1978-06-24,-0.396042559
1978-06-25,-0.381152411
1978-06-26,-0.190570752
1978-06-27,-0.095284013
1978-06-28,-0.047641665
1978-06-29,-0.023820747
1978-06-30,-0.011910352
1978-07-01,0
1978-07-02,0
1978-07-03,0
1978-07-04,0
1978-07-05,0
1978-07-06,0
1978-07-07,-0.050396134
1978-07-08,-0.065156001
1978-07-09,-0.03257784
1978-07-10,-0.226416301
1978-07-11,-0.314835117
1978-07-12,-0.1849918
1978-07-13,-0.092494617
1978-07-14,-0.046246987
1978-07-15,-0.023123413
1978-07-16,-0.011561686
1978-07-17,0
1978-07-18,0
1978-07-19,0
1978-07-20,0
1978-07-21,0
1978-07-22,0
1978-07-23,0.00E+00
1978-07-24,0.00E+00
1978-07-25,-0.012009837
1978-07-26,-0.015526974
1978-07-27,0
1978-07-28,0
1978-07-29,0
1978-07-30,0
1978-07-31,0
1978-08-01,0
1978-08-02,-0.017671514
1978-08-03,-0.022505313
1978-08-04,-0.011252637
1978-08-05,0
1978-08-06,-0.012412366
1978-08-07,-0.013831299
1978-08-08,0
1978-08-09,0
1978-08-10,0
1978-08-11,-0.134952862
1978-08-12,-0.192236046
1978-08-13,-0.110612417
1978-08-14,-0.097999747
1978-08-15,-0.082913296
1978-08-16,-0.04145639
1978-08-17,-0.02072813
1978-08-18,-0.010364049
1978-08-19,0
1978-08-20,0
1978-08-21,-0.019203676
1978-08-22,-0.023827147
1978-08-23,-0.011913552
1978-08-24,0
1978-08-25,0
1978-08-26,0
1978-08-27,0
1978-08-28,0
1978-08-29,0
1978-08-30,-0.025949897
1978-08-31,-0.033514227
1978-09-01,-0.016757071
1978-09-02,-0.035625168
1978-09-03,-0.134855586
1978-09-04,-0.221853828
1978-09-05,-0.24408676
1978-09-06,-0.300501619
1978-09-07,-0.305180006
1978-09-08,-0.198481978
1978-09-09,-0.51510404
1978-09-10,-0.587868973
1978-09-11,-0.350874658
1978-09-12,-0.22773059
1978-09-13,-0.119469579
1978-09-14,-0.059734253
1978-09-15,-0.029866993
1978-09-16,-0.014933462
1978-09-17,0
1978-09-18,0
1978-09-19,0
1978-09-20,0
1978-09-21,0
1978-09-22,0
1978-09-23,0
1978-09-24,0.00E+00
1978-09-25,0.00E+00
1978-09-26,0.00E+00
1978-09-27,0
1978-09-28,0
1978-09-29,0
1978-09-30,0
1978-10-01,-0.010398265
1978-10-02,-0.040582797
1978-10-03,-0.04183707
1978-10-04,-0.020918469
1978-10-05,-0.096355813
1978-10-06,-0.116408867
1978-10-07,-0.299199343
1978-10-08,-0.341025929
1978-10-09,-0.170508603
1978-10-10,-0.085253207
1978-10-11,-0.04262633
1978-10-12,-0.021313097
1978-10-13,-0.010656531
1978-10-14,0
1978-10-15,-0.867514434
1978-10-16,-1.120660269
1978-10-17,-0.560283029
1978-10-18,-0.28012973
1978-10-19,-0.14006192
1978-10-20,-0.070030223
1978-10-21,-0.135386556
1978-10-22,-0.147421873
1978-10-23,-0.073710122
1978-10-24,-0.036854857
1978-10-25,-0.018427377
1978-10-26,-0.331344843
1978-10-27,-0.731536428
1978-10-28,-0.611980434
1978-10-29,-0.684224824
1978-10-30,-1.097603426
1978-10-31,-3.2596992
1978-11-01,-3.49526016
1978-11-02,-2.99234304
1978-11-03,-2.62296576
1978-11-04,-1.42096896
1978-11-05,-1.81675008
1978-11-06,-2.8643328
1978-11-07,-2.44505088
1978-11-08,-2.55508992
1978-11-09,-4.2833664
1978-11-10,-5.3616384
1978-11-11,-3.94661376
1978-11-12,-1.9726848
1978-11-13,-0.98620098
1978-11-14,-0.899140567
1978-11-15,-0.77209032
1978-11-16,-0.3860228
1978-11-17,-0.200930306
1978-11-18,-0.89695361
1978-11-19,-1.076084808
1978-11-20,-0.537998976
1978-11-21,-0.381547031
1978-11-22,-0.315938493
1978-11-23,-1.031333202
1978-11-24,-1.186759711
1978-11-25,-0.59332702
1978-11-26,-0.296650308
1978-11-27,-0.148321843
1978-11-28,-0.531969016
1978-11-29,-2.43896832
1978-11-30,-2.97312768
1978-12-01,-1.73795328
1978-12-02,-4.13420544
1978-12-03,-4.82305536
1978-12-04,-6.75661824
1978-12-05,-7.47684864
1978-12-06,-4.33423872
1978-12-07,-2.16635904
1978-12-08,-1.083021595
1978-12-09,-0.541466796
1978-12-10,-0.270722401
1978-12-11,-0.135358448
1978-12-12,-0.067678536
1978-12-13,-2.65434624
1978-12-14,-3.40789248
1978-12-15,-1.70353152
1978-12-16,-0.851661458
1978-12-17,-0.52467011
1978-12-18,-0.417383442
1978-12-19,-0.26947231
1978-12-20,-0.134733429
1978-12-21,-0.067366033
1978-12-22,-0.033682845
1978-12-23,-0.01684138
1978-12-24,0
1978-12-25,0
1978-12-26,0
1978-12-27,0
1978-12-28,0
1978-12-29,0
1978-12-30,0
1978-12-31,0.00E+00
1979-01-01,0.00E+00
1979-01-02,0.00E+00
1979-01-03,0
1979-01-04,0
1979-01-05,0
1979-01-06,0
1979-01-07,0
1979-01-08,0
1979-01-09,0
1979-01-10,0
1979-01-11,0
1979-01-12,0
1979-01-13,-0.988185222
1979-01-14,-1.53971712
1979-01-15,-0.976894954
1979-01-16,-0.48841168
1979-01-17,-0.752588997
1979-01-18,-2.25939456
1979-01-19,-2.78263296
1979-01-20,-2.54306304
1979-01-21,-3.22430976
1979-01-22,-6.51995136
1979-01-23,-10.20114432
1979-01-24,-9.58293504
1979-01-25,-6.59363328
1979-01-26,-4.1133312
1979-01-27,-2.26699776
1979-01-28,-1.57621248
1979-01-29,-1.139820415
1979-01-30,-0.569861485
1979-01-31,-0.284918557
1979-02-01,-0.579568117
1979-02-02,-0.789531135
1979-02-03,-0.634043234
1979-02-04,-0.561348707
1979-02-05,-0.400221223
1979-02-06,-0.200104598
1979-02-07,-0.100050796
1979-02-08,-0.293830737
1979-02-09,-1.56639744
1979-02-10,-1.75675392
1979-02-11,-0.878226804
1979-02-12,-0.439084468
1979-02-13,-0.219535004
1979-02-14,-0.10976569
1979-02-15,-0.054882391
1979-02-16,-0.027441082
1979-02-17,-0.013720513
1979-02-18,0
1979-02-19,0
1979-02-20,0
1979-02-21,0
1979-02-22,0
1979-02-23,0
1979-02-24,0
1979-02-25,0.00E+00
1979-02-26,0.00E+00
1979-02-27,0.00E+00
1979-02-28,0
1979-03-01,0
1979-03-02,0
1979-03-03,-1.130368864
1979-03-04,-2.85576192
1979-03-05,-2.58688512
1979-03-06,-1.335316299
1979-03-07,-0.773237809
1979-03-08,-0.734613733
1979-03-09,-0.577065987
1979-03-10,-0.380540962
1979-03-11,-0.263360416
1979-03-12,-0.131677605
1979-03-13,-0.065838151
1979-03-14,-0.032918913
1979-03-15,-0.016459416
1979-03-16,0
1979-03-17,0
1979-03-18,0
1979-03-19,0
1979-03-20,0
1979-03-21,0
1979-03-22,0
1979-03-23,0.00E+00
1979-03-24,0.00E+00
1979-03-25,0.00E+00
1979-03-26,-0.066966063
1979-03-27,-0.101309785
1979-03-28,-0.062283122
1979-03-29,-0.031141415
1979-03-30,-0.015570671
1979-03-31,0
1979-04-01,0
1979-04-02,0
1979-04-03,0
1979-04-04,0
1979-04-05,0
1979-04-06,0
1979-04-07,0
1979-04-08,-0.03991044
1979-04-09,-0.048311649
1979-04-10,-0.517853676
1979-04-11,-0.80552813
1979-04-12,-0.525434024
1979-04-13,-0.262706651
1979-04-14,-0.4053828
1979-04-15,-0.74081399
1979-04-16,-0.624931919
1979-04-17,-0.312451306
1979-04-18,-0.156221983
1979-04-19,-0.078110078
1979-04-20,-0.039054809
1979-04-21,-0.019527347
1979-04-22,0
1979-04-23,0
1979-04-24,0
1979-04-25,0
1979-04-26,0
1979-04-27,-0.536321987
1979-04-28,-1.12872425
1979-04-29,-0.909688196
1979-04-30,-0.878543719
1979-05-01,-0.775815681
1979-05-02,-0.387885252
1979-05-03,-0.193936979
1979-05-04,-0.096967079
1979-05-05,-0.048483186
1979-05-06,-0.024241504
1979-05-07,-0.01212073
1979-05-08,0
1979-05-09,-0.024098069
1979-05-10,-0.05453015
1979-05-11,-0.066720926
1979-05-12,-0.048456692
1979-05-13,-0.024228258
1979-05-14,-0.024621969
1979-05-15,-0.022246564
1979-05-16,-1.029852597
1979-05-17,-1.324027303
1979-05-18,-0.661947905
1979-05-19,-0.330957509
1979-05-20,-0.165474649
1979-05-21,-0.082736293
1979-05-22,-0.041367889
1979-05-23,-0.020683879
1979-05-24,-0.010341924
1979-05-25,0
1979-05-26,0
1979-05-27,0
1979-05-28,0
1979-05-29,0
1979-05-30,0
1979-05-31,0
1979-06-01,0
1979-06-02,0.00E+00
1979-06-03,0.00E+00
1979-06-04,0.00E+00
1979-06-05,0
1979-06-06,-0.093093227
1979-06-07,-0.187013519
1979-06-08,-0.378293967
1979-06-09,-0.371147706
1979-06-10,-0.330089596
1979-06-11,-0.279838748
1979-06-12,-0.139916436
1979-06-13,-0.069957483
1979-06-14,-0.034978558
1979-06-15,-0.017489232
1979-06-16,0
1979-06-17,0
1979-06-18,0
1979-06-19,0
1979-06-20,0
1979-06-21,0
1979-06-22,0
1979-06-23,0.00E+00
1979-06-24,0.00E+00
1979-06-25,0.00E+00
1979-06-26,0
1979-06-27,0
1979-06-28,0
1979-06-29,0
1979-06-30,0
1979-07-01,0
1979-07-02,0
1979-07-03,0
1979-07-04,0
1979-07-05,0
1979-07-06,0
1979-07-07,0
1979-07-08,0
1979-07-09,0
1979-07-10,0
1979-07-11,0
1979-07-12,0
1979-07-13,0
1979-07-14,0
1979-07-15,0
1979-07-16,0
1979-07-17,-0.010604259
1979-07-18,-0.013570248
1979-07-19,0
1979-07-20,0
1979-07-21,0
1979-07-22,-0.04623554
1979-07-23,-0.216749924
1979-07-24,-0.23354379
1979-07-25,-0.116769849
1979-07-26,-0.058384412
1979-07-27,-0.029192077
1979-07-28,-0.014596007
1979-07-29,0
1979-07-30,0
1979-07-31,0
1979-08-01,0
1979-08-02,0
1979-08-03,0
1979-08-04,0
1979-08-05,0.00E+00
1979-08-06,0.00E+00
1979-08-07,0.00E+00
1979-08-08,0
1979-08-09,0
1979-08-10,0
1979-08-11,0
1979-08-12,0
1979-08-13,0
1979-08-14,0
1979-08-15,0
1979-08-16,0
1979-08-17,0
1979-08-18,0
1979-08-19,0
1979-08-20,0
1979-08-21,0
1979-08-22,0
1979-08-23,0
1979-08-24,0
1979-08-25,0
1979-08-26,0
1979-08-27,0
1979-08-28,0
1979-08-29,0
1979-08-30,0
1979-08-31,0
1979-09-01,0
1979-09-02,0
1979-09-03,-0.148589821
1979-09-04,-0.189161644
1979-09-05,-0.094579481
1979-09-06,-0.047289405
1979-09-07,-0.023644618
1979-09-08,-0.011822288
1979-09-09,0
1979-09-10,0
1979-09-11,0
1979-09-12,0
1979-09-13,0
1979-09-14,0
1979-09-15,-0.019970344
1979-09-16,-0.061660559
1979-09-17,-0.059335547
1979-09-18,-0.029667641
1979-09-19,-0.014833787
1979-09-20,0
1979-09-21,0
1979-09-22,0
1979-09-23,0
1979-09-24,0
1979-09-25,0
1979-09-26,0
1979-09-27,0.00E+00
1979-09-28,0.00E+00
1979-09-29,0.00E+00
1979-09-30,0
1979-10-01,0
1979-10-02,0
1979-10-03,0
1979-10-04,0
1979-10-05,0
1979-10-06,0
1979-10-07,0
1979-10-08,0
1979-10-09,0
1979-10-10,0
1979-10-11,0
1979-10-12,0
1979-10-13,0
1979-10-14,0
1979-10-15,0.00E+00
1979-10-16,0.00E+00
1979-10-17,0.00E+00
1979-10-18,0
1979-10-19,0
1979-10-20,-0.024905144
1979-10-21,-0.045356012
1979-10-22,-0.03857201
1979-10-23,-0.06541807
1979-10-24,-0.199203467
1979-10-25,-0.205486793
1979-10-26,-0.102741808
1979-10-27,-0.051370508
1979-10-28,-0.025685154
1979-10-29,-0.012842552
1979-10-30,0
1979-10-31,0
1979-11-01,-0.763966412
1979-11-02,-2.35616256
1979-11-03,-2.9714688
1979-11-04,-3.20150016
1979-11-05,-2.51748864
1979-11-06,-1.92098304
1979-11-07,-2.43108864
1979-11-08,-2.1510144
1979-11-09,-1.222683711
1979-11-10,-0.963136853
1979-11-11,-1.133997719
1979-11-12,-0.863215336
1979-11-13,-0.845162713
1979-11-14,-0.751067445
1979-11-15,-1.215568595
1979-11-16,-2.7212544
1979-11-17,-2.80793088
1979-11-18,-1.64104704
1979-11-19,-0.82040115
1979-11-20,-0.410175332
1979-11-21,-0.677171667
1979-11-22,-2.36431872
1979-11-23,-2.64895488
1979-11-24,-1.44820224
1979-11-25,-2.01443328
1979-11-26,-4.56786432
1979-11-27,-5.40020736
1979-11-28,-8.30393856
1979-11-29,-8.92435968
1979-11-30,-5.26984704
1979-12-01,-2.7592704
1979-12-02,-3.48268032
1979-12-03,-4.81517568
1979-12-04,-4.8688128
1979-12-05,-3.77063424
1979-12-06,-3.64386816
1979-12-07,-4.7526912
1979-12-08,-3.94758144
1979-12-09,-2.12779008
1979-12-10,-1.063739589
1979-12-11,-0.531827348
1979-12-12,-0.265903064
1979-12-13,-0.132948878
1979-12-14,-0.066473774
1979-12-15,-0.033236721
1979-12-16,-0.016618318
1979-12-17,-0.247786118
1979-12-18,-0.314114416
1979-12-19,-0.15705351
1979-12-20,-2.26658304
1979-12-21,-3.6882432
1979-12-22,-3.21850368
1979-12-23,-2.18529792
1979-12-24,-1.3941504
1979-12-25,-0.936657202
1979-12-26,-0.980458422
1979-12-27,-1.40258304
1979-12-28,-4.48768512
1979-12-29,-6.39207936
1979-12-30,-5.34670848
1979-12-31,-7.8955776
1980-01-01,-7.4670336
1980-01-02,-3.73137408
1980-01-03,-2.80309248
1980-01-04,-2.146176
1980-01-05,-1.072913002
1980-01-06,-0.536413322
1980-01-07,-0.268195871
1980-01-08,-0.134095233
1980-01-09,-0.067046941
1980-01-10,-0.033523301
1980-01-11,-0.016761608
1980-01-12,-3.88329984
1980-01-13,-5.3630208
1980-01-14,-3.00340224
1980-01-15,-1.54013184
1980-01-16,-3.02026752
1980-01-17,-3.29688576
1980-01-18,-1.64809728
1980-01-19,-2.05023744
1980-01-20,-2.44712448
1980-01-21,-1.579392
1980-01-22,-0.789575538
1980-01-23,-1.371871476
1980-01-24,-1.461888
1980-01-25,-0.730892423
1980-01-26,-0.365426173
1980-01-27,-0.182708076
1980-01-28,-0.250073893
1980-01-29,-0.69370184
1980-01-30,-1.182359352
1980-01-31,-0.975547377
1980-02-01,-0.487737995
1980-02-02,-0.243860074
1980-02-03,-0.121927802
1980-02-04,-1.358965071
1980-02-05,-5.35030272
1980-02-06,-5.56429824
1980-02-07,-2.78097408
1980-02-08,-1.39027968
1980-02-09,-0.695038178
1980-02-10,-0.347500966
1980-02-11,-0.173745949
1980-02-12,-0.086871842
1980-02-13,-0.043435637
1980-02-14,-0.021717747
1980-02-15,-0.010858856
1980-02-16,-0.146976022
1980-02-17,-0.25617253
1980-02-18,-0.27332828
1980-02-19,-0.207708987
1980-02-20,-0.103852872
1980-02-21,-0.463157858
1980-02-22,-1.61865216
1980-02-23,-1.65141504
1980-02-24,-0.846794553
1980-02-25,-2.59324416
1980-02-26,-3.00630528
1980-02-27,-1.88365824
1980-02-28,-1.24415548
1980-02-29,-2.33293824
1980-03-01,-2.52509184
1980-03-02,-1.262308963
1980-03-03,-0.631094713
1980-03-04,-0.315532413
1980-03-05,-0.157762474
1980-03-06,-0.078880301
1980-03-07,-0.039439916
1980-03-08,-0.0197199
1980-03-09,0
1980-03-10,0
1980-03-11,0
1980-03-12,0
1980-03-13,0
1980-03-14,0
1980-03-15,0
1980-03-16,0.00E+00
1980-03-17,0.00E+00
1980-03-18,-0.389547104
1980-03-19,-0.504176556
1980-03-20,-0.252078732
1980-03-21,-0.126036983
1980-03-22,-0.063017894
1980-03-23,-0.826624328
1980-03-24,-1.66399488
1980-03-25,-2.96151552
1980-03-26,-3.34388736
1980-03-27,-2.24004096
1980-03-28,-1.52561664
1980-03-29,-1.3989888
1980-03-30,-1.194648819
1980-03-31,-0.968835991
1980-04-01,-2.74752
1980-04-02,-4.68758016
1980-04-03,-3.66018048
1980-04-04,-1.8296064
1980-04-05,-0.914672383
1980-04-06,-0.457304804
1980-04-07,-0.228644564
1980-04-08,-0.114320316
1980-04-09,-0.057159667
1980-04-10,-0.02857971
1980-04-11,-0.014289825
1980-04-12,0
1980-04-13,0
1980-04-14,0
1980-04-15,0
1980-04-16,0
1980-04-17,0
1980-04-18,0
1980-04-19,0
1980-04-20,0
1980-04-21,-0.078415728
1980-04-22,-0.101249482
1980-04-23,-0.050624356
1980-04-24,-0.025312081
1980-04-25,-0.012656016
1980-04-26,0
1980-04-27,0
1980-04-28,0
1980-04-29,0
1980-04-30,0
1980-05-01,0
1980-05-02,0.00E+00
1980-05-03,0.00E+00
1980-05-04,0.00E+00
1980-05-05,0.00E+00
1980-05-06,-0.028085383
1980-05-07,-0.052779342
1980-05-08,-0.185999045
1980-05-09,-0.209413652
1980-05-10,-0.170991724
1980-05-11,-0.13814901
1980-05-12,-0.069073788
1980-05-13,-0.034536715
1980-05-14,-0.017268312
1980-05-15,0
1980-05-16,0
1980-05-17,0
1980-05-18,0
1980-05-19,0
1980-05-20,0
1980-05-21,0
1980-05-22,0.00E+00
1980-05-23,0.00E+00
1980-05-24,0.00E+00
1980-05-25,0
1980-05-26,0
1980-05-27,0
1980-05-28,-0.055440764
1980-05-29,-0.071124875
1980-05-30,-0.067461619
1980-05-31,-0.059069794
1980-06-01,-0.029534766
1980-06-02,-0.01476735
1980-06-03,0
1980-06-04,0
1980-06-05,0
1980-06-06,0
1980-06-07,0
1980-06-08,0
1980-06-09,-0.118053122
1980-06-10,-0.148576329
1980-06-11,-0.074287337
1980-06-12,-0.037143461
1980-06-13,-0.018571679
1980-06-14,-0.032618375
1980-06-15,-0.084791485
1980-06-16,-0.099849772
1980-06-17,-0.06404658
1980-06-18,-0.032023136
1980-06-19,-0.016011529
1980-06-20,0
1980-06-21,0
1980-06-22,0
1980-06-23,0
1980-06-24,0
1980-06-25,0
1980-06-26,0
1980-06-27,0
1980-06-28,-0.019261625
1980-06-29,-0.020140163
1980-06-30,-0.010070066
1980-07-01,-0.013738699
1980-07-02,-0.013783093
1980-07-03,0
1980-07-04,0
1980-07-05,0
1980-07-06,0
1980-07-07,0
1980-07-08,0
1980-07-09,0
1980-07-10,-0.015586825
1980-07-11,-0.020132006
1980-07-12,-0.010065987
1980-07-13,-0.060388965
1980-07-14,-0.074166089
1980-07-15,-0.037082837
1980-07-16,-0.018541367
1980-07-17,0
1980-07-18,0
1980-07-19,0
1980-07-20,0
1980-07-21,0
1980-07-22,0
1980-07-23,0
1980-07-24,0
1980-07-25,0
1980-07-26,0.00E+00
1980-07-27,0.00E+00
1980-07-28,0.00E+00
1980-07-29,0
1980-07-30,0
1980-07-31,0
1980-08-01,0
1980-08-02,0
1980-08-03,0
1980-08-04,0
1980-08-05,0
1980-08-06,0
1980-08-07,0
1980-08-08,0
1980-08-09,0
1980-08-10,0
1980-08-11,0
1980-08-12,0.00E+00
1980-08-13,0.00E+00
1980-08-14,0.00E+00
1980-08-15,0
1980-08-16,0
1980-08-17,0
1980-08-18,0
1980-08-19,0
1980-08-20,0.00E+00
1980-08-21,0
1980-08-22,-0.010424573
1980-08-23,0
1980-08-24,0
1980-08-25,0
1980-08-26,-0.034078194
1980-08-27,-0.036561353
1980-08-28,-0.018280627
1980-08-29,0
1980-08-30,0
1980-08-31,0
1980-09-01,0
1980-09-02,0
1980-09-03,0
1980-09-04,0
1980-09-05,0
1980-09-06,-0.081458666
1980-09-07,-0.107156798
1980-09-08,-0.060796706
1980-09-09,-0.030398214
1980-09-10,-0.015199072
1980-09-11,0
1980-09-12,0
1980-09-13,0
1980-09-14,0
1980-09-15,0
1980-09-16,0
1980-09-17,0
1980-09-18,0.00E+00
1980-09-19,0.00E+00
1980-09-20,0.00E+00
1980-09-21,0
1980-09-22,-0.045697704
1980-09-23,-0.059145611
1980-09-24,-0.029572674
1980-09-25,-0.014786304
1980-09-26,0
1980-09-27,0
1980-09-28,0
1980-09-29,0
1980-09-30,0
1980-10-01,0
1980-10-02,-0.030918919
1980-10-03,-0.128459011
1980-10-04,-0.165846791
1980-10-05,-0.107780638
1980-10-06,-0.053889882
1980-10-07,-0.026944831
1980-10-08,-0.013472388
1980-10-09,0
1980-10-10,0
1980-10-11,0
1980-10-12,0
1980-10-13,0
1980-10-14,0
1980-10-15,0
1980-10-16,0.00E+00
1980-10-17,0.00E+00
1980-10-18,0.00E+00
1980-10-19,0
1980-10-20,0
1980-10-21,0
1980-10-22,-0.098982404
1980-10-23,-0.141205428
1980-10-24,-0.080999504
1980-10-25,-0.040499505
1980-10-26,-0.020249691
1980-10-27,-0.01012483
1980-10-28,-0.208221055
1980-10-29,-0.270158769
1980-10-30,-0.138789656
1980-10-31,-0.069394105
1980-11-01,-0.087888759
1980-11-02,-0.094715616
1980-11-03,-0.074280878
1980-11-04,-0.053151491
1980-11-05,-0.190075618
1980-11-06,-0.271542178
1980-11-07,-1.5593472
1980-11-08,-3.20979456
1980-11-09,-2.66001408
1980-11-10,-4.1347584
1980-11-11,-4.831488
1980-11-12,-2.8415232
1980-11-13,-2.46578688
1980-11-14,-2.11465728
1980-11-15,-1.098173445
1980-11-16,-1.6229376
1980-11-17,-2.50684416
1980-11-18,-1.92236544
1980-11-19,-1.65003264
1980-11-20,-1.76366592
1980-11-21,-1.192728292
1980-11-22,-0.596310778
1980-11-23,-0.371611363
1980-11-24,-0.739970339
1980-11-25,-0.934401623
1980-11-26,-0.602689766
1980-11-27,-0.566679311
1980-11-28,-0.494099813
1980-11-29,-0.247040755
1980-11-30,-0.123518084
1980-12-01,-0.061758468
1980-12-02,-0.03087909
1980-12-03,-0.015439509
1980-12-04,-5.5323648
1980-12-05,-9.97277184
1980-12-06,-8.7270912
1980-12-07,-6.3542016
1980-12-08,-3.81030912
1980-12-09,-1.90467072
1980-12-10,-0.952172928
1980-12-11,-0.476052457
1980-12-12,-0.23801772
1980-12-13,-0.119006734
1980-12-14,-0.059502835
1980-12-15,-1.220656283
1980-12-16,-1.55616768
1980-12-17,-3.33186048
1980-12-18,-8.72667648
1980-12-19,-11.44088064
1980-12-20,-8.54226432
1980-12-21,-8.42075136
1980-12-22,-7.74821376
1980-12-23,-4.25447424
1980-12-24,-2.12654592
1980-12-25,-1.063120564
1980-12-26,-0.721148009
1980-12-27,-0.511182766
1980-12-28,-0.255581582
1980-12-29,-0.127788339
1980-12-30,-0.063893555
1980-12-31,-0.031946624
1981-01-01,-0.015973274
1981-01-02,0
1981-01-03,0
1981-01-04,-1.97862912
1981-01-05,-4.49515008
1981-01-06,-3.78432
1981-01-07,-2.53780992
1981-01-08,-2.21488128
1981-01-09,-3.42724608
1981-01-10,-3.34720512
1981-01-11,-2.14354944
1981-01-12,-1.40438016
1981-01-13,-0.702138033
1981-01-14,-0.351050527
1981-01-15,-0.175520632
1981-01-16,-0.087759162
1981-01-17,-0.043879291
1981-01-18,-0.021939573
1981-01-19,-0.010969768
1981-01-20,0
1981-01-21,0
1981-01-22,0
1981-01-23,0
1981-01-24,0
1981-01-25,-1.99701504
1981-01-26,-2.58425856
1981-01-27,-1.57773312
1981-01-28,-1.015820338
1981-01-29,-0.507871462
1981-01-30,-0.253926061
1981-01-31,-0.126960607
1981-02-01,-0.143662754
1981-02-02,-0.709843973
1981-02-03,-0.811085958
1981-02-04,-0.405518303
1981-02-05,-0.202752972
1981-02-06,-0.101374946
1981-02-07,-0.050687087
1981-02-08,-0.025343447
1981-02-09,-0.012671699
1981-02-10,0
1981-02-11,-0.437472687
1981-02-12,-0.702957353
1981-02-13,-0.751678327
1981-02-14,-0.84859094
1981-02-15,-0.617077689
1981-02-16,-0.308524557
1981-02-17,-0.615188418
1981-02-18,-0.82589214
1981-02-19,-0.611452717
1981-02-20,-2.08507392
1981-02-21,-2.40662016
1981-02-22,-1.264415602
1981-02-23,-0.696951268
1981-02-24,-0.361239064
1981-02-25,-0.334006959
1981-02-26,-1.197221368
1981-02-27,-1.320053884
1981-02-28,-0.659961575
1981-03-01,-0.329964448
1981-03-02,-0.164978132
1981-03-03,-0.082488047
1981-03-04,-0.041243767
1981-03-05,-0.020621819
1981-03-06,-0.010310894
1981-03-07,0
1981-03-08,0
1981-03-09,0
1981-03-10,0
1981-03-11,0
1981-03-12,0
1981-03-13,0.00E+00
1981-03-14,0.00E+00
1981-03-15,0.00E+00
1981-03-16,0.00E+00
1981-03-17,0
1981-03-18,-0.010485806
1981-03-19,0
1981-03-20,0
1981-03-21,0
1981-03-22,0
1981-03-23,0
1981-03-24,0
1981-03-25,-0.112230163
1981-03-26,-0.499427389
1981-03-27,-0.647768807
1981-03-28,-0.697953107
1981-03-29,-0.807541236
1981-03-30,-0.59046642
1981-03-31,-0.295220132
1981-04-01,-0.147606797
1981-04-02,-0.073802579
1981-04-03,-0.036901085
1981-04-04,-0.018450491
1981-04-05,0
1981-04-06,0
1981-04-07,0
1981-04-08,0
1981-04-09,0
1981-04-10,0
1981-04-11,0
1981-04-12,0.00E+00
1981-04-13,0.00E+00
1981-04-14,0.00E+00
1981-04-15,0
1981-04-16,0
1981-04-17,0
1981-04-18,0
1981-04-19,0
1981-04-20,0
1981-04-21,0
1981-04-22,0
1981-04-23,-0.037409971
1981-04-24,-0.048421416
1981-04-25,-0.02421062
1981-04-26,-0.012105288
1981-04-27,0
1981-04-28,0
1981-04-29,0
1981-04-30,-0.036368194
1981-05-01,-0.172209024
1981-05-02,-0.336202362
1981-05-03,-0.287422857
1981-05-04,-0.143708332
1981-05-05,-0.071853386
1981-05-06,-0.0359265
1981-05-07,-0.017963201
1981-05-08,0
1981-05-09,0
1981-05-10,0
1981-05-11,0
1981-05-12,0
1981-05-13,0
1981-05-14,0
1981-05-15,0.00E+00
1981-05-16,0.00E+00
1981-05-17,0.00E+00
1981-05-18,0
1981-05-19,0
1981-05-20,0
1981-05-21,0
1981-05-22,0
1981-05-23,0
1981-05-24,0
1981-05-25,0
1981-05-26,0
1981-05-27,0
1981-05-28,0
1981-05-29,0
1981-05-30,0
1981-05-31,0
1981-06-01,0
1981-06-02,0
1981-06-03,0
1981-06-04,0
1981-06-05,-0.040472226
1981-06-06,-0.063736063
1981-06-07,-0.041026985
1981-06-08,-0.020513429
1981-06-09,-0.010256699
1981-06-10,0
1981-06-11,0
1981-06-12,0
1981-06-13,0
1981-06-14,0
1981-06-15,0
1981-06-16,-0.016466683
1981-06-17,-0.021249962
1981-06-18,-0.010624964
1981-06-19,0
1981-06-20,-0.041215703
1981-06-21,-0.054596987
1981-06-22,-0.029967095
1981-06-23,-0.014983514
1981-06-24,0
1981-06-25,0
1981-06-26,0
1981-06-27,0
1981-06-28,0
1981-06-29,0
1981-06-30,0
1981-07-01,0.00E+00
1981-07-02,0.00E+00
1981-07-03,0.00E+00
1981-07-04,0
1981-07-05,0
1981-07-06,0
1981-07-07,0
1981-07-08,0
1981-07-09,0
1981-07-10,0
1981-07-11,0
1981-07-12,0
1981-07-13,0
1981-07-14,0
1981-07-15,-0.0299944
1981-07-16,-0.052140167
1981-07-17,-0.699678563
1981-07-18,-0.887050068
1981-07-19,-1.147795854
1981-07-20,-1.16394089
1981-07-21,-0.611632927
1981-07-22,-0.305802432
1981-07-23,-0.152897698
1981-07-24,-0.076447974
1981-07-25,-0.038223766
1981-07-26,-0.019111828
1981-07-27,0
1981-07-28,0
1981-07-29,0
1981-07-30,0
1981-07-31,0
1981-08-01,-0.32530746
1981-08-02,-0.420811642
1981-08-03,-0.323088362
1981-08-04,-0.251053517
1981-08-05,-0.276577017
1981-08-06,-0.345268653
1981-08-07,-0.241734606
1981-08-08,-0.120865112
1981-08-09,-0.060432007
1981-08-10,-0.030215866
1981-08-11,-0.015107898
1981-08-12,0
1981-08-13,-0.369584474
1981-08-14,-0.475355036
1981-08-15,-0.237669037
1981-08-16,-0.118832401
1981-08-17,-0.05941567
1981-08-18,-0.029707701
1981-08-19,-0.014853817
1981-08-20,0
1981-08-21,0
1981-08-22,0
1981-08-23,0
1981-08-24,-0.255209564
1981-08-25,-0.627895342
1981-08-26,-0.550695117
1981-08-27,-0.275336175
1981-08-28,-0.137665244
1981-08-29,-0.068831909
1981-08-30,-0.034415777
1981-08-31,-0.134317216
1981-09-01,-0.160182559
1981-09-02,-0.210564569
1981-09-03,-0.25240585
1981-09-04,-0.160742237
1981-09-05,-0.080370145
1981-09-06,-0.040184829
1981-09-07,-0.020092353
1981-09-08,-0.010046162
1981-09-09,0
1981-09-10,-0.18190591
1981-09-11,-0.333318828
1981-09-12,-0.395241334
1981-09-13,-0.316174828
1981-09-14,-0.158083661
1981-09-15,-0.079040893
1981-09-16,-0.069396733
1981-09-17,-0.089184011
1981-09-18,-0.069020644
1981-09-19,-0.034510142
1981-09-20,-0.017255027
1981-09-21,0
1981-09-22,0
1981-09-23,0
1981-09-24,0
1981-09-25,0
1981-09-26,0
1981-09-27,0
1981-09-28,0.00E+00
1981-09-29,0.00E+00
1981-09-30,0.00E+00
1981-10-01,0
1981-10-02,0
1981-10-03,0
1981-10-04,0
1981-10-05,0
1981-10-06,0
1981-10-07,0
1981-10-08,0
1981-10-09,0
1981-10-10,0
1981-10-11,0
1981-10-12,0
1981-10-13,0.00E+00
1981-10-14,0.00E+00
1981-10-15,0.00E+00
1981-10-16,0
1981-10-17,-0.047263445
1981-10-18,-0.061172266
1981-10-19,-0.030585993
1981-10-20,-0.01529296
1981-10-21,0
1981-10-22,0
1981-10-23,-0.045132316
1981-10-24,-0.250188936
1981-10-25,-0.278629231
1981-10-26,-0.145141438
1981-10-27,-0.077200771
1981-10-28,-0.038600161
1981-10-29,-0.019300024
1981-10-30,-0.101776898
1981-10-31,-0.169744965
1981-11-01,-0.148673374
1981-11-02,-0.418114013
1981-11-03,-0.519395093
1981-11-04,-0.625252898
1981-11-05,-0.745127355
1981-11-06,-0.512832315
1981-11-07,-0.256406294
1981-11-08,-0.128200678
1981-11-09,-0.064099722
1981-11-10,-0.032049705
1981-11-11,-0.016024814
1981-11-12,0
1981-11-13,0
1981-11-14,0
1981-11-15,0
1981-11-16,0
1981-11-17,0
1981-11-18,0
1981-11-19,0.00E+00
1981-11-20,0.00E+00
1981-11-21,0.00E+00
1981-11-22,0
1981-11-23,0
1981-11-24,-0.012249563
1981-11-25,-0.015853647
1981-11-26,0
1981-11-27,0
1981-11-28,-0.034827839
1981-11-29,-0.043505103
1981-11-30,-0.410451481
1981-12-01,-0.513969671
1981-12-02,-1.206468131
1981-12-03,-2.33501184
1981-12-04,-2.1385728
1981-12-05,-1.510272
1981-12-06,-1.127886709
1981-12-07,-1.047770906
1981-12-08,-1.102577412
1981-12-09,-1.186639539
1981-12-10,-2.4827904
1981-12-11,-2.73687552
1981-12-12,-5.59222272
1981-12-13,-8.38812672
1981-12-14,-15.67766016
1981-12-15,-19.56731904
1981-12-16,-13.05151488
1981-12-17,-6.5193984
1981-12-18,-4.82886144
1981-12-19,-4.55652864
1981-12-20,-2.98861056
1981-12-21,-1.49395968
1981-12-22,-1.180707329
1981-12-23,-0.934861216
1981-12-24,-0.467397817
1981-12-25,-0.233690711
1981-12-26,-0.116843307
1981-12-27,-0.236280969
1981-12-28,-0.25941853
1981-12-29,-1.5883776
1981-12-30,-2.7606528
1981-12-31,-4.47814656
1982-01-01,-4.38594048
1982-01-02,-5.08889088
1982-01-03,-4.7195136
1982-01-04,-2.78304768
1982-01-05,-1.72813824
1982-01-06,-0.863939147
1982-01-07,-0.43194158
1982-01-08,-0.215963781
1982-01-09,-0.107980142
1982-01-10,-0.053989633
1982-01-11,-0.026994707
1982-01-12,-0.013497326
1982-01-13,0
1982-01-14,0
1982-01-15,0
1982-01-16,0
1982-01-17,-0.354997389
1982-01-18,-1.013576979
1982-01-19,-0.947137356
1982-01-20,-0.743012214
1982-01-21,-0.585536754
1982-01-22,-0.292755521
1982-01-23,-0.228312871
1982-01-24,-0.179241445
1982-01-25,-0.14597421
1982-01-26,-0.117751306
1982-01-27,-0.058875132
1982-01-28,-0.029437435
1982-01-29,-1.16336501
1982-01-30,-1.49395968
1982-01-31,-0.746890551
1982-02-01,-0.373424353
1982-02-02,-0.186706944
1982-02-03,-0.093352161
1982-02-04,-0.046675753
1982-02-05,-0.023337794
1982-02-06,-0.011668877
1982-02-07,0
1982-02-08,0
1982-02-09,0
1982-02-10,0
1982-02-11,0
1982-02-12,-0.103212539
1982-02-13,-0.133447006
1982-02-14,-0.066722834
1982-02-15,-0.033361249
1982-02-16,-0.016680583
1982-02-17,-0.44619053
1982-02-18,-0.570878005
1982-02-19,-0.285426768
1982-02-20,-0.142710322
1982-02-21,-0.071354399
1982-02-22,-0.046007017
1982-02-23,-0.031209054
1982-02-24,-0.01560449
1982-02-25,0
1982-02-26,0
1982-02-27,0
1982-02-28,0
1982-03-01,0
1982-03-02,0
1982-03-03,0
1982-03-04,-0.337129607
1982-03-05,-0.436301462
1982-03-06,-0.218143591
1982-03-07,-0.261899468
1982-03-08,-0.252345038
1982-03-09,-0.126170125
1982-03-10,-0.063084464
1982-03-11,-0.031542083
1982-03-12,-0.015771004
1982-03-13,0
1982-03-14,0
1982-03-15,0
1982-03-16,0
1982-03-17,-0.048632231
1982-03-18,-0.551654973
1982-03-19,-0.664311878
1982-03-20,-0.332139378
1982-03-21,-0.267601647
1982-03-22,-0.214452223
1982-03-23,-0.107224385
1982-03-24,-0.05361176
1982-03-25,-0.026805771
1982-03-26,-0.013402859
1982-03-27,0
1982-03-28,0
1982-03-29,0
1982-03-30,0
1982-03-31,0
1982-04-01,0
1982-04-02,0
1982-04-03,0.00E+00
1982-04-04,0.00E+00
1982-04-05,0
1982-04-06,0
1982-04-07,0
1982-04-08,0
1982-04-09,0
1982-04-10,-0.040769311
1982-04-11,-0.052598635
1982-04-12,-0.026299213
1982-04-13,-0.01314958
1982-04-14,0
1982-04-15,0
1982-04-16,0
1982-04-17,-0.086364428
1982-04-18,-0.429639206
1982-04-19,-0.508378817
1982-04-20,-0.422559673
1982-04-21,-0.466423419
1982-04-22,-0.458624416
1982-04-23,-1.64726784
1982-04-24,-2.37302784
1982-04-25,-2.36514816
1982-04-26,-1.83817728
1982-04-27,-2.95432704
1982-04-28,-11.17131264
1982-04-29,-12.54030336
1982-04-30,-7.45500672
1982-05-01,-4.33465344
1982-05-02,-2.16663552
1982-05-03,-1.083124487
1982-05-04,-0.541518235
1982-05-05,-1.7473536
1982-05-06,-2.04636672
1982-05-07,-1.181512701
1982-05-08,-2.35533312
1982-05-09,-2.47905792
1982-05-10,-1.239277557
1982-05-11,-0.619581174
1982-05-12,-0.309776182
1982-05-13,-0.154884497
1982-05-14,-0.077441344
1982-05-15,-0.038720446
1982-05-16,-0.019360166
1982-05-17,0
1982-05-18,0
1982-05-19,-0.687663033
1982-05-20,-1.255698478
1982-05-21,-1.46423808
1982-05-22,-1.164436992
1982-05-23,-0.582167638
1982-05-24,-0.291071108
1982-05-25,-0.145532367
1982-05-26,-0.07276539
1982-05-27,-0.036382495
1982-05-28,-0.018191198
1982-05-29,0
1982-05-30,0
1982-05-31,0
1982-06-01,0
1982-06-02,0
1982-06-03,0
1982-06-04,0
1982-06-05,-0.036919518
1982-06-06,-0.047730157
1982-06-07,-0.023864992
1982-06-08,-0.011932475
1982-06-09,0
1982-06-10,-0.464130778
1982-06-11,-1.190821285
1982-06-12,-1.082585572
1982-06-13,-0.554462102
1982-06-14,-0.277219515
1982-06-15,-0.138606875
1982-06-16,-0.069302715
1982-06-17,-0.057689392
1982-06-18,-0.047144916
1982-06-19,-0.055370856
1982-06-20,-0.140201252
1982-06-21,-0.139411708
1982-06-22,-0.06970512
1982-06-23,-0.034852378
1982-06-24,-0.017426143
1982-06-25,0
1982-06-26,0
1982-06-27,0
1982-06-28,0
1982-06-29,0
1982-06-30,0
1982-07-01,0
1982-07-02,0.00E+00
1982-07-03,0.00E+00
1982-07-04,0.00E+00
1982-07-05,-0.01385715
1982-07-06,-0.022319741
1982-07-07,-0.054538338
1982-07-08,-0.058956223
1982-07-09,-0.029477981
1982-07-10,-0.014738958
1982-07-11,0
1982-07-12,0
1982-07-13,-0.688699418
1982-07-14,-0.897748255
1982-07-15,-0.458872418
1982-07-16,-0.229428302
1982-07-17,-0.114712177
1982-07-18,-0.057355594
1982-07-19,-0.028677672
1982-07-20,-0.014338806
1982-07-21,0
1982-07-22,0
1982-07-23,0
1982-07-24,0
1982-07-25,0
1982-07-26,0
1982-07-27,0
1982-07-28,0.00E+00
1982-07-29,0.00E+00
1982-07-30,0.00E+00
1982-07-31,0
1982-08-01,0
1982-08-02,0
1982-08-03,0
1982-08-04,0
1982-08-05,-0.030727138
1982-08-06,-0.039771548
1982-08-07,-0.019885715
1982-08-08,0
1982-08-09,0
1982-08-10,0
1982-08-11,0
1982-08-12,0
1982-08-13,0
1982-08-14,0
1982-08-15,0
1982-08-16,0
1982-08-17,0
1982-08-18,0.00E+00
1982-08-19,0.00E+00
1982-08-20,0.00E+00
1982-08-21,0
1982-08-22,0
1982-08-23,0
1982-08-24,0
1982-08-25,0
1982-08-26,0
1982-08-27,0
1982-08-28,0
1982-08-29,0
1982-08-30,0
1982-08-31,0
1982-09-01,0
1982-09-02,0
1982-09-03,0
1982-09-04,0
1982-09-05,0
1982-09-06,0
1982-09-07,0
1982-09-08,0
1982-09-09,0
1982-09-10,0
1982-09-11,0
1982-09-12,0
1982-09-13,0
1982-09-14,0
1982-09-15,0
1982-09-16,0
1982-09-17,0
1982-09-18,0
1982-09-19,0
1982-09-20,0
1982-09-21,0
1982-09-22,0
1982-09-23,0.00E+00
1982-09-24,-0.04260251
1982-09-25,-0.597524042
1982-09-26,-1.000401367
1982-09-27,-0.715284643
1982-09-28,-0.35762312
1982-09-29,-0.178806763
1982-09-30,-0.08940218
1982-10-01,-0.04470079
1982-10-02,-0.02235032
1982-10-03,-0.011175141
1982-10-04,-0.123994783
1982-10-05,-0.156052376
1982-10-06,-0.923893793
1982-10-07,-1.58989824
1982-10-08,-1.374885744
1982-10-09,-0.95740187
1982-10-10,-0.756752841
1982-10-11,-1.39152384
1982-10-12,-1.373622686
1982-10-13,-2.89391616
1982-10-14,-5.32182528
1982-10-15,-5.28878592
1982-10-16,-3.50148096
1982-10-17,-2.48306688
1982-10-18,-2.53891584
1982-10-19,-6.97130496
1982-10-20,-13.0975488
1982-10-21,-11.23849728
1982-10-22,-5.82557184
1982-10-23,-2.91147264
1982-10-24,-1.45539072
1982-10-25,-0.72763911
1982-10-26,-0.363799697
1982-10-27,-0.181894879
1982-10-28,-0.090946197
1982-10-29,-0.045472787
1982-10-30,-0.022736316
1982-10-31,-2.24128512
1982-11-01,-4.54505472
1982-11-02,-11.4794496
1982-11-03,-13.51130112
1982-11-04,-9.87254784
1982-11-05,-8.36711424
1982-11-06,-5.69507328
1982-11-07,-2.8463616
1982-11-08,-1.42290432
1982-11-09,-0.71134819
1982-11-10,-1.86928128
1982-11-11,-2.13663744
1982-11-12,-1.068166573
1982-11-13,-0.534040487
1982-11-14,-0.267009537
1982-11-15,-0.133502095
1982-11-16,-0.066750378
1982-11-17,-0.033375021
1982-11-18,-1.327859454
1982-11-19,-1.7051904
1982-11-20,-0.85251556
1982-11-21,-0.882109094
1982-11-22,-0.803132458
1982-11-23,-0.401542023
1982-11-24,-0.20076497
1982-11-25,-0.100380969
1982-11-26,-0.079535454
1982-11-27,-0.063077866
1982-11-28,-0.031538783
1982-11-29,-0.015769353
1982-11-30,0
1982-12-01,0
1982-12-02,-0.449792276
1982-12-03,-3.14744832
1982-12-04,-3.82938624
1982-12-05,-2.08700928
1982-12-06,-1.163860531
1982-12-07,-0.829502097
1982-12-08,-0.53538248
1982-12-09,-0.293095978
1982-12-10,-0.166733407
1982-12-11,-0.083365657
1982-12-12,-0.270121485
1982-12-13,-2.49094656
1982-12-14,-7.24419072
1982-12-15,-9.62399232
1982-12-16,-10.11115008
1982-12-17,-8.7353856
1982-12-18,-5.59277568
1982-12-19,-3.83602176
1982-12-20,-5.6809728
1982-12-21,-6.15485952
1982-12-22,-4.54063104
1982-12-23,-2.91921408
1982-12-24,-2.25552384
1982-12-25,-2.31054336
1982-12-26,-3.75058944
1982-12-27,-7.51707648
1982-12-28,-6.89029632
1982-12-29,-4.11416064
1982-12-30,-2.57997312
1982-12-31,-2.84401152
1983-01-01,-2.65614336
1983-01-02,-1.327794937
1983-01-03,-0.663831342
1983-01-04,-0.331899144
1983-01-05,-0.165945439
1983-01-06,-0.082971683
1983-01-07,-0.041485582
1983-01-08,-0.020742727
1983-01-09,-0.010371347
1983-01-10,-0.657149345
1983-01-11,-1.17659097
1983-01-12,-0.953592846
1983-01-13,-0.558644318
1983-01-14,-0.81944887
1983-01-15,-1.5717888
1983-01-16,-2.16317952
1983-01-17,-1.71307008
1983-01-18,-1.689984
1983-01-19,-4.98576384
1983-01-20,-5.89344768
1983-01-21,-5.76543744
1983-01-22,-7.53172992
1983-01-23,-6.0770304
1983-01-24,-3.09975552
1983-01-25,-2.85078528
1983-01-26,-2.70355968
1983-01-27,-3.75349248
1983-01-28,-3.62921472
1983-01-29,-2.547072
1983-01-30,-3.87942912
1983-01-31,-3.91371264
1983-02-01,-8.45227008
1983-02-02,-9.14844672
1983-02-03,-5.02142976
1983-02-04,-2.93193216
1983-02-05,-3.88551168
1983-02-06,-3.8230272
1983-02-07,-2.10318336
1983-02-08,-1.311813661
1983-02-09,-4.28792832
1983-02-10,-9.9415296
1983-02-11,-10.59208704
1983-02-12,-6.61782528
1983-02-13,-3.30725376
1983-02-14,-2.51693568
1983-02-15,-1.9443456
1983-02-16,-0.972010202
1983-02-17,-0.485969656
1983-02-18,-0.242975974
1983-02-19,-0.121485768
1983-02-20,-0.06074233
1983-02-21,-0.030371025
1983-02-22,-0.015185477
1983-02-23,0
1983-02-24,0
1983-02-25,-0.068671616
1983-02-26,-0.087376717
1983-02-27,-0.043688072
1983-02-28,-0.021843963
1983-03-01,-0.010921964
1983-03-02,0
1983-03-03,0
1983-03-04,0
1983-03-05,0
1983-03-06,0
1983-03-07,-1.377302925
1983-03-08,-1.78232832
1983-03-09,-0.893437627
1983-03-10,-0.448581985
1983-03-11,-0.998963062
1983-03-12,-1.114758319
1983-03-13,-0.557332545
1983-03-14,-0.278654612
1983-03-15,-0.139324396
1983-03-16,-1.191475796
1983-03-17,-2.60264448
1983-03-18,-2.79078912
1983-03-19,-3.05620992
1983-03-20,-2.46633984
1983-03-21,-1.249435819
1983-03-22,-0.63777776
1983-03-23,-0.318873618
1983-03-24,-0.159432994
1983-03-25,-0.079715542
1983-03-26,-0.039857531
1983-03-27,-0.019928706
1983-03-28,0
1983-03-29,-1.061251311
1983-03-30,-1.6561152
1983-03-31,-1.05566329
1983-04-01,-0.527789841
1983-04-02,-0.26388447
1983-04-03,-0.131939621
1983-04-04,-0.065969157
1983-04-05,-0.032984414
1983-04-06,-0.016492166
1983-04-07,0
1983-04-08,-1.299741355
1983-04-09,-2.03931648
1983-04-10,-5.23210752
1983-04-11,-9.71108352
1983-04-12,-8.91205632
1983-04-13,-5.1687936
1983-04-14,-2.58342912
1983-04-15,-1.291456259
1983-04-16,-0.645665569
1983-04-17,-0.322817149
1983-04-18,-0.161404656
1983-04-19,-0.080701352
1983-04-20,-0.040350431
1983-04-21,-0.020175153
1983-04-22,-0.010087561
1983-04-23,0
1983-04-24,0
1983-04-25,0
1983-04-26,0
1983-04-27,0
1983-04-28,0
1983-04-29,-0.054192465
1983-04-30,-1.273467613
1983-05-01,-1.84660992
1983-05-02,-1.201318207
1983-05-03,-0.661213477
1983-05-04,-0.330590343
1983-05-05,-0.165291066
1983-05-06,-0.082644507
1983-05-07,-0.041321997
1983-05-08,-0.038010909
1983-05-09,-0.032787318
1983-05-10,-0.016393618
1983-05-11,0
1983-05-12,0
1983-05-13,0
1983-05-14,0
1983-05-15,0
1983-05-16,0
1983-05-17,0
1983-05-18,-1.93660416
1983-05-19,-3.08786688
1983-05-20,-4.2674688
1983-05-21,-4.18549248
1983-05-22,-2.29699584
1983-05-23,-1.148319148
1983-05-24,-0.574110112
1983-05-25,-0.287042683
1983-05-26,-0.143518252
1983-05-27,-0.254922564
1983-05-28,-0.272952309
1983-05-29,-0.136473358
1983-05-30,-1.135902943
1983-05-31,-1.41585408
1983-06-01,-0.707878863
1983-06-02,-0.353920638
1983-06-03,-0.176955619
1983-06-04,-0.088476632
1983-06-05,-0.044238022
1983-06-06,-0.022118936
1983-06-07,-0.01105945
1983-06-08,0
1983-06-09,0
1983-06-10,0
1983-06-11,0
1983-06-12,0
1983-06-13,-0.550928729
1983-06-14,-0.712564563
1983-06-15,-0.356263225
1983-06-16,-0.629833453
1983-06-17,-2.10207744
1983-06-18,-4.48754688
1983-06-19,-4.73568768
1983-06-20,-2.89488384
1983-06-21,-1.65431808
1983-06-22,-1.098402108
1983-06-23,-0.634000131
1983-06-24,-0.316984984
1983-06-25,-0.158488718
1983-06-26,-0.079243416
1983-06-27,-0.039621472
1983-06-28,-0.019810677
1983-06-29,0
1983-06-30,0
1983-07-01,0
1983-07-02,-0.165195805
1983-07-03,-0.212834332
1983-07-04,-0.106415467
1983-07-05,-0.053207308
1983-07-06,-0.026603547
1983-07-07,-0.013301747
1983-07-08,0
1983-07-09,0
1983-07-10,0
1983-07-11,0
1983-07-12,0
1983-07-13,0
1983-07-14,0
1983-07-15,0.00E+00
1983-07-16,0.00E+00
1983-07-17,0.00E+00
1983-07-18,0
1983-07-19,0
1983-07-20,0
1983-07-21,0
1983-07-22,0
1983-07-23,-0.02365614
1983-07-24,-0.030478707
1983-07-25,-0.170845729
1983-07-26,-0.63730932
1983-07-27,-0.65882997
1983-07-28,-0.329398701
1983-07-29,-0.164695279
1983-07-30,-0.082346621
1983-07-31,-0.041173055
1983-08-01,-0.020586463
1983-08-02,-0.010293216
1983-08-03,0
1983-08-04,0
1983-08-05,0
1983-08-06,-0.03405203
1983-08-07,-0.043564073
1983-08-08,-0.021781965
1983-08-09,-0.010890965
1983-08-10,0
1983-08-11,0
1983-08-12,0
1983-08-13,0
1983-08-14,0
1983-08-15,0
1983-08-16,0.00E+00
1983-08-17,0.00E+00
1983-08-18,0.00E+00
1983-08-19,0.00E+00
1983-08-20,0
1983-08-21,0
1983-08-22,0
1983-08-23,0
1983-08-24,0
1983-08-25,-0.056568846
1983-08-26,-0.073219482
1983-08-27,-0.036609539
1983-08-28,-0.018304719
1983-08-29,0
1983-08-30,0
1983-08-31,0
1983-09-01,0
1983-09-02,0
1983-09-03,0
1983-09-04,0
1983-09-05,0.00E+00
1983-09-06,0.00E+00
1983-09-07,0.00E+00
1983-09-08,0
1983-09-09,0
1983-09-10,0
1983-09-11,0
1983-09-12,0
1983-09-13,0
1983-09-14,-0.921719541
1983-09-15,-1.55215872
1983-09-16,-1.061443506
1983-09-17,-0.930116432
1983-09-18,-0.782302234
1983-09-19,-0.391128155
1983-09-20,-0.195558341
1983-09-21,-0.097777733
1983-09-22,-0.048888507
1983-09-23,-0.024444164
1983-09-24,-0.012222059
1983-09-25,0
1983-09-26,-0.056408932
1983-09-27,-0.070585381
1983-09-28,-0.526689783
1983-09-29,-1.009007691
1983-09-30,-0.822667913
1983-10-01,-0.439858543
1983-10-02,-0.219922007
1983-10-03,-0.109959191
1983-10-04,-0.277699401
1983-10-05,-0.315760288
1983-10-06,-0.157876398
1983-10-07,-0.078937264
1983-10-08,-0.039468398
1983-10-09,-0.01973414
1983-10-10,0
1983-10-11,0
1983-10-12,-0.0216794
1983-10-13,-0.260969569
1983-10-14,-0.317045173
1983-10-15,-1.225222378
1983-10-16,-1.79546112
1983-10-17,-1.164263763
1983-10-18,-0.582081044
1983-10-19,-0.380136541
1983-10-20,-0.260845332
1983-10-21,-0.130420113
1983-10-22,-0.139294716
1983-10-23,-0.266239056
1983-10-24,-0.242531394
1983-10-25,-1.99839744
1983-10-26,-2.48984064
1983-10-27,-1.57925376
1983-10-28,-1.66288896
1983-10-29,-1.42511616
1983-10-30,-0.800751882
1983-10-31,-0.400351887
1983-11-01,-1.76020992
1983-11-02,-2.35256832
1983-11-03,-7.12323072
1983-11-04,-10.12359168
1983-11-05,-8.05953024
1983-11-06,-5.15607552
1983-11-07,-3.56755968
1983-11-08,-2.92142592
1983-11-09,-8.38176768
1983-11-10,-9.46059264
1983-11-11,-5.30896896
1983-11-12,-3.46871808
1983-11-13,-2.01443328
1983-11-14,-1.007034661
1983-11-15,-0.765445829
1983-11-16,-0.590786473
1983-11-17,-0.295380145
1983-11-18,-0.147686796
1983-11-19,-0.073842578
1983-11-20,-2.2622976
1983-11-21,-3.2341248
1983-11-22,-1.88338176
1983-11-23,-0.941579417
1983-11-24,-0.470756455
1983-11-25,-0.235369912
1983-11-26,-0.117682876
1983-11-27,-0.058840917
1983-11-28,-0.029420328
1983-11-29,-0.039499301
1983-11-30,-0.039440805
1983-12-01,-0.019720344
1983-12-02,0
1983-12-03,0
1983-12-04,0
1983-12-05,0
1983-12-06,0
1983-12-07,0
1983-12-08,0
1983-12-09,0.00E+00
1983-12-10,0.00E+00
1983-12-11,0.00E+00
1983-12-12,0
1983-12-13,-0.317773975
1983-12-14,-0.411294634
1983-12-15,-0.205640972
1983-12-16,-0.102818895
1983-12-17,-0.311122778
1983-12-18,-1.88296704
1983-12-19,-2.29671936
1983-12-20,-1.265162928
1983-12-21,-1.62335232
1983-12-22,-1.98139392
1983-12-23,-1.70823168
1983-12-24,-7.17451776
1983-12-25,-11.77196544
1983-12-26,-8.87514624
1983-12-27,-6.80500224
1983-12-28,-6.70629888
1983-12-29,-4.61749248
1983-12-30,-2.3079168
1983-12-31,-2.14507008
1984-01-01,-6.00556032
1984-01-02,-7.13691648
1984-01-03,-4.23664128
1984-01-04,-3.15007488
1984-01-05,-3.1256064
1984-01-06,-2.73811968
1984-01-07,-1.85683968
1984-01-08,-0.940409368
1984-01-09,-0.470171506
1984-01-10,-0.235077466
1984-01-11,-0.117536655
1984-01-12,-0.514730447
1984-01-13,-4.26000384
1984-01-14,-5.06331648
1984-01-15,-5.71235328
1984-01-16,-7.92986112
1984-01-17,-6.0079104
1984-01-18,-3.55332096
1984-01-19,-2.31234048
1984-01-20,-1.234340191
1984-01-21,-1.154531667
1984-01-22,-1.4128128
1984-01-23,-1.9782144
1984-01-24,-5.68733184
1984-01-25,-5.97556224
1984-01-26,-5.62401792
1984-01-27,-5.59858176
1984-01-28,-6.22923264
1984-01-29,-6.17545728
1984-01-30,-3.72432384
1984-01-31,-5.64655104
1984-02-01,-6.44709888
1984-02-02,-3.72542976
1984-02-03,-2.62987776
1984-02-04,-3.29992704
1984-02-05,-3.7552896
1984-02-06,-2.8187136
1984-02-07,-2.56172544
1984-02-08,-5.31643392
1984-02-09,-7.10636544
1984-02-10,-7.02134784
1984-02-11,-5.60397312
1984-02-12,-8.17108992
1984-02-13,-9.38082816
1984-02-14,-6.71791104
1984-02-15,-4.83176448
1984-02-16,-3.08662272
1984-02-17,-1.6167168
1984-02-18,-0.926519579
1984-02-19,-0.974528078
1984-02-20,-2.19124224
1984-02-21,-2.54942208
1984-02-22,-2.37067776
1984-02-23,-1.82601216
1984-02-24,-0.912912298
1984-02-25,-2.34786816
1984-02-26,-2.67577344
1984-02-27,-6.46659072
1984-02-28,-7.89778944
1984-02-29,-4.41842688
1984-03-01,-3.9149568
1984-03-02,-5.1971328
1984-03-03,-4.8384
1984-03-04,-3.00920832
1984-03-05,-1.50418944
1984-03-06,-0.752039355
1984-03-07,-0.375998465
1984-03-08,-0.187993931
1984-03-09,-0.093995636
1984-03-10,-0.046997486
1984-03-11,-0.02349866
1984-03-12,-0.011749309
1984-03-13,0
1984-03-14,0
1984-03-15,0
1984-03-16,0
1984-03-17,0
1984-03-18,0
1984-03-19,0.00E+00
1984-03-20,-0.183347823
1984-03-21,-0.615721084
1984-03-22,-0.608451181
1984-03-23,-0.682484023
1984-03-24,-1.71182592
1984-03-25,-1.70574336
1984-03-26,-1.003884351
1984-03-27,-0.621932719
1984-03-28,-0.310951844
1984-03-29,-0.155472293
1984-03-30,-0.077735238
1984-03-31,-0.038867393
1984-04-01,-0.432226575
1984-04-02,-2.26215936
1984-04-03,-2.49537024
1984-04-04,-1.247471069
1984-04-05,-0.62367717
1984-04-06,-0.311823987
1984-04-07,-0.155908344
1984-04-08,-0.07795326
1984-04-09,-0.038976402
1984-04-10,-0.019488143
1984-04-11,0
1984-04-12,0
1984-04-13,0
1984-04-14,0
1984-04-15,0
1984-04-16,0
1984-04-17,0
1984-04-18,0.00E+00
1984-04-19,0.00E+00
1984-04-20,0.00E+00
1984-04-21,0
1984-04-22,0
1984-04-23,-0.035377327
1984-04-24,-0.045788592
1984-04-25,-0.117822628
1984-04-26,-0.55021042
1984-04-27,-0.758927785
1984-04-28,-0.693339775
1984-04-29,-0.499147467
1984-04-30,-0.434725623
1984-05-01,-0.364435006
1984-05-02,-0.182212527
1984-05-03,-0.091105014
1984-05-04,-0.045552195
1984-05-05,-0.022776019
1984-05-06,-0.01138799
1984-05-07,0
1984-05-08,0
1984-05-09,-0.03879203
1984-05-10,-0.049079526
1984-05-11,-0.090188822
1984-05-12,-0.097242109
1984-05-13,-0.048620699
1984-05-14,-0.02431026
1984-05-15,-0.012155108
1984-05-16,0
1984-05-17,0
1984-05-18,-1.70698752
1984-05-19,-2.9251584
1984-05-20,-5.74262784
1984-05-21,-6.22881792
1984-05-22,-4.56869376
1984-05-23,-3.17965824
1984-05-24,-2.11341312
1984-05-25,-1.47267072
1984-05-26,-0.73625243
1984-05-27,-0.368105873
1984-05-28,-0.184047856
1984-05-29,-0.092022655
1984-05-30,-0.046011009
1984-05-31,-0.023005425
1984-06-01,-0.011502692
1984-06-02,-0.438460273
1984-06-03,-0.562929509
1984-06-04,-0.281452866
1984-06-05,-0.140723454
1984-06-06,-0.070360985
1984-06-07,-0.117517296
1984-06-08,-0.207265872
1984-06-09,-0.16964423
1984-06-10,-0.084821032
1984-06-11,-0.042410246
1984-06-12,-0.021205055
1984-06-13,-0.01060251
1984-06-14,0
1984-06-15,0
1984-06-16,0
1984-06-17,0
1984-06-18,0
1984-06-19,0
1984-06-20,0.00E+00
1984-06-21,-0.04727996
1984-06-22,-0.073647495
1984-06-23,-0.046740072
1984-06-24,-0.023369954
1984-06-25,-0.011684956
1984-06-26,0
1984-06-27,-0.189811372
1984-06-28,-0.243357544
1984-06-29,-0.121676548
1984-06-30,-0.060837718
1984-07-01,-0.030418719
1984-07-02,-0.015209325
1984-07-03,-0.035835247
1984-07-04,-0.133890273
1984-07-05,-0.578075471
1984-07-06,-0.635998003
1984-07-07,-0.350395297
1984-07-08,-0.200938863
1984-07-09,-0.100467915
1984-07-10,-0.050233578
1984-07-11,-0.025116694
1984-07-12,-0.415063208
1984-07-13,-0.527241222
1984-07-14,-0.263610188
1984-07-15,-0.131802483
1984-07-16,-0.065900589
1984-07-17,-0.140047709
1984-07-18,-0.15509505
1984-07-19,-0.198454469
1984-07-20,-0.195267525
1984-07-21,-0.097632332
1984-07-22,-0.048815808
1984-07-23,-0.024407813
1984-07-24,-0.012203884
1984-07-25,0
1984-07-26,-0.020859426
1984-07-27,-0.024575814
1984-07-28,-0.012287884
1984-07-29,0
1984-07-30,0
1984-07-31,0
1984-08-01,-0.210243686
1984-08-02,-0.271513493
1984-08-03,-0.135753976
1984-08-04,-0.067876296
1984-08-05,-0.509006578
1984-08-06,-0.631845163
1984-08-07,-1.5399936
1984-08-08,-1.74210048
1984-08-09,-0.870944887
1984-08-10,-0.435443987
1984-08-11,-1.66745088
1984-08-12,-1.9851264
1984-08-13,-1.206262942
1984-08-14,-0.772942805
1984-08-15,-0.386448994
1984-08-16,-0.193218891
1984-08-17,-0.096608044
1984-08-18,-0.048303672
1984-08-19,-0.024151747
1984-08-20,-0.012075852
1984-08-21,0
1984-08-22,0
1984-08-23,0
1984-08-24,-0.52754235
1984-08-25,-0.682191217
1984-08-26,-0.341078142
1984-08-27,-0.170534703
1984-08-28,-0.085266262
1984-08-29,-0.042632857
1984-08-30,-0.021316361
1984-08-31,-0.010658163
1984-09-01,0
1984-09-02,0
1984-09-03,0
1984-09-04,0
1984-09-05,0
1984-09-06,0
1984-09-07,-0.011936937
1984-09-08,-0.01538441
1984-09-09,0
1984-09-10,0
1984-09-11,0
1984-09-12,0
1984-09-13,0
1984-09-14,0
1984-09-15,0
1984-09-16,-0.013637129
1984-09-17,-0.025843184
1984-09-18,-0.019466787
1984-09-19,0
1984-09-20,0
1984-09-21,0
1984-09-22,0
1984-09-23,0
1984-09-24,0
1984-09-25,0
1984-09-26,0.00E+00
1984-09-27,0.00E+00
1984-09-28,0
1984-09-29,0
1984-09-30,0
1984-10-01,0.00E+00
1984-10-02,0.00E+00
1984-10-03,-0.014800355
1984-10-04,-0.019140069
1984-10-05,-0.294953951
1984-10-06,-0.554394503
1984-10-07,-1.669248
1984-10-08,-1.82642688
1984-10-09,-1.305974859
1984-10-10,-0.97681389
1984-10-11,-0.497756248
1984-10-12,-0.248868827
1984-10-13,-0.12443209
1984-10-14,-0.10810087
1984-10-15,-1.284390937
1984-10-16,-1.59031296
1984-10-17,-0.795095779
1984-10-18,-0.397524174
1984-10-19,-0.198756164
1984-10-20,-0.099376596
1984-10-21,-0.049687927
1984-10-22,-0.024843871
1984-10-23,-0.012421912
1984-10-24,-0.021230685
1984-10-25,-0.022546227
1984-10-26,-0.011273094
1984-10-27,0
1984-10-28,0
1984-10-29,0
1984-10-30,0
1984-10-31,0
1984-11-01,-0.7488844
1984-11-02,-3.3426432
1984-11-03,-3.55580928
1984-11-04,-1.77735168
1984-11-05,-1.064210075
1984-11-06,-1.014880417
1984-11-07,-2.14562304
1984-11-08,-2.1572352
1984-11-09,-1.078432206
1984-11-10,-0.929154669
1984-11-11,-0.920885857
1984-11-12,-0.861673614
1984-11-13,-1.193041599
1984-11-14,-2.42555904
1984-11-15,-2.54693376
1984-11-16,-2.97865728
1984-11-17,-2.70480384
1984-11-18,-1.352095041
1984-11-19,-0.675978947
1984-11-20,-0.337972332
1984-11-21,-0.16898188
1984-11-22,-0.084489866
1984-11-23,-0.119522269
1984-11-24,-0.206177606
1984-11-25,-0.170631692
1984-11-26,-0.08531475
1984-11-27,-0.042657101
1984-11-28,-0.021328481
1984-11-29,-0.010664224
1984-11-30,0
1984-12-01,0
1984-12-02,-0.015642374
1984-12-03,-0.019187788
1984-12-04,-0.045628607
1984-12-05,-0.051438287
1984-12-06,-0.200098156
1984-12-07,-0.441991807
1984-12-08,-0.382578094
1984-12-09,-0.853780262
1984-12-10,-0.996857142
1984-12-11,-0.94793366
1984-12-12,-0.990816717
1984-12-13,-0.644251816
1984-12-14,-0.819871483
1984-12-15,-1.01122777
1984-12-16,-0.913948697
1984-12-17,-0.851143486
1984-12-18,-1.45165824
1984-12-19,-1.41474816
1984-12-20,-0.70731313
1984-12-21,-0.353637799
1984-12-22,-0.176814199
1984-12-23,-0.707986041
1984-12-24,-0.846104791
1984-12-25,-1.179028597
1984-12-26,-1.189941055
1984-12-27,-0.594917416
1984-12-28,-0.297445423
1984-12-29,-0.148719394
1984-12-30,-0.074358866
1984-12-31,-0.037179225
1985-01-01,-0.531761242
1985-01-02,-1.38599424
1985-01-03,-1.25886998
1985-01-04,-0.629375547
1985-01-05,-0.651982999
1985-01-06,-0.656635756
1985-01-07,-0.778159858
1985-01-08,-1.42013952
1985-01-09,-2.79880704
1985-01-10,-2.60817408
1985-01-11,-1.303820361
1985-01-12,-3.22265088
1985-01-13,-4.05402624
1985-01-14,-4.90364928
1985-01-15,-4.62606336
1985-01-16,-2.42625024
1985-01-17,-1.48870656
1985-01-18,-1.090324772
1985-01-19,-0.646017085
1985-01-20,-0.331747398
1985-01-21,-0.172823667
1985-01-22,-0.086410712
1985-01-23,-0.41923225
1985-01-24,-0.508294615
1985-01-25,-0.7049855
1985-01-26,-0.710586529
1985-01-27,-1.04357694
1985-01-28,-4.38580224
1985-01-29,-4.95742464
1985-01-30,-2.58190848
1985-01-31,-1.290676143
1985-02-01,-0.64527558
1985-02-02,-0.322622176
1985-02-03,-0.161307183
1985-02-04,-0.080652613
1985-02-05,-0.040326061
1985-02-06,-0.020162969
1985-02-07,-0.010081469
1985-02-08,0
1985-02-09,0
1985-02-10,0
1985-02-11,0
1985-02-12,-1.97835264
1985-02-13,-2.99068416
1985-02-14,-1.8372096
1985-02-15,-2.76466176
1985-02-16,-2.84829696
1985-02-17,-1.423872
1985-02-18,-0.711843158
1985-02-19,-3.02220288
1985-02-20,-3.62824704
1985-02-21,-3.010176
1985-02-22,-3.37222656
1985-02-23,-2.41408512
1985-02-24,-2.18709504
1985-02-25,-2.61425664
1985-02-26,-1.89651456
1985-02-27,-2.42970624
1985-02-28,-2.9196288
1985-03-01,-1.87909632
1985-03-02,-1.064010595
1985-03-03,-0.630915651
1985-03-04,-0.315442889
1985-03-05,-0.157717712
1985-03-06,-0.07885792
1985-03-07,-0.039428726
1985-03-08,-0.019714304
1985-03-09,0
1985-03-10,0
1985-03-11,0
1985-03-12,-0.246370803
1985-03-13,-0.317903934
1985-03-14,-0.158948172
1985-03-15,-0.079473138
1985-03-16,-0.039736332
1985-03-17,-0.019868106
1985-03-18,0
1985-03-19,-0.394568423
1985-03-20,-0.506745483
1985-03-21,-0.253363106
1985-03-22,-0.126679142
1985-03-23,-0.934310951
1985-03-24,-1.158915147
1985-03-25,-0.820259523
1985-03-26,-0.918882552
1985-03-27,-0.711575885
1985-03-28,-0.88392449
1985-03-29,-0.924674918
1985-03-30,-0.512529099
1985-03-31,-0.2562547
1985-04-01,-0.128124882
1985-04-02,-0.073172786
1985-04-03,-0.043823468
1985-04-04,-0.021911662
1985-04-05,-0.010955813
1985-04-06,0
1985-04-07,0
1985-04-08,0
1985-04-09,0
1985-04-10,0
1985-04-11,0
1985-04-12,0.00E+00
1985-04-13,0.00E+00
1985-04-14,0.00E+00
1985-04-15,-0.055288429
1985-04-16,-0.071553693
1985-04-17,-0.035776654
1985-04-18,-0.017888278
1985-04-19,0
1985-04-20,0
1985-04-21,0
1985-04-22,0
1985-04-23,0
1985-04-24,-0.0311054
1985-04-25,-0.07200674
1985-04-26,-0.061396537
1985-04-27,-0.030698126
1985-04-28,-0.015349028
1985-04-29,-2.49896448
1985-04-30,-4.74453504
1985-05-01,-7.93829376
1985-05-02,-7.7836032
1985-05-03,-4.43971584
1985-05-04,-2.43316224
1985-05-05,-1.216376511
1985-05-06,-0.608132759
1985-05-07,-0.49671678
1985-05-08,-0.401388051
1985-05-09,-0.200687985
1985-05-10,-0.100342479
1985-05-11,-0.050170861
1985-05-12,-0.025085336
1985-05-13,-0.485017044
1985-05-14,-0.617790938
1985-05-15,-0.308881147
1985-05-16,-0.154436986
1985-05-17,-0.0772176
1985-05-18,-0.038608575
1985-05-19,-0.019304232
1985-05-20,0
1985-05-21,0
1985-05-22,0
1985-05-23,0
1985-05-24,0
1985-05-25,0
1985-05-26,0
1985-05-27,0.00E+00
1985-05-28,0.00E+00
1985-05-29,0.00E+00
1985-05-30,-0.025408093
1985-05-31,-0.032879393
1985-06-01,-0.016439656
1985-06-02,0
1985-06-03,0
1985-06-04,0
1985-06-05,0
1985-06-06,0
1985-06-07,0
1985-06-08,0
1985-06-09,0
1985-06-10,-0.168382333
1985-06-11,-0.305138659
1985-06-12,-0.511290331
1985-06-13,-1.244453014
1985-06-14,-1.230043954
1985-06-15,-0.61496523
1985-06-16,-0.307468418
1985-06-17,-0.153730663
1985-06-18,-0.076864444
1985-06-19,-0.038432
1985-06-20,-0.019215945
1985-06-21,0
1985-06-22,0
1985-06-23,0
1985-06-24,0
1985-06-25,0
1985-06-26,0
1985-06-27,0
1985-06-28,0.00E+00
1985-06-29,0.00E+00
1985-06-30,0.00E+00
1985-07-01,0
1985-07-02,0
1985-07-03,0
1985-07-04,0
1985-07-05,0
1985-07-06,0
1985-07-07,0
1985-07-08,0
1985-07-09,0
1985-07-10,0
1985-07-11,0
1985-07-12,0
1985-07-13,0
1985-07-14,0
1985-07-15,0
1985-07-16,0
1985-07-17,0
1985-07-18,0
1985-07-19,0
1985-07-20,0
1985-07-21,0
1985-07-22,0
1985-07-23,0
1985-07-24,0
1985-07-25,0
1985-07-26,0
1985-07-27,0
1985-07-28,0
1985-07-29,0
1985-07-30,0
1985-07-31,0
1985-08-01,0
1985-08-02,0
1985-08-03,0
1985-08-04,0.00E+00
1985-08-05,0.00E+00
1985-08-06,0.00E+00
1985-08-07,-0.242167947
1985-08-08,-0.313437662
1985-08-09,-0.156715154
1985-08-10,-0.078356651
1985-08-11,-0.359935792
1985-08-12,-0.493908503
1985-08-13,-0.557645755
1985-08-14,-0.488280158
1985-08-15,-0.244131135
1985-08-16,-0.122063328
1985-08-17,-0.061031103
1985-08-18,-0.030515411
1985-08-19,-0.01525767
1985-08-20,0
1985-08-21,-0.693079566
1985-08-22,-1.48013568
1985-08-23,-1.205606509
1985-08-24,-0.60274874
1985-08-25,-0.301360739
1985-08-26,-0.240164642
1985-08-27,-0.191163815
1985-08-28,-0.095580535
1985-08-29,-0.047789925
1985-08-30,-1.49589504
1985-08-31,-1.91697408
1985-09-01,-0.958315761
1985-09-02,-0.479123431
1985-09-03,-0.239553096
1985-09-04,-0.119774397
1985-09-05,-0.059886659
1985-09-06,-0.029943195
1985-09-07,-0.014971563
1985-09-08,0
1985-09-09,0
1985-09-10,-0.194317001
1985-09-11,-1.204501446
1985-09-12,-2.72208384
1985-09-13,-3.65769216
1985-09-14,-3.76800768
1985-09-15,-7.3073664
1985-09-16,-7.64066304
1985-09-17,-4.83024384
1985-09-18,-3.03049728
1985-09-19,-1.51497216
1985-09-20,-0.757381294
1985-09-21,-0.497087194
1985-09-22,-0.342597897
1985-09-23,-0.171294553
1985-09-24,-0.08564617
1985-09-25,-0.042822809
1985-09-26,-0.021411336
1985-09-27,-0.01070565
1985-09-28,0
1985-09-29,0
1985-09-30,0
1985-10-01,-0.062007793
1985-10-02,-0.079727809
1985-10-03,-0.234164639
1985-10-04,-1.43990784
1985-10-05,-1.88199936
1985-10-06,-1.126880115
1985-10-07,-0.563392434
1985-10-08,-0.281684307
1985-10-09,-0.140839175
1985-10-10,-0.070418842
1985-10-11,-0.035209234
1985-10-12,-0.017604571
1985-10-13,0
1985-10-14,0
1985-10-15,0
1985-10-16,0
1985-10-17,0
1985-10-18,0
1985-10-19,0
1985-10-20,0.00E+00
1985-10-21,0.00E+00
1985-10-22,0.00E+00
1985-10-23,0
1985-10-24,0
1985-10-25,0
1985-10-26,-0.255455535
1985-10-27,-0.330640054
1985-10-28,-0.165315921
1985-10-29,-0.082656936
1985-10-30,-0.041328211
1985-10-31,-0.020664041
1985-11-01,-0.010332004
1985-11-02,-0.168148542
1985-11-03,-0.213536121
1985-11-04,-0.20970737
1985-11-05,-0.186622175
1985-11-06,-0.093309777
1985-11-07,-0.046654561
1985-11-08,-0.023327198
1985-11-09,-0.011663579
1985-11-10,0
1985-11-11,0
1985-11-12,0
1985-11-13,0
1985-11-14,0
1985-11-15,-0.013992505
1985-11-16,-0.48933739
1985-11-17,-0.843641492
1985-11-18,-0.871348963
1985-11-19,-2.4592896
1985-11-20,-2.66554368
1985-11-21,-1.332516815
1985-11-22,-0.666191803
1985-11-23,-0.589679848
1985-11-24,-0.659291485
1985-11-25,-0.457231039
1985-11-26,-0.499635358
1985-11-27,-0.556621314
1985-11-28,-0.456515482
1985-11-29,-0.312061552
1985-11-30,-0.15602712
1985-12-01,-0.078012647
1985-12-02,-0.039006094
1985-12-03,-0.01950299
1985-12-04,0
1985-12-05,0
1985-12-06,0
1985-12-07,-0.126542645
1985-12-08,-0.162820261
1985-12-09,-0.081409138
1985-12-10,-0.040704319
1985-12-11,-0.020352096
1985-12-12,-0.010176033
1985-12-13,0
1985-12-14,-0.381316239
1985-12-15,-0.491518333
1985-12-16,-0.245750105
1985-12-17,-0.122872783
1985-12-18,-0.061435823
1985-12-19,-0.06063495
1985-12-20,-0.054081954
1985-12-21,-0.08566831
1985-12-22,-0.123512777
1985-12-23,-0.097049194
1985-12-24,-0.055037441
1985-12-25,-0.027518607
1985-12-26,-0.013759275
1985-12-27,-0.409803881
1985-12-28,-0.524944848
1985-12-29,-0.356302444
1985-12-30,-0.252687458
1985-12-31,-0.145281835
1986-01-01,-0.41135434
1986-01-02,-3.61746432
1986-01-03,-5.4335232
1986-01-04,-5.45135616
1986-01-05,-9.72407808
1986-01-06,-9.7231104
1986-01-07,-5.45052672
1986-01-08,-4.3034112
1986-01-09,-6.24941568
1986-01-10,-7.05535488
1986-01-11,-5.27302656
1986-01-12,-3.05773056
1986-01-13,-1.54566144
1986-01-14,-0.772712152
1986-01-15,-0.386333674
1986-01-16,-0.217352734
1986-01-17,-0.911427905
1986-01-18,-1.078032637
1986-01-19,-0.538972725
1986-01-20,-0.269475462
1986-01-21,-2.05410816
1986-01-22,-2.5512192
1986-01-23,-1.275376375
1986-01-24,-0.637627175
1986-01-25,-0.318798333
1986-01-26,-0.159395351
1986-01-27,-1.32415035
1986-01-28,-1.65044736
1986-01-29,-5.79184128
1986-01-30,-7.33307904
1986-01-31,-4.05789696
1986-02-01,-2.77737984
1986-02-02,-1.98346752
1986-02-03,-1.092967313
1986-02-04,-0.626993354
1986-02-05,-2.10567168
1986-02-06,-3.908736
1986-02-07,-6.11076096
1986-02-08,-8.21062656
1986-02-09,-6.61934592
1986-02-10,-7.52661504
1986-02-11,-9.41359104
1986-02-12,-10.55642112
1986-02-13,-8.33960448
1986-02-14,-4.1672448
1986-02-15,-2.08300032
1986-02-16,-1.265599559
1986-02-17,-1.375765724
1986-02-18,-1.23237869
1986-02-19,-1.232124259
1986-02-20,-1.123668108
1986-02-21,-1.249792727
1986-02-22,-4.0303872
1986-02-23,-8.15090688
1986-02-24,-7.11092736
1986-02-25,-3.55359744
1986-02-26,-1.776384
1986-02-27,-0.888040655
1986-02-28,-0.443990744
1986-03-01,-2.19608064
1986-03-02,-2.66568192
1986-03-03,-3.53700864
1986-03-04,-5.63493888
1986-03-05,-4.49680896
1986-03-06,-2.24764416
1986-03-07,-1.12364375
1986-03-08,-2.62877184
1986-03-09,-4.82582016
1986-03-10,-3.89740032
1986-03-11,-1.94807808
1986-03-12,-0.973914251
1986-03-13,-0.486921549
1986-03-14,-0.243451879
1986-03-15,-0.121723714
1986-03-16,-0.0608613
1986-03-17,-0.03043051
1986-03-18,-0.01521522
1986-03-19,0
1986-03-20,0
1986-03-21,0
1986-03-22,0
1986-03-23,0
1986-03-24,0
1986-03-25,-0.093383579
1986-03-26,-0.816966467
1986-03-27,-1.53349632
1986-03-28,-1.332270278
1986-03-29,-1.12259144
1986-03-30,-1.71320832
1986-03-31,-3.10307328
1986-04-01,-2.7931392
1986-04-02,-1.396224
1986-04-03,-0.793856844
1986-04-04,-0.472989086
1986-04-05,-0.236486145
1986-04-06,-0.118240975
1986-04-07,-0.127947838
1986-04-08,-0.253498001
1986-04-09,-0.665211267
1986-04-10,-1.266567059
1986-04-11,-1.102931168
1986-04-12,-0.551419951
1986-04-13,-0.406268822
1986-04-14,-0.917015151
1986-04-15,-1.369472321
1986-04-16,-1.39580928
1986-04-17,-0.993626998
1986-04-18,-0.496776458
1986-04-19,-0.248378974
1986-04-20,-0.12418717
1986-04-21,-0.69937702
1986-04-22,-0.855862184
1986-04-23,-0.427903617
1986-04-24,-0.213944938
1986-04-25,-0.106970751
1986-04-26,-0.053484945
1986-04-27,-0.026742365
1986-04-28,-0.013371155
1986-04-29,-0.038415068
1986-04-30,-0.06619214
1986-05-01,-0.050397131
1986-05-02,-0.02519847
1986-05-03,-0.012599211
1986-05-04,0
1986-05-05,0
1986-05-06,0
1986-05-07,0
1986-05-08,0
1986-05-09,-0.391269533
1986-05-10,-0.506264754
1986-05-11,-0.47068804
1986-05-12,-0.582293491
1986-05-13,-0.440609725
1986-05-14,-0.229155679
1986-05-15,-0.114575867
1986-05-16,-0.05728744
1986-05-17,-0.028643596
1986-05-18,-0.155293687
1986-05-19,-0.189625273
1986-05-20,-0.094811283
1986-05-21,-0.280450737
1986-05-22,-0.859852897
1986-05-23,-0.854464868
1986-05-24,-0.427205049
1986-05-25,-0.213595675
1986-05-26,-0.106796123
1986-05-27,-0.053397633
1986-05-28,-0.283899963
1986-05-29,-1.506816
1986-05-30,-2.32409088
1986-05-31,-1.75094784
1986-06-01,-0.933799989
1986-06-02,-0.46686728
1986-06-03,-0.23342547
1986-06-04,-0.116710686
1986-06-05,-0.058354831
1986-06-06,-0.029177287
1986-06-07,-0.014588611
1986-06-08,0
1986-06-09,0
1986-06-10,-0.505471823
1986-06-11,-0.652778031
1986-06-12,-0.419605056
1986-06-13,-0.451468229
1986-06-14,-0.672242278
1986-06-15,-0.720042504
1986-06-16,-0.935603938
1986-06-17,-1.58976
1986-06-18,-1.39041792
1986-06-19,-0.695123514
1986-06-20,-0.347543627
1986-06-21,-0.173767279
1986-06-22,-0.086882507
1986-06-23,-0.04344097
1986-06-24,-0.021720414
1986-06-25,-0.010860189
1986-06-26,0
1986-06-27,0
1986-06-28,-0.037623057
1986-06-29,-0.047618883
1986-06-30,-0.023809356
1986-07-01,-0.011904656
1986-07-02,0
1986-07-03,0
1986-07-04,0
1986-07-05,0
1986-07-06,0
1986-07-07,0
1986-07-08,0.00E+00
1986-07-09,0.00E+00
1986-07-10,0.00E+00
1986-07-11,0.00E+00
1986-07-12,0
1986-07-13,0
1986-07-14,0
1986-07-15,0
1986-07-16,0
1986-07-17,0
1986-07-18,0
1986-07-19,0
1986-07-20,0
1986-07-21,0
1986-07-22,0
1986-07-23,0
1986-07-24,0
1986-07-25,0
1986-07-26,0
1986-07-27,0
1986-07-28,0
1986-07-29,0
1986-07-30,0
1986-07-31,0
1986-08-01,0
1986-08-02,0
1986-08-03,0.00E+00
1986-08-04,0
1986-08-05,-0.011043535
1986-08-06,0
1986-08-07,0
1986-08-08,0
1986-08-09,0
1986-08-10,0
1986-08-11,0
1986-08-12,0.00E+00
1986-08-13,0.00E+00
1986-08-14,0.00E+00
1986-08-15,0.00E+00
1986-08-16,0
1986-08-17,0
1986-08-18,0
1986-08-19,0
1986-08-20,0
1986-08-21,0
1986-08-22,0.00E+00
1986-08-23,0.00E+00
1986-08-24,0.00E+00
1986-08-25,0
1986-08-26,0
1986-08-27,0
1986-08-28,0
1986-08-29,0
1986-08-30,0
1986-08-31,0
1986-09-01,0
1986-09-02,0
1986-09-03,0
1986-09-04,0
1986-09-05,0
1986-09-06,0
1986-09-07,0
1986-09-08,0
1986-09-09,0
1986-09-10,0
1986-09-11,0
1986-09-12,0
1986-09-13,-0.065390733
1986-09-14,-0.086182901
1986-09-15,-0.044318392
1986-09-16,-0.100787867
1986-09-17,-0.112851733
1986-09-18,-0.056425388
1986-09-19,-0.028212574
1986-09-20,-0.014106257
1986-09-21,0
1986-09-22,0
1986-09-23,0
1986-09-24,0
1986-09-25,0
1986-09-26,0
1986-09-27,0
1986-09-28,0.00E+00
1986-09-29,0.00E+00
1986-09-30,0
1986-10-01,0
1986-10-02,0
1986-10-03,0
1986-10-04,0
1986-10-05,0.00E+00
1986-10-06,0.00E+00
1986-10-07,0.00E+00
1986-10-08,0.00E+00
1986-10-09,0
1986-10-10,0
1986-10-11,0
1986-10-12,0
1986-10-13,0
1986-10-14,0
1986-10-15,0
1986-10-16,0
1986-10-17,0
1986-10-18,0
1986-10-19,0
1986-10-20,0
1986-10-21,0
1986-10-22,0.00E+00
1986-10-23,-0.015788204
1986-10-24,-0.020974041
1986-10-25,-0.010937458
1986-10-26,0
1986-10-27,0
1986-10-28,0
1986-10-29,0
1986-10-30,0
1986-10-31,0
1986-11-01,0.00E+00
1986-11-02,0.00E+00
1986-11-03,0.00E+00
1986-11-04,-0.190645042
1986-11-05,-0.246748488
1986-11-06,-0.123371959
1986-11-07,-0.061685407
1986-11-08,-0.458211479
1986-11-09,-0.568562845
1986-11-10,-0.362672792
1986-11-11,-0.24361044
1986-11-12,-0.385056903
1986-11-13,-0.401632363
1986-11-14,-0.200810134
1986-11-15,-0.100403549
1986-11-16,-0.186732574
1986-11-17,-1.037380608
1986-11-18,-1.84011264
1986-11-19,-1.6284672
1986-11-20,-1.4625792
1986-11-21,-1.222499244
1986-11-22,-1.38834432
1986-11-23,-1.65252096
1986-11-24,-1.354267538
1986-11-25,-0.975821576
1986-11-26,-0.592463601
1986-11-27,-0.296218626
1986-11-28,-0.148106023
1986-11-29,-0.074052186
1986-11-30,-0.037025886
1986-12-01,-0.018512892
1986-12-02,0
1986-12-03,0
1986-12-04,0
1986-12-05,0
1986-12-06,0
1986-12-07,0
1986-12-08,0
1986-12-09,0.00E+00
1986-12-10,0.00E+00
1986-12-11,0.00E+00
1986-12-12,0
1986-12-13,0
1986-12-14,0
1986-12-15,0
1986-12-16,0
1986-12-17,0
1986-12-18,0
1986-12-19,0
1986-12-20,0
1986-12-21,-1.074063864
1986-12-22,-2.0411136
1986-12-23,-1.69108992
1986-12-24,-1.086652869
1986-12-25,-0.738977624
1986-12-26,-0.463936564
1986-12-27,-0.243255633
1986-12-28,-0.121625595
1986-12-29,-0.060812242
1986-12-30,-0.030405982
1986-12-31,-0.015202956
1987-01-01,0
1987-01-02,0
1987-01-03,0
1987-01-04,0
1987-01-05,0
1987-01-06,0
1987-01-07,0
1987-01-08,0
1987-01-09,-0.809174306
1987-01-10,-1.039639781
1987-01-11,-0.550902491
1987-01-12,-1.120391101
1987-01-13,-1.211637685
1987-01-14,-0.605763782
1987-01-15,-1.139561506
1987-01-16,-1.234297475
1987-01-17,-0.617091596
1987-01-18,-0.308531511
1987-01-19,-0.154262182
1987-01-20,-0.077130197
1987-01-21,-0.038564875
1987-01-22,-0.019282382
1987-01-23,0
1987-01-24,0
1987-01-25,0
1987-01-26,0
1987-01-27,0
1987-01-28,-0.045867541
1987-01-29,-0.163637812
1987-01-30,-0.868564712
1987-01-31,-0.993220006
1987-02-01,-0.496572996
1987-02-02,-0.716895636
1987-02-03,-2.41132032
1987-02-04,-3.38840064
1987-02-05,-2.76369408
1987-02-06,-2.33791488
1987-02-07,-1.8793728
1987-02-08,-1.099218567
1987-02-09,-0.549563969
1987-02-10,-0.274770649
1987-02-11,-0.13738249
1987-02-12,-0.068690537
1987-02-13,-0.584148921
1987-02-14,-0.728772747
1987-02-15,-0.364366453
1987-02-16,-0.182178243
1987-02-17,-0.091087875
1987-02-18,-0.045543626
1987-02-19,-0.022771735
1987-02-20,-0.217787125
1987-02-21,-0.272843002
1987-02-22,-0.136418707
1987-02-23,-0.247520973
1987-02-24,-0.266192027
1987-02-25,-0.133093354
1987-02-26,-0.216091943
1987-02-27,-2.37662208
1987-02-28,-3.41604864
1987-03-01,-5.55890688
1987-03-02,-5.50803456
1987-03-03,-4.68965376
1987-03-04,-4.74467328
1987-03-05,-6.528384
1987-03-06,-6.1288704
1987-03-07,-4.61403648
1987-03-08,-3.57792768
1987-03-09,-1.87508736
1987-03-10,-0.937406864
1987-03-11,-0.468670469
1987-03-12,-1.43797248
1987-03-13,-1.67491584
1987-03-14,-0.837365368
1987-03-15,-0.418656384
1987-03-16,-0.209321612
1987-03-17,-0.104659162
1987-03-18,-0.052329169
1987-03-19,-0.026164482
1987-03-20,-0.853351663
1987-03-21,-2.06032896
1987-03-22,-3.55014144
1987-03-23,-3.78542592
1987-03-24,-2.38381056
1987-03-25,-1.191660333
1987-03-26,-0.595776895
1987-03-27,-0.297875128
1987-03-28,-0.148934233
1987-03-29,-0.074466285
1987-03-30,-0.037232934
1987-03-31,-0.086537166
1987-04-01,-0.23952531
1987-04-02,-0.232798234
1987-04-03,-0.116397081
1987-04-04,-0.058198031
1987-04-05,-0.029098888
1987-04-06,-0.014549412
1987-04-07,0
1987-04-08,0
1987-04-09,0
1987-04-10,0
1987-04-11,0
1987-04-12,0
1987-04-13,0
1987-04-14,0.00E+00
1987-04-15,0.00E+00
1987-04-16,0.00E+00
1987-04-17,0
1987-04-18,0
1987-04-19,0
1987-04-20,0
1987-04-21,0
1987-04-22,0
1987-04-23,0
1987-04-24,0
1987-04-25,-0.058098628
1987-04-26,-0.075199534
1987-04-27,-0.037599553
1987-04-28,-0.018799723
1987-04-29,0
1987-04-30,-0.212997552
1987-05-01,-0.432702024
1987-05-02,-0.344030893
1987-05-03,-0.172011009
1987-05-04,-0.086004392
1987-05-05,-0.288399578
1987-05-06,-0.339123069
1987-05-07,-0.169557221
1987-05-08,-0.084777528
1987-05-09,-0.042388494
1987-05-10,-0.021194179
1987-05-11,-0.058323813
1987-05-12,-0.067073306
1987-05-13,-0.033536483
1987-05-14,-0.0167682
1987-05-15,0
1987-05-16,0
1987-05-17,-0.049890462
1987-05-18,-0.593567558
1987-05-19,-0.867064919
1987-05-20,-0.551693003
1987-05-21,-0.275835083
1987-05-22,-0.137914684
1987-05-23,-0.068956628
1987-05-24,-0.034478134
1987-05-25,-0.017239023
1987-05-26,0
1987-05-27,0
1987-05-28,0
1987-05-29,-0.014656745
1987-05-30,-0.018115071
1987-05-31,0
1987-06-01,0
1987-06-02,0
1987-06-03,-0.039182538
1987-06-04,-0.049816374
1987-06-05,-0.089251539
1987-06-06,-0.095736301
1987-06-07,-0.047867806
1987-06-08,-0.063092771
1987-06-09,-0.062651999
1987-06-10,-0.031325852
1987-06-11,-0.015662889
1987-06-12,0
1987-06-13,0
1987-06-14,0
1987-06-15,0
1987-06-16,0
1987-06-17,0
1987-06-18,0
1987-06-19,0.00E+00
1987-06-20,0.00E+00
1987-06-21,0.00E+00
1987-06-22,0
1987-06-23,0
1987-06-24,0
1987-06-25,0
1987-06-26,0
1987-06-27,-0.040278321
1987-06-28,-0.151984595
1987-06-29,-0.975943655
1987-06-30,-1.264172092
1987-07-01,-0.730856798
1987-07-02,-0.365408354
1987-07-03,-0.182699173
1987-07-04,-0.09134833
1987-07-05,-0.045673852
1987-07-06,-0.022836847
1987-07-07,-0.011418404
1987-07-08,0
1987-07-09,-0.463087715
1987-07-10,-0.597104193
1987-07-11,-0.298538722
1987-07-12,-0.149266009
1987-07-13,-0.074632171
1987-07-14,-0.037315875
1987-07-15,-0.018657885
1987-07-16,0
1987-07-17,0
1987-07-18,0
1987-07-19,0
1987-07-20,0
1987-07-21,-0.01541705
1987-07-22,-0.019723451
1987-07-23,-0.030620013
1987-07-24,-0.031799285
1987-07-25,-0.015899604
1987-07-26,-0.036951374
1987-07-27,-0.041512961
1987-07-28,-0.020756415
1987-07-29,-0.010378191
1987-07-30,0
1987-07-31,0
1987-08-01,0
1987-08-02,0
1987-08-03,0
1987-08-04,0
1987-08-05,0.00E+00
1987-08-06,0.00E+00
1987-08-07,0.00E+00
1987-08-08,0.00E+00
1987-08-09,0
1987-08-10,-0.041556736
1987-08-11,-0.050855847
1987-08-12,-0.025427826
1987-08-13,-0.012713888
1987-08-14,0
1987-08-15,0
1987-08-16,0
1987-08-17,0
1987-08-18,-0.039887875
1987-08-19,-0.051313066
1987-08-20,-0.025656434
1987-08-21,-0.012828192
1987-08-22,0
1987-08-23,0
1987-08-24,0
1987-08-25,0
1987-08-26,0
1987-08-27,0
1987-08-28,0
1987-08-29,0.00E+00
1987-08-30,0
1987-08-31,0
1987-09-01,-0.02995996
1987-09-02,-0.036375242
1987-09-03,-0.031272853
1987-09-04,-0.026030663
1987-09-05,-0.013015306
1987-09-06,0
1987-09-07,0
1987-09-08,-0.217823068
1987-09-09,-0.305826237
1987-09-10,-0.172915182
1987-09-11,-0.086456468
1987-09-12,-0.108950545
1987-09-13,-0.421620098
1987-09-14,-0.460966326
1987-09-15,-0.230475193
1987-09-16,-0.202092268
1987-09-17,-0.230587085
1987-09-18,-0.16338793
1987-09-19,-0.081692964
1987-09-20,-0.04084623
1987-09-21,-0.020423052
1987-09-22,-0.01021151
1987-09-23,0
1987-09-24,0
1987-09-25,0
1987-09-26,0
1987-09-27,0
1987-09-28,0
1987-09-29,-0.066737858
1987-09-30,-0.08629227
1987-10-01,-0.155140103
1987-10-02,-0.191908127
1987-10-03,-0.116111173
1987-10-04,-0.05805508
1987-10-05,-0.029027413
1987-10-06,-0.014513675
1987-10-07,0
1987-10-08,-0.019837291
1987-10-09,-0.022794125
1987-10-10,-0.011397043
1987-10-11,0
1987-10-12,0
1987-10-13,0
1987-10-14,0
1987-10-15,0
1987-10-16,0
1987-10-17,0.00E+00
1987-10-18,-0.019369654
1987-10-19,-0.033910412
1987-10-20,-0.02400478
1987-10-21,-0.041747526
1987-10-22,-0.044501676
1987-10-23,-0.022250763
1987-10-24,-0.011125363
1987-10-25,0
1987-10-26,0
1987-10-27,0
1987-10-28,0
1987-10-29,0
1987-10-30,0
1987-10-31,0
1987-11-01,0
1987-11-02,0
1987-11-03,0
1987-11-04,0
1987-11-05,0
1987-11-06,0
1987-11-07,0
1987-11-08,-0.031124218
1987-11-09,-0.031714874
1987-11-10,-0.015996831
1987-11-11,-0.026192696
1987-11-12,-0.027548922
1987-11-13,-0.013774432
1987-11-14,0
1987-11-15,0
1987-11-16,0
1987-11-17,0
1987-11-18,0
1987-11-19,0
1987-11-20,0
1987-11-21,0.00E+00
1987-11-22,0.00E+00
1987-11-23,0.00E+00
1987-11-24,-0.11207158
1987-11-25,-0.145052951
1987-11-26,-0.072525688
1987-11-27,-0.047046948
1987-11-28,-0.214018979
1987-11-29,-0.25152027
1987-11-30,-0.150578196
1987-12-01,-0.095004261
1987-12-02,-0.047501791
1987-12-03,-0.02375081
1987-12-04,-0.011875384
1987-12-05,0
1987-12-06,0
1987-12-07,-0.554608968
1987-12-08,-0.716641786
1987-12-09,-0.861104646
1987-12-10,-3.08302848
1987-12-11,-3.33047808
1987-12-12,-1.6775424
1987-12-13,-1.91780352
1987-12-14,-2.75069952
1987-12-15,-2.21197824
1987-12-16,-1.195928437
1987-12-17,-0.68036609
1987-12-18,-0.438775129
1987-12-19,-0.255908395
1987-12-20,-0.127951738
1987-12-21,-0.063975253
1987-12-22,-0.205612868
1987-12-23,-0.240721556
1987-12-24,-0.120358599
1987-12-25,-0.060178756
1987-12-26,-2.93386752
1987-12-27,-3.7725696
1987-12-28,-1.94116608
1987-12-29,-4.06024704
1987-12-30,-4.44801024
1987-12-31,-2.47988736
1988-01-01,-4.43321856
1988-01-02,-5.87160576
1988-01-03,-6.03237888
1988-01-04,-7.44436224
1988-01-05,-7.52537088
1988-01-06,-7.42307328
1988-01-07,-6.75288576
1988-01-08,-4.28322816
1988-01-09,-3.1926528
1988-01-10,-3.3232896
1988-01-11,-2.36971008
1988-01-12,-1.184650956
1988-01-13,-0.624830409
1988-01-14,-0.338262304
1988-01-15,-2.6224128
1988-01-16,-4.85650944
1988-01-17,-3.69612288
1988-01-18,-3.49152768
1988-01-19,-5.19754752
1988-01-20,-8.67538944
1988-01-21,-8.23924224
1988-01-22,-4.7195136
1988-01-23,-3.13929216
1988-01-24,-3.21850368
1988-01-25,-7.09765632
1988-01-26,-7.1525376
1988-01-27,-3.57433344
1988-01-28,-1.79518464
1988-01-29,-0.96211143
1988-01-30,-0.527064399
1988-01-31,-3.04915968
1988-02-01,-3.73635072
1988-02-02,-1.8676224
1988-02-03,-1.7466624
1988-02-04,-1.56888576
1988-02-05,-0.823952466
1988-02-06,-0.411950762
1988-02-07,-0.205969015
1988-02-08,-0.102982914
1988-02-09,-0.734784224
1988-02-10,-1.77679872
1988-02-11,-1.7148672
1988-02-12,-0.967132639
1988-02-13,-1.38228656
1988-02-14,-4.80784896
1988-02-15,-5.34546432
1988-02-16,-5.38665984
1988-02-17,-5.1881472
1988-02-18,-3.81888
1988-02-19,-2.77696512
1988-02-20,-1.55063808
1988-02-21,-0.775232156
1988-02-22,-0.387593524
1988-02-23,-0.193791122
1988-02-24,-0.096894154
1988-02-25,-0.048446724
1988-02-26,-0.024223273
1988-02-27,-0.012111614
1988-02-28,-0.471960912
1988-02-29,-1.45594368
1988-03-01,-1.6284672
1988-03-02,-1.62819072
1988-03-03,-2.45016576
1988-03-04,-2.12378112
1988-03-05,-3.75819264
1988-03-06,-4.01988096
1988-03-07,-2.0093184
1988-03-08,-1.004499519
1988-03-09,-0.502211916
1988-03-10,-0.282559726
1988-03-11,-0.753260622
1988-03-12,-0.842855252
1988-03-13,-1.48760064
1988-03-14,-3.70732032
1988-03-15,-4.13047296
1988-03-16,-4.39796736
1988-03-17,-3.6751104
1988-03-18,-2.35118592
1988-03-19,-1.58381568
1988-03-20,-0.791801368
1988-03-21,-0.395877155
1988-03-22,-0.918238713
1988-03-23,-1.031217482
1988-03-24,-0.515568845
1988-03-25,-0.771317697
1988-03-26,-2.09461248
1988-03-27,-4.022784
1988-03-28,-4.77868032
1988-03-29,-4.35442176
1988-03-30,-3.52968192
1988-03-31,-2.21280768
1988-04-01,-1.106228165
1988-04-02,-2.13815808
1988-04-03,-3.33407232
1988-04-04,-2.46578688
1988-04-05,-1.232649806
1988-04-06,-1.94337792
1988-04-07,-2.02549248
1988-04-08,-1.46797056
1988-04-09,-1.78011648
1988-04-10,-1.43368704
1988-04-11,-3.5057664
1988-04-12,-4.68039168
1988-04-13,-2.9058048
1988-04-14,-1.45262592
1988-04-15,-0.726205188
1988-04-16,-0.363082812
1988-04-17,-0.181536464
1988-04-18,-0.090766991
1988-04-19,-0.045383186
1988-04-20,-0.022691515
1988-04-21,-0.011345738
1988-04-22,0
1988-04-23,0
1988-04-24,0
1988-04-25,0
1988-04-26,0
1988-04-27,0
1988-04-28,-0.272374963
1988-04-29,-0.35246909
1988-04-30,-0.176229886
1988-05-01,-0.120800004
1988-05-02,-0.086363622
1988-05-03,-0.043181531
1988-05-04,-0.021590695
1988-05-05,-0.01079533
1988-05-06,0
1988-05-07,-0.158327101
1988-05-08,-0.202783869
1988-05-09,-0.101390388
1988-05-10,-0.050694807
1988-05-11,-0.531608708
1988-05-12,-0.667920826
1988-05-13,-0.358003059
1988-05-14,-0.198108136
1988-05-15,-0.099052592
1988-05-16,-0.049525927
1988-05-17,-0.02476287
1988-05-18,-0.012381412
1988-05-19,0
1988-05-20,0
1988-05-21,0
1988-05-22,0
1988-05-23,0
1988-05-24,-0.123174509
1988-05-25,-0.393866316
1988-05-26,-0.413879584
1988-05-27,-0.450037693
1988-05-28,-0.517777436
1988-05-29,-0.353385013
1988-05-30,-0.272710831
1988-05-31,-0.212627483
1988-06-01,-0.106312043
1988-06-02,-0.115235755
1988-06-03,-0.261477656
1988-06-04,-0.462524664
1988-06-05,-0.517972299
1988-06-06,-0.354838413
1988-06-07,-0.177414479
1988-06-08,-1.50460416
1988-06-09,-3.78210816
1988-06-10,-3.69902592
1988-06-11,-2.20672512
1988-06-12,-1.201050824
1988-06-13,-2.40938496
1988-06-14,-2.6873856
1988-06-15,-1.380137882
1988-06-16,-0.689997506
1988-06-17,-0.344980892
1988-06-18,-0.172485974
1988-06-19,-0.086241871
1988-06-20,-0.043120656
1988-06-21,-0.021560257
1988-06-22,-0.010780111
1988-06-23,0
1988-06-24,0
1988-06-25,0
1988-06-26,0
1988-06-27,0
1988-06-28,0
1988-06-29,0.00E+00
1988-06-30,-0.074580642
1988-07-01,-0.096499311
1988-07-02,-0.048249306
1988-07-03,-0.070688594
1988-07-04,-0.07818018
1988-07-05,-0.043735322
1988-07-06,-0.021867588
1988-07-07,-0.010933776
1988-07-08,0
1988-07-09,0
1988-07-10,0
1988-07-11,0
1988-07-12,0
1988-07-13,0
1988-07-14,0.00E+00
1988-07-15,0.00E+00
1988-07-16,0.00E+00
1988-07-17,0.00E+00
1988-07-18,-0.018762057
1988-07-19,-0.024280381
1988-07-20,-0.012140168
1988-07-21,0
1988-07-22,0
1988-07-23,0
1988-07-24,0
1988-07-25,0
1988-07-26,0
1988-07-27,0.00E+00
1988-07-28,0.00E+00
1988-07-29,0.00E+00
1988-07-30,0.00E+00
1988-07-31,0
1988-08-01,0
1988-08-02,0
1988-08-03,0
1988-08-04,0
1988-08-05,0
1988-08-06,0
1988-08-07,0
1988-08-08,0
1988-08-09,0
1988-08-10,0
1988-08-11,0
1988-08-12,0
1988-08-13,0
1988-08-14,0
1988-08-15,0
1988-08-16,0
1988-08-17,0.00E+00
1988-08-18,0.00E+00
1988-08-19,0.00E+00
1988-08-20,0
1988-08-21,0
1988-08-22,0
1988-08-23,0
1988-08-24,0
1988-08-25,0
1988-08-26,0
1988-08-27,0
1988-08-28,0
1988-08-29,0
1988-08-30,0
1988-08-31,0
1988-09-01,0
1988-09-02,0.00E+00
1988-09-03,0.00E+00
1988-09-04,0.00E+00
1988-09-05,0.00E+00
1988-09-06,0
1988-09-07,0
1988-09-08,0
1988-09-09,0
1988-09-10,0
1988-09-11,0
1988-09-12,0
1988-09-13,0
1988-09-14,0
1988-09-15,0
1988-09-16,0
1988-09-17,0
1988-09-18,0
1988-09-19,0
1988-09-20,0
1988-09-21,0
1988-09-22,0
1988-09-23,0
1988-09-24,0
1988-09-25,0
1988-09-26,0
1988-09-27,0.00E+00
1988-09-28,0.00E+00
1988-09-29,0.00E+00
1988-09-30,0
1988-10-01,0
1988-10-02,0
1988-10-03,0
1988-10-04,0
1988-10-05,-0.013969359
1988-10-06,-0.029752674
1988-10-07,-0.02414751
1988-10-08,-0.012073733
1988-10-09,-0.013617855
1988-10-10,-0.035461294
1988-10-11,-0.03570702
1988-10-12,-0.017853462
1988-10-13,-0.286714239
1988-10-14,-0.447139533
1988-10-15,-0.289596778
1988-10-16,-0.144795244
1988-10-17,-0.072396831
1988-10-18,-0.036198219
1988-10-19,-0.01809906
1988-10-20,0
1988-10-21,0
1988-10-22,0
1988-10-23,0
1988-10-24,0
1988-10-25,0
1988-10-26,0
1988-10-27,-0.319965618
1988-10-28,-0.414078871
1988-10-29,-0.207033007
1988-10-30,-0.393005219
1988-10-31,-1.109155604
1988-11-01,-1.096799091
1988-11-02,-0.548354424
1988-11-03,-0.274165932
1988-11-04,-0.446699529
1988-11-05,-1.89997056
1988-11-06,-2.56974336
1988-11-07,-1.66883328
1988-11-08,-1.46907648
1988-11-09,-1.956096
1988-11-10,-3.75418368
1988-11-11,-3.98006784
1988-11-12,-2.26865664
1988-11-13,-1.134101883
1988-11-14,-0.567002696
1988-11-15,-0.283489293
1988-11-16,-0.141741633
1988-11-17,-0.070870059
1988-11-18,-0.035434841
1988-11-19,-0.017717373
1988-11-20,0
1988-11-21,0
1988-11-22,-0.834066381
1988-11-23,-2.37731328
1988-11-24,-2.73466368
1988-11-25,-1.77527808
1988-11-26,-1.204911687
1988-11-27,-0.854515768
1988-11-28,-0.490887351
1988-11-29,-0.545397733
1988-11-30,-6.74832384
1988-12-01,-13.30822656
1988-12-02,-11.07454464
1988-12-03,-5.9263488
1988-12-04,-4.6614528
1988-12-05,-3.742848
1988-12-06,-3.47300352
1988-12-07,-3.60101376
1988-12-08,-2.30224896
1988-12-09,-1.150936833
1988-12-10,-0.575418733
1988-12-11,-0.326686197
1988-12-12,-0.194309923
1988-12-13,-0.097153543
1988-12-14,-1.98706176
1988-12-15,-3.2265216
1988-12-16,-2.16373248
1988-12-17,-2.71185408
1988-12-18,-4.45810176
1988-12-19,-7.2417024
1988-12-20,-12.60914688
1988-12-21,-11.17988352
1988-12-22,-5.58531072
1988-12-23,-2.79148032
1988-12-24,-1.39539456
1988-12-25,-0.697645011
1988-12-26,-0.348804251
1988-12-27,-0.174397557
1988-12-28,-0.087197635
1988-12-29,-0.043598532
1988-12-30,-0.021799194
1988-12-31,-0.010899579
1989-01-01,0
1989-01-02,0
1989-01-03,0
1989-01-04,0
1989-01-05,0
1989-01-06,0
1989-01-07,-0.135621461
1989-01-08,-0.175471737
1989-01-09,-0.087734713
1989-01-10,-0.093353097
1989-01-11,-0.085985203
1989-01-12,-0.042992323
1989-01-13,-0.021496092
1989-01-14,-0.010748028
1989-01-15,-0.365842898
1989-01-16,-0.46924393
1989-01-17,-1.033820665
1989-01-18,-2.14493184
1989-01-19,-1.86112512
1989-01-20,-0.930461133
1989-01-21,-1.219971304
1989-01-22,-1.209431527
1989-01-23,-0.823020065
1989-01-24,-0.630914144
1989-01-25,-2.10276864
1989-01-26,-4.08540672
1989-01-27,-3.5064576
1989-01-28,-3.56700672
1989-01-29,-4.05222912
1989-01-30,-3.98532096
1989-01-31,-3.500928
1989-02-01,-2.17741824
1989-02-02,-1.088523367
1989-02-03,-2.53449216
1989-02-04,-2.9113344
1989-02-05,-1.95803136
1989-02-06,-1.337977903
1989-02-07,-1.045175837
1989-02-08,-1.76850432
1989-02-09,-3.25776384
1989-02-10,-2.91603456
1989-02-11,-1.4577408
1989-02-12,-0.728782604
1989-02-13,-0.364371375
1989-02-14,-0.182180704
1989-02-15,-0.091089106
1989-02-16,-0.045544241
1989-02-17,-0.022772043
1989-02-18,-0.011386001
1989-02-19,0
1989-02-20,0
1989-02-21,0
1989-02-22,0
1989-02-23,0
1989-02-24,0
1989-02-25,0.00E+00
1989-02-26,0.00E+00
1989-02-27,0.00E+00
1989-02-28,-0.368571133
1989-03-01,-0.477034707
1989-03-02,-0.304293211
1989-03-03,-0.231826918
1989-03-04,-0.146868996
1989-03-05,-2.7869184
1989-03-06,-4.17249792
1989-03-07,-3.0468096
1989-03-08,-2.72553984
1989-03-09,-2.02701312
1989-03-10,-1.01335545
1989-03-11,-0.540542357
1989-03-12,-0.297190854
1989-03-13,-0.229092102
1989-03-14,-0.300054689
1989-03-15,-0.367143487
1989-03-16,-0.350250103
1989-03-17,-0.617315987
1989-03-18,-0.615137228
1989-03-19,-0.307554417
1989-03-20,-0.153773656
1989-03-21,-0.076885942
1989-03-22,-0.038442748
1989-03-23,-0.019221318
1989-03-24,0
1989-03-25,0
1989-03-26,0
1989-03-27,0
1989-03-28,0
1989-03-29,0
1989-03-30,0
1989-03-31,0.00E+00
1989-04-01,-0.313403489
1989-04-02,-0.405612044
1989-04-03,-0.202799849
1989-04-04,-0.101398378
1989-04-05,-0.371778813
1989-04-06,-0.440925231
1989-04-07,-0.220455323
1989-04-08,-0.110225835
1989-04-09,-0.055112462
1989-04-10,-0.027556116
1989-04-11,-0.013778029
1989-04-12,0
1989-04-13,0
1989-04-14,0
1989-04-15,0
1989-04-16,0
1989-04-17,0
1989-04-18,0
1989-04-19,0.00E+00
1989-04-20,0.00E+00
1989-04-21,0.00E+00
1989-04-22,-0.697501933
1989-04-23,-2.12696064
1989-04-24,-2.49772032
1989-04-25,-2.01678336
1989-04-26,-1.326957079
1989-04-27,-0.663412502
1989-04-28,-0.331689738
1989-04-29,-0.165840736
1989-04-30,-0.620742487
1989-05-01,-0.737551775
1989-05-02,-0.368755476
1989-05-03,-0.184372637
1989-05-04,-0.092185041
1989-05-05,-0.046092201
1989-05-06,-0.046331757
1989-05-07,-1.00035966
1989-05-08,-1.261605833
1989-05-09,-0.63074321
1989-05-10,-0.444797278
1989-05-11,-0.32521036
1989-05-12,-0.162601206
1989-05-13,-0.081299613
1989-05-14,-0.040649558
1989-05-15,-0.020324717
1989-05-16,-0.14331045
1989-05-17,-0.329071044
1989-05-18,-0.323976513
1989-05-19,-0.192949918
1989-05-20,-0.096473561
1989-05-21,-0.04823643
1989-05-22,-0.024118127
1989-05-23,-0.012059042
1989-05-24,0
1989-05-25,0
1989-05-26,0
1989-05-27,0
1989-05-28,0
1989-05-29,0
1989-05-30,0
1989-05-31,0
1989-06-01,0
1989-06-02,0
1989-06-03,0.00E+00
1989-06-04,-0.187543172
1989-06-05,-0.542903137
1989-06-06,-0.724795389
1989-06-07,-0.62786862
1989-06-08,-0.389205776
1989-06-09,-0.194597199
1989-06-10,-0.351579571
1989-06-11,-0.465408751
1989-06-12,-0.487834307
1989-06-13,-0.391274095
1989-06-14,-0.195631304
1989-06-15,-0.097814214
1989-06-16,-0.048906748
1989-06-17,-0.024453283
1989-06-18,-0.012226619
1989-06-19,0
1989-06-20,0
1989-06-21,0
1989-06-22,0
1989-06-23,0
1989-06-24,0
1989-06-25,0.00E+00
1989-06-26,0.00E+00
1989-06-27,0.00E+00
1989-06-28,0.00E+00
1989-06-29,0
1989-06-30,0
1989-07-01,0
1989-07-02,0
1989-07-03,0
1989-07-04,0
1989-07-05,0
1989-07-06,0
1989-07-07,0
1989-07-08,0
1989-07-09,0
1989-07-10,0
1989-07-11,0
1989-07-12,0
1989-07-13,0
1989-07-14,0
1989-07-15,0
1989-07-16,0
1989-07-17,0
1989-07-18,0
1989-07-19,0
1989-07-20,0
1989-07-21,0
1989-07-22,0
1989-07-23,0
1989-07-24,0.00E+00
1989-07-25,-0.04551356
1989-07-26,-0.108658533
1989-07-27,-0.093903653
1989-07-28,-0.046951495
1989-07-29,-0.023475665
1989-07-30,-0.011737811
1989-07-31,0
1989-08-01,0
1989-08-02,0
1989-08-03,0
1989-08-04,0
1989-08-05,-0.038224091
1989-08-06,-0.049108018
1989-08-07,-0.024553918
1989-08-08,-0.012276936
1989-08-09,0
1989-08-10,-0.058436929
1989-08-11,-0.073199395
1989-08-12,-0.036599496
1989-08-13,-0.018299697
1989-08-14,0
1989-08-15,0
1989-08-16,0
1989-08-17,-0.020814183
1989-08-18,-0.020017167
1989-08-19,-0.010008569
1989-08-20,0
1989-08-21,0
1989-08-22,0
1989-08-23,0
1989-08-24,0
1989-08-25,0
1989-08-26,0.00E+00
1989-08-27,0.00E+00
1989-08-28,0.00E+00
1989-08-29,0
1989-08-30,0
1989-08-31,0
1989-09-01,0
1989-09-02,0
1989-09-03,0
1989-09-04,0
1989-09-05,0
1989-09-06,0
1989-09-07,0
1989-09-08,0
1989-09-09,-0.011736474
1989-09-10,0
1989-09-11,0
1989-09-12,0
1989-09-13,0
1989-09-14,0
1989-09-15,0
1989-09-16,0.00E+00
1989-09-17,0.00E+00
1989-09-18,0.00E+00
1989-09-19,0.00E+00
1989-09-20,0
1989-09-21,0
1989-09-22,-0.174916344
1989-09-23,-0.242193342
1989-09-24,-0.592424935
1989-09-25,-1.173813839
1989-09-26,-0.994857362
1989-09-27,-0.497391557
1989-09-28,-0.495551859
1989-09-29,-0.443858255
1989-09-30,-0.497863038
1989-10-01,-0.468108952
1989-10-02,-0.281538492
1989-10-03,-0.178491382
1989-10-04,-0.089244494
1989-10-05,-0.044621948
1989-10-06,-0.022310898
1989-10-07,-0.36789196
1989-10-08,-0.698842059
1989-10-09,-0.600673785
1989-10-10,-0.353825653
1989-10-11,-0.176908133
1989-10-12,-0.088452888
1989-10-13,-1.66662144
1989-10-14,-2.55108096
1989-10-15,-4.21452288
1989-10-16,-5.76059904
1989-10-17,-5.80967424
1989-10-18,-10.8435456
1989-10-19,-13.81211136
1989-10-20,-9.39465216
1989-10-21,-4.69407744
1989-10-22,-2.34620928
1989-10-23,-1.44764928
1989-10-24,-0.941954739
1989-10-25,-0.470944088
1989-10-26,-0.298047527
1989-10-27,-0.19873334
1989-10-28,-0.099365185
1989-10-29,-2.2795776
1989-10-30,-2.9500416
1989-10-31,-7.22221056
1989-11-01,-17.483904
1989-11-02,-19.0584576
1989-11-03,-14.92383744
1989-11-04,-11.23255296
1989-11-05,-9.72186624
1989-11-06,-10.050048
1989-11-07,-7.21640448
1989-11-08,-5.78244096
1989-11-09,-4.61804544
1989-11-10,-3.32453376
1989-11-11,-2.4689664
1989-11-12,-4.65564672
1989-11-13,-5.57259264
1989-11-14,-4.17263616
1989-11-15,-4.02859008
1989-11-16,-2.94630912
1989-11-17,-1.47280896
1989-11-18,-0.736348023
1989-11-19,-0.556303846
1989-11-20,-3.60640512
1989-11-21,-4.8169728
1989-11-22,-2.92529664
1989-11-23,-1.95996672
1989-11-24,-2.32823808
1989-11-25,-5.00345856
1989-11-26,-7.05811968
1989-11-27,-6.58450944
1989-11-28,-4.3559424
1989-11-29,-5.97514752
1989-11-30,-6.25287168
1989-12-01,-3.32439552
1989-12-02,-1.66178304
1989-12-03,-0.830776836
1989-12-04,-0.415362526
1989-12-05,-0.890038956
1989-12-06,-1.231118176
1989-12-07,-4.084992
1989-12-08,-4.64292864
1989-12-09,-3.60336384
1989-12-10,-4.56026112
1989-12-11,-8.543232
1989-12-12,-9.7383168
1989-12-13,-12.3552
1989-12-14,-12.210048
1989-12-15,-6.97116672
1989-12-16,-3.48378624
1989-12-17,-1.74140928
1989-12-18,-5.08612608
1989-12-19,-8.63225856
1989-12-20,-9.65081088
1989-12-21,-9.01587456
1989-12-22,-9.81808128
1989-12-23,-8.39752704
1989-12-24,-4.46321664
1989-12-25,-2.23091712
1989-12-26,-1.115258831
1989-12-27,-0.557582759
1989-12-28,-0.278779719
1989-12-29,-0.139386936
1989-12-30,-0.069692739
1989-12-31,0
1990-01-01,-0.659937162
1990-01-02,-0.476032702
1990-01-03,-0.238007849
1990-01-04,-0.119001797
1990-01-05,-0.059500366
1990-01-06,-1.13060184
1990-01-07,-1.7915904
1990-01-08,-1.43921664
1990-01-09,-0.929219185
1990-01-10,-0.46457721
1990-01-11,-0.232280511
1990-01-12,-0.116138226
1990-01-13,-0.657583377
1990-01-14,-1.347000164
1990-01-15,-1.103963614
1990-01-16,-0.551936084
1990-01-17,-0.87764303
1990-01-18,-0.916709668
1990-01-19,-0.458323315
1990-01-20,-0.229153771
1990-01-21,-0.114574916
1990-01-22,-0.057286964
1990-01-23,-1.95858432
1990-01-24,-3.55110912
1990-01-25,-4.40211456
1990-01-26,-6.26351616
1990-01-27,-7.1442432
1990-01-28,-5.09787648
1990-01-29,-3.25859328
1990-01-30,-2.59365888
1990-01-31,-2.61868032
1990-02-01,-3.23606016
1990-02-02,-2.51486208
1990-02-03,-1.29509515
1990-02-04,-0.677605465
1990-02-05,-0.338785501
1990-02-06,-2.13249024
1990-02-07,-4.10517504
1990-02-08,-3.2272128
1990-02-09,-2.08783872
1990-02-10,-4.17083904
1990-02-11,-9.88084224
1990-02-12,-12.24834048
1990-02-13,-12.10346496
1990-02-14,-12.69485568
1990-02-15,-9.72559872
1990-02-16,-6.41253888
1990-02-17,-4.15535616
1990-02-18,-2.077056
1990-02-19,-1.038337685
1990-02-20,-0.5191284
1990-02-21,-0.259554088
1990-02-22,-0.129774516
1990-02-23,-0.064886625
1990-02-24,-0.032443154
1990-02-25,-0.214724128
1990-02-26,-1.62114048
1990-02-27,-2.31234048
1990-02-28,-2.23561728
1990-03-01,-1.707264
1990-03-02,-0.853489267
1990-03-03,-0.42671731
1990-03-04,-0.213351819
1990-03-05,-0.106674201
1990-03-06,-0.053336673
1990-03-07,-0.02666823
1990-03-08,-0.013334088
1990-03-09,0
1990-03-10,0
1990-03-11,0
1990-03-12,0
1990-03-13,-0.13524574
1990-03-14,-0.174722089
1990-03-15,-0.087359896
1990-03-16,-0.043679661
1990-03-17,-0.021839758
1990-03-18,-0.010919861
1990-03-19,0
1990-03-20,0
1990-03-21,0
1990-03-22,0
1990-03-23,0
1990-03-24,0
1990-03-25,0.00E+00
1990-03-26,0.00E+00
1990-03-27,0.00E+00
1990-03-28,0.00E+00
1990-03-29,0
1990-03-30,0
1990-03-31,0
1990-04-01,0
1990-04-02,0
1990-04-03,0
1990-04-04,0
1990-04-05,0
1990-04-06,-0.224236077
1990-04-07,-0.290233829
1990-04-08,-0.145113749
1990-04-09,-0.072556084
1990-04-10,-0.036277844
1990-04-11,-0.018138873
1990-04-12,0
1990-04-13,-0.016865245
1990-04-14,-0.226323031
1990-04-15,-0.278456666
1990-04-16,-0.13922543
1990-04-17,-0.199906984
1990-04-18,-0.225978274
1990-04-19,-0.177865362
1990-04-20,-0.281346435
1990-04-21,-0.60215634
1990-04-22,-0.769743572
1990-04-23,-0.796290712
1990-04-24,-0.659746198
1990-04-25,-0.378294562
1990-04-26,-0.189141903
1990-04-27,-0.094569612
1990-04-28,-0.047284469
1990-04-29,-0.02364215
1990-04-30,-0.011821054
1990-05-01,0
1990-05-02,0
1990-05-03,0
1990-05-04,0
1990-05-05,0
1990-05-06,0
1990-05-07,-0.119328194
1990-05-08,-0.154377336
1990-05-09,-0.077187773
1990-05-10,-0.038593662
1990-05-11,-0.019296775
1990-05-12,0
1990-05-13,-0.043427904
1990-05-14,-0.052378609
1990-05-15,-0.026189202
1990-05-16,-0.013094575
1990-05-17,-0.07868379
1990-05-18,-0.096642839
1990-05-19,-0.048321068
1990-05-20,-0.614021244
1990-05-21,-0.775523068
1990-05-22,-0.534337455
1990-05-23,-0.383605922
1990-05-24,-0.191797438
1990-05-25,-0.095897338
1990-05-26,-0.047948323
1990-05-27,-0.023974074
1990-05-28,-0.011987016
1990-05-29,0
1990-05-30,0
1990-05-31,0
1990-06-01,0
1990-06-02,0
1990-06-03,0
1990-06-04,0.00E+00
1990-06-05,0.00E+00
1990-06-06,-0.021791274
1990-06-07,-0.09805738
1990-06-08,-0.104529511
1990-06-09,-0.052264344
1990-06-10,-0.02613207
1990-06-11,-0.013066009
1990-06-12,0
1990-06-13,0
1990-06-14,0
1990-06-15,0
1990-06-16,0
1990-06-17,0
1990-06-18,-0.022832354
1990-06-19,-0.099086925
1990-06-20,-0.105952215
1990-06-21,-0.185210358
1990-06-22,-0.197642917
1990-06-23,-0.102679035
1990-06-24,-0.054404541
1990-06-25,-0.027202159
1990-06-26,-0.013601052
1990-06-27,0
1990-06-28,0
1990-06-29,0
1990-06-30,0
1990-07-01,0
1990-07-02,-0.113005346
1990-07-03,-0.146098087
1990-07-04,-0.237012051
1990-07-05,-0.248746125
1990-07-06,-0.124370743
1990-07-07,-0.06218479
1990-07-08,-0.03109225
1990-07-09,-0.015546087
1990-07-10,0
1990-07-11,0
1990-07-12,0
1990-07-13,0
1990-07-14,0
1990-07-15,0
1990-07-16,0
1990-07-17,0.00E+00
1990-07-18,0.00E+00
1990-07-19,0.00E+00
1990-07-20,0
1990-07-21,0
1990-07-22,0
1990-07-23,0
1990-07-24,0
1990-07-25,0
1990-07-26,0
1990-07-27,-0.015131239
1990-07-28,-0.031178406
1990-07-29,-0.024798303
1990-07-30,-0.012399128
1990-07-31,0
1990-08-01,0
1990-08-02,0
1990-08-03,0
1990-08-04,0
1990-08-05,0
1990-08-06,0.00E+00
1990-08-07,0.00E+00
1990-08-08,0.00E+00
1990-08-09,0.00E+00
1990-08-10,0
1990-08-11,0
1990-08-12,0
1990-08-13,0
1990-08-14,0
1990-08-15,0
1990-08-16,0
1990-08-17,0
1990-08-18,0
1990-08-19,0
1990-08-20,0.00E+00
1990-08-21,0.00E+00
1990-08-22,0.00E+00
1990-08-23,0
1990-08-24,0
1990-08-25,0
1990-08-26,0
1990-08-27,0.00E+00
1990-08-28,0.00E+00
1990-08-29,0
1990-08-30,0
1990-08-31,0
1990-09-01,0
1990-09-02,0
1990-09-03,0.00E+00
1990-09-04,0.00E+00
1990-09-05,0.00E+00
1990-09-06,0.00E+00
1990-09-07,0
1990-09-08,0
1990-09-09,0
1990-09-10,0
1990-09-11,0
1990-09-12,0
1990-09-13,0
1990-09-14,0
1990-09-15,0
1990-09-16,0
1990-09-17,0
1990-09-18,0
1990-09-19,0
1990-09-20,0
1990-09-21,0
1990-09-22,0
1990-09-23,0
1990-09-24,0
1990-09-25,0
1990-09-26,0
1990-09-27,0
1990-09-28,0
1990-09-29,-0.03457287
1990-09-30,-0.053651273
1990-10-01,-0.033958393
1990-10-02,-0.016979152
1990-10-03,0
1990-10-04,0
1990-10-05,0
1990-10-06,0
1990-10-07,0
1990-10-08,0
1990-10-09,0
1990-10-10,0.00E+00
1990-10-11,0.00E+00
1990-10-12,0.00E+00
1990-10-13,0
1990-10-14,0
1990-10-15,0
1990-10-16,0
1990-10-17,-0.083266027
1990-10-18,-0.129248504
1990-10-19,-0.216660027
1990-10-20,-0.215546545
1990-10-21,-0.107771529
1990-10-22,-0.128702028
1990-10-23,-0.123780496
1990-10-24,-0.209731687
1990-10-25,-1.44446976
1990-10-26,-2.74005504
1990-10-27,-4.27548672
1990-10-28,-8.47079424
1990-10-29,-11.87771904
1990-10-30,-9.33106176
1990-10-31,-5.57093376
1990-11-01,-6.01675776
1990-11-02,-5.53817088
1990-11-03,-3.08247552
1990-11-04,-1.54082304
1990-11-05,-0.770352312
1990-11-06,-0.385153892
1990-11-07,-0.192571375
1990-11-08,-0.464308015
1990-11-09,-0.71285014
1990-11-10,-1.57759488
1990-11-11,-1.63980288
1990-11-12,-0.819782346
1990-11-13,-1.362417671
1990-11-14,-1.437696
1990-11-15,-0.718781258
1990-11-16,-0.618657399
1990-11-17,-1.146544686
1990-11-18,-1.213472254
1990-11-19,-4.20857856
1990-11-20,-8.49705984
1990-11-21,-7.1207424
1990-11-22,-3.55843584
1990-11-23,-3.43001088
1990-11-24,-4.70527488
1990-11-25,-3.70027008
1990-11-26,-1.8614016
1990-11-27,-0.930589904
1990-11-28,-0.465262466
1990-11-29,-0.232623111
1990-11-30,-0.116309523
1990-12-01,-0.058154253
1990-12-02,-0.029076999
1990-12-03,-0.014538467
1990-12-04,0
1990-12-05,0
1990-12-06,0
1990-12-07,0
1990-12-08,0
1990-12-09,-0.143306164
1990-12-10,-1.124632153
1990-12-11,-2.48583168
1990-12-12,-2.1814272
1990-12-13,-1.093269948
1990-12-14,-0.546590136
1990-12-15,-0.273283864
1990-12-16,-0.136639126
1990-12-17,-0.068318862
1990-12-18,-0.034159255
1990-12-19,-0.017079584
1990-12-20,0
1990-12-21,-0.052852486
1990-12-22,-0.065017512
1990-12-23,-0.032508597
1990-12-24,-0.307331256
1990-12-25,-2.20161024
1990-12-26,-6.64257024
1990-12-27,-6.60704256
1990-12-28,-5.22920448
1990-12-29,-5.56416
1990-12-30,-5.13741312
1990-12-31,-3.79482624
1991-01-01,-5.28850944
1991-01-02,-7.51970304
1991-01-03,-7.87843584
1991-01-04,-6.8961024
1991-01-05,-8.13514752
1991-01-06,-12.92419584
1991-01-07,-12.52205568
1991-01-08,-8.0925696
1991-01-09,-4.824576
1991-01-10,-5.66120448
1991-01-11,-5.5116288
1991-01-12,-3.08427264
1991-01-13,-1.65708288
1991-01-14,-0.828416291
1991-01-15,-0.696092991
1991-01-16,-0.571955724
1991-01-17,-0.447980268
1991-01-18,-0.756556388
1991-01-19,-0.699063395
1991-01-20,-0.349513367
1991-01-21,-0.174752101
1991-01-22,-0.087374902
1991-01-23,-0.043687163
1991-01-24,-0.02184351
1991-01-25,-0.010921737
1991-01-26,0
1991-01-27,0
1991-01-28,0
1991-01-29,0
1991-01-30,0
1991-01-31,0
1991-02-01,0.00E+00
1991-02-02,0.00E+00
1991-02-03,-0.016698334
1991-02-04,-0.021596507
1991-02-05,-0.010798235
1991-02-06,0
1991-02-07,0
1991-02-08,0
1991-02-09,-0.314222036
1991-02-10,-0.406165211
1991-02-11,-0.203076412
1991-02-12,-0.123440377
1991-02-13,-0.079118757
1991-02-14,-0.039559143
1991-02-15,-2.51140608
1991-02-16,-3.69681408
1991-02-17,-2.3680512
1991-02-18,-1.43036928
1991-02-19,-0.814508877
1991-02-20,-0.407229549
1991-02-21,-0.57000748
1991-02-22,-0.576028247
1991-02-23,-0.288001682
1991-02-24,-0.143997724
1991-02-25,-0.071998084
1991-02-26,-0.035998846
1991-02-27,-0.18968303
1991-02-28,-0.231214529
1991-03-01,-0.115605256
1991-03-02,-0.078554185
1991-03-03,-0.0557612
1991-03-04,-0.027880482
1991-03-05,-0.013940211
1991-03-06,-0.230458148
1991-03-07,-1.169176841
1991-03-08,-1.280658678
1991-03-09,-0.640267822
1991-03-10,-0.430009731
1991-03-11,-0.302288482
1991-03-12,-0.151140806
1991-03-13,-0.075569547
1991-03-14,-0.037784559
1991-03-15,-0.018892225
1991-03-16,-0.513540657
1991-03-17,-0.79382751
1991-03-18,-0.765095556
1991-03-19,-1.9222272
1991-03-20,-2.03613696
1991-03-21,-3.44480256
1991-03-22,-5.14363392
1991-03-23,-4.08388608
1991-03-24,-2.2940928
1991-03-25,-1.146848772
1991-03-26,-0.573375048
1991-03-27,-0.286675186
1991-03-28,-0.143334503
1991-03-29,-0.071666483
1991-03-30,-0.035833048
1991-03-31,-0.017916475
1991-04-01,0
1991-04-02,0
1991-04-03,0
1991-04-04,-1.97973504
1991-04-05,-2.68199424
1991-04-06,-1.43672832
1991-04-07,-0.718296436
1991-04-08,-0.359128858
1991-04-09,-0.17955959
1991-04-10,-0.089778584
1991-04-11,-0.044888989
1991-04-12,-0.13229481
1991-04-13,-0.153405343
1991-04-14,-0.076701785
1991-04-15,-0.038350671
1991-04-16,-0.01917528
1991-04-17,0
1991-04-18,0
1991-04-19,0
1991-04-20,0
1991-04-21,0
1991-04-22,-0.045939125
1991-04-23,-0.059223042
1991-04-24,-0.029611388
1991-04-25,-0.17794926
1991-04-26,-0.218564269
1991-04-27,-0.459657663
1991-04-28,-0.508132279
1991-04-29,-0.275009983
1991-04-30,-0.6695367
1991-05-01,-1.20231977
1991-05-02,-0.965047758
1991-05-03,-0.482488939
1991-05-04,-0.269941289
1991-05-05,-0.285346202
1991-05-06,-0.473466567
1991-05-07,-0.842398217
1991-05-08,-0.82983397
1991-05-09,-0.472356694
1991-05-10,-0.236169976
1991-05-11,-0.118082892
1991-05-12,-0.059040922
1991-05-13,-0.029520329
1991-05-14,-0.014760132
1991-05-15,0
1991-05-16,0
1991-05-17,0
1991-05-18,0
1991-05-19,0
1991-05-20,0
1991-05-21,0
1991-05-22,0.00E+00
1991-05-23,0.00E+00
1991-05-24,0.00E+00
1991-05-25,0
1991-05-26,0
1991-05-27,0
1991-05-28,0
1991-05-29,0
1991-05-30,0
1991-05-31,0
1991-06-01,0
1991-06-02,0
1991-06-03,0
1991-06-04,0
1991-06-05,-0.035720521
1991-06-06,-0.174981994
1991-06-07,-0.362043551
1991-06-08,-0.384459679
1991-06-09,-0.529650939
1991-06-10,-0.490823954
1991-06-11,-0.245402943
1991-06-12,-0.122699208
1991-06-13,-0.061349039
1991-06-14,-0.030674378
1991-06-15,-0.015337153
1991-06-16,0
1991-06-17,-0.093937868
1991-06-18,-0.118541679
1991-06-19,-0.108372757
1991-06-20,-0.093190211
1991-06-21,-0.051355582
1991-06-22,-0.029459429
1991-06-23,-0.014729682
1991-06-24,0
1991-06-25,0
1991-06-26,0
1991-06-27,0
1991-06-28,0
1991-06-29,0
1991-06-30,0
1991-07-01,0.00E+00
1991-07-02,0.00E+00
1991-07-03,0.00E+00
1991-07-04,0
1991-07-05,-0.073579286
1991-07-06,-0.095233818
1991-07-07,-0.047616568
1991-07-08,-0.023808199
1991-07-09,-0.011904078
1991-07-10,0
1991-07-11,0
1991-07-12,0
1991-07-13,0
1991-07-14,0
1991-07-15,0
1991-07-16,0.00E+00
1991-07-17,0.00E+00
1991-07-18,0.00E+00
1991-07-19,0.00E+00
1991-07-20,0
1991-07-21,0
1991-07-22,0
1991-07-23,0
1991-07-24,0
1991-07-25,0
1991-07-26,0
1991-07-27,0
1991-07-28,0
1991-07-29,0
1991-07-30,0
1991-07-31,-0.021629412
1991-08-01,-0.027462492
1991-08-02,-0.013731217
1991-08-03,0
1991-08-04,0
1991-08-05,0
1991-08-06,0
1991-08-07,-0.028873022
1991-08-08,-0.037030834
1991-08-09,-0.018515365
1991-08-10,0
1991-08-11,0
1991-08-12,0
1991-08-13,0
1991-08-14,0
1991-08-15,0
1991-08-16,0
1991-08-17,0.00E+00
1991-08-18,0.00E+00
1991-08-19,0.00E+00
1991-08-20,0
1991-08-21,0
1991-08-22,0
1991-08-23,0
1991-08-24,0
1991-08-25,0
1991-08-26,0
1991-08-27,0
1991-08-28,0
1991-08-29,0
1991-08-30,0
1991-08-31,0
1991-09-01,-0.170030693
1991-09-02,-0.212267617
1991-09-03,-0.106132119
1991-09-04,-0.053065636
1991-09-05,-0.026532711
1991-09-06,-0.013266329
1991-09-07,0
1991-09-08,0
1991-09-09,0
1991-09-10,0
1991-09-11,0
1991-09-12,0
1991-09-13,0
1991-09-14,0
1991-09-15,0
1991-09-16,0
1991-09-17,0
1991-09-18,0
1991-09-19,0.00E+00
1991-09-20,0.00E+00
1991-09-21,0.00E+00
1991-09-22,0
1991-09-23,0
1991-09-24,0
1991-09-25,-0.021692426
1991-09-26,-0.083784091
1991-09-27,-0.577249763
1991-09-28,-2.0300544
1991-09-29,-2.08839168
1991-09-30,-1.044055596
1991-10-01,-0.521986913
1991-10-02,-0.260983227
1991-10-03,-0.130489059
1991-10-04,-0.06524389
1991-10-05,-0.032621784
1991-10-06,-0.016310852
1991-10-07,0
1991-10-08,-0.051602141
1991-10-09,-0.13947964
1991-10-10,-0.185566423
1991-10-11,-0.205000948
1991-10-12,-0.228600949
1991-10-13,-0.437577708
1991-10-14,-1.377585654
1991-10-15,-2.03641344
1991-10-16,-1.91614464
1991-10-17,-1.41087744
1991-10-18,-0.796759304
1991-10-19,-0.39835584
1991-10-20,-0.199171962
1991-10-21,-0.099584492
1991-10-22,-0.049791873
1991-10-23,-0.024895843
1991-10-24,-0.012447898
1991-10-25,0
1991-10-26,-0.653296057
1991-10-27,-1.54082304
1991-10-28,-1.81398528
1991-10-29,-2.45223936
1991-10-30,-2.14451712
1991-10-31,-1.072061734
1991-11-01,-1.41184512
1991-11-02,-1.6395264
1991-11-03,-1.5876864
1991-11-04,-1.82462976
1991-11-05,-1.365689162
1991-11-06,-0.682774618
1991-11-07,-0.535045658
1991-11-08,-0.972796484
1991-11-09,-0.924372118
1991-11-10,-0.462154015
1991-11-11,-1.96107264
1991-11-12,-6.922368
1991-11-13,-9.06204672
1991-11-14,-8.44176384
1991-11-15,-6.20241408
1991-11-16,-3.24808704
1991-11-17,-2.377728
1991-11-18,-3.324672
1991-11-19,-4.06232064
1991-11-20,-3.30766848
1991-11-21,-1.93978368
1991-11-22,-0.969736845
1991-11-23,-0.484833144
1991-11-24,-0.242407752
1991-11-25,-0.12120167
1991-11-26,-0.060600283
1991-11-27,-0.030300003
1991-11-28,-0.015149966
1991-11-29,0
1991-11-30,0
1991-12-01,0
1991-12-02,0
1991-12-03,0
1991-12-04,0
1991-12-05,0
1991-12-06,0.00E+00
1991-12-07,0.00E+00
1991-12-08,0.00E+00
1991-12-09,0
1991-12-10,0
1991-12-11,0
1991-12-12,0
1991-12-13,0
1991-12-14,0
1991-12-15,0
1991-12-16,0
1991-12-17,-0.303028729
1991-12-18,-0.392214058
1991-12-19,-1.281400418
1991-12-20,-1.98360576
1991-12-21,-1.71583488
1991-12-22,-1.314568936
1991-12-23,-0.804173488
1991-12-24,-0.402062483
1991-12-25,-0.20102518
1991-12-26,-0.165315894
1991-12-27,-0.134134184
1991-12-28,-0.067066416
1991-12-29,-0.033533039
1991-12-30,-0.016766477
1991-12-31,0
1992-01-01,0
1992-01-02,0
1992-01-03,0
1992-01-04,-0.024112106
1992-01-05,-0.025988951
1992-01-06,-0.01299445
1992-01-07,0
1992-01-08,-0.808329618
1992-01-09,-2.1682944
1992-01-10,-1.97724672
1992-01-11,-0.988477876
1992-01-12,-0.494202291
1992-01-13,-0.247091973
1992-01-14,-0.123543697
1992-01-15,-0.061771275
1992-01-16,-0.030885494
1992-01-17,-0.01544271
1992-01-18,0
1992-01-19,0
1992-01-20,-0.061312795
1992-01-21,-0.077826401
1992-01-22,-0.038912973
1992-01-23,-0.01945643
1992-01-24,0
1992-01-25,0
1992-01-26,0
1992-01-27,0
1992-01-28,0
1992-01-29,0
1992-01-30,0
1992-01-31,0.00E+00
1992-02-01,0.00E+00
1992-02-02,0.00E+00
1992-02-03,0
1992-02-04,0
1992-02-05,0
1992-02-06,0
1992-02-07,0
1992-02-08,0
1992-02-09,-0.234526399
1992-02-10,-0.477565162
1992-02-11,-1.7611776
1992-02-12,-2.59006464
1992-02-13,-2.02908672
1992-02-14,-1.99577088
1992-02-15,-3.43277568
1992-02-16,-3.15588096
1992-02-17,-1.57759488
1992-02-18,-0.788695612
1992-02-19,-0.394324471
1992-02-20,-0.197156395
1992-02-21,-0.09857674
1992-02-22,-0.049288004
1992-02-23,-0.024643911
1992-02-24,-0.012321932
1992-02-25,0
1992-02-26,0
1992-02-27,0
1992-02-28,0
1992-02-29,0
1992-03-01,0
1992-03-02,0.00E+00
1992-03-03,0.00E+00
1992-03-04,0.00E+00
1992-03-05,0.00E+00
1992-03-06,0
1992-03-07,0
1992-03-08,0
1992-03-09,0
1992-03-10,0
1992-03-11,0
1992-03-12,-0.044720322
1992-03-13,-0.14167666
1992-03-14,-0.137397998
1992-03-15,-0.068698291
1992-03-16,-0.034348967
1992-03-17,-0.017174439
1992-03-18,0
1992-03-19,0
1992-03-20,0
1992-03-21,0
1992-03-22,-0.11465873
1992-03-23,-0.329571307
1992-03-24,-0.439919175
1992-03-25,-0.678988597
1992-03-26,-0.684264319
1992-03-27,-0.391963622
1992-03-28,-0.195976047
1992-03-29,-0.875303912
1992-03-30,-2.44035072
1992-03-31,-3.01446144
1992-04-01,-3.18104064
1992-04-02,-4.54643712
1992-04-03,-5.36550912
1992-04-04,-3.83588352
1992-04-05,-1.9173888
1992-04-06,-0.958559312
1992-04-07,-0.479245193
1992-04-08,-0.239613977
1992-04-09,-0.119804833
1992-04-10,-0.059901878
1992-04-11,-0.029950803
1992-04-12,-0.014975368
1992-04-13,0
1992-04-14,-0.778748705
1992-04-15,-1.004926432
1992-04-16,-0.502425331
1992-04-17,-0.447783179
1992-04-18,-0.380033441
1992-04-19,-0.190011295
1992-04-20,-0.095004294
1992-04-21,-0.047501808
1992-04-22,-0.023750818
1992-04-23,-0.011875388
1992-04-24,0
1992-04-25,0
1992-04-26,-0.01128528
1992-04-27,-0.273117091
1992-04-28,-0.34283408
1992-04-29,-0.171412623
1992-04-30,-0.308073798
1992-05-01,-0.330667398
1992-05-02,-0.165329593
1992-05-03,-0.08266377
1992-05-04,-0.041331628
1992-05-05,-0.020665749
1992-05-06,-0.010332858
1992-05-07,0
1992-05-08,0
1992-05-09,0
1992-05-10,0
1992-05-11,0
1992-05-12,0
1992-05-13,0.00E+00
1992-05-14,0.00E+00
1992-05-15,0.00E+00
1992-05-16,0.00E+00
1992-05-17,0
1992-05-18,0
1992-05-19,0
1992-05-20,0
1992-05-21,0
1992-05-22,0
1992-05-23,-0.020239812
1992-05-24,-0.026197347
1992-05-25,-0.013098647
1992-05-26,0
1992-05-27,0
1992-05-28,-0.015939408
1992-05-29,-0.014461998
1992-05-30,0
1992-05-31,-0.106997239
1992-06-01,-0.135618555
1992-06-02,-0.067808586
1992-06-03,-0.03390412
1992-06-04,-0.27471198
1992-06-05,-0.566704277
1992-06-06,-0.461749884
1992-06-07,-0.230866938
1992-06-08,-0.134383946
1992-06-09,-0.082246127
1992-06-10,-0.084063813
1992-06-11,-0.076141637
1992-06-12,-0.038070601
1992-06-13,-0.019035246
1992-06-14,0
1992-06-15,0
1992-06-16,0
1992-06-17,0
1992-06-18,0
1992-06-19,0
1992-06-20,0
1992-06-21,-0.164658231
1992-06-22,-0.213062994
1992-06-23,-0.298312036
1992-06-24,-0.301491501
1992-06-25,-0.150742343
1992-06-26,-0.075370317
1992-06-27,-0.037684944
1992-06-28,-0.018842419
1992-06-29,-0.015802004
1992-06-30,-0.073605419
1992-07-01,-0.104244969
1992-07-02,-0.06743448
1992-07-03,-0.033717069
1992-07-04,-0.087089035
1992-07-05,-0.140718477
1992-07-06,-0.103234093
1992-07-07,-0.051616646
1992-07-08,-0.025808222
1992-07-09,-0.012904086
1992-07-10,-0.041640251
1992-07-11,-0.048771702
1992-07-12,-0.024385761
1992-07-13,-0.012192858
1992-07-14,0
1992-07-15,0
1992-07-16,0
1992-07-17,0
1992-07-18,0
1992-07-19,0
1992-07-20,-0.088846142
1992-07-21,-0.114921359
1992-07-22,-0.057460183
1992-07-23,-0.028729967
1992-07-24,-0.014364952
1992-07-25,0
1992-07-26,0
1992-07-27,0
1992-07-28,0
1992-07-29,0
1992-07-30,0
1992-07-31,0
1992-08-01,0.00E+00
1992-08-02,0.00E+00
1992-08-03,0.00E+00
1992-08-04,0
1992-08-05,0
1992-08-06,0
1992-08-07,0
1992-08-08,-0.210357693
1992-08-09,-1.56404736
1992-08-10,-1.9505664
1992-08-11,-1.088516248
1992-08-12,-0.54421368
1992-08-13,-0.272095732
1992-08-14,-1.166379223
1992-08-15,-1.40147712
1992-08-16,-0.700673283
1992-08-17,-0.350318228
1992-08-18,-0.175154504
1992-08-19,-0.087576102
1992-08-20,-0.043787762
1992-08-21,-0.021893808
1992-08-22,-0.010946886
1992-08-23,0
1992-08-24,0
1992-08-25,0
1992-08-26,0
1992-08-27,0
1992-08-28,-0.362617524
1992-08-29,-0.469202153
1992-08-30,-1.361499854
1992-08-31,-2.1924864
1992-09-01,-1.58588928
1992-09-02,-1.184304306
1992-09-03,-0.903012254
1992-09-04,-0.451475542
1992-09-05,-0.225730119
1992-09-06,-0.112863148
1992-09-07,-0.056431094
1992-09-08,-0.028215427
1992-09-09,-0.014107684
1992-09-10,0
1992-09-11,0
1992-09-12,0
1992-09-13,0
1992-09-14,0
1992-09-15,0
1992-09-16,0
1992-09-17,0.00E+00
1992-09-18,0.00E+00
1992-09-19,0.00E+00
1992-09-20,0
1992-09-21,0
1992-09-22,-0.295656045
1992-09-23,-0.381308678
1992-09-24,-0.308577973
1992-09-25,-0.247960894
1992-09-26,-0.123978136
1992-09-27,-0.34021457
1992-09-28,-0.391105055
1992-09-29,-0.212112954
1992-09-30,-0.119214052
1992-10-01,-0.241452016
1992-10-02,-0.392780579
1992-10-03,-0.297750215
1992-10-04,-0.148871776
1992-10-05,-0.074435058
1992-10-06,-0.082572939
1992-10-07,-0.077314241
1992-10-08,-0.038656896
1992-10-09,-0.409027567
1992-10-10,-1.017725866
1992-10-11,-0.9088925
1992-10-12,-0.454415257
1992-10-13,-0.227199887
1992-10-14,-0.113598003
1992-10-15,-0.292542285
1992-10-16,-0.333526118
1992-10-17,-0.166758884
1992-10-18,-0.083378397
1992-10-19,-0.585616601
1992-10-20,-1.094275506
1992-10-21,-1.194904784
1992-10-22,-1.305934908
1992-10-23,-0.992118634
1992-10-24,-0.8489373
1992-10-25,-2.422656
1992-10-26,-5.12704512
1992-10-27,-7.43883264
1992-10-28,-6.67961856
1992-10-29,-3.8935296
1992-10-30,-1.94614272
1992-10-31,-0.972949197
1992-11-01,-0.486439092
1992-11-02,-2.21833728
1992-11-03,-3.62575872
1992-11-04,-2.56614912
1992-11-05,-1.283477765
1992-11-06,-0.641677096
1992-11-07,-0.320823107
1992-11-08,-0.160407683
1992-11-09,-0.588138375
1992-11-10,-2.79936
1992-11-11,-4.17166848
1992-11-12,-7.45763328
1992-11-13,-7.61992704
1992-11-14,-8.10473472
1992-11-15,-8.4022272
1992-11-16,-6.34742784
1992-11-17,-4.19862528
1992-11-18,-3.73289472
1992-11-19,-5.16658176
1992-11-20,-5.73225984
1992-11-21,-4.08678912
1992-11-22,-2.04277248
1992-11-23,-1.021215223
1992-11-24,-2.09737728
1992-11-25,-3.42710784
1992-11-26,-3.17965824
1992-11-27,-2.052864
1992-11-28,-1.02945506
1992-11-29,-0.514687772
1992-11-30,-0.850752751
1992-12-01,-1.45677312
1992-12-02,-6.20393472
1992-12-03,-17.369856
1992-12-04,-20.49186816
1992-12-05,-13.18892544
1992-12-06,-12.0780288
1992-12-07,-11.325312
1992-12-08,-6.42373632
1992-12-09,-3.21034752
1992-12-10,-1.60482816
1992-12-11,-0.885929633
1992-12-12,-0.962657865
1992-12-13,-0.841341137
1992-12-14,-0.420644013
1992-12-15,-0.210315364
1992-12-16,-0.105156022
1992-12-17,-0.052577595
1992-12-18,-0.026288693
1992-12-19,-0.013144321
1992-12-20,0
1992-12-21,0
1992-12-22,-0.306781351
1992-12-23,-0.440139419
1992-12-24,-0.255310106
1992-12-25,-0.127652608
1992-12-26,-0.063825691
1992-12-27,-0.031912692
1992-12-28,-0.015956308
1992-12-29,0
1992-12-30,0
1992-12-31,0
1993-01-01,0
1993-01-02,0
1993-01-03,0
1993-01-04,0
1993-01-05,-0.085993407
1993-01-06,-0.111255139
1993-01-07,-0.160375279
1993-01-08,-0.73686475
1993-01-09,-0.870286879
1993-01-10,-4.1416704
1993-01-11,-7.20493056
1993-01-12,-5.44651776
1993-01-13,-3.39503616
1993-01-14,-2.17949184
1993-01-15,-1.089569388
1993-01-16,-0.544740167
1993-01-17,-0.272358941
1993-01-18,-0.136176689
1993-01-19,-0.068087647
1993-01-20,-0.034043649
1993-01-21,-0.017021782
1993-01-22,-0.20025528
1993-01-23,-0.542867775
1993-01-24,-0.93581839
1993-01-25,-0.812366019
1993-01-26,-0.406158244
1993-01-27,-0.203072929
1993-01-28,-0.101534919
1993-01-29,-0.050767072
1993-01-30,-0.025383438
1993-01-31,-0.012691695
1993-02-01,0
1993-02-02,0
1993-02-03,0
1993-02-04,0
1993-02-05,0
1993-02-06,0
1993-02-07,0.00E+00
1993-02-08,0.00E+00
1993-02-09,0.00E+00
1993-02-10,0.00E+00
1993-02-11,0
1993-02-12,0
1993-02-13,0
1993-02-14,0
1993-02-15,0
1993-02-16,0
1993-02-17,0
1993-02-18,0
1993-02-19,0
1993-02-20,0
1993-02-21,0
1993-02-22,0
1993-02-23,0
1993-02-24,0
1993-02-25,0
1993-02-26,-0.193777339
1993-02-27,-0.291708698
1993-02-28,-0.178337867
1993-03-01,-0.089167738
1993-03-02,-0.04458357
1993-03-03,-0.02229171
1993-03-04,-0.011145836
1993-03-05,0
1993-03-06,0
1993-03-07,0
1993-03-08,0
1993-03-09,0
1993-03-10,0
1993-03-11,0.00E+00
1993-03-12,0.00E+00
1993-03-13,0.00E+00
1993-03-14,0.00E+00
1993-03-15,0
1993-03-16,0
1993-03-17,0
1993-03-18,0
1993-03-19,0
1993-03-20,0
1993-03-21,-0.029900221
1993-03-22,-0.081907868
1993-03-23,-0.077714869
1993-03-24,-0.040795565
1993-03-25,-0.02039772
1993-03-26,-0.010198844
1993-03-27,0
1993-03-28,0
1993-03-29,0
1993-03-30,0
1993-03-31,-0.039938931
1993-04-01,-0.05104324
1993-04-02,-0.025521522
1993-04-03,-0.062403453
1993-04-04,-0.070635044
1993-04-05,-0.648916586
1993-04-06,-0.854514621
1993-04-07,-0.461141186
1993-04-08,-0.230562616
1993-04-09,-0.115279311
1993-04-10,-0.234333679
1993-04-11,-0.559269702
1993-04-12,-0.802728175
1993-04-13,-1.08880951
1993-04-14,-0.91560719
1993-04-15,-0.460953469
1993-04-16,-0.230468765
1993-04-17,-0.115232388
1993-04-18,-0.057615695
1993-04-19,-0.028807722
1993-04-20,-0.01440383
1993-04-21,0
1993-04-22,0
1993-04-23,-1.245820041
1993-04-24,-1.93660416
1993-04-25,-1.271129477
1993-04-26,-0.670733651
1993-04-27,-0.476767628
1993-04-28,-1.06353733
1993-04-29,-1.8095616
1993-04-30,-2.9037312
1993-05-01,-2.59034112
1993-05-02,-1.294890583
1993-05-03,-0.647382399
1993-05-04,-0.323675482
1993-05-05,-0.161833808
1993-05-06,-0.08091592
1993-05-07,-0.040457714
1993-05-08,-0.129286094
1993-05-09,-0.151271028
1993-05-10,-0.214218169
1993-05-11,-0.217189389
1993-05-12,-0.108592927
1993-05-13,-0.05429602
1993-05-14,-0.083856952
1993-05-15,-0.086974742
1993-05-16,-0.043487087
1993-05-17,-0.021743472
1993-05-18,-0.039372186
1993-05-19,-0.150408452
1993-05-20,-0.778941122
1993-05-21,-0.880229818
1993-05-22,-0.440085837
1993-05-23,-0.220035654
1993-05-24,-0.110016009
1993-05-25,-0.05500755
1993-05-26,-0.583917618
1993-05-27,-1.43811072
1993-05-28,-1.278335195
1993-05-29,-0.639106302
1993-05-30,-0.319537834
1993-05-31,-0.159765088
1993-06-01,-0.079881582
1993-06-02,-0.153289304
1993-06-03,-0.166681193
1993-06-04,-0.08333955
1993-06-05,-0.041669513
1993-06-06,-0.020834691
1993-06-07,-0.010417329
1993-06-08,0
1993-06-09,-0.067126144
1993-06-10,-1.7736192
1993-06-11,-2.58149376
1993-06-12,-1.93522176
1993-06-13,-1.256594384
1993-06-14,-1.41239808
1993-06-15,-1.329038987
1993-06-16,-0.664453242
1993-06-17,-0.33221006
1993-06-18,-0.16610089
1993-06-19,-0.083049407
1993-06-20,-0.041524444
1993-06-21,-0.020762156
1993-06-22,-0.117119485
1993-06-23,-0.143345894
1993-06-24,-0.071672177
1993-06-25,-0.035835896
1993-06-26,-0.017917899
1993-06-27,0
1993-06-28,0
1993-06-29,0
1993-06-30,0
1993-07-01,-0.028984156
1993-07-02,-0.037070752
1993-07-03,-0.018535324
1993-07-04,0
1993-07-05,-0.096593892
1993-07-06,-0.121344342
1993-07-07,-0.060671617
1993-07-08,-0.03033567
1993-07-09,-0.015167801
1993-07-10,0
1993-07-11,-0.027600508
1993-07-12,-0.032712503
1993-07-13,-0.016356211
1993-07-14,0
1993-07-15,0
1993-07-16,0
1993-07-17,0
1993-07-18,0
1993-07-19,0
1993-07-20,-0.013091388
1993-07-21,-0.01684331
1993-07-22,0
1993-07-23,0
1993-07-24,0
1993-07-25,0
1993-07-26,0
1993-07-27,0
1993-07-28,0
1993-07-29,0.00E+00
1993-07-30,0.00E+00
1993-07-31,0.00E+00
1993-08-01,0
1993-08-02,0
1993-08-03,0
1993-08-04,0
1993-08-05,0
1993-08-06,0
1993-08-07,0
1993-08-08,0
1993-08-09,0
1993-08-10,0
1993-08-11,0
1993-08-12,0
1993-08-13,0
1993-08-14,0
1993-08-15,0
1993-08-16,0
1993-08-17,0
1993-08-18,0
1993-08-19,0.00E+00
1993-08-20,0.00E+00
1993-08-21,0.00E+00
1993-08-22,0
1993-08-23,0
1993-08-24,0
1993-08-25,0
1993-08-26,0
1993-08-27,0
1993-08-28,0
1993-08-29,0
1993-08-30,0.00E+00
1993-08-31,0.00E+00
1993-09-01,0.00E+00
1993-09-02,0
1993-09-03,0
1993-09-04,0
1993-09-05,0
1993-09-06,0
1993-09-07,-0.012883552
1993-09-08,-0.019136755
1993-09-09,-0.101297996
1993-09-10,-0.392474502
1993-09-11,-0.825289579
1993-09-12,-1.044211516
1993-09-13,-3.18892032
1993-09-14,-3.5209728
1993-09-15,-2.69968896
1993-09-16,-2.09585664
1993-09-17,-1.047790744
1993-09-18,-0.52385419
1993-09-19,-0.261916803
1993-09-20,-0.16526986
1993-09-21,-1.73062656
1993-09-22,-2.15253504
1993-09-23,-1.076060782
1993-09-24,-0.537986963
1993-09-25,-0.268982623
1993-09-26,-0.544598941
1993-09-27,-1.028402196
1993-09-28,-0.855996955
1993-09-29,-0.427970981
1993-09-30,-1.55672064
1993-10-01,-5.54217984
1993-10-02,-6.327936
1993-10-03,-5.89510656
1993-10-04,-6.05518848
1993-10-05,-7.07083776
1993-10-06,-7.20285696
1993-10-07,-5.18247936
1993-10-08,-4.96641024
1993-10-09,-4.0207104
1993-10-10,-2.12986368
1993-10-11,-6.85794816
1993-10-12,-7.95045888
1993-10-13,-6.86734848
1993-10-14,-8.59424256
1993-10-15,-6.56833536
1993-10-16,-3.38743296
1993-10-17,-2.48666112
1993-10-18,-1.80707328
1993-10-19,-0.903434356
1993-10-20,-0.877896396
1993-10-21,-0.777461221
1993-10-22,-0.388707932
1993-10-23,-0.410549769
1993-10-24,-0.377003677
1993-10-25,-0.188496502
1993-10-26,-0.094246917
1993-10-27,-0.047123125
1993-10-28,-0.023561479
1993-10-29,-0.011780718
1993-10-30,0
1993-10-31,0
1993-11-01,0
1993-11-02,-0.19849283
1993-11-03,-0.256329529
1993-11-04,-0.128162298
1993-11-05,-0.246454051
1993-11-06,-0.268090173
1993-11-07,-0.223885458
1993-11-08,-0.183306834
1993-11-09,-0.091652155
1993-11-10,-1.265285436
1993-11-11,-1.60109568
1993-11-12,-0.800471614
1993-11-13,-1.023638971
1993-11-14,-1.006963675
1993-11-15,-0.503443801
1993-11-16,-0.251712396
1993-11-17,-0.125853816
1993-11-18,-0.062926313
1993-11-19,-0.031463008
1993-11-20,-0.015731466
1993-11-21,0
1993-11-22,0
1993-11-23,0
1993-11-24,0
1993-11-25,0
1993-11-26,0
1993-11-27,0
1993-11-28,0.00E+00
1993-11-29,-0.904967203
1993-11-30,-1.98567936
1993-12-01,-1.63966464
1993-12-02,-0.849283965
1993-12-03,-0.448112079
1993-12-04,-0.26116992
1993-12-05,-0.160069561
1993-12-06,-0.080033816
1993-12-07,-3.2168448
1993-12-08,-5.11114752
1993-12-09,-3.47687424
1993-12-10,-3.58442496
1993-12-11,-3.37001472
1993-12-12,-2.34911232
1993-12-13,-3.22596864
1993-12-14,-3.06367488
1993-12-15,-5.15303424
1993-12-16,-5.958144
1993-12-17,-3.4864128
1993-12-18,-2.93220864
1993-12-19,-5.60825856
1993-12-20,-6.8027904
1993-12-21,-4.5453312
1993-12-22,-4.271616
1993-12-23,-7.03724544
1993-12-24,-6.88421376
1993-12-25,-5.83206912
1993-12-26,-4.34999808
1993-12-27,-2.17423872
1993-12-28,-1.86748416
1993-12-29,-3.78736128
1993-12-30,-7.06696704
1993-12-31,-12.680064
1994-01-01,-16.76685312
1994-01-02,-14.46861312
1994-01-03,-11.10288384
1994-01-04,-11.28549888
1994-01-05,-18.75115008
1994-01-06,-20.03553792
1994-01-07,-12.61052928
1994-01-08,-7.92999936
1994-01-09,-6.988032
1994-01-10,-5.96547072
1994-01-11,-4.21023744
1994-01-12,-3.89297664
1994-01-13,-3.65050368
1994-01-14,-2.83627008
1994-01-15,-5.37311232
1994-01-16,-5.64793344
1994-01-17,-2.93842944
1994-01-18,-1.46893824
1994-01-19,-1.052525146
1994-01-20,-0.806087462
1994-01-21,-0.553869384
1994-01-22,-0.379614353
1994-01-23,-0.907574948
1994-01-24,-1.321690287
1994-01-25,-1.62445824
1994-01-26,-1.38958848
1994-01-27,-2.2305024
1994-01-28,-2.33473536
1994-01-29,-1.167181789
1994-01-30,-0.583539794
1994-01-31,-0.291757124
1994-02-01,-1.8067968
1994-02-02,-7.41076992
1994-02-03,-9.16683264
1994-02-04,-5.64793344
1994-02-05,-2.82272256
1994-02-06,-2.00918016
1994-02-07,-1.47944448
1994-02-08,-0.995567584
1994-02-09,-2.81954304
1994-02-10,-3.44466432
1994-02-11,-6.60635136
1994-02-12,-6.95706624
1994-02-13,-3.476736
1994-02-14,-2.62268928
1994-02-15,-2.07622656
1994-02-16,-1.087491848
1994-02-17,-1.62196992
1994-02-18,-1.724544
1994-02-19,-1.7473536
1994-02-20,-1.75758336
1994-02-21,-1.6042752
1994-02-22,-2.9673216
1994-02-23,-4.74273792
1994-02-24,-4.11222528
1994-02-25,-2.24750592
1994-02-26,-1.12355113
1994-02-27,-0.768579218
1994-02-28,-0.54857435
1994-03-01,-0.274275888
1994-03-02,-2.3231232
1994-03-03,-3.0488832
1994-03-04,-1.6443648
1994-03-05,-0.82210446
1994-03-06,-0.411026877
1994-03-07,-0.2055071
1994-03-08,-0.102751964
1994-03-09,-0.051375585
1994-03-10,-0.025687693
1994-03-11,-0.012843822
1994-03-12,-0.090054329
1994-03-13,-0.242171942
1994-03-14,-0.224913425
1994-03-15,-0.11245481
1994-03-16,-0.05622693
1994-03-17,-0.028113346
1994-03-18,-0.014056643
1994-03-19,-0.230440785
1994-03-20,-1.018930724
1994-03-21,-1.3969152
1994-03-22,-0.945161921
1994-03-23,-0.472547451
1994-03-24,-0.236265348
1994-03-25,-0.118130577
1994-03-26,-0.059064764
1994-03-27,-0.029532251
1994-03-28,-0.014766092
1994-03-29,0
1994-03-30,-0.834798528
1994-03-31,-1.44751104
1994-04-01,-1.52395776
1994-04-02,-1.164038225
1994-04-03,-2.38464
1994-04-04,-3.70192896
1994-04-05,-2.9645568
1994-04-06,-4.57588224
1994-04-07,-4.8563712
1994-04-08,-5.3547264
1994-04-09,-4.95963648
1994-04-10,-2.93289984
1994-04-11,-1.74334464
1994-04-12,-0.871586473
1994-04-13,-1.49409792
1994-04-14,-1.58754816
1994-04-15,-0.793676953
1994-04-16,-0.396814851
1994-04-17,-0.198401509
1994-04-18,-0.099199278
1994-04-19,-0.049599269
1994-04-20,-0.024799541
1994-04-21,-0.012399748
1994-04-22,0
1994-04-23,0
1994-04-24,0
1994-04-25,0
1994-04-26,-0.156205795
1994-04-27,-0.201874181
1994-04-28,-0.100935563
1994-04-29,-0.050467398
1994-04-30,-0.025233604
1994-05-01,-0.012616777
1994-05-02,0
1994-05-03,0
1994-05-04,0
1994-05-05,-0.031064538
1994-05-06,-0.039581882
1994-05-07,-0.083314751
1994-05-08,-0.09211693
1994-05-09,-0.046058147
1994-05-10,-0.023028992
1994-05-11,-0.128184348
1994-05-12,-0.156767091
1994-05-13,-0.078382619
1994-05-14,-0.039191079
1994-05-15,-0.019595481
1994-05-16,-0.105118917
1994-05-17,-0.128276634
1994-05-18,-0.064137699
1994-05-19,-0.189633637
1994-05-20,-0.45339246
1994-05-21,-0.412098375
1994-05-22,-0.231556645
1994-05-23,-0.13604309
1994-05-24,-0.06802085
1994-05-25,-0.034010251
1994-05-26,-0.085863868
1994-05-27,-0.097629203
1994-05-28,-0.048814243
1994-05-29,-0.024407032
1994-05-30,-0.012203493
1994-05-31,0
1994-06-01,-1.070042365
1994-06-02,-1.5821568
1994-06-03,-0.949658702
1994-06-04,-0.763614397
1994-06-05,-0.611199724
1994-06-06,-0.305585851
1994-06-07,-0.152789414
1994-06-08,-0.076393832
1994-06-09,-0.038196696
1994-06-10,-0.019098293
1994-06-11,0
1994-06-12,0
1994-06-13,0
1994-06-14,0
1994-06-15,0
1994-06-16,0
1994-06-17,0
1994-06-18,0.00E+00
1994-06-19,0.00E+00
1994-06-20,0.00E+00
1994-06-21,0
1994-06-22,0
1994-06-23,0
1994-06-24,-0.117419671
1994-06-25,-0.293330945
1994-06-26,-0.258942749
1994-06-27,-0.129468854
1994-06-28,-0.064733797
1994-06-29,-0.032366741
1994-06-30,-0.016183331
1994-07-01,0
1994-07-02,0
1994-07-03,0
1994-07-04,0
1994-07-05,0
1994-07-06,0
1994-07-07,0
1994-07-08,0.00E+00
1994-07-09,0.00E+00
1994-07-10,0.00E+00
1994-07-11,0
1994-07-12,0
1994-07-13,0
1994-07-14,0
1994-07-15,0
1994-07-16,0
1994-07-17,0.00E+00
1994-07-18,0.00E+00
1994-07-19,0.00E+00
1994-07-20,0.00E+00
1994-07-21,0.00E+00
1994-07-22,0
1994-07-23,0
1994-07-24,0
1994-07-25,0
1994-07-26,0
1994-07-27,0
1994-07-28,0
1994-07-29,0
1994-07-30,-0.087173874
1994-07-31,-0.121091546
1994-08-01,-0.067172679
1994-08-02,-0.03358617
1994-08-03,-0.016793043
1994-08-04,0
1994-08-05,0
1994-08-06,0
1994-08-07,-0.040910909
1994-08-08,-0.052119107
1994-08-09,-0.043885339
1994-08-10,-0.640913901
1994-08-11,-0.800842512
1994-08-12,-0.400397189
1994-08-13,-0.200192574
1994-08-14,-0.100094786
1994-08-15,-0.050047016
1994-08-16,-0.025023414
1994-08-17,-0.046972535
1994-08-18,-0.050860047
1994-08-19,-0.025429925
1994-08-20,-0.012714938
1994-08-21,0
1994-08-22,0
1994-08-23,0
1994-08-24,-0.03579142
1994-08-25,-0.079394123
1994-08-26,-0.066465433
1994-08-27,-0.03323255
1994-08-28,-0.016616234
1994-08-29,0
1994-08-30,0
1994-08-31,0
1994-09-01,-0.020973178
1994-09-02,-0.026321636
1994-09-03,-0.013160791
1994-09-04,0
1994-09-05,-0.011288242
1994-09-06,-0.028032371
1994-09-07,-0.124460381
1994-09-08,-0.282879738
1994-09-09,-0.31932135
1994-09-10,-0.314816316
1994-09-11,-0.959918709
1994-09-12,-1.051663786
1994-09-13,-0.876357163
1994-09-14,-2.14797312
1994-09-15,-4.09010688
1994-09-16,-3.5983872
1994-09-17,-1.84743936
1994-09-18,-0.923613387
1994-09-19,-3.2223744
1994-09-20,-3.80312064
1994-09-21,-1.99784448
1994-09-22,-3.60861696
1994-09-23,-5.08958208
1994-09-24,-3.55567104
1994-09-25,-2.01457152
1994-09-26,-2.26962432
1994-09-27,-1.98775296
1994-09-28,-0.993702159
1994-09-29,-0.496814045
1994-09-30,-0.248397761
1994-10-01,-0.124196563
1994-10-02,-0.503818072
1994-10-03,-0.602763338
1994-10-04,-0.301368038
1994-10-05,-0.150680605
1994-10-06,-0.075339452
1994-10-07,-0.037669512
1994-10-08,-0.018834702
1994-10-09,0
1994-10-10,0
1994-10-11,0
1994-10-12,0
1994-10-13,0
1994-10-14,0
1994-10-15,0
1994-10-16,0.00E+00
1994-10-17,0.00E+00
1994-10-18,-0.127645528
1994-10-19,-1.1522321
1994-10-20,-1.50253056
1994-10-21,-2.08977408
1994-10-22,-4.94028288
1994-10-23,-5.71014144
1994-10-24,-4.99433472
1994-10-25,-5.920128
1994-10-26,-5.14612224
1994-10-27,-4.11692544
1994-10-28,-3.0592512
1994-10-29,-2.9852928
1994-10-30,-2.64881664
1994-10-31,-1.324121956
1994-11-01,-0.775216577
1994-11-02,-0.477521022
1994-11-03,-0.943548342
1994-11-04,-5.00898816
1994-11-05,-6.00846336
1994-11-06,-3.2783616
1994-11-07,-1.93314816
1994-11-08,-1.68486912
1994-11-09,-5.14446336
1994-11-10,-6.67049472
1994-11-11,-5.54522112
1994-11-12,-5.58683136
1994-11-13,-4.12867584
1994-11-14,-2.06364672
1994-11-15,-2.04885504
1994-11-16,-3.8893824
1994-11-17,-3.93527808
1994-11-18,-2.668032
1994-11-19,-1.66496256
1994-11-20,-0.832365601
1994-11-21,-0.416156811
1994-11-22,-0.208071908
1994-11-23,-0.104034328
1994-11-24,-0.052016756
1994-11-25,-0.026008276
1994-11-26,-0.013004113
1994-11-27,0
1994-11-28,0
1994-11-29,0
1994-11-30,0
1994-12-01,0
1994-12-02,0
1994-12-03,-0.015130535
1994-12-04,-1.26447817
1994-12-05,-2.92972032
1994-12-06,-2.50394112
1994-12-07,-2.1454848
1994-12-08,-7.05106944
1994-12-09,-13.53977856
1994-12-10,-11.47723776
1994-12-11,-5.80027392
1994-12-12,-2.8988928
1994-12-13,-1.44916992
1994-12-14,-0.92836395
1994-12-15,-0.626092153
1994-12-16,-0.426941633
1994-12-17,-0.303947002
1994-12-18,-2.25773568
1994-12-19,-3.35038464
1994-12-20,-2.25068544
1994-12-21,-2.74088448
1994-12-22,-2.56545792
1994-12-23,-1.282459903
1994-12-24,-0.641168262
1994-12-25,-0.320568703
1994-12-26,-1.104549848
1994-12-27,-4.10752512
1994-12-28,-4.28087808
1994-12-29,-6.16038912
1994-12-30,-8.90431488
1994-12-31,-7.95115008
1995-01-01,-5.09372928
1995-01-02,-2.54596608
1995-01-03,-1.272706629
1995-01-04,-0.636292565
1995-01-05,-1.046700541
1995-01-06,-1.102000772
1995-01-07,-0.550954829
1995-01-08,-1.43728128
1995-01-09,-1.64132352
1995-01-10,-0.820526451
1995-01-11,-0.5477576
1995-01-12,-0.383103876
1995-01-13,-0.191546436
1995-01-14,-0.095771838
1995-01-15,-0.047885574
1995-01-16,-0.023942701
1995-01-17,-2.19442176
1995-01-18,-4.52127744
1995-01-19,-4.92936192
1995-01-20,-5.06608128
1995-01-21,-15.75092736
1995-01-22,-24.32650752
1995-01-23,-19.07753472
1995-01-24,-12.09295872
1995-01-25,-7.18391808
1995-01-26,-4.73513472
1995-01-27,-4.96226304
1995-01-28,-5.42979072
1995-01-29,-6.4433664
1995-01-30,-5.1660288
1995-01-31,-2.58204672
1995-02-01,-2.6942976
1995-02-02,-2.46150144
1995-02-03,-1.230541881
1995-02-04,-1.66828032
1995-02-05,-1.8510336
1995-02-06,-1.068942238
1995-02-07,-0.534428251
1995-02-08,-3.94108416
1995-02-09,-5.46918912
1995-02-10,-3.3924096
1995-02-11,-3.55428864
1995-02-12,-3.60032256
1995-02-13,-3.80837376
1995-02-14,-6.64492032
1995-02-15,-7.50394368
1995-02-16,-5.88860928
1995-02-17,-7.0405632
1995-02-18,-6.14877696
1995-02-19,-3.7248768
1995-02-20,-2.3798016
1995-02-21,-1.291516006
1995-02-22,-2.33846784
1995-02-23,-4.5004032
1995-02-24,-7.32492288
1995-02-25,-8.8584192
1995-02-26,-6.38074368
1995-02-27,-3.18878208
1995-02-28,-1.59404544
1995-03-01,-1.42857216
1995-03-02,-4.866048
1995-03-03,-5.89068288
1995-03-04,-3.82219776
1995-03-05,-3.02372352
1995-03-06,-2.12226048
1995-03-07,-5.38057728
1995-03-08,-6.11877888
1995-03-09,-3.05800704
1995-03-10,-1.52865792
1995-03-11,-0.76423392
1995-03-12,-0.382095042
1995-03-13,-0.19104204
1995-03-14,-0.47799965
1995-03-15,-0.542801461
1995-03-16,-0.446496095
1995-03-17,-2.47601664
1995-03-18,-3.96417024
1995-03-19,-5.99851008
1995-03-20,-5.5268352
1995-03-21,-2.76231168
1995-03-22,-1.380844703
1995-03-23,-0.690350833
1995-03-24,-0.345157535
1995-03-25,-0.172574296
1995-03-26,-0.086286029
1995-03-27,-0.043142735
1995-03-28,-1.41696
1995-03-29,-1.81661184
1995-03-30,-0.908178103
1995-03-31,-0.454058114
1995-04-01,-0.227021322
1995-04-02,-0.113508726
1995-04-03,-0.056753879
1995-04-04,-0.028376818
1995-04-05,-0.014188379
1995-04-06,0
1995-04-07,0
1995-04-08,0
1995-04-09,0
1995-04-10,0
1995-04-11,0
1995-04-12,0
1995-04-13,0.00E+00
1995-04-14,0.00E+00
1995-04-15,0.00E+00
1995-04-16,0
1995-04-17,0
1995-04-18,-0.151366759
1995-04-19,-0.221336285
1995-04-20,-0.130857677
1995-04-21,-0.09241642
1995-04-22,-0.150793367
1995-04-23,-0.141443353
1995-04-24,-0.18586415
1995-04-25,-0.378370331
1995-04-26,-0.388810658
1995-04-27,-0.230581168
1995-04-28,-0.115288591
1995-04-29,-0.389519373
1995-04-30,-0.458369833
1995-05-01,-0.229177037
1995-05-02,-0.114586543
1995-05-03,-0.057292779
1995-05-04,-0.028646266
1995-05-05,-0.014323102
1995-05-06,0
1995-05-07,0
1995-05-08,0
1995-05-09,0
1995-05-10,0
1995-05-11,-0.070004258
1995-05-12,-0.101117666
1995-05-13,-0.059046877
1995-05-14,-0.029523307
1995-05-15,-0.026707633
1995-05-16,-0.234010142
1995-05-17,-0.811910615
1995-05-18,-0.824663462
1995-05-19,-0.412306219
1995-05-20,-0.206146737
1995-05-21,-0.10307177
1995-05-22,-0.051535485
1995-05-23,-0.025767643
1995-05-24,-0.260204341
1995-05-25,-0.326553486
1995-05-26,-0.163272748
1995-05-27,-0.08163537
1995-05-28,-0.040817435
1995-05-29,-0.020408655
1995-05-30,-0.010204311
1995-05-31,0
1995-06-01,0
1995-06-02,0
1995-06-03,0
1995-06-04,0
1995-06-05,0
1995-06-06,0.00E+00
1995-06-07,0.00E+00
1995-06-08,0.00E+00
1995-06-09,0
1995-06-10,0
1995-06-11,0
1995-06-12,0
1995-06-13,0
1995-06-14,0
1995-06-15,0
1995-06-16,0
1995-06-17,0
1995-06-18,0
1995-06-19,0
1995-06-20,0
1995-06-21,0.00E+00
1995-06-22,0.00E+00
1995-06-23,0.00E+00
1995-06-24,0
1995-06-25,0
1995-06-26,0
1995-06-27,0
1995-06-28,0
1995-06-29,0
1995-06-30,0
1995-07-01,0
1995-07-02,0
1995-07-03,0
1995-07-04,0
1995-07-05,0
1995-07-06,0
1995-07-07,0
1995-07-08,0
1995-07-09,0
1995-07-10,-0.036437761
1995-07-11,-0.047110308
1995-07-12,-0.02355507
1995-07-13,-0.011777514
1995-07-14,-0.021485443
1995-07-15,-0.26953908
1995-07-16,-0.330495151
1995-07-17,-0.16524347
1995-07-18,-0.082620712
1995-07-19,-0.041310099
1995-07-20,-0.020654986
1995-07-21,-0.010327476
1995-07-22,0
1995-07-23,0
1995-07-24,0
1995-07-25,0
1995-07-26,0
1995-07-27,0
1995-07-28,0.00E+00
1995-07-29,0.00E+00
1995-07-30,0.00E+00
1995-07-31,0
1995-08-01,0
1995-08-02,0
1995-08-03,0
1995-08-04,-0.034832948
1995-08-05,-0.044998158
1995-08-06,-0.052838349
1995-08-07,-0.085708705
1995-08-08,-0.070806854
1995-08-09,-0.035403238
1995-08-10,-0.017701571
1995-08-11,0
1995-08-12,0
1995-08-13,0
1995-08-14,0
1995-08-15,0
1995-08-16,0
1995-08-17,0
1995-08-18,0.00E+00
1995-08-19,0.00E+00
1995-08-20,0.00E+00
1995-08-21,0
1995-08-22,0
1995-08-23,0
1995-08-24,0
1995-08-25,0
1995-08-26,0
1995-08-27,0
1995-08-28,0
1995-08-29,0.00E+00
1995-08-30,0.00E+00
1995-08-31,0.00E+00
1995-09-01,0
1995-09-02,0
1995-09-03,0
1995-09-04,0
1995-09-05,0
1995-09-06,-0.02972614
1995-09-07,-0.330863533
1995-09-08,-0.397678409
1995-09-09,-0.198833274
1995-09-10,-0.148860371
1995-09-11,-0.113705871
1995-09-12,-0.05685245
1995-09-13,-0.028426103
1995-09-14,-0.172458229
1995-09-15,-0.584944782
1995-09-16,-0.588752741
1995-09-17,-0.620297492
1995-09-18,-0.569029847
1995-09-19,-2.14382592
1995-09-20,-2.54831616
1995-09-21,-1.273918717
1995-09-22,-0.636898485
1995-09-23,-0.318434029
1995-09-24,-0.544901894
1995-09-25,-0.578798286
1995-09-26,-0.28938657
1995-09-27,-0.373716164
1995-09-28,-0.368774789
1995-09-29,-0.184382286
1995-09-30,-0.092189867
1995-10-01,-0.046094614
1995-10-02,-0.023047226
1995-10-03,-0.011523593
1995-10-04,0
1995-10-05,0
1995-10-06,0
1995-10-07,0
1995-10-08,0
1995-10-09,0
1995-10-10,0.00E+00
1995-10-11,0.00E+00
1995-10-12,0.00E+00
1995-10-13,0.00E+00
1995-10-14,0
1995-10-15,0
1995-10-16,0
1995-10-17,0
1995-10-18,0
1995-10-19,0
1995-10-20,0
1995-10-21,0
1995-10-22,0
1995-10-23,0
1995-10-24,-0.025859123
1995-10-25,-0.033470669
1995-10-26,-0.016735292
1995-10-27,0
1995-10-28,-0.134551377
1995-10-29,-0.440052563
1995-10-30,-0.43386841
1995-10-31,-0.216927148
1995-11-01,-0.108461805
1995-11-02,-0.05423046
1995-11-03,-0.027115119
1995-11-04,-0.013557532
1995-11-05,0
1995-11-06,0
1995-11-07,0
1995-11-08,0
1995-11-09,0
1995-11-10,-0.023981899
1995-11-11,-0.511386698
1995-11-12,-0.803745082
1995-11-13,-0.557552402
1995-11-14,-0.475456007
1995-11-15,-0.71562022
1995-11-16,-2.09599488
1995-11-17,-2.21612544
1995-11-18,-1.107885427
1995-11-19,-0.553896673
1995-11-20,-0.276936828
1995-11-21,-2.11009536
1995-11-22,-2.62061568
1995-11-23,-1.310072694
1995-11-24,-0.654971969
1995-11-25,-2.3452416
1995-11-26,-3.07611648
1995-11-27,-2.24322048
1995-11-28,-1.49174784
1995-11-29,-0.745797211
1995-11-30,-0.372877738
1995-12-01,-0.411323111
1995-12-02,-2.37897216
1995-12-03,-3.38259456
1995-12-04,-2.2581504
1995-12-05,-1.195177048
1995-12-06,-0.597534935
1995-12-07,-0.298754072
1995-12-08,-0.149373684
1995-12-09,-0.074686006
1995-12-10,-0.037342793
1995-12-11,-0.018671344
1995-12-12,0
1995-12-13,0
1995-12-14,0
1995-12-15,-0.860995215
1995-12-16,-3.10722048
1995-12-17,-4.10102784
1995-12-18,-2.94824448
1995-12-19,-1.57911552
1995-12-20,-0.789453541
1995-12-21,-0.75996717
1995-12-22,-2.99331072
1995-12-23,-5.07396096
1995-12-24,-6.27360768
1995-12-25,-7.83226368
1995-12-26,-7.13207808
1995-12-27,-4.340736
1995-12-28,-2.1696768
1995-12-29,-2.09585664
1995-12-30,-4.38898176
1995-12-31,-5.06221056
1996-01-01,-7.00724736
1996-01-02,-6.5187072
1996-01-03,-3.25776384
1996-01-04,-1.79905536
1996-01-05,-2.59504128
1996-01-06,-6.286464
1996-01-07,-6.80334336
1996-01-08,-4.83342336
1996-01-09,-3.83463936
1996-01-10,-3.07736064
1996-01-11,-3.96721152
1996-01-12,-3.54392064
1996-01-13,-1.77735168
1996-01-14,-0.888556539
1996-01-15,-0.444248645
1996-01-16,-0.222116913
1996-01-17,-0.111056607
1996-01-18,-0.05552784
1996-01-19,-0.027763804
1996-01-20,-0.013881873
1996-01-21,0
1996-01-22,-3.81639168
1996-01-23,-7.88534784
1996-01-24,-6.28273152
1996-01-25,-3.13998336
1996-01-26,-1.56957696
1996-01-27,-0.784701914
1996-01-28,-0.392327857
1996-01-29,-0.19615815
1996-01-30,-0.098077632
1996-01-31,-0.049038454
1996-02-01,-0.024519137
1996-02-02,-0.012259545
1996-02-03,0
1996-02-04,0
1996-02-05,-3.28790016
1996-02-06,-5.24178432
1996-02-07,-5.79184128
1996-02-08,-4.79015424
1996-02-09,-3.04100352
1996-02-10,-2.7378432
1996-02-11,-2.6390016
1996-02-12,-3.65810688
1996-02-13,-3.23744256
1996-02-14,-1.61837568
1996-02-15,-0.809078672
1996-02-16,-0.404514778
1996-02-17,-0.202251244
1996-02-18,-1.86084864
1996-02-19,-2.46523392
1996-02-20,-1.341558264
1996-02-21,-0.670711629
1996-02-22,-0.727056346
1996-02-23,-0.679855583
1996-02-24,-0.61536784
1996-02-25,-1.52851968
1996-02-26,-1.9436544
1996-02-27,-1.27437943
1996-02-28,-0.637128806
1996-02-29,-0.318549169
1996-03-01,-0.159270783
1996-03-02,-0.079634435
1996-03-03,-0.03981698
1996-03-04,-0.019908429
1996-03-05,0
1996-03-06,0
1996-03-07,0
1996-03-08,-0.519494861
1996-03-09,-0.671387139
1996-03-10,-0.335676663
1996-03-11,-0.167834101
1996-03-12,-0.083915993
1996-03-13,-0.041957731
1996-03-14,-0.020978799
1996-03-15,-0.010489383
1996-03-16,0
1996-03-17,0
1996-03-18,0
1996-03-19,-0.210417924
1996-03-20,-0.271828293
1996-03-21,-0.135911371
1996-03-22,-0.067954991
1996-03-23,-0.033977321
1996-03-24,-0.087359976
1996-03-25,-0.099578741
1996-03-26,-0.314781604
1996-03-27,-0.409983289
1996-03-28,-0.238431431
1996-03-29,-0.119213581
1996-03-30,-0.059606257
1996-03-31,-0.029802994
1996-04-01,-0.233853724
1996-04-02,-0.290845445
1996-04-03,-0.14541955
1996-04-04,-0.07270898
1996-04-05,-0.03635429
1996-04-06,-0.018177096
1996-04-07,0
1996-04-08,0
1996-04-09,0
1996-04-10,-0.051476787
1996-04-11,-0.065726219
1996-04-12,-0.032862946
1996-04-13,-0.016431433
1996-04-14,0
1996-04-15,0
1996-04-16,-0.032183284
1996-04-17,-0.044581181
1996-04-18,-0.025909892
1996-04-19,-0.01295492
1996-04-20,0
1996-04-21,0
1996-04-22,-0.324911223
1996-04-23,-0.424117362
1996-04-24,-0.215918494
1996-04-25,-0.107957495
1996-04-26,-0.05397831
1996-04-27,-0.026989044
1996-04-28,-0.013494495
1996-04-29,0
1996-04-30,0
1996-05-01,-0.237336003
1996-05-02,-0.748369111
1996-05-03,-0.72566102
1996-05-04,-0.362810756
1996-05-05,-0.181400436
1996-05-06,-0.090698983
1996-05-07,-0.209819967
1996-05-08,-0.964269854
1996-05-09,-1.060909305
1996-05-10,-0.530412434
1996-05-11,-0.265195662
1996-05-12,-0.132595191
1996-05-13,-0.066296935
1996-05-14,-0.033148301
1996-05-15,-0.016574109
1996-05-16,-0.12338355
1996-05-17,-0.15311696
1996-05-18,-0.311412681
1996-05-19,-0.342254924
1996-05-20,-0.171123066
1996-05-21,-0.088584662
1996-05-22,-0.046694326
1996-05-23,-0.023347081
1996-05-24,-0.016940708
1996-05-25,-1.069940897
1996-05-26,-1.38392064
1996-05-27,-0.699293911
1996-05-28,-0.349628604
1996-05-29,-0.174809719
1996-05-30,-0.087403711
1996-05-31,-0.043701568
1996-06-01,-0.021850712
1996-06-02,-0.010925338
1996-06-03,0
1996-06-04,0
1996-06-05,0
1996-06-06,0
1996-06-07,0
1996-06-08,0
1996-06-09,0.00E+00
1996-06-10,0.00E+00
1996-06-11,0.00E+00
1996-06-12,0.00E+00
1996-06-13,0
1996-06-14,0
1996-06-15,0
1996-06-16,0
1996-06-17,0
1996-06-18,0
1996-06-19,0
1996-06-20,0
1996-06-21,-0.118746138
1996-06-22,-0.153697319
1996-06-23,-0.076847775
1996-06-24,-0.038423666
1996-06-25,-0.019211777
1996-06-26,0
1996-06-27,0
1996-06-28,0
1996-06-29,0
1996-06-30,0
1996-07-01,0
1996-07-02,0
1996-07-03,-0.031380455
1996-07-04,-0.045621427
1996-07-05,-0.040335729
1996-07-06,-0.084797381
1996-07-07,-0.100615529
1996-07-08,-0.062539461
1996-07-09,-0.031269584
1996-07-10,-0.015634755
1996-07-11,0
1996-07-12,0
1996-07-13,0
1996-07-14,0
1996-07-15,0
1996-07-16,0
1996-07-17,0
1996-07-18,0.00E+00
1996-07-19,0.00E+00
1996-07-20,0.00E+00
1996-07-21,0
1996-07-22,0
1996-07-23,0
1996-07-24,0
1996-07-25,0
1996-07-26,0
1996-07-27,0
1996-07-28,0
1996-07-29,0
1996-07-30,0
1996-07-31,0
1996-08-01,0
1996-08-02,0
1996-08-03,0
1996-08-04,0
1996-08-05,0
1996-08-06,0
1996-08-07,-0.012076519
1996-08-08,0
1996-08-09,0
1996-08-10,-0.179463458
1996-08-11,-0.231085509
1996-08-12,-0.115540747
1996-08-13,-0.057769871
1996-08-14,-0.02888481
1996-08-15,-0.014442374
1996-08-16,0
1996-08-17,0
1996-08-18,0
1996-08-19,0
1996-08-20,0
1996-08-21,0
1996-08-22,0
1996-08-23,0
1996-08-24,-0.019677137
1996-08-25,-0.023604459
1996-08-26,-0.011802208
1996-08-27,0
1996-08-28,0
1996-08-29,0
1996-08-30,0
1996-08-31,0
1996-09-01,0
1996-09-02,0.00E+00
1996-09-03,0.00E+00
1996-09-04,0.00E+00
1996-09-05,0.00E+00
1996-09-06,0
1996-09-07,0
1996-09-08,0
1996-09-09,0
1996-09-10,0
1996-09-11,0
1996-09-12,0
1996-09-13,0
1996-09-14,0
1996-09-15,0
1996-09-16,0
1996-09-17,0
1996-09-18,-0.022300007
1996-09-19,-0.037710668
1996-09-20,-0.025882661
1996-09-21,-0.012941305
1996-09-22,0
1996-09-23,0
1996-09-24,-0.032112823
1996-09-25,-0.079650594
1996-09-26,-0.113743417
1996-09-27,-0.090745743
1996-09-28,-0.045372562
1996-09-29,-0.022686203
1996-09-30,-0.458866405
1996-10-01,-1.9581696
1996-10-02,-2.06972928
1996-10-03,-1.03469325
1996-10-04,-0.561999859
1996-10-05,-0.316489794
1996-10-06,-0.15824113
1996-10-07,-0.079119628
1996-10-08,-0.039559578
1996-10-09,-0.01977973
1996-10-10,0
1996-10-11,0
1996-10-12,0
1996-10-13,0
1996-10-14,0
1996-10-15,0
1996-10-16,-0.299695639
1996-10-17,-0.386709079
1996-10-18,-0.19334892
1996-10-19,-0.096673058
1996-10-20,-0.115521701
1996-10-21,-0.127524982
1996-10-22,-0.076786189
1996-10-23,-0.038392873
1996-10-24,-0.019196381
1996-10-25,0
1996-10-26,-0.050127495
1996-10-27,-0.061070088
1996-10-28,-0.213307417
1996-10-29,-0.251834435
1996-10-30,-0.12591484
1996-10-31,-0.080394759
1996-11-01,-0.054048915
1996-11-02,-0.027024347
1996-11-03,-0.013512146
1996-11-04,-0.863251085
1996-11-05,-1.111892991
1996-11-06,-1.301012126
1996-11-07,-1.43659008
1996-11-08,-0.872521832
1996-11-09,-0.436232356
1996-11-10,-2.59877376
1996-11-11,-4.76361216
1996-11-12,-4.87655424
1996-11-13,-3.42669312
1996-11-14,-1.71293184
1996-11-15,-0.89176361
1996-11-16,-0.521147506
1996-11-17,-0.878957955
1996-11-18,-1.093420906
1996-11-19,-5.75963136
1996-11-20,-6.89582592
1996-11-21,-5.36744448
1996-11-22,-4.21092864
1996-11-23,-2.10691584
1996-11-24,-4.63629312
1996-11-25,-5.94072576
1996-11-26,-4.61348352
1996-11-27,-4.0137984
1996-11-28,-2.72388096
1996-11-29,-2.81152512
1996-11-30,-2.82203136
1996-12-01,-2.10456576
1996-12-02,-1.43258112
1996-12-03,-5.33647872
1996-12-04,-8.3096064
1996-12-05,-8.89311744
1996-12-06,-7.634304
1996-12-07,-4.34792448
1996-12-08,-2.17327104
1996-12-09,-1.086448924
1996-12-10,-0.543180184
1996-12-11,-0.795569002
1996-12-12,-1.232623609
1996-12-13,-1.66192128
1996-12-14,-1.39719168
1996-12-15,-0.698522518
1996-12-16,-0.58165456
1996-12-17,-0.515036303
1996-12-18,-0.850058842
1996-12-19,-1.43866368
1996-12-20,-1.170337601
1996-12-21,-1.243102118
1996-12-22,-1.60261632
1996-12-23,-1.9084032
1996-12-24,-2.72650752
1996-12-25,-2.69650944
1996-12-26,-1.66123008
1996-12-27,-0.830545644
1996-12-28,-0.415246943
1996-12-29,-0.207617002
1996-12-30,-0.103806882
1996-12-31,-0.051903036
1997-01-01,-0.025951416
1997-01-02,-0.012975683
1997-01-03,0
1997-01-04,-0.081749869
1997-01-05,-0.10323535
1997-01-06,-0.051617273
1997-01-07,-0.025808537
1997-01-08,-0.347079984
1997-01-09,-0.438978507
1997-01-10,-0.219482031
1997-01-11,-0.109739203
1997-01-12,-0.054869149
1997-01-13,-0.027434461
1997-01-14,-0.013717202
1997-01-15,0
1997-01-16,-0.037198413
1997-01-17,-0.778346344
1997-01-18,-1.97102592
1997-01-19,-1.77942528
1997-01-20,-0.88960437
1997-01-21,-4.22005248
1997-01-22,-5.10700032
1997-01-23,-3.15297792
1997-01-24,-2.30764032
1997-01-25,-1.35571516
1997-01-26,-0.677788646
1997-01-27,-0.338877085
1997-01-28,-0.169434229
1997-01-29,-0.084716038
1997-01-30,-0.042357749
1997-01-31,-0.021178806
1997-02-01,-0.010589386
1997-02-02,-0.796224716
1997-02-03,-1.026311469
1997-02-04,-1.158499847
1997-02-05,-1.091820723
1997-02-06,-0.545865648
1997-02-07,-0.272921647
1997-02-08,-0.136458026
1997-02-09,-0.068228313
1997-02-10,-1.106033993
1997-02-11,-1.85476608
1997-02-12,-2.7343872
1997-02-13,-6.0079104
1997-02-14,-8.12726784
1997-02-15,-5.92994304
1997-02-16,-3.40512768
1997-02-17,-2.52799488
1997-02-18,-1.71929088
1997-02-19,-0.921533566
1997-02-20,-0.460734926
1997-02-21,-0.2303595
1997-02-22,-0.115177755
1997-02-23,-1.59791616
1997-02-24,-7.67674368
1997-02-25,-10.1689344
1997-02-26,-6.5788416
1997-02-27,-3.31471872
1997-02-28,-1.65694464
1997-03-01,-0.828378068
1997-03-02,-0.414163294
1997-03-03,-0.207075212
1997-03-04,-0.103535994
1997-03-05,-0.051767594
1997-03-06,-0.025883695
1997-03-07,-0.012941823
1997-03-08,0
1997-03-09,0
1997-03-10,0
1997-03-11,0
1997-03-12,0
1997-03-13,0
1997-03-14,0
1997-03-15,0.00E+00
1997-03-16,0.00E+00
1997-03-17,0.00E+00
1997-03-18,0
1997-03-19,0
1997-03-20,0
1997-03-21,0
1997-03-22,0
1997-03-23,0
1997-03-24,-0.083948209
1997-03-25,-0.108657487
1997-03-26,-0.054328301
1997-03-27,-0.027164038
1997-03-28,-0.013581991
1997-03-29,0
1997-03-30,0
1997-03-31,0
1997-04-01,0
1997-04-02,0
1997-04-03,0
1997-04-04,0
1997-04-05,0.00E+00
1997-04-06,0.00E+00
1997-04-07,0.00E+00
1997-04-08,0
1997-04-09,0
1997-04-10,0
1997-04-11,0
1997-04-12,0
1997-04-13,0
1997-04-14,0
1997-04-15,0
1997-04-16,0
1997-04-17,0
1997-04-18,0
1997-04-19,0
1997-04-20,0
1997-04-21,0
1997-04-22,0
1997-04-23,0
1997-04-24,0
1997-04-25,0
1997-04-26,-0.052787153
1997-04-27,-0.077419082
1997-04-28,-0.04593342
1997-04-29,-0.02296663
1997-04-30,-0.011483295
1997-05-01,0
1997-05-02,0
1997-05-03,0
1997-05-04,-0.109131705
1997-05-05,-0.432586939
1997-05-06,-0.681943145
1997-05-07,-0.535021549
1997-05-08,-0.930422025
1997-05-09,-0.994350118
1997-05-10,-0.589268404
1997-05-11,-0.790514989
1997-05-12,-0.734954011
1997-05-13,-1.63496448
1997-05-14,-1.8240768
1997-05-15,-0.911929066
1997-05-16,-0.870396558
1997-05-17,-0.974450249
1997-05-18,-1.177553563
1997-05-19,-1.53294336
1997-05-20,-1.97282304
1997-05-21,-1.6111872
1997-05-22,-0.805485648
1997-05-23,-0.402718487
1997-05-24,-0.569961972
1997-05-25,-0.577760781
1997-05-26,-0.288867866
1997-05-27,-0.144430802
1997-05-28,-0.072214617
1997-05-29,-0.036107113
1997-05-30,-0.018053507
1997-05-31,0
1997-06-01,0
1997-06-02,0
1997-06-03,0
1997-06-04,0
1997-06-05,0
1997-06-06,-0.026399317
1997-06-07,-0.034057827
1997-06-08,-0.017028869
1997-06-09,0
1997-06-10,-0.054818758
1997-06-11,-0.067572602
1997-06-12,-0.03378613
1997-06-13,-0.026902849
1997-06-14,-0.02140269
1997-06-15,-0.010701328
1997-06-16,0
1997-06-17,0
1997-06-18,0
1997-06-19,-0.057857575
1997-06-20,-0.222943076
1997-06-21,-0.365687544
1997-06-22,-0.371063269
1997-06-23,-0.456547028
1997-06-24,-0.393040083
1997-06-25,-0.611655045
1997-06-26,-1.10271727
1997-06-27,-1.39968
1997-06-28,-1.45552896
1997-06-29,-3.23564544
1997-06-30,-4.71025152
1997-07-01,-4.30424064
1997-07-02,-3.24808704
1997-07-03,-2.58135552
1997-07-04,-2.51430912
1997-07-05,-1.82117376
1997-07-06,-0.910482841
1997-07-07,-0.455210316
1997-07-08,-0.227597382
1997-07-09,-0.113796747
1997-07-10,-0.512776894
1997-07-11,-0.618488276
1997-07-12,-0.309229789
1997-07-13,-0.154611307
1997-07-14,-0.077304755
1997-07-15,-0.038652153
1997-07-16,-0.01932602
1997-07-17,0
1997-07-18,0
1997-07-19,0
1997-07-20,0
1997-07-21,0
1997-07-22,0
1997-07-23,0
1997-07-24,0.00E+00
1997-07-25,0.00E+00
1997-07-26,0.00E+00
1997-07-27,0
1997-07-28,0
1997-07-29,0
1997-07-30,0
1997-07-31,0
1997-08-01,0
1997-08-02,0
1997-08-03,0
1997-08-04,-0.02356992
1997-08-05,-0.105955516
1997-08-06,-0.123444408
1997-08-07,-0.070090546
1997-08-08,-0.035045088
1997-08-09,-0.017522498
1997-08-10,0
1997-08-11,0
1997-08-12,0
1997-08-13,0
1997-08-14,0
1997-08-15,0
1997-08-16,0
1997-08-17,0.00E+00
1997-08-18,0.00E+00
1997-08-19,0.00E+00
1997-08-20,0
1997-08-21,0
1997-08-22,0
1997-08-23,0
1997-08-24,0
1997-08-25,0
1997-08-26,0
1997-08-27,-0.125987568
1997-08-28,-0.427394728
1997-08-29,-0.67298941
1997-08-30,-0.534533534
1997-08-31,-0.267256047
1997-09-01,-0.340678863
1997-09-02,-0.33480405
1997-09-03,-0.167397816
1997-09-04,-0.083697855
1997-09-05,-0.041848664
1997-09-06,-0.020924266
1997-09-07,-0.010462116
1997-09-08,0
1997-09-09,0
1997-09-10,0
1997-09-11,0
1997-09-12,-0.031518738
1997-09-13,-0.040536446
1997-09-14,-0.020268161
1997-09-15,-0.010134065
1997-09-16,0
1997-09-17,0
1997-09-18,0
1997-09-19,0
1997-09-20,0
1997-09-21,0
1997-09-22,0.00E+00
1997-09-23,0.00E+00
1997-09-24,0.00E+00
1997-09-25,0
1997-09-26,0
1997-09-27,0
1997-09-28,0
1997-09-29,0
1997-09-30,0
1997-10-01,0
1997-10-02,0
1997-10-03,0
1997-10-04,0
1997-10-05,0
1997-10-06,-0.218719996
1997-10-07,-0.323491443
1997-10-08,-0.193830894
1997-10-09,-0.109407867
1997-10-10,-0.346514209
1997-10-11,-0.555217031
1997-10-12,-0.403144957
1997-10-13,-0.201566389
1997-10-14,-0.100781666
1997-10-15,-0.436217689
1997-10-16,-0.524570812
1997-10-17,-0.26227508
1997-10-18,-0.131134958
1997-10-19,-0.152885394
1997-10-20,-1.256904995
1997-10-21,-1.5489792
1997-10-22,-1.082916905
1997-10-23,-0.762427635
1997-10-24,-0.381192003
1997-10-25,-0.190590548
1997-10-26,-0.095293911
1997-10-27,-0.047646614
1997-10-28,-0.023823221
1997-10-29,-0.011911589
1997-10-30,0
1997-10-31,0
1997-11-01,0
1997-11-02,0
1997-11-03,0
1997-11-04,-0.14603516
1997-11-05,-0.442120813
1997-11-06,-1.79186688
1997-11-07,-2.7212544
1997-11-08,-3.6695808
1997-11-09,-6.24195072
1997-11-10,-8.2204416
1997-11-11,-6.45152256
1997-11-12,-3.39075072
1997-11-13,-1.71389952
1997-11-14,-0.871953694
1997-11-15,-0.500944311
1997-11-16,-0.302091545
1997-11-17,-0.151042351
1997-11-18,-0.829360277
1997-11-19,-2.16843264
1997-11-20,-2.97575424
1997-11-21,-2.95460352
1997-11-22,-2.04885504
1997-11-23,-1.04127288
1997-11-24,-0.64718343
1997-11-25,-0.424128656
1997-11-26,-0.212057575
1997-11-27,-1.230866772
1997-11-28,-2.66291712
1997-11-29,-3.17067264
1997-11-30,-2.31787008
1997-12-01,-1.71168768
1997-12-02,-1.294891025
1997-12-03,-0.64738262
1997-12-04,-0.323675592
1997-12-05,-0.161833863
1997-12-06,-0.080915946
1997-12-07,-0.040457728
1997-12-08,-1.5220224
1997-12-09,-2.22179328
1997-12-10,-4.41068544
1997-12-11,-7.90262784
1997-12-12,-6.52713984
1997-12-13,-3.26191104
1997-12-14,-1.6305408
1997-12-15,-0.815189143
1997-12-16,-1.65943296
1997-12-17,-5.34062592
1997-12-18,-7.14797568
1997-12-19,-5.0056704
1997-12-20,-4.91816448
1997-12-21,-4.31751168
1997-12-22,-3.1027968
1997-12-23,-2.36376576
1997-12-24,-2.12308992
1997-12-25,-2.01194496
1997-12-26,-1.9090944
1997-12-27,-1.51898112
1997-12-28,-0.759427578
1997-12-29,-0.379692154
1997-12-30,-1.83942144
1997-12-31,-2.89516032
1998-01-01,-3.0951936
1998-01-02,-6.25107456
1998-01-03,-7.3840896
1998-01-04,-5.84022528
1998-01-05,-7.6322304
1998-01-06,-7.46122752
1998-01-07,-4.2640128
1998-01-08,-2.15004672
1998-01-09,-1.074836197
1998-01-10,-0.537374767
1998-01-11,-0.268676546
1998-01-12,-0.134335565
1998-01-13,-0.428038111
1998-01-14,-0.782740745
1998-01-15,-8.28306432
1998-01-16,-10.87077888
1998-01-17,-6.30388224
1998-01-18,-12.659328
1998-01-19,-13.64249088
1998-01-20,-6.81426432
1998-01-21,-3.40540416
1998-01-22,-1.70228736
1998-01-23,-0.851024061
1998-01-24,-0.425484859
1998-01-25,-0.212735642
1998-01-26,-0.106366119
1998-01-27,-0.053182634
1998-01-28,-0.02659121
1998-01-29,-0.013295579
1998-01-30,0
1998-01-31,0
1998-02-01,0
1998-02-02,0
1998-02-03,0
1998-02-04,0
1998-02-05,0
1998-02-06,0.00E+00
1998-02-07,-0.083854603
1998-02-08,-0.108515704
1998-02-09,-0.05425741
1998-02-10,-0.027128594
1998-02-11,-0.013564269
1998-02-12,0
1998-02-13,0
1998-02-14,0
1998-02-15,0
1998-02-16,0
1998-02-17,0
1998-02-18,0
1998-02-19,0.00E+00
1998-02-20,0.00E+00
1998-02-21,-1.287013654
1998-02-22,-1.66565376
1998-02-23,-0.832713537
1998-02-24,-0.416330759
1998-02-25,-0.208158875
1998-02-26,-0.10407781
1998-02-27,-0.111687455
1998-02-28,-0.103225052
1998-03-01,-0.051612125
1998-03-02,-0.025805962
1998-03-03,-0.012902956
1998-03-04,-0.240057368
1998-03-05,-0.305586736
1998-03-06,-0.152789857
1998-03-07,-1.084655743
1998-03-08,-2.00212992
1998-03-09,-1.52437248
1998-03-10,-0.966218983
1998-03-11,-0.645194392
1998-03-12,-0.322581575
1998-03-13,-0.161286889
1998-03-14,-0.080642464
1998-03-15,-0.040320987
1998-03-16,-0.020160432
1998-03-17,-0.010080201
1998-03-18,0
1998-03-19,0
1998-03-20,0
1998-03-21,0
1998-03-22,0
1998-03-23,0
1998-03-24,0.00E+00
1998-03-25,0.00E+00
1998-03-26,0.00E+00
1998-03-27,0
1998-03-28,0
1998-03-29,-0.125560919
1998-03-30,-0.191250243
1998-03-31,-0.11844875
1998-04-01,-0.509877863
1998-04-02,-2.14631424
1998-04-03,-5.08640256
1998-04-04,-6.13564416
1998-04-05,-4.68467712
1998-04-06,-7.41491712
1998-04-07,-8.2453248
1998-04-08,-5.9595264
1998-04-09,-6.3528192
1998-04-10,-7.07705856
1998-04-11,-6.57552384
1998-04-12,-4.82554368
1998-04-13,-2.69927424
1998-04-14,-3.30932736
1998-04-15,-3.75293952
1998-04-16,-5.50858752
1998-04-17,-5.62540032
1998-04-18,-3.07321344
1998-04-19,-2.654208
1998-04-20,-2.21474304
1998-04-21,-1.107157027
1998-04-22,-0.553532535
1998-04-23,-0.297341992
1998-04-24,-0.165021014
1998-04-25,-3.68810496
1998-04-26,-4.99889664
1998-04-27,-3.6951552
1998-04-28,-4.1409792
1998-04-29,-3.90237696
1998-04-30,-2.7433728
1998-05-01,-1.61063424
1998-05-02,-0.805194985
1998-05-03,-0.402573169
1998-05-04,-0.201280509
1998-05-05,-0.100638731
1998-05-06,-0.050318984
1998-05-07,-0.025159397
1998-05-08,-0.012579674
1998-05-09,0
1998-05-10,0
1998-05-11,0
1998-05-12,0
1998-05-13,0
1998-05-14,0
1998-05-15,0.00E+00
1998-05-16,0.00E+00
1998-05-17,0.00E+00
1998-05-18,0.00E+00
1998-05-19,0
1998-05-20,0
1998-05-21,0
1998-05-22,0
1998-05-23,0
1998-05-24,0
1998-05-25,0
1998-05-26,0
1998-05-27,-0.168580321
1998-05-28,-0.218198445
1998-05-29,-0.109097438
1998-05-30,-0.089804895
1998-05-31,-0.138864928
1998-06-01,-0.15126554
1998-06-02,-0.099018586
1998-06-03,-0.049508924
1998-06-04,-0.635044866
1998-06-05,-0.802260177
1998-06-06,-0.401105945
1998-06-07,-0.200546938
1998-06-08,-0.100271957
1998-06-09,-0.0501356
1998-06-10,-0.025067705
1998-06-11,-0.012533829
1998-06-12,0
1998-06-13,-0.283678917
1998-06-14,-0.610279792
1998-06-15,-0.500210948
1998-06-16,-0.25009608
1998-06-17,-0.125045696
1998-06-18,-0.06252226
1998-06-19,-0.031260983
1998-06-20,-0.015630454
1998-06-21,0
1998-06-22,0
1998-06-23,0
1998-06-24,0
1998-06-25,0
1998-06-26,0
1998-06-27,0
1998-06-28,0.00E+00
1998-06-29,0.00E+00
1998-06-30,0.00E+00
1998-07-01,0
1998-07-02,0
1998-07-03,0
1998-07-04,0
1998-07-05,0
1998-07-06,0
1998-07-07,0
1998-07-08,0
1998-07-09,0
1998-07-10,0.00E+00
1998-07-11,0.00E+00
1998-07-12,0.00E+00
1998-07-13,0
1998-07-14,0
1998-07-15,0
1998-07-16,0
1998-07-17,0
1998-07-18,0
1998-07-19,0.00E+00
1998-07-20,0
1998-07-21,0
1998-07-22,0
1998-07-23,0
1998-07-24,0
1998-07-25,0
1998-07-26,0
1998-07-27,0.00E+00
1998-07-28,0
1998-07-29,0
1998-07-30,0
1998-07-31,0
1998-08-01,0
1998-08-02,0
1998-08-03,0
1998-08-04,0
1998-08-05,0
1998-08-06,0
1998-08-07,0
1998-08-08,0.00E+00
1998-08-09,0.00E+00
1998-08-10,0.00E+00
1998-08-11,0
1998-08-12,0
1998-08-13,0
1998-08-14,0
1998-08-15,0
1998-08-16,0
1998-08-17,0
1998-08-18,0
1998-08-19,0
1998-08-20,0
1998-08-21,0
1998-08-22,0
1998-08-23,0
1998-08-24,0
1998-08-25,0
1998-08-26,0
1998-08-27,0.00E+00
1998-08-28,0.00E+00
1998-08-29,0.00E+00
1998-08-30,0.00E+00
1998-08-31,0
1998-09-01,0
1998-09-02,0
1998-09-03,0
1998-09-04,-0.014325119
1998-09-05,-0.01779258
1998-09-06,0
1998-09-07,0
1998-09-08,-0.015266847
1998-09-09,-0.017993928
1998-09-10,0
1998-09-11,-0.208506189
1998-09-12,-0.47117647
1998-09-13,-0.398318073
1998-09-14,-0.199153078
1998-09-15,-0.256918446
1998-09-16,-0.253440147
1998-09-17,-0.126717666
1998-09-18,-0.063358229
1998-09-19,-0.031678964
1998-09-20,-0.015839444
1998-09-21,0
1998-09-22,0
1998-09-23,0
1998-09-24,0
1998-09-25,-0.08453433
1998-09-26,-0.354133431
1998-09-27,-0.409666623
1998-09-28,-0.234937746
1998-09-29,-0.186539466
1998-09-30,-0.399201952
1998-10-01,-2.90497536
1998-10-02,-3.54461184
1998-10-03,-1.85324544
1998-10-04,-0.939546902
1998-10-05,-0.48011399
1998-10-06,-0.240048341
1998-10-07,-0.120022007
1998-10-08,-0.765282208
1998-10-09,-0.942809546
1998-10-10,-0.949325447
1998-10-11,-1.7051904
1998-10-12,-1.52838144
1998-10-13,-0.76411607
1998-10-14,-0.388921776
1998-10-15,-0.199924775
1998-10-16,-0.099960889
1998-10-17,-0.492482875
1998-10-18,-0.597717716
1998-10-19,-0.298845449
1998-10-20,-0.149419372
1998-10-21,-0.07470885
1998-10-22,-0.037354215
1998-10-23,-1.350577304
1998-10-24,-4.516992
1998-10-25,-4.46846976
1998-10-26,-2.7461376
1998-10-27,-2.32326144
1998-10-28,-2.99303424
1998-10-29,-2.87428608
1998-10-30,-1.7328384
1998-10-31,-2.7703296
1998-11-01,-2.84373504
1998-11-02,-1.86195456
1998-11-03,-2.06226432
1998-11-04,-1.65169152
1998-11-05,-0.825730855
1998-11-06,-0.412839853
1998-11-07,-0.206413526
1998-11-08,-0.103205164
1998-11-09,-3.48323328
1998-11-10,-4.48671744
1998-11-11,-3.12062976
1998-11-12,-2.2443264
1998-11-13,-1.61588736
1998-11-14,-1.200112506
1998-11-15,-0.600002229
1998-11-16,-0.299987601
1998-11-17,-0.149990428
1998-11-18,-0.074994368
1998-11-19,-0.037496972
1998-11-20,-0.018748434
1998-11-21,0
1998-11-22,0
1998-11-23,0
1998-11-24,-0.874396118
1998-11-25,-1.130751374
1998-11-26,-0.565327725
1998-11-27,-1.067270253
1998-11-28,-1.64007936
1998-11-29,-1.203794376
1998-11-30,-0.601842839
1998-12-01,-0.300907824
1998-12-02,-0.150450518
1998-12-03,-0.075224407
1998-12-04,-0.037611991
1998-12-05,-0.018805942
1998-12-06,0
1998-12-07,0
1998-12-08,0
1998-12-09,-1.3886208
1998-12-10,-3.7642752
1998-12-11,-3.95380224
1998-12-12,-2.73411072
1998-12-13,-1.64740608
1998-12-14,-0.823604226
1998-12-15,-0.411776663
1998-12-16,-0.205881966
1998-12-17,-0.102939394
1998-12-18,-0.650591889
1998-12-19,-4.05333504
1998-12-20,-4.91968512
1998-12-21,-2.706048
1998-12-22,-1.352752663
1998-12-23,-1.179060296
1998-12-24,-0.988813758
1998-12-25,-0.519647105
1998-12-26,-1.99742976
1998-12-27,-3.02247936
1998-12-28,-3.67110144
1998-12-29,-3.1629312
1998-12-30,-2.41353216
1998-12-31,-2.4489216
1999-01-01,-1.70021376
1999-01-02,-4.84641792
1999-01-03,-8.16500736
1999-01-04,-6.16951296
1999-01-05,-3.12242688
1999-01-06,-1.56086784
1999-01-07,-1.280720761
1999-01-08,-1.7950464
1999-01-09,-1.49893632
1999-01-10,-0.749358757
1999-01-11,-0.374658311
1999-01-12,-1.274792422
1999-01-13,-2.86170624
1999-01-14,-2.5111296
1999-01-15,-1.255329626
1999-01-16,-5.05585152
1999-01-17,-7.01858304
1999-01-18,-4.28226048
1999-01-19,-2.14036992
1999-01-20,-1.07003367
1999-01-21,-0.534973884
1999-01-22,-0.267476208
1999-01-23,-0.133735416
1999-01-24,-0.135060661
1999-01-25,-1.9823616
1999-01-26,-3.5064576
1999-01-27,-2.57693184
1999-01-28,-1.42428672
1999-01-29,-0.820219668
1999-01-30,-0.410084605
1999-01-31,-0.205035992
1999-02-01,-0.102516416
1999-02-02,-0.051257813
1999-02-03,-0.025628807
1999-02-04,-0.012814379
1999-02-05,0
1999-02-06,0
1999-02-07,-0.106180477
1999-02-08,-6.02850816
1999-02-09,-7.69056768
1999-02-10,-3.843072
1999-02-11,-1.92098304
1999-02-12,-0.960344654
1999-02-13,-0.480137725
1999-02-14,-0.240060216
1999-02-15,-0.890747353
1999-02-16,-1.178149073
1999-02-17,-0.902169156
1999-02-18,-0.623678663
1999-02-19,-0.531654092
1999-02-20,-2.07415296
1999-02-21,-2.62089216
1999-02-22,-1.53764352
1999-02-23,-1.93024512
1999-02-24,-5.40836352
1999-02-25,-5.49863424
1999-02-26,-2.7482112
1999-02-27,-2.01332736
1999-02-28,-1.5144192
1999-03-01,-1.021064569
1999-03-02,-2.86198272
1999-03-03,-5.3388288
1999-03-04,-5.92261632
1999-03-05,-4.15259136
1999-03-06,-2.0756736
1999-03-07,-2.59766784
1999-03-08,-5.4867456
1999-03-09,-5.4093312
1999-03-10,-2.96193024
1999-03-11,-1.48068864
1999-03-12,-0.740249487
1999-03-13,-0.370104187
1999-03-14,-0.185046958
1999-03-15,-0.092522191
1999-03-16,-0.046260773
1999-03-17,-0.023130306
1999-03-18,-0.011565133
1999-03-19,0
1999-03-20,0
1999-03-21,-0.371402095
1999-03-22,-0.479559274
1999-03-23,-0.239771004
1999-03-24,-0.119883344
1999-03-25,-0.420418018
1999-03-26,-0.496535975
1999-03-27,-0.248258733
1999-03-28,-0.124127055
1999-03-29,-0.062062949
1999-03-30,-0.03103133
1999-03-31,-0.015515628
1999-04-01,0
1999-04-02,-0.411795187
1999-04-03,-0.771490953
1999-04-04,-0.577619859
1999-04-05,-0.288797405
1999-04-06,-0.552283771
1999-04-07,-0.600121668
1999-04-08,-0.300047321
1999-04-09,-0.150020287
1999-04-10,-0.075009296
1999-04-11,-0.539919779
1999-04-12,-1.054377257
1999-04-13,-0.833238573
1999-04-14,-1.9823616
1999-04-15,-2.3583744
1999-04-16,-1.62196992
1999-04-17,-1.08474712
1999-04-18,-0.711485407
1999-04-19,-1.347545535
1999-04-20,-3.72155904
1999-04-21,-3.97204992
1999-04-22,-2.40523776
1999-04-23,-1.69952256
1999-04-24,-1.096057544
1999-04-25,-0.547983719
1999-04-26,-0.273980593
1999-04-27,-0.136987476
1999-04-28,-0.068493033
1999-04-29,-0.03424634
1999-04-30,-0.017123125
1999-05-01,0
1999-05-02,0
1999-05-03,-0.872013814
1999-05-04,-1.126899054
1999-05-05,-0.563401889
1999-05-06,-0.634349546
1999-05-07,-0.597283753
1999-05-08,-0.298628495
1999-05-09,-0.149310895
1999-05-10,-0.210800434
1999-05-11,-0.53519927
1999-05-12,-0.641807774
1999-05-13,-0.637544563
1999-05-14,-0.495376487
1999-05-15,-0.247679037
1999-05-16,-0.52055736
1999-05-17,-0.636052249
1999-05-18,-1.19777925
1999-05-19,-2.14811136
1999-05-20,-1.77970176
1999-05-21,-0.889748693
1999-05-22,-0.444844653
1999-05-23,-0.222414903
1999-05-24,-0.111205592
1999-05-25,-0.055602332
1999-05-26,-0.02780105
1999-05-27,-0.013900495
1999-05-28,0
1999-05-29,-0.086109885
1999-05-30,-0.108694996
1999-05-31,-0.136241139
1999-06-01,-0.133171798
1999-06-02,-0.066585233
1999-06-03,-0.03329245
1999-06-04,-0.886774058
1999-06-05,-1.4079744
1999-06-06,-0.921093963
1999-06-07,-0.460515152
1999-06-08,-0.230249627
1999-06-09,-0.11512282
1999-06-10,-0.057560912
1999-06-11,-0.028780331
1999-06-12,-0.014390134
1999-06-13,0
1999-06-14,0
1999-06-15,0
1999-06-16,0
1999-06-17,0
1999-06-18,0
1999-06-19,0
1999-06-20,0.00E+00
1999-06-21,0.00E+00
1999-06-22,0.00E+00
1999-06-23,0
1999-06-24,0
1999-06-25,0
1999-06-26,0
1999-06-27,-0.052608408
1999-06-28,-0.068093344
1999-06-29,-0.034046498
1999-06-30,-0.017023205
1999-07-01,0
1999-07-02,0
1999-07-03,0
1999-07-04,-0.035037105
1999-07-05,-0.108819022
1999-07-06,-0.105496526
1999-07-07,-0.052747844
1999-07-08,-0.026373817
1999-07-09,-0.013186882
1999-07-10,0
1999-07-11,0
1999-07-12,-0.068154855
1999-07-13,-0.086906301
1999-07-14,-0.043452867
1999-07-15,-0.021726362
1999-07-16,-0.010863163
1999-07-17,0
1999-07-18,0
1999-07-19,0
1999-07-20,0
1999-07-21,0
1999-07-22,0
1999-07-23,0.00E+00
1999-07-24,0.00E+00
1999-07-25,0.00E+00
1999-07-26,0.00E+00
1999-07-27,0
1999-07-28,0
1999-07-29,0
1999-07-30,0
1999-07-31,-0.011379251
1999-08-01,0
1999-08-02,-0.095450128
1999-08-03,-0.121285012
1999-08-04,-0.064238592
1999-08-05,-0.034976126
1999-08-06,-0.216401131
1999-08-07,-0.367107448
1999-08-08,-1.241847176
1999-08-09,-1.5088896
1999-08-10,-0.842598886
1999-08-11,-0.421272811
1999-08-12,-0.210629749
1999-08-13,-0.105313206
1999-08-14,-0.142969937
1999-08-15,-0.143224146
1999-08-16,-0.071611306
1999-08-17,-0.14521942
1999-08-18,-0.159520818
1999-08-19,-0.079759449
1999-08-20,-0.039879485
1999-08-21,-0.019939682
1999-08-22,0
1999-08-23,0
1999-08-24,0
1999-08-25,0
1999-08-26,0
1999-08-27,0
1999-08-28,0
1999-08-29,0.00E+00
1999-08-30,0.00E+00
1999-08-31,0.00E+00
1999-09-01,0
1999-09-02,0
1999-09-03,0
1999-09-04,0
1999-09-05,0
1999-09-06,0
1999-09-07,0
1999-09-08,0
1999-09-09,0
1999-09-10,0
1999-09-11,0
1999-09-12,-0.300890101
1999-09-13,-0.637012394
1999-09-14,-0.515138794
1999-09-15,-0.257559437
1999-09-16,-0.349155533
1999-09-17,-0.376141059
1999-09-18,-0.445957015
1999-09-19,-0.66988682
1999-09-20,-4.77093888
1999-09-21,-7.4850048
1999-09-22,-5.53747968
1999-09-23,-3.096576
1999-09-24,-1.54787328
1999-09-25,-2.51610624
1999-09-26,-2.64148992
1999-09-27,-7.12184832
1999-09-28,-8.27698176
1999-09-29,-16.23573504
1999-09-30,-18.63461376
1999-10-01,-10.14930432
1999-10-02,-7.50753792
1999-10-03,-6.22619136
1999-10-04,-3.56617728
1999-10-05,-1.7826048
1999-10-06,-0.891197434
1999-10-07,-0.44556892
1999-10-08,-0.222777009
1999-10-09,-0.111386642
1999-10-10,-0.055692855
1999-10-11,-0.027846311
1999-10-12,-0.013923126
1999-10-13,-0.181266011
1999-10-14,-0.229087913
1999-10-15,-0.114541985
1999-10-16,-0.0572705
1999-10-17,-0.590585486
1999-10-18,-0.741638246
1999-10-19,-1.163322847
1999-10-20,-2.02493952
1999-10-21,-1.98982656
1999-10-22,-3.00561408
1999-10-23,-5.63065344
1999-10-24,-7.32271104
1999-10-25,-5.968512
1999-10-26,-3.34582272
1999-10-27,-1.67256576
1999-10-28,-0.836146451
1999-10-29,-0.418046994
1999-10-30,-0.332499286
1999-10-31,-0.264332049
1999-11-01,-7.008768
1999-11-02,-10.10686464
1999-11-03,-5.9595264
1999-11-04,-2.9783808
1999-11-05,-3.95546112
1999-11-06,-3.93583104
1999-11-07,-1.96729344
1999-11-08,-0.983526617
1999-11-09,-0.491727021
1999-11-10,-0.313943842
1999-11-11,-0.211054423
1999-11-12,-5.11059456
1999-11-13,-6.56114688
1999-11-14,-3.30518016
1999-11-15,-1.65224448
1999-11-16,-0.826003146
1999-11-17,-0.960538176
1999-11-18,-2.09309184
1999-11-19,-1.98208512
1999-11-20,-1.05649327
1999-11-21,-0.580336676
1999-11-22,-0.419370186
1999-11-23,-0.312318084
1999-11-24,-0.156155379
1999-11-25,-0.078076774
1999-11-26,-0.039038158
1999-11-27,-0.22565294
1999-11-28,-0.276563386
1999-11-29,-0.138278818
1999-11-30,-0.069138694
1999-12-01,-0.034569167
1999-12-02,-0.281944752
1999-12-03,-0.539649658
1999-12-04,-1.161208355
1999-12-05,-1.169673081
1999-12-06,-0.584785226
1999-12-07,-0.92920449
1999-12-08,-4.05070848
1999-12-09,-5.83428096
1999-12-10,-6.22480896
1999-12-11,-6.6852864
1999-12-12,-4.97912832
1999-12-13,-6.75648
1999-12-14,-6.73201152
1999-12-15,-3.43996416
1999-12-16,-1.71956736
1999-12-17,-5.48246016
1999-12-18,-8.802432
1999-12-19,-6.55589376
1999-12-20,-3.48129792
1999-12-21,-1.74016512
1999-12-22,-0.869974691
1999-12-23,-0.434958958
1999-12-24,-4.72214016
1999-12-25,-10.72977408
1999-12-26,-10.2463488
1999-12-27,-11.87191296
1999-12-28,-10.60950528
1999-12-29,-5.30053632
1999-12-30,-3.7836288
1999-12-31,-2.85009408
2000-01-01,-1.53805824
2000-01-02,-0.822449341
2000-01-03,-0.411199304
2000-01-04,-0.979628042
2000-01-05,-1.104580261
2000-01-06,-0.552244359
2000-01-07,-1.128208601
2000-01-08,-3.25790208
2000-01-09,-3.23039232
2000-01-10,-1.61478144
2000-01-11,-0.807290537
2000-01-12,-0.403620821
2000-01-13,-0.2018043
2000-01-14,-0.100900618
2000-01-15,-0.050449926
2000-01-16,-0.025224867
2000-01-17,-0.01261241
2000-01-18,0
2000-01-19,0
2000-01-20,0
2000-01-21,0
2000-01-22,0
2000-01-23,0
2000-01-24,0.00E+00
2000-01-25,0.00E+00
2000-01-26,0.00E+00
2000-01-27,0.00E+00
2000-01-28,-0.020867092
2000-01-29,-0.525667996
2000-01-30,-0.658916052
2000-01-31,-0.329441735
2000-02-01,-1.82767104
2000-02-02,-2.4509952
2000-02-03,-1.39732992
2000-02-04,-0.698605918
2000-02-05,-0.349284649
2000-02-06,-0.834882274
2000-02-07,-3.32660736
2000-02-08,-4.73942016
2000-02-09,-3.30822144
2000-02-10,-2.827008
2000-02-11,-2.34510336
2000-02-12,-1.80928512
2000-02-13,-2.41035264
2000-02-14,-2.39597568
2000-02-15,-1.71099648
2000-02-16,-1.9450368
2000-02-17,-1.8890496
2000-02-18,-1.82601216
2000-02-19,-1.5019776
2000-02-20,-0.750876273
2000-02-21,-0.375416986
2000-02-22,-0.187703198
2000-02-23,-0.093850278
2000-02-24,-0.046924808
2000-02-25,-0.023462321
2000-02-26,-0.01173114
2000-02-27,0
2000-02-28,-0.965304387
2000-02-29,-6.8726016
2000-03-01,-8.221824
2000-03-02,-4.3635456
2000-03-03,-3.99209472
2000-03-04,-3.43374336
2000-03-05,-1.71638784
2000-03-06,-0.858093102
2000-03-07,-0.429018937
2000-03-08,-0.214502557
2000-03-09,-0.107249552
2000-03-10,-0.053624344
2000-03-11,-0.026812064
2000-03-12,-0.013406005
2000-03-13,0
2000-03-14,0
2000-03-15,0
2000-03-16,0
2000-03-17,0
2000-03-18,0
2000-03-19,0
2000-03-20,0.00E+00
2000-03-21,0.00E+00
2000-03-22,0.00E+00
2000-03-23,-0.123106394
2000-03-24,-0.447976742
2000-03-25,-0.739593939
2000-03-26,-1.056657665
2000-03-27,-0.893219098
2000-03-28,-0.44657962
2000-03-29,-0.223282331
2000-03-30,-0.111639291
2000-03-31,-0.213107674
2000-04-01,-0.231492018
2000-04-02,-0.115743997
2000-04-03,-0.224767084
2000-04-04,-0.353579669
2000-04-05,-0.31633903
2000-04-06,-0.200478261
2000-04-07,-0.100237619
2000-04-08,-0.050118432
2000-04-09,-0.059074994
2000-04-10,-0.056557757
2000-04-11,-0.475657754
2000-04-12,-1.064492693
2000-04-13,-1.68459264
2000-04-14,-2.80751616
2000-04-15,-2.47352832
2000-04-16,-1.78523136
2000-04-17,-1.41170688
2000-04-18,-1.17982309
2000-04-19,-0.91368882
2000-04-20,-0.456813098
2000-04-21,-0.960233661
2000-04-22,-3.19804416
2000-04-23,-3.29550336
2000-04-24,-1.64726784
2000-04-25,-2.49896448
2000-04-26,-2.61328896
2000-04-27,-3.794688
2000-04-28,-3.85191936
2000-04-29,-1.92540672
2000-04-30,-0.962548393
2000-05-01,-0.481239443
2000-05-02,-0.240611033
2000-05-03,-0.120303342
2000-05-04,-0.060151127
2000-05-05,-0.055098368
2000-05-06,-0.879791349
2000-05-07,-2.90635776
2000-05-08,-2.88672768
2000-05-09,-1.44308736
2000-05-10,-0.980941999
2000-05-11,-0.92218393
2000-05-12,-1.76933376
2000-05-13,-1.78136064
2000-05-14,-0.890552503
2000-05-15,-0.445246502
2000-05-16,-1.64630016
2000-05-17,-1.95374592
2000-05-18,-0.983604764
2000-05-19,-0.497213199
2000-05-20,-0.248597324
2000-05-21,-0.124296342
2000-05-22,-0.062147591
2000-05-23,-0.031073649
2000-05-24,-0.015536788
2000-05-25,0
2000-05-26,0
2000-05-27,-0.181497826
2000-05-28,-0.23337504
2000-05-29,-0.116685474
2000-05-30,-1.040691387
2000-05-31,-1.300552699
2000-06-01,-0.650212904
2000-06-02,-0.325090589
2000-06-03,-0.162541334
2000-06-04,-0.831634159
2000-06-05,-1.044023925
2000-06-06,-0.547571405
2000-06-07,-0.27377445
2000-06-08,-0.136884413
2000-06-09,-1.301505919
2000-06-10,-1.62998784
2000-06-11,-0.814923362
2000-06-12,-0.40743677
2000-06-13,-0.203712151
2000-06-14,-0.101854519
2000-06-15,-0.05092687
2000-06-16,-0.025463337
2000-06-17,-0.012731644
2000-06-18,0
2000-06-19,0
2000-06-20,-0.031613215
2000-06-21,-0.039654274
2000-06-22,-0.019827078
2000-06-23,0
2000-06-24,0
2000-06-25,-0.018036426
2000-06-26,-0.021376712
2000-06-27,-0.010688338
2000-06-28,0
2000-06-29,0
2000-06-30,0
2000-07-01,0
2000-07-02,0
2000-07-03,-0.060868385
2000-07-04,-0.098597539
2000-07-05,-0.065142184
2000-07-06,-0.032570932
2000-07-07,-0.016990084
2000-07-08,0
2000-07-09,-0.96971698
2000-07-10,-1.251443658
2000-07-11,-0.687889981
2000-07-12,-0.393356307
2000-07-13,-0.228590719
2000-07-14,-0.139647574
2000-07-15,-0.069823051
2000-07-16,-0.034911342
2000-07-17,-0.017455626
2000-07-18,0
2000-07-19,0
2000-07-20,0
2000-07-21,0
2000-07-22,0
2000-07-23,-0.083310865
2000-07-24,-0.107615906
2000-07-25,-0.56313463
2000-07-26,-0.686117302
2000-07-27,-0.343040984
2000-07-28,-0.171516082
2000-07-29,-0.085756934
2000-07-30,-0.04287819
2000-07-31,-0.021439026
2000-08-01,-0.010719495
2000-08-02,0
2000-08-03,0
2000-08-04,0
2000-08-05,0
2000-08-06,0
2000-08-07,0
2000-08-08,0.00E+00
2000-08-09,0.00E+00
2000-08-10,0.00E+00
2000-08-11,0.00E+00
2000-08-12,0
2000-08-13,0
2000-08-14,0
2000-08-15,0
2000-08-16,0
2000-08-17,0
2000-08-18,0
2000-08-19,0
2000-08-20,0
2000-08-21,0
2000-08-22,0
2000-08-23,0
2000-08-24,0
2000-08-25,0
2000-08-26,-0.021415027
2000-08-27,-0.023803355
2000-08-28,-0.011901656
2000-08-29,0
2000-08-30,-0.140007689
2000-08-31,-0.178853087
2000-09-01,-0.08942534
2000-09-02,-0.044712369
2000-09-03,-0.022356109
2000-09-04,-0.011178036
2000-09-05,0
2000-09-06,0
2000-09-07,0
2000-09-08,0
2000-09-09,0
2000-09-10,0
2000-09-11,0.00E+00
2000-09-12,0.00E+00
2000-09-13,0.00E+00
2000-09-14,0.00E+00
2000-09-15,0
2000-09-16,0
2000-09-17,0
2000-09-18,-0.017006136
2000-09-19,-0.366209096
2000-09-20,-0.583523247
2000-09-21,-0.392645256
2000-09-22,-0.196316836
2000-09-23,-0.098156972
2000-09-24,-0.049078124
2000-09-25,-0.024538971
2000-09-26,-0.012269463
2000-09-27,0
2000-09-28,-0.224478674
2000-09-29,-0.494903831
2000-09-30,-0.665646447
2000-10-01,-0.565302731
2000-10-02,-0.307092101
2000-10-03,-0.153542518
2000-10-04,-0.343986504
2000-10-05,-0.384245642
2000-10-06,-0.192117284
2000-10-07,-0.096057256
2000-10-08,-0.484858456
2000-10-09,-1.83347712
2000-10-10,-6.44433408
2000-10-11,-8.82828288
2000-10-12,-6.64754688
2000-10-13,-3.83463936
2000-10-14,-1.93287168
2000-10-15,-2.56144896
2000-10-16,-4.89037824
2000-10-17,-4.313088
2000-10-18,-3.91108608
2000-10-19,-4.081536
2000-10-20,-4.1872896
2000-10-21,-4.23622656
2000-10-22,-2.83239936
2000-10-23,-1.41585408
2000-10-24,-0.707863906
2000-10-25,-1.241358387
2000-10-26,-1.325493435
2000-10-27,-0.662680825
2000-10-28,-0.750156789
2000-10-29,-0.713438531
2000-10-30,-4.88291328
2000-10-31,-6.83582976
2000-11-01,-5.3872128
2000-11-02,-5.51950848
2000-11-03,-6.50985984
2000-11-04,-5.1162624
2000-11-05,-11.37881088
2000-11-06,-18.86049792
2000-11-07,-19.36852992
2000-11-08,-14.4350208
2000-11-09,-8.56852992
2000-11-10,-4.88388096
2000-11-11,-2.44104192
2000-11-12,-6.92070912
2000-11-13,-9.18922752
2000-11-14,-7.39749888
2000-11-15,-5.16478464
2000-11-16,-3.7421568
2000-11-17,-2.792448
2000-11-18,-4.22447616
2000-11-19,-5.77691136
2000-11-20,-5.9311872
2000-11-21,-10.35154944
2000-11-22,-10.54093824
2000-11-23,-5.98178304
2000-11-24,-3.51765504
2000-11-25,-9.79112448
2000-11-26,-11.43618048
2000-11-27,-7.68918528
2000-11-28,-5.14225152
2000-11-29,-2.57015808
2000-11-30,-1.284827941
2000-12-01,-2.02355712
2000-12-02,-5.49960192
2000-12-03,-5.4411264
2000-12-04,-3.79067904
2000-12-05,-4.60145664
2000-12-06,-4.53828096
2000-12-07,-5.30924544
2000-12-08,-4.58625024
2000-12-09,-4.0836096
2000-12-10,-3.57336576
2000-12-11,-1.873152
2000-12-12,-1.015800694
2000-12-13,-0.603672404
2000-12-14,-2.08355328
2000-12-15,-2.685312
2000-12-16,-2.0224512
2000-12-17,-1.81702656
2000-12-18,-1.244342919
2000-12-19,-0.622113385
2000-12-20,-0.31104217
2000-12-21,-0.155517456
2000-12-22,-0.077757819
2000-12-23,-0.038878681
2000-12-24,-0.265681493
2000-12-25,-2.377728
2000-12-26,-9.32815872
2000-12-27,-10.42080768
2000-12-28,-5.67571968
2000-12-29,-3.01390848
2000-12-30,-1.64740608
2000-12-31,-2.10014208
2001-01-01,-4.07172096
2001-01-02,-5.11750656
2001-01-03,-5.94266112
2001-01-04,-8.16251904
2001-01-05,-9.36838656
2001-01-06,-7.08009984
2001-01-07,-4.28212224
2001-01-08,-2.49813504
2001-01-09,-1.90674432
2001-01-10,-1.47585024
2001-01-11,-1.86181632
2001-01-12,-1.82988288
2001-01-13,-0.919825169
2001-01-14,-0.459880838
2001-01-15,-0.229932491
2001-01-16,-0.114964257
2001-01-17,-0.057481632
2001-01-18,-0.087802139
2001-01-19,-1.306425218
2001-01-20,-1.75523328
2001-01-21,-0.985977737
2001-01-22,-2.96193024
2001-01-23,-7.0357248
2001-01-24,-9.63007488
2001-01-25,-9.09605376
2001-01-26,-7.85590272
2001-01-27,-7.04166912
2001-01-28,-4.75490304
2001-01-29,-2.37662208
2001-01-30,-1.99812096
2001-01-31,-1.6422912
2001-02-01,-0.821026105
2001-02-02,-0.995122479
2001-02-03,-2.05949952
2001-02-04,-2.66913792
2001-02-05,-3.14025984
2001-02-06,-8.37070848
2001-02-07,-10.68761088
2001-02-08,-8.4160512
2001-02-09,-5.47554816
2001-02-10,-2.73659904
2001-02-11,-1.368031832
2001-02-12,-0.683945718
2001-02-13,-0.341955316
2001-02-14,-0.170973269
2001-02-15,-0.085485535
2001-02-16,-0.042742493
2001-02-17,-0.021371178
2001-02-18,-0.010685571
2001-02-19,0
2001-02-20,0
2001-02-21,0
2001-02-22,-0.013276441
2001-02-23,-0.016653832
2001-02-24,0
2001-02-25,0
2001-02-26,-0.384347345
2001-02-27,-1.50764544
2001-02-28,-1.65970944
2001-03-01,-0.943528573
2001-03-02,-3.37264128
2001-03-03,-5.86842624
2001-03-04,-5.0886144
2001-03-05,-3.05745408
2001-03-06,-1.52838144
2001-03-07,-3.0855168
2001-03-08,-3.5030016
2001-03-09,-3.80809728
2001-03-10,-4.44054528
2001-03-11,-6.45138432
2001-03-12,-6.87508992
2001-03-13,-4.85374464
2001-03-14,-2.99801088
2001-03-15,-1.5130368
2001-03-16,-1.098663036
2001-03-17,-0.821145365
2001-03-18,-1.039241623
2001-03-19,-4.43377152
2001-03-20,-7.94036736
2001-03-21,-7.18944768
2001-03-22,-4.2515712
2001-03-23,-2.28662784
2001-03-24,-1.66136832
2001-03-25,-2.00060928
2001-03-26,-1.73117952
2001-03-27,-0.962396025
2001-03-28,-7.1635968
2001-03-29,-9.59136768
2001-03-30,-5.38320384
2001-03-31,-2.69056512
2001-04-01,-1.344986201
2001-04-02,-0.672425252
2001-04-03,-0.336195657
2001-04-04,-0.168093592
2001-04-05,-0.604037136
2001-04-06,-4.6324224
2001-04-07,-7.41616128
2001-04-08,-5.28657408
2001-04-09,-2.77005312
2001-04-10,-1.48621824
2001-04-11,-0.743058994
2001-04-12,-0.371508775
2001-04-13,-0.185749217
2001-04-14,-0.092873309
2001-04-15,-0.168317084
2001-04-16,-0.180972113
2001-04-17,-0.090484823
2001-04-18,-0.586123804
2001-04-19,-0.722673543
2001-04-20,-0.361317183
2001-04-21,-0.180653691
2001-04-22,-1.328242019
2001-04-23,-1.64726784
2001-04-24,-2.77489152
2001-04-25,-3.50258688
2001-04-26,-2.20022784
2001-04-27,-1.09990338
2001-04-28,-2.00558592
2001-04-29,-2.51265024
2001-04-30,-4.79734272
2001-05-01,-5.0347008
2001-05-02,-2.55453696
2001-05-03,-1.277054595
2001-05-04,-0.638466126
2001-05-05,-0.711592916
2001-05-06,-0.667446027
2001-05-07,-0.3337063
2001-05-08,-0.166848975
2001-05-09,-0.08342344
2001-05-10,-0.041711458
2001-05-11,-0.020855663
2001-05-12,-0.010427815
2001-05-13,0
2001-05-14,-1.301470959
2001-05-15,-1.68224256
2001-05-16,-0.841035696
2001-05-17,-0.621492798
2001-05-18,-0.47039287
2001-05-19,-0.235188127
2001-05-20,-0.117591988
2001-05-21,-0.058795475
2001-05-22,-0.029397607
2001-05-23,-0.01469877
2001-05-24,0
2001-05-25,0
2001-05-26,0
2001-05-27,0
2001-05-28,0
2001-05-29,0
2001-05-30,0
2001-05-31,0.00E+00
2001-06-01,0.00E+00
2001-06-02,0.00E+00
2001-06-03,0
2001-06-04,0
2001-06-05,0
2001-06-06,0
2001-06-07,0
2001-06-08,-0.014897174
2001-06-09,-0.019282126
2001-06-10,0
2001-06-11,0
2001-06-12,0
2001-06-13,0
2001-06-14,0
2001-06-15,0
2001-06-16,-0.113024767
2001-06-17,-0.375458969
2001-06-18,-0.372661434
2001-06-19,-0.186325498
2001-06-20,-0.093161448
2001-06-21,-0.046580398
2001-06-22,-0.023290117
2001-06-23,-0.011645038
2001-06-24,0
2001-06-25,0
2001-06-26,0
2001-06-27,0
2001-06-28,0
2001-06-29,0
2001-06-30,0.00E+00
2001-07-01,0.00E+00
2001-07-02,0.00E+00
2001-07-03,0.00E+00
2001-07-04,-0.05469117
2001-07-05,-0.070784622
2001-07-06,-0.095846148
2001-07-07,-0.097312261
2001-07-08,-0.049742623
2001-07-09,-0.024871219
2001-07-10,-0.012435586
2001-07-11,0
2001-07-12,-0.028046717
2001-07-13,-0.487496877
2001-07-14,-1.064507913
2001-07-15,-0.8979227
2001-07-16,-0.448931096
2001-07-17,-1.116768343
2001-07-18,-2.63374848
2001-07-19,-2.40205824
2001-07-20,-1.200816092
2001-07-21,-0.600353953
2001-07-22,-0.300163457
2001-07-23,-0.150078348
2001-07-24,-0.075038327
2001-07-25,-0.037518951
2001-07-26,-0.018759422
2001-07-27,0
2001-07-28,-1.061576824
2001-07-29,-1.37019092
2001-07-30,-0.68502504
2001-07-31,-0.342494922
2001-08-01,-0.171243058
2001-08-02,-0.085620426
2001-08-03,-0.042809938
2001-08-04,-0.021404899
2001-08-05,-0.519340281
2001-08-06,-0.739868954
2001-08-07,-1.73449728
2001-08-08,-1.9028736
2001-08-09,-0.951272516
2001-08-10,-0.47560232
2001-08-11,-0.237792665
2001-08-12,-0.118894212
2001-08-13,-0.059446574
2001-08-14,-0.029723154
2001-08-15,-0.146699127
2001-08-16,-0.178072432
2001-08-17,-0.089035024
2001-08-18,-0.419904235
2001-08-19,-0.569695072
2001-08-20,-0.333745091
2001-08-21,-0.166868357
2001-08-22,-0.083433135
2001-08-23,-0.041716306
2001-08-24,-0.020858087
2001-08-25,-0.010429027
2001-08-26,0
2001-08-27,0
2001-08-28,0
2001-08-29,-0.208257731
2001-08-30,-0.269035361
2001-08-31,-0.134514961
2001-09-01,-0.067256801
2001-09-02,-0.033628231
2001-09-03,-0.016814072
2001-09-04,0
2001-09-05,0
2001-09-06,0
2001-09-07,0
2001-09-08,0
2001-09-09,0
2001-09-10,0
2001-09-11,0.00E+00
2001-09-12,0.00E+00
2001-09-13,-0.036555514
2001-09-14,-0.047302413
2001-09-15,-0.023651122
2001-09-16,-0.01182554
2001-09-17,0
2001-09-18,0
2001-09-19,0
2001-09-20,0
2001-09-21,0
2001-09-22,0
2001-09-23,0.00E+00
2001-09-24,0.00E+00
2001-09-25,0.00E+00
2001-09-26,0.00E+00
2001-09-27,0
2001-09-28,-0.024410408
2001-09-29,-0.031593238
2001-09-30,-0.015796581
2001-10-01,-0.022918293
2001-10-02,-0.234645714
2001-10-03,-0.342623167
2001-10-04,-0.216978172
2001-10-05,-0.108487315
2001-10-06,-0.17219249
2001-10-07,-0.531429687
2001-10-08,-0.980935447
2001-10-09,-0.836681537
2001-10-10,-0.418314503
2001-10-11,-0.209150692
2001-10-12,-0.104573701
2001-10-13,-0.144199623
2001-10-14,-0.145109477
2001-10-15,-0.072553948
2001-10-16,-0.036276776
2001-10-17,-0.359151861
2001-10-18,-0.450445322
2001-10-19,-1.7611776
2001-10-20,-2.19442176
2001-10-21,-1.43327232
2001-10-22,-1.5607296
2001-10-23,-1.61630208
2001-10-24,-1.99839744
2001-10-25,-1.73615616
2001-10-26,-0.867950816
2001-10-27,-0.433947152
2001-10-28,-0.216966505
2001-10-29,-0.108481487
2001-10-30,-0.054240301
2001-10-31,-0.027120039
2001-11-01,-0.013559992
2001-11-02,0
2001-11-03,0
2001-11-04,0
2001-11-05,0
2001-11-06,-0.137813469
2001-11-07,-0.256962738
2001-11-08,-0.555991119
2001-11-09,-0.567767094
2001-11-10,-0.283871458
2001-11-11,-0.141932695
2001-11-12,-0.181518617
2001-11-13,-0.189776259
2001-11-14,-0.103784691
2001-11-15,-0.051891941
2001-11-16,-0.025945869
2001-11-17,-0.012972909
2001-11-18,0
2001-11-19,0
2001-11-20,0
2001-11-21,0
2001-11-22,-0.099331805
2001-11-23,-0.128246876
2001-11-24,-0.06412282
2001-11-25,-0.045455827
2001-11-26,-0.842488916
2001-11-27,-1.53543168
2001-11-28,-1.142121849
2001-11-29,-1.256713298
2001-11-30,-1.186263346
2001-12-01,-0.858833349
2001-12-02,-0.632076494
2001-12-03,-0.316023248
2001-12-04,-0.659575153
2001-12-05,-1.041883182
2001-12-06,-0.770088315
2001-12-07,-0.385021915
2001-12-08,-0.192505393
2001-12-09,-0.096251304
2001-12-10,-0.048125305
2001-12-11,-0.024062565
2001-12-12,-0.01203126
2001-12-13,0
2001-12-14,0
2001-12-15,0
2001-12-16,0
2001-12-17,0
2001-12-18,0
2001-12-19,0.00E+00
2001-12-20,0.00E+00
2001-12-21,0.00E+00
2001-12-22,-0.01168228
2001-12-23,-0.015111606
2001-12-24,0
2001-12-25,-0.550770237
2001-12-26,-0.709852004
2001-12-27,-0.607567841
2001-12-28,-2.06516736
2001-12-29,-5.24081664
2001-12-30,-4.97691648
2001-12-31,-2.48749056
2002-01-01,-1.243521552
2002-01-02,-0.621702785
2002-01-03,-0.310836884
2002-01-04,-0.155414813
2002-01-05,-0.077706501
2002-01-06,-0.038853024
2002-01-07,-0.019426455
2002-01-08,0
2002-01-09,0
2002-01-10,0
2002-01-11,-0.079011391
2002-01-12,-0.101303172
2002-01-13,-0.0506512
2002-01-14,-0.180597814
2002-01-15,-0.898946326
2002-01-16,-1.015785903
2002-01-17,-0.525336123
2002-01-18,-0.28639854
2002-01-19,-0.162054591
2002-01-20,-0.081026306
2002-01-21,-0.139015789
2002-01-22,-0.147752032
2002-01-23,-1.353896336
2002-01-24,-1.69357824
2002-01-25,-1.081388317
2002-01-26,-1.77113088
2002-01-27,-1.71472896
2002-01-28,-0.857241474
2002-01-29,-0.428593172
2002-01-30,-0.214289695
2002-01-31,-0.107143122
2002-02-01,-0.05357113
2002-02-02,-0.026785457
2002-02-03,-0.013392701
2002-02-04,-0.137303745
2002-02-05,-3.33310464
2002-02-06,-4.17595392
2002-02-07,-2.08935936
2002-02-08,-1.046085595
2002-02-09,-1.140982019
2002-02-10,-1.06129845
2002-02-11,-0.530606979
2002-02-12,-0.265292928
2002-02-13,-0.777662111
2002-02-14,-1.4508288
2002-02-15,-1.162026377
2002-02-16,-0.58096253
2002-02-17,-0.290468602
2002-02-18,-0.145231129
2002-02-19,-0.221191161
2002-02-20,-2.60292096
2002-02-21,-3.18684672
2002-02-22,-2.0383488
2002-02-23,-1.372670406
2002-02-24,-0.991674109
2002-02-25,-1.041261779
2002-02-26,-2.94437376
2002-02-27,-3.53120256
2002-02-28,-2.02369536
2002-03-01,-2.0300544
2002-03-02,-2.19677184
2002-03-03,-1.39442688
2002-03-04,-0.697125865
2002-03-05,-0.348544692
2002-03-06,-0.216672482
2002-03-07,-0.142018376
2002-03-08,-0.071008432
2002-03-09,-0.035504026
2002-03-10,-0.017751965
2002-03-11,-0.199672999
2002-03-12,-0.2513915
2002-03-13,-0.12569338
2002-03-14,-1.300195515
2002-03-15,-1.63275264
2002-03-16,-0.842368772
2002-03-17,-1.147675489
2002-03-18,-6.0417792
2002-03-19,-6.91739136
2002-03-20,-3.45821184
2002-03-21,-1.7286912
2002-03-22,-0.864212309
2002-03-23,-0.432078133
2002-03-24,-0.216032058
2002-03-25,-0.108014279
2002-03-26,-0.0540067
2002-03-27,-0.02700324
2002-03-28,-0.013501593
2002-03-29,0
2002-03-30,0
2002-03-31,0
2002-04-01,0
2002-04-02,0
2002-04-03,-0.541314828
2002-04-04,-0.700447745
2002-04-05,-0.350205466
2002-04-06,-0.341263715
2002-04-07,-0.966184948
2002-04-08,-1.010121989
2002-04-09,-0.505022723
2002-04-10,-0.252501788
2002-04-11,-0.941696575
2002-04-12,-1.118509199
2002-04-13,-0.559207674
2002-04-14,-0.2795921
2002-04-15,-0.139793113
2002-04-16,-0.069895825
2002-04-17,-0.034947729
2002-04-18,-0.017473818
2002-04-19,0
2002-04-20,0
2002-04-21,0
2002-04-22,0
2002-04-23,0
2002-04-24,0
2002-04-25,0
2002-04-26,0.00E+00
2002-04-27,0.00E+00
2002-04-28,-0.091407296
2002-04-29,-0.118298443
2002-04-30,-0.059148696
2002-05-01,-0.099066187
2002-05-02,-0.107701262
2002-05-03,-0.056207852
2002-05-04,-0.045568485
2002-05-05,-0.036657195
2002-05-06,-0.018328546
2002-05-07,0
2002-05-08,0
2002-05-09,-0.03679508
2002-05-10,-0.244568789
2002-05-11,-0.280166183
2002-05-12,-0.14008014
2002-05-13,-0.070039336
2002-05-14,-0.035019483
2002-05-15,-0.017509695
2002-05-16,0
2002-05-17,-0.05859768
2002-05-18,-0.072368315
2002-05-19,-0.053076837
2002-05-20,-0.070903774
2002-05-21,-0.244633983
2002-05-22,-0.294211326
2002-05-23,-0.167169665
2002-05-24,-0.144607666
2002-05-25,-0.171217525
2002-05-26,-0.273194298
2002-05-27,-0.781465107
2002-05-28,-1.015855216
2002-05-29,-0.671518813
2002-05-30,-0.335742493
2002-05-31,-0.167867016
2002-06-01,-0.083932449
2002-06-02,-0.063894856
2002-06-03,-0.049366434
2002-06-04,-0.454900977
2002-06-05,-0.599610152
2002-06-06,-0.323970928
2002-06-07,-0.186773728
2002-06-08,-0.113079119
2002-06-09,-0.10307983
2002-06-10,-0.088508933
2002-06-11,-0.044254171
2002-06-12,-0.022127012
2002-06-13,-0.011063487
2002-06-14,0
2002-06-15,0
2002-06-16,0
2002-06-17,0
2002-06-18,0
2002-06-19,0
2002-06-20,0
2002-06-21,0
2002-06-22,0
2002-06-23,0
2002-06-24,0
2002-06-25,0
2002-06-26,0.00E+00
2002-06-27,0.00E+00
2002-06-28,0.00E+00
2002-06-29,0
2002-06-30,0
2002-07-01,0
2002-07-02,0
2002-07-03,-0.026683654
2002-07-04,-0.034537895
2002-07-05,-0.107963641
2002-07-06,-0.126024016
2002-07-07,-0.063011411
2002-07-08,-0.031505555
2002-07-09,-0.083752411
2002-07-10,-0.095891062
2002-07-11,-0.047945185
2002-07-12,-0.026583289
2002-07-13,-0.015365492
2002-07-14,0
2002-07-15,0
2002-07-16,0
2002-07-17,0
2002-07-18,0
2002-07-19,0
2002-07-20,0
2002-07-21,0.00E+00
2002-07-22,0.00E+00
2002-07-23,0.00E+00
2002-07-24,0
2002-07-25,0
2002-07-26,0
2002-07-27,0
2002-07-28,0
2002-07-29,0
2002-07-30,-0.086773088
2002-07-31,-0.107385685
2002-08-01,-0.161277364
2002-08-02,-0.418598945
2002-08-03,-0.409862081
2002-08-04,-0.204924737
2002-08-05,-0.102460791
2002-08-06,-0.051230001
2002-08-07,-0.025614902
2002-08-08,-0.327408888
2002-08-09,-0.413595708
2002-08-10,-0.206791433
2002-08-11,-0.103394111
2002-08-12,-0.051696653
2002-08-13,-0.025848226
2002-08-14,-0.012924088
2002-08-15,0
2002-08-16,0
2002-08-17,0
2002-08-18,0
2002-08-19,-0.105877644
2002-08-20,-0.136720532
2002-08-21,-0.068359564
2002-08-22,-0.034179606
2002-08-23,-0.025649998
2002-08-24,-0.01962479
2002-08-25,-0.165160318
2002-08-26,-0.861699161
2002-08-27,-0.957341169
2002-08-28,-0.483151952
2002-08-29,-0.241567212
2002-08-30,-0.120781416
2002-08-31,-0.060390161
2002-09-01,-0.030194942
2002-09-02,-0.015097436
2002-09-03,0
2002-09-04,0
2002-09-05,0
2002-09-06,0
2002-09-07,0
2002-09-08,-0.240395144
2002-09-09,-0.310961023
2002-09-10,-0.155476883
2002-09-11,-0.077737533
2002-09-12,-0.038868539
2002-09-13,-0.019434212
2002-09-14,0
2002-09-15,0
2002-09-16,0
2002-09-17,0
2002-09-18,0
2002-09-19,0
2002-09-20,-0.023557214
2002-09-21,-0.030370601
2002-09-22,-0.015185266
2002-09-23,0
2002-09-24,0
2002-09-25,0
2002-09-26,0
2002-09-27,0
2002-09-28,0
2002-09-29,0
2002-09-30,0.00E+00
2002-10-01,0.00E+00
2002-10-02,0.00E+00
2002-10-03,0
2002-10-04,0
2002-10-05,0
2002-10-06,0
2002-10-07,0
2002-10-08,0
2002-10-09,-0.046812051
2002-10-10,-0.060590899
2002-10-11,-0.030295311
2002-10-12,-0.01514762
2002-10-13,0
2002-10-14,0
2002-10-15,0
2002-10-16,-0.013970526
2002-10-17,-0.163367774
2002-10-18,-0.202578486
2002-10-19,-0.104649422
2002-10-20,-0.052324299
2002-10-21,-0.272415495
2002-10-22,-1.65376512
2002-10-23,-1.8814464
2002-10-24,-2.29796352
2002-10-25,-4.5052416
2002-10-26,-4.06370304
2002-10-27,-2.03129856
2002-10-28,-1.015462656
2002-10-29,-0.507692648
2002-10-30,-0.253836647
2002-10-31,-0.126915907
2002-11-01,-0.126914141
2002-11-02,-2.72830464
2002-11-03,-4.14498816
2002-11-04,-2.63167488
2002-11-05,-1.315600635
2002-11-06,-2.25925632
2002-11-07,-2.40136704
2002-11-08,-4.88650752
2002-11-09,-5.64420096
2002-11-10,-4.49915904
2002-11-11,-3.4083072
2002-11-12,-2.78498304
2002-11-13,-2.30694912
2002-11-14,-1.197751685
2002-11-15,-0.598822032
2002-11-16,-2.47753728
2002-11-17,-4.31557632
2002-11-18,-3.22707456
2002-11-19,-1.61312256
2002-11-20,-2.28759552
2002-11-21,-5.88432384
2002-11-22,-8.54682624
2002-11-23,-9.31765248
2002-11-24,-6.91282944
2002-11-25,-3.4546176
2002-11-26,-1.72689408
2002-11-27,-0.86331556
2002-11-28,-2.61978624
2002-11-29,-3.46000896
2002-11-30,-4.63878144
2002-12-01,-6.45083136
2002-12-02,-4.87738368
2002-12-03,-2.4378624
2002-12-04,-1.99148544
2002-12-05,-1.60952832
2002-12-06,-0.804647693
2002-12-07,-0.402299551
2002-12-08,-0.201143707
2002-12-09,-0.100570333
2002-12-10,-0.050284786
2002-12-11,-0.655207004
2002-12-12,-2.04899328
2002-12-13,-1.994112
2002-12-14,-2.0736
2002-12-15,-4.1845248
2002-12-16,-4.212864
2002-12-17,-2.54375424
2002-12-18,-1.42995456
2002-12-19,-0.714927444
2002-12-20,-0.524605524
2002-12-21,-1.72426752
2002-12-22,-2.05936128
2002-12-23,-1.141997972
2002-12-24,-3.18117888
2002-12-25,-8.00216064
2002-12-26,-7.44367104
2002-12-27,-4.89687552
2002-12-28,-4.79236608
2002-12-29,-3.66239232
2002-12-30,-2.4876288
2002-12-31,-2.0300544
2003-01-01,-6.95043072
2003-01-02,-9.17056512
2003-01-03,-11.086848
2003-01-04,-9.93931776
2003-01-05,-4.96585728
2003-01-06,-2.4820992
2003-01-07,-1.240787635
2003-01-08,-0.620336075
2003-01-09,-0.310153591
2003-01-10,-0.155073194
2003-01-11,-0.07753569
2003-01-12,-0.038767619
2003-01-13,-0.019383753
2003-01-14,0
2003-01-15,0
2003-01-16,0
2003-01-17,-0.70682506
2003-01-18,-1.081330601
2003-01-19,-0.863670685
2003-01-20,-2.78152704
2003-01-21,-5.98883328
2003-01-22,-5.28256512
2003-01-23,-2.6597376
2003-01-24,-1.32959731
2003-01-25,-0.711840946
2003-01-26,-0.500848842
2003-01-27,-0.347156002
2003-01-28,-0.182572006
2003-01-29,-0.091284752
2003-01-30,-0.336309968
2003-01-31,-0.399035497
2003-02-01,-1.065965018
2003-02-02,-2.2519296
2003-02-03,-6.00251904
2003-02-04,-6.22190592
2003-02-05,-3.10957056
2003-02-06,-1.55437056
2003-02-07,-0.77711211
2003-02-08,-0.38853339
2003-02-09,-0.194261027
2003-02-10,-0.097129099
2003-02-11,-0.048564194
2003-02-12,-0.024282008
2003-02-13,-0.012140982
2003-02-14,0
2003-02-15,0
2003-02-16,0
2003-02-17,0
2003-02-18,0
2003-02-19,-0.306604086
2003-02-20,-0.396690877
2003-02-21,-0.198339536
2003-02-22,-0.09916829
2003-02-23,-0.049583775
2003-02-24,-0.024791796
2003-02-25,-0.012395874
2003-02-26,0
2003-02-27,0
2003-02-28,-0.566690218
2003-03-01,-2.70701568
2003-03-02,-2.9217024
2003-03-03,-2.8415232
2003-03-04,-2.5173504
2003-03-05,-1.258429091
2003-03-06,-0.629155151
2003-03-07,-0.314562728
2003-03-08,-0.157277652
2003-03-09,-0.078637895
2003-03-10,-0.039318714
2003-03-11,-0.019659298
2003-03-12,0
2003-03-13,0
2003-03-14,0
2003-03-15,0
2003-03-16,0
2003-03-17,0
2003-03-18,0
2003-03-19,0.00E+00
2003-03-20,0.00E+00
2003-03-21,0.00E+00
2003-03-22,0
2003-03-23,0
2003-03-24,0
2003-03-25,0
2003-03-26,0
2003-03-27,0
2003-03-28,-0.080355956
2003-03-29,-0.104007929
2003-03-30,-0.052003557
2003-03-31,-0.026001676
2003-04-01,-0.013000813
2003-04-02,0
2003-04-03,0
2003-04-04,0
2003-04-05,0
2003-04-06,0
2003-04-07,0
2003-04-08,0
2003-04-09,-0.079040018
2003-04-10,-0.102264331
2003-04-11,-0.104415538
2003-04-12,-0.09453303
2003-04-13,-0.047266179
2003-04-14,-0.023633006
2003-04-15,-0.011816481
2003-04-16,0
2003-04-17,0
2003-04-18,0
2003-04-19,0
2003-04-20,0
2003-04-21,0
2003-04-22,0.00E+00
2003-04-23,0.00E+00
2003-04-24,0.00E+00
2003-04-25,0.00E+00
2003-04-26,-0.035533875
2003-04-27,-0.045988525
2003-04-28,-0.074815272
2003-04-29,-0.078571253
2003-04-30,-0.039432458
2003-05-01,-0.01983299
2003-05-02,0
2003-05-03,0
2003-05-04,-0.219435292
2003-05-05,-0.410582822
2003-05-06,-0.307382446
2003-05-07,-0.15368767
2003-05-08,-0.171093759
2003-05-09,-0.160413046
2003-05-10,-0.080205557
2003-05-11,-0.040102536
2003-05-12,-0.069521721
2003-05-13,-0.074057349
2003-05-14,-0.037028469
2003-05-15,-0.018514182
2003-05-16,0
2003-05-17,-0.242583469
2003-05-18,-0.47977602
2003-05-19,-0.853528693
2003-05-20,-0.807234841
2003-05-21,-0.403592979
2003-05-22,-0.20179038
2003-05-23,-0.100893659
2003-05-24,-0.376174154
2003-05-25,-0.44681442
2003-05-26,-0.223399725
2003-05-27,-0.111697985
2003-05-28,-0.055848523
2003-05-29,-0.027924144
2003-05-30,-0.013962042
2003-05-31,0
2003-06-01,0
2003-06-02,0
2003-06-03,-0.978008602
2003-06-04,-1.265076597
2003-06-05,-0.632478261
2003-06-06,-0.316224124
2003-06-07,-0.158108309
2003-06-08,-0.079053216
2003-06-09,-0.039526373
2003-06-10,-0.019763128
2003-06-11,0
2003-06-12,0
2003-06-13,0
2003-06-14,0
2003-06-15,0
2003-06-16,-0.129212964
2003-06-17,-0.166999463
2003-06-18,-0.083498681
2003-06-19,-0.041749079
2003-06-20,-0.020874474
2003-06-21,-0.01043722
2003-06-22,0
2003-06-23,0
2003-06-24,0
2003-06-25,0
2003-06-26,0
2003-06-27,0
2003-06-28,0.00E+00
2003-06-29,0.00E+00
2003-06-30,-0.036095151
2003-07-01,-0.068864559
2003-07-02,-0.083644219
2003-07-03,-0.066929913
2003-07-04,-0.033464788
2003-07-05,-0.016732351
2003-07-06,0
2003-07-07,0
2003-07-08,0
2003-07-09,0
2003-07-10,0
2003-07-11,0
2003-07-12,0
2003-07-13,0.00E+00
2003-07-14,0.00E+00
2003-07-15,-0.512563023
2003-07-16,-0.76779501
2003-07-17,-0.466806772
2003-07-18,-0.233395209
2003-07-19,-0.116695559
2003-07-20,-0.058347268
2003-07-21,-0.029173506
2003-07-22,-0.01458672
2003-07-23,0
2003-07-24,0
2003-07-25,-0.015527937
2003-07-26,-0.161549116
2003-07-27,-0.19428356
2003-07-28,-0.097140366
2003-07-29,-0.048569828
2003-07-30,-0.024284825
2003-07-31,-0.01214239
2003-08-01,0
2003-08-02,0
2003-08-03,0
2003-08-04,0
2003-08-05,0
2003-08-06,0
2003-08-07,0.00E+00
2003-08-08,0.00E+00
2003-08-09,0.00E+00
2003-08-10,0.00E+00
2003-08-11,0
2003-08-12,0
2003-08-13,0
2003-08-14,0
2003-08-15,0
2003-08-16,0
2003-08-17,0
2003-08-18,0
2003-08-19,0
2003-08-20,0
2003-08-21,0
2003-08-22,0
2003-08-23,0
2003-08-24,0
2003-08-25,0
2003-08-26,0
2003-08-27,0
2003-08-28,0.00E+00
2003-08-29,0
2003-08-30,0
2003-08-31,0.00E+00
2003-09-01,0.00E+00
2003-09-02,0.00E+00
2003-09-03,0
2003-09-04,0
2003-09-05,0
2003-09-06,-0.016038215
2003-09-07,-0.022792819
2003-09-08,-0.273329607
2003-09-09,-0.338821982
2003-09-10,-0.169406678
2003-09-11,-0.084702264
2003-09-12,-0.042350862
2003-09-13,-0.021175363
2003-09-14,-0.010587665
2003-09-15,0
2003-09-16,0
2003-09-17,0
2003-09-18,0
2003-09-19,0
2003-09-20,0
2003-09-21,0.00E+00
2003-09-22,0
2003-09-23,-0.011274938
2003-09-24,0
2003-09-25,0
2003-09-26,0
2003-09-27,0
2003-09-28,0
2003-09-29,0
2003-09-30,0.00E+00
2003-10-01,0.00E+00
2003-10-02,-0.203133658
2003-10-03,-0.662860676
2003-10-04,-0.684213171
2003-10-05,-0.369976799
2003-10-06,-0.224946202
2003-10-07,-0.144215507
2003-10-08,-0.072106975
2003-10-09,-0.036053292
2003-10-10,-0.018026597
2003-10-11,0
2003-10-12,0
2003-10-13,-0.01871133
2003-10-14,-0.022429045
2003-10-15,-0.011214503
2003-10-16,0
2003-10-17,0
2003-10-18,0
2003-10-19,-0.339091232
2003-10-20,-0.834220975
2003-10-21,-0.731543243
2003-10-22,-0.947686349
2003-10-23,-1.08565291
2003-10-24,-0.661624934
2003-10-25,-0.330796044
2003-10-26,-0.165393916
2003-10-27,-0.08269593
2003-10-28,-0.168808887
2003-10-29,-1.193681014
2003-10-30,-4.624128
2003-10-31,-6.13108224
2003-11-01,-4.0628736
2003-11-02,-3.9737088
2003-11-03,-3.5292672
2003-11-04,-1.76421888
2003-11-05,-0.881958247
2003-11-06,-0.440949948
2003-11-07,-0.220467682
2003-11-08,-0.955543012
2003-11-09,-1.149149044
2003-11-10,-0.574524984
2003-11-11,-0.423544357
2003-11-12,-0.320028669
2003-11-13,-0.965814078
2003-11-14,-1.271181676
2003-11-15,-1.263491869
2003-11-16,-1.079497235
2003-11-17,-0.57352302
2003-11-18,-0.286749172
2003-11-19,-0.143371496
2003-11-20,-0.071684977
2003-11-21,-0.035842295
2003-11-22,-0.017921099
2003-11-23,-0.492201861
2003-11-24,-1.023508542
2003-11-25,-0.824333801
2003-11-26,-1.6436736
2003-11-27,-1.7998848
2003-11-28,-0.913832866
2003-11-29,-1.72219392
2003-11-30,-12.78346752
2003-12-01,-15.05488896
2003-12-02,-7.56642816
2003-12-03,-5.4404352
2003-12-04,-4.00702464
2003-12-05,-2.00295936
2003-12-06,-1.001297079
2003-12-07,-0.500610931
2003-12-08,-0.250296058
2003-12-09,-0.125145679
2003-12-10,-0.062572251
2003-12-11,-1.52395776
2003-12-12,-1.99217664
2003-12-13,-1.78910208
2003-12-14,-1.49630976
2003-12-15,-0.748041012
2003-12-16,-0.373999514
2003-12-17,-0.186994511
2003-12-18,-0.167925685
2003-12-19,-0.783074829
2003-12-20,-6.60386304
2003-12-21,-7.82839296
2003-12-22,-3.91191552
2003-12-23,-2.25497088
2003-12-24,-1.365226168
2003-12-25,-0.682543176
2003-12-26,-2.22400512
2003-12-27,-4.61044224
2003-12-28,-3.89532672
2003-12-29,-4.91982336
2003-12-30,-4.81946112
2003-12-31,-2.408832
2004-01-01,-1.64104704
2004-01-02,-1.167359634
2004-01-03,-0.58362871
2004-01-04,-0.291801568
2004-01-05,-0.145897584
2004-01-06,-0.072947996
2004-01-07,-0.036473797
2004-01-08,-2.7841536
2004-01-09,-3.93334272
2004-01-10,-3.32439552
2004-01-11,-4.02223104
2004-01-12,-10.00885248
2004-01-13,-11.36775168
2004-01-14,-7.59227904
2004-01-15,-5.46213888
2004-01-16,-5.28477696
2004-01-17,-8.67013632
2004-01-18,-7.88673024
2004-01-19,-3.94094592
2004-01-20,-2.03129856
2004-01-21,-1.064277592
2004-01-22,-2.72277504
2004-01-23,-4.50690048
2004-01-24,-3.36932352
2004-01-25,-5.54162688
2004-01-26,-6.44419584
2004-01-27,-3.70635264
2004-01-28,-1.92443904
2004-01-29,-1.019012134
2004-01-30,-0.509467111
2004-01-31,-1.321154828
2004-02-01,-1.5075072
2004-02-02,-0.753681135
2004-02-03,-0.376819251
2004-02-04,-0.188404296
2004-02-05,-0.094200817
2004-02-06,-0.047100074
2004-02-07,-0.023549954
2004-02-08,-0.011774956
2004-02-09,0
2004-02-10,0
2004-02-11,0
2004-02-12,0
2004-02-13,0
2004-02-14,0
2004-02-15,0.00E+00
2004-02-16,0.00E+00
2004-02-17,0.00E+00
2004-02-18,0.00E+00
2004-02-19,-0.045139193
2004-02-20,-0.561113036
2004-02-21,-0.882059922
2004-02-22,-1.98484992
2004-02-23,-2.09101824
2004-02-24,-1.045312266
2004-02-25,-0.522615145
2004-02-26,-0.261297322
2004-02-27,-0.190083594
2004-02-28,-0.142254199
2004-02-29,-0.071126342
2004-03-01,-0.035562981
2004-03-02,-0.017781442
2004-03-03,0
2004-03-04,-1.036463869
2004-03-05,-2.32533504
2004-03-06,-1.94683392
2004-03-07,-0.973269154
2004-03-08,-0.486599035
2004-03-09,-0.243290636
2004-03-10,-0.121643096
2004-03-11,-0.885333086
2004-03-12,-2.24142336
2004-03-13,-2.02908672
2004-03-14,-1.014404194
2004-03-15,-0.507163493
2004-03-16,-0.253572098
2004-03-17,-0.126783635
2004-03-18,-0.063391213
2004-03-19,-0.73853039
2004-03-20,-1.197210378
2004-03-21,-0.810262905
2004-03-22,-0.585410554
2004-03-23,-0.435912938
2004-03-24,-0.217949336
2004-03-25,-0.108972886
2004-03-26,-0.054485997
2004-03-27,-0.027242886
2004-03-28,-0.013621415
2004-03-29,0
2004-03-30,-0.08756087
2004-03-31,-0.480133025
2004-04-01,-1.4356224
2004-04-02,-1.54925568
2004-04-03,-0.904904207
2004-04-04,-0.483365726
2004-04-05,-0.241674099
2004-04-06,-0.120834854
2004-04-07,-0.060416878
2004-04-08,-0.030208302
2004-04-09,-0.015104116
2004-04-10,0
2004-04-11,0
2004-04-12,0
2004-04-13,0
2004-04-14,0
2004-04-15,0
2004-04-16,0
2004-04-17,-0.152671897
2004-04-18,-0.940611903
2004-04-19,-3.0350592
2004-04-20,-3.08524032
2004-04-21,-1.58395392
2004-04-22,-0.824997271
2004-04-23,-0.412473102
2004-04-24,-0.206230164
2004-04-25,-0.103113486
2004-04-26,-0.051556344
2004-04-27,-0.025778072
2004-04-28,-0.19306803
2004-04-29,-0.413383178
2004-04-30,-0.344683013
2004-05-01,-0.172337048
2004-05-02,-0.086167408
2004-05-03,-0.043083425
2004-05-04,-1.074312419
2004-05-05,-1.81218816
2004-05-06,-1.51552512
2004-05-07,-0.965012742
2004-05-08,-0.482471438
2004-05-09,-0.241226989
2004-05-10,-0.120611308
2004-05-11,-0.060305107
2004-05-12,-0.030152417
2004-05-13,-0.015076174
2004-05-14,0
2004-05-15,0
2004-05-16,0
2004-05-17,0
2004-05-18,0
2004-05-19,0
2004-05-20,-0.068017731
2004-05-21,-0.087944614
2004-05-22,-0.043972015
2004-05-23,-0.021985934
2004-05-24,-0.010992949
2004-05-25,0
2004-05-26,0
2004-05-27,0
2004-05-28,0
2004-05-29,0
2004-05-30,0
2004-05-31,-0.047237478
2004-06-01,-0.061073326
2004-06-02,-0.030536522
2004-06-03,-0.015268226
2004-06-04,0
2004-06-05,0
2004-06-06,0
2004-06-07,0
2004-06-08,0
2004-06-09,0
2004-06-10,0
2004-06-11,0.00E+00
2004-06-12,0.00E+00
2004-06-13,0.00E+00
2004-06-14,0
2004-06-15,0
2004-06-16,0
2004-06-17,0
2004-06-18,0
2004-06-19,0
2004-06-20,0
2004-06-21,0
2004-06-22,0
2004-06-23,0
2004-06-24,0
2004-06-25,0
2004-06-26,0
2004-06-27,0
2004-06-28,0.00E+00
2004-06-29,0.00E+00
2004-06-30,0.00E+00
2004-07-01,0
2004-07-02,0
2004-07-03,0
2004-07-04,0
2004-07-05,0
2004-07-06,0
2004-07-07,0
2004-07-08,-0.029815443
2004-07-09,-0.031062702
2004-07-10,-0.015531314
2004-07-11,0
2004-07-12,0
2004-07-13,0
2004-07-14,0
2004-07-15,0
2004-07-16,0
2004-07-17,0
2004-07-18,-0.010603425
2004-07-19,-0.022020391
2004-07-20,-0.024290633
2004-07-21,-0.0399005
2004-07-22,-0.041997461
2004-07-23,-0.020998664
2004-07-24,-0.010499315
2004-07-25,0
2004-07-26,0
2004-07-27,0
2004-07-28,0
2004-07-29,0
2004-07-30,0
2004-07-31,0.00E+00
2004-08-01,0.00E+00
2004-08-02,0.00E+00
2004-08-03,0.00E+00
2004-08-04,-0.079385415
2004-08-05,-0.102747656
2004-08-06,-0.05137343
2004-08-07,-0.025686616
2004-08-08,-0.026069771
2004-08-09,-0.083222674
2004-08-10,-0.089018644
2004-08-11,-0.625239572
2004-08-12,-1.293242513
2004-08-13,-1.059086223
2004-08-14,-0.529501031
2004-08-15,-0.264739996
2004-08-16,-0.391098959
2004-08-17,-0.554299739
2004-08-18,-0.844858419
2004-08-19,-0.776661655
2004-08-20,-0.628965071
2004-08-21,-0.505627315
2004-08-22,-0.252804064
2004-08-23,-0.126399633
2004-08-24,-0.073535571
2004-08-25,-0.044978243
2004-08-26,-0.022489045
2004-08-27,-0.011244504
2004-08-28,-0.607803997
2004-08-29,-0.782200793
2004-08-30,-0.391077449
2004-08-31,-0.195532987
2004-09-01,-0.097765056
2004-09-02,-0.048882169
2004-09-03,-0.024440994
2004-09-04,-0.012220474
2004-09-05,0
2004-09-06,0
2004-09-07,0
2004-09-08,0
2004-09-09,0
2004-09-10,0
2004-09-11,-0.019346729
2004-09-12,-0.023593689
2004-09-13,-0.014494909
2004-09-14,0
2004-09-15,0
2004-09-16,0
2004-09-17,0
2004-09-18,0
2004-09-19,0
2004-09-20,0
2004-09-21,0.00E+00
2004-09-22,0.00E+00
2004-09-23,0
2004-09-24,0
2004-09-25,0
2004-09-26,0
2004-09-27,0
2004-09-28,0
2004-09-29,0
2004-09-30,0.00E+00
2004-10-01,0.00E+00
2004-10-02,0.00E+00
2004-10-03,0
2004-10-04,0
2004-10-05,0
2004-10-06,0
2004-10-07,-0.035869295
2004-10-08,-0.144599842
2004-10-09,-0.151909185
2004-10-10,-0.18725349
2004-10-11,-0.559189509
2004-10-12,-0.82218193
2004-10-13,-1.71514368
2004-10-14,-3.24988416
2004-10-15,-3.16873728
2004-10-16,-2.3328
2004-10-17,-1.5434496
2004-10-18,-1.41322752
2004-10-19,-1.376175703
2004-10-20,-0.81511893
2004-10-21,-0.407534534
2004-10-22,-0.203761032
2004-10-23,-0.10187896
2004-10-24,-0.05093909
2004-10-25,-0.025469447
2004-10-26,-0.012734699
2004-10-27,-0.119794913
2004-10-28,-0.190568595
2004-10-29,-0.378905831
2004-10-30,-0.38913743
2004-10-31,-0.194563026
2004-11-01,-0.164889161
2004-11-02,-0.136148335
2004-11-03,-0.068073471
2004-11-04,-0.034036561
2004-11-05,-0.017018237
2004-11-06,0
2004-11-07,0
2004-11-08,-0.275053571
2004-11-09,-0.818560692
2004-11-10,-0.778007144
2004-11-11,-0.388980873
2004-11-12,-0.194484755
2004-11-13,-0.097240958
2004-11-14,-0.048620124
2004-11-15,-0.024309973
2004-11-16,-0.012154964
2004-11-17,0
2004-11-18,-0.465962043
2004-11-19,-0.600678015
2004-11-20,-0.300325474
2004-11-21,-0.150159343
2004-11-22,-0.075078828
2004-11-23,-0.037539202
2004-11-24,-0.018769547
2004-11-25,0
2004-11-26,-0.227980597
2004-11-27,-0.291353117
2004-11-28,-0.320177899
2004-11-29,-0.298699854
2004-11-30,-0.149346575
2004-12-01,-0.07467245
2004-12-02,-0.037336015
2004-12-03,-0.018667954
2004-12-04,0
2004-12-05,0
2004-12-06,0
2004-12-07,0
2004-12-08,0
2004-12-09,0
2004-12-10,0
2004-12-11,0.00E+00
2004-12-12,0.00E+00
2004-12-13,0.00E+00
2004-12-14,0
2004-12-15,0
2004-12-16,-0.34169595
2004-12-17,-1.10382977
2004-12-18,-2.02853376
2004-12-19,-2.31994368
2004-12-20,-1.59694848
2004-12-21,-0.798359694
2004-12-22,-1.161661202
2004-12-23,-1.4024448
2004-12-24,-1.582848
2004-12-25,-1.638144
2004-12-26,-1.043612592
2004-12-27,-0.532317395
2004-12-28,-1.16168274
2004-12-29,-1.285431511
2004-12-30,-0.855401361
2004-12-31,-0.766910523
2005-01-01,-0.817844346
2005-01-02,-0.646540545
2005-01-03,-0.323254596
2005-01-04,-0.161623379
2005-01-05,-0.746950948
2005-01-06,-0.902565172
2005-01-07,-0.451252035
2005-01-08,-1.226882502
2005-01-09,-1.4086656
2005-01-10,-0.704251639
2005-01-11,-0.419408493
2005-01-12,-0.871287778
2005-01-13,-0.918650405
2005-01-14,-0.459293553
2005-01-15,-0.229638855
2005-01-16,-0.114817449
2005-01-17,-0.649478504
2005-01-18,-1.204270737
2005-01-19,-1.304960786
2005-01-20,-1.003166761
2005-01-21,-0.541789157
2005-01-22,-0.716730357
2005-01-23,-1.6409088
2005-01-24,-1.55768832
2005-01-25,-0.778775883
2005-01-26,-0.389365194
2005-01-27,-0.194676909
2005-01-28,-0.09733703
2005-01-29,-0.048668159
2005-01-30,-0.02433399
2005-01-31,-0.012166973
2005-02-01,0
2005-02-02,0
2005-02-03,0
2005-02-04,0
2005-02-05,0
2005-02-06,0
2005-02-07,0.00E+00
2005-02-08,0.00E+00
2005-02-09,0.00E+00
2005-02-10,-0.292254981
2005-02-11,-1.6747776
2005-02-12,-2.16262656
2005-02-13,-1.49686272
2005-02-14,-0.892108021
2005-02-15,-0.446024158
2005-02-16,-0.223004607
2005-02-17,-0.111500439
2005-02-18,-0.13474425
2005-02-19,-0.130120121
2005-02-20,-0.065059424
2005-02-21,-0.032529553
2005-02-22,-0.016264736
2005-02-23,0
2005-02-24,0
2005-02-25,0
2005-02-26,0
2005-02-27,0
2005-02-28,0
2005-03-01,0
2005-03-02,0.00E+00
2005-03-03,-0.025233114
2005-03-04,-0.108010803
2005-03-05,-0.113879076
2005-03-06,-0.05693905
2005-03-07,-0.028469403
2005-03-08,-0.014234671
2005-03-09,0
2005-03-10,0
2005-03-11,0
2005-03-12,0
2005-03-13,0
2005-03-14,0
2005-03-15,0
2005-03-16,0.00E+00
2005-03-17,0.00E+00
2005-03-18,0.00E+00
2005-03-19,0
2005-03-20,0
2005-03-21,0
2005-03-22,0
2005-03-23,-0.024778555
2005-03-24,-0.032072042
2005-03-25,-0.016035982
2005-03-26,-0.077166129
2005-03-27,-0.226568752
2005-03-28,-0.5185467
2005-03-29,-0.824246503
2005-03-30,-0.671860888
2005-03-31,-0.335913509
2005-04-01,-0.167952518
2005-04-02,-0.0839752
2005-04-03,-0.041987335
2005-04-04,-0.020993601
2005-04-05,-0.010496784
2005-04-06,0
2005-04-07,0
2005-04-08,-0.050083856
2005-04-09,-0.063783469
2005-04-10,-0.031891581
2005-04-11,-0.015945752
2005-04-12,0
2005-04-13,0
2005-04-14,-0.253260394
2005-04-15,-0.489868163
2005-04-16,-0.374918755
2005-04-17,-0.236479344
2005-04-18,-0.247615612
2005-04-19,-0.316896745
2005-04-20,-0.254761888
2005-04-21,-0.127378509
2005-04-22,-0.370458206
2005-04-23,-0.919724143
2005-04-24,-0.947244285
2005-04-25,-0.665385007
2005-04-26,-0.423476149
2005-04-27,-0.211731342
2005-04-28,-0.10586399
2005-04-29,-0.052931573
2005-04-30,-0.026465682
2005-05-01,-0.013232814
2005-05-02,-0.05558186
2005-05-03,-0.066686308
2005-05-04,-0.033342986
2005-05-05,-0.016671451
2005-05-06,0
2005-05-07,0
2005-05-08,0
2005-05-09,0
2005-05-10,0
2005-05-11,0
2005-05-12,-0.127494554
2005-05-13,-0.72163702
2005-05-14,-0.803002222
2005-05-15,-0.49735137
2005-05-16,-0.324822957
2005-05-17,-0.162407518
2005-05-18,-0.081202769
2005-05-19,-0.040601136
2005-05-20,-0.020300505
2005-05-21,-0.01536937
2005-05-22,-0.011830489
2005-05-23,0
2005-05-24,0
2005-05-25,0
2005-05-26,0
2005-05-27,0
2005-05-28,0
2005-05-29,-0.034051021
2005-05-30,-0.044000371
2005-05-31,-0.022000112
2005-06-01,-0.011000038
2005-06-02,0
2005-06-03,0
2005-06-04,0
2005-06-05,0
2005-06-06,0
2005-06-07,-0.010072344
2005-06-08,0
2005-06-09,0
2005-06-10,0
2005-06-11,0
2005-06-12,0
2005-06-13,0
2005-06-14,0.00E+00
2005-06-15,0
2005-06-16,0
2005-06-17,0
2005-06-18,0
2005-06-19,0
2005-06-20,0
2005-06-21,0
2005-06-22,0
2005-06-23,0.00E+00
2005-06-24,0
2005-06-25,-0.01119788
2005-06-26,-0.012597533
2005-06-27,0
2005-06-28,0
2005-06-29,0
2005-06-30,0
2005-07-01,-0.010422248
2005-07-02,0
2005-07-03,-0.067976549
2005-07-04,-0.08591517
2005-07-05,-0.068975737
2005-07-06,-0.055155349
2005-07-07,-0.02757756
2005-07-08,-0.013788751
2005-07-09,0
2005-07-10,0
2005-07-11,0
2005-07-12,0
2005-07-13,0
2005-07-14,0
2005-07-15,0
2005-07-16,0.00E+00
2005-07-17,0.00E+00
2005-07-18,0.00E+00
2005-07-19,0
2005-07-20,0
2005-07-21,0
2005-07-22,0
2005-07-23,0
2005-07-24,0
2005-07-25,0
2005-07-26,0
2005-07-27,0
2005-07-28,0
2005-07-29,-0.010619809
2005-07-30,-0.012470558
2005-07-31,0
2005-08-01,0
2005-08-02,0
2005-08-03,0
2005-08-04,0
2005-08-05,0
2005-08-06,0.00E+00
2005-08-07,0.00E+00
2005-08-08,0.00E+00
2005-08-09,0.00E+00
2005-08-10,0
2005-08-11,0
2005-08-12,0
2005-08-13,0
2005-08-14,0
2005-08-15,0
2005-08-16,0
2005-08-17,0
2005-08-18,0
2005-08-19,0
2005-08-20,0
2005-08-21,0
2005-08-22,0
2005-08-23,0
2005-08-24,0
2005-08-25,-0.012900145
2005-08-26,-0.01669728
2005-08-27,0
2005-08-28,0
2005-08-29,0
2005-08-30,0
2005-08-31,0
2005-09-01,0
2005-09-02,0
2005-09-03,0.00E+00
2005-09-04,0.00E+00
2005-09-05,0
2005-09-06,0
2005-09-07,0
2005-09-08,0
2005-09-09,-0.045603854
2005-09-10,-0.057994586
2005-09-11,-0.028997166
2005-09-12,-0.014498552
2005-09-13,0
2005-09-14,0
2005-09-15,0
2005-09-16,0
2005-09-17,0
2005-09-18,0
2005-09-19,0
2005-09-20,0
2005-09-21,0
2005-09-22,0
2005-09-23,0.00E+00
2005-09-24,0.00E+00
2005-09-25,0
2005-09-26,0
2005-09-27,0
2005-09-28,0
2005-09-29,0
2005-09-30,0
2005-10-01,0
2005-10-02,0
2005-10-03,0.00E+00
2005-10-04,0.00E+00
2005-10-05,0.00E+00
2005-10-06,0
2005-10-07,0
2005-10-08,0
2005-10-09,0
2005-10-10,0
2005-10-11,0
2005-10-12,0
2005-10-13,0
2005-10-14,0
2005-10-15,-0.054691135
2005-10-16,-0.069340789
2005-10-17,-0.034670213
2005-10-18,-0.174151075
2005-10-19,-0.211639067
2005-10-20,-0.105817848
2005-10-21,-0.118882272
2005-10-22,-0.147149554
2005-10-23,-0.101616818
2005-10-24,-0.05080802
2005-10-25,-0.026095212
2005-10-26,-0.013596714
2005-10-27,0
2005-10-28,-0.172794028
2005-10-29,-0.220952254
2005-10-30,-0.617735131
2005-10-31,-1.124558402
2005-11-01,-0.995405511
2005-11-02,-0.581305545
2005-11-03,-0.972259546
2005-11-04,-1.173043109
2005-11-05,-0.702080539
2005-11-06,-0.351021773
2005-11-07,-0.283709731
2005-11-08,-0.624622441
2005-11-09,-0.627496451
2005-11-10,-0.313733454
2005-11-11,-0.156863029
2005-11-12,-0.608359293
2005-11-13,-0.725090531
2005-11-14,-0.362525539
2005-11-15,-0.181257841
2005-11-16,-0.090627686
2005-11-17,-0.045313533
2005-11-18,-0.02265669
2005-11-19,-0.011328325
2005-11-20,0
2005-11-21,0
2005-11-22,0
2005-11-23,0
2005-11-24,-0.386446602
2005-11-25,-0.49989782
2005-11-26,-0.249939537
2005-11-27,-0.36640183
2005-11-28,-0.64600698
2005-11-29,-0.538275332
2005-11-30,-0.269126793
2005-12-01,-0.476737671
2005-12-02,-1.68763392
2005-12-03,-5.0519808
2005-12-04,-6.9099264
2005-12-05,-4.8715776
2005-12-06,-2.43482112
2005-12-07,-2.85894144
2005-12-08,-2.7330048
2005-12-09,-1.366211571
2005-12-10,-0.683035781
2005-12-11,-0.341500382
2005-12-12,-0.170745809
2005-12-13,-0.085371812
2005-12-14,-0.042685632
2005-12-15,-0.021342748
2005-12-16,-0.010671356
2005-12-17,0
2005-12-18,0
2005-12-19,0
2005-12-20,0
2005-12-21,0
2005-12-22,0
2005-12-23,0.00E+00
2005-12-24,0.00E+00
2005-12-25,0.00E+00
2005-12-26,0.00E+00
2005-12-27,0
2005-12-28,0
2005-12-29,0
2005-12-30,-2.60679168
2005-12-31,-4.161024
2006-01-01,-2.7053568
2006-01-02,-1.352423596
2006-01-03,-0.67614319
2006-01-04,-0.839594668
2006-01-05,-0.818145986
2006-01-06,-0.409047875
2006-01-07,-1.02262364
2006-01-08,-4.51616256
2006-01-09,-5.94943488
2006-01-10,-3.7898496
2006-01-11,-2.12599296
2006-01-12,-1.246881794
2006-01-13,-0.62338258
2006-01-14,-0.311676706
2006-01-15,-0.155834703
2006-01-16,-0.470743239
2006-01-17,-2.23699968
2006-01-18,-2.58315264
2006-01-19,-1.38889728
2006-01-20,-1.014672559
2006-01-21,-0.761707584
2006-01-22,-0.380832026
2006-01-23,-0.190410573
2006-01-24,-0.095203922
2006-01-25,-0.047601621
2006-01-26,-0.023800726
2006-01-27,-0.011900341
2006-01-28,-0.19365837
2006-01-29,-0.303005947
2006-01-30,-0.196836701
2006-01-31,-0.098416896
2006-02-01,-0.049208083
2006-02-02,-0.024603951
2006-02-03,-0.012301952
2006-02-04,0
2006-02-05,0
2006-02-06,0
2006-02-07,0
2006-02-08,-0.170927774
2006-02-09,-0.220931422
2006-02-10,-0.110463876
2006-02-11,-0.055231479
2006-02-12,-0.027615624
2006-02-13,-0.013807783
2006-02-14,-0.339244319
2006-02-15,-4.8612096
2006-02-16,-7.82244864
2006-02-17,-7.01139456
2006-02-18,-5.53609728
2006-02-19,-3.69501696
2006-02-20,-4.10614272
2006-02-21,-3.63806208
2006-02-22,-1.8185472
2006-02-23,-0.909144954
2006-02-24,-0.45454147
2006-02-25,-0.22726298
2006-02-26,-0.113629553
2006-02-27,-0.056814291
2006-02-28,-0.028407023
2006-03-01,-0.014203481
2006-03-02,-2.14451712
2006-03-03,-8.10072576
2006-03-04,-14.20153344
2006-03-05,-11.7932544
2006-03-06,-5.89151232
2006-03-07,-6.30623232
2006-03-08,-6.683904
2006-03-09,-5.00857344
2006-03-10,-4.43653632
2006-03-11,-3.13279488
2006-03-12,-1.56598272
2006-03-13,-0.782923857
2006-03-14,-0.391438932
2006-03-15,-0.195713722
2006-03-16,-0.097855419
2006-03-17,-0.04892735
2006-03-18,-0.860465632
2006-03-19,-1.221326291
2006-03-20,-0.711567203
2006-03-21,-0.355764607
2006-03-22,-1.66662144
2006-03-23,-4.24217088
2006-03-24,-6.11449344
2006-03-25,-5.48232192
2006-03-26,-3.2631552
2006-03-27,-2.06585856
2006-03-28,-3.06298368
2006-03-29,-6.81053184
2006-03-30,-11.32724736
2006-03-31,-9.46487808
2006-04-01,-4.72905216
2006-04-02,-2.36376576
2006-04-03,-1.181649821
2006-04-04,-1.58671872
2006-04-05,-1.58436864
2006-04-06,-0.792085741
2006-04-07,-0.396019335
2006-04-08,-0.198003779
2006-04-09,-1.274779662
2006-04-10,-1.57123584
2006-04-11,-0.785503457
2006-04-12,-0.392728587
2006-04-13,-0.196358501
2006-04-14,-0.098177803
2006-04-15,-0.049088539
2006-04-16,-0.024544179
2006-04-17,-0.012272067
2006-04-18,0
2006-04-19,0
2006-04-20,0
2006-04-21,0
2006-04-22,0
2006-04-23,0
2006-04-24,0.00E+00
2006-04-25,0.00E+00
2006-04-26,-0.612218332
2006-04-27,-0.792360313
2006-04-28,-0.396156607
2006-04-29,-0.198072415
2006-04-30,-0.099034732
2006-05-01,-0.049516997
2006-05-02,-0.024758407
2006-05-03,-0.01237918
2006-05-04,0
2006-05-05,-0.038415393
2006-05-06,-0.047264447
2006-05-07,-0.254297484
2006-05-08,-0.411360008
2006-05-09,-0.285893162
2006-05-10,-0.142943519
2006-05-11,-0.07147099
2006-05-12,-0.035735303
2006-05-13,-0.017867603
2006-05-14,0
2006-05-15,-0.075137717
2006-05-16,-0.826540499
2006-05-17,-0.995326175
2006-05-18,-0.497625929
2006-05-19,-0.990403587
2006-05-20,-1.216013977
2006-05-21,-0.712649484
2006-05-22,-0.356305693
2006-05-23,-0.178148077
2006-05-24,-0.089072847
2006-05-25,-0.057104941
2006-05-26,-0.038536363
2006-05-27,-0.019268125
2006-05-28,0
2006-05-29,0
2006-05-30,0
2006-05-31,0
2006-06-01,0
2006-06-02,0
2006-06-03,0
2006-06-04,0.00E+00
2006-06-05,0.00E+00
2006-06-06,0.00E+00
2006-06-07,0
2006-06-08,0
2006-06-09,0
2006-06-10,0
2006-06-11,0
2006-06-12,0
2006-06-13,0
2006-06-14,0
2006-06-15,0
2006-06-16,-0.129830579
2006-06-17,-0.168044129
2006-06-18,-0.084021007
2006-06-19,-0.042010237
2006-06-20,-0.021005052
2006-06-21,-0.010502509
2006-06-22,0
2006-06-23,0
2006-06-24,0
2006-06-25,0
2006-06-26,0
2006-06-27,0
2006-06-28,0.00E+00
2006-06-29,0.00E+00
2006-06-30,0.00E+00
2006-07-01,0.00E+00
2006-07-02,0
2006-07-03,0
2006-07-04,0
2006-07-05,0
2006-07-06,-0.029499834
2006-07-07,-0.035714032
2006-07-08,-0.017856968
2006-07-09,0
2006-07-10,0
2006-07-11,0
2006-07-12,0
2006-07-13,0
2006-07-14,0
2006-07-15,0
2006-07-16,0.00E+00
2006-07-17,0.00E+00
2006-07-18,0.00E+00
2006-07-19,0
2006-07-20,0
2006-07-21,0
2006-07-22,0
2006-07-23,0
2006-07-24,0.00E+00
2006-07-25,0.00E+00
2006-07-26,0.00E+00
2006-07-27,0
2006-07-28,0
2006-07-29,0
2006-07-30,0
2006-07-31,0
2006-08-01,0
2006-08-02,-0.035800094
2006-08-03,-0.046337687
2006-08-04,-0.023168763
2006-08-05,-0.011584361
2006-08-06,0
2006-08-07,0
2006-08-08,0
2006-08-09,0
2006-08-10,0
2006-08-11,0
2006-08-12,0.00E+00
2006-08-13,0.00E+00
2006-08-14,0.00E+00
2006-08-15,0.00E+00
2006-08-16,-0.036671894
2006-08-17,-0.092894783
2006-08-18,-0.11130094
2006-08-19,-0.181750404
2006-08-20,-0.172890879
2006-08-21,-0.086444316
2006-08-22,-0.043221876
2006-08-23,-0.021610868
2006-08-24,-0.010805416
2006-08-25,-0.015915835
2006-08-26,-0.016309001
2006-08-27,0
2006-08-28,0
2006-08-29,-0.162464307
2006-08-30,-0.203293643
2006-08-31,-0.101645269
2006-09-01,-0.050822245
2006-09-02,-0.025411025
2006-09-03,-0.012705488
2006-09-04,0
2006-09-05,0
2006-09-06,0
2006-09-07,0
2006-09-08,0
2006-09-09,0
2006-09-10,0.00E+00
2006-09-11,0
2006-09-12,0
2006-09-13,-0.466653436
2006-09-14,-0.972340098
2006-09-15,-1.81453824
2006-09-16,-2.3092992
2006-09-17,-1.61519616
2006-09-18,-0.807503952
2006-09-19,-0.403727515
2006-09-20,-0.201857647
2006-09-21,-2.01318912
2006-09-22,-2.61010944
2006-09-23,-1.372321779
2006-09-24,-1.225417863
2006-09-25,-1.04103812
2006-09-26,-0.520478411
2006-09-27,-0.260229045
2006-09-28,-0.130111979
2006-09-29,-0.065055353
2006-09-30,-0.032527517
2006-10-01,-0.016263719
2006-10-02,-2.29782528
2006-10-03,-7.56020736
2006-10-04,-7.42445568
2006-10-05,-4.03702272
2006-10-06,-5.467392
2006-10-07,-5.26569984
2006-10-08,-2.63181312
2006-10-09,-1.315628366
2006-10-10,-0.657749265
2006-10-11,-0.671200169
2006-10-12,-0.607510997
2006-10-13,-0.303741647
2006-10-14,-0.151867367
2006-10-15,-0.075932814
2006-10-16,-0.037966191
2006-10-17,-0.018983041
2006-10-18,-0.13817417
2006-10-19,-1.94738688
2006-10-20,-3.36724992
2006-10-21,-3.80312064
2006-10-22,-2.9645568
2006-10-23,-2.54126592
2006-10-24,-2.11175424
2006-10-25,-1.055703601
2006-10-26,-0.527809997
2006-10-27,-0.263894547
2006-10-28,-0.131944658
2006-10-29,-0.065971675
2006-10-30,-0.032985673
2006-10-31,-0.016492795
2006-11-01,0
2006-11-02,0
2006-11-03,0
2006-11-04,0
2006-11-05,0
2006-11-06,0
2006-11-07,0
2006-11-08,0.00E+00
2006-11-09,0.00E+00
2006-11-10,0.00E+00
2006-11-11,-0.295647778
2006-11-12,-0.382654651
2006-11-13,-0.228388516
2006-11-14,-0.216588004
2006-11-15,-0.166241065
2006-11-16,-0.603735303
2006-11-17,-1.204865847
2006-11-18,-1.97531136
2006-11-19,-1.76919552
2006-11-20,-4.03992576
2006-11-21,-4.83397632
2006-11-22,-4.25972736
2006-11-23,-7.1718912
2006-11-24,-8.135424
2006-11-25,-5.61821184
2006-11-26,-3.06049536
2006-11-27,-1.52990208
2006-11-28,-1.366470729
2006-11-29,-1.161023998
2006-11-30,-0.580461438
2006-12-01,-0.290218084
2006-12-02,-0.219243553
2006-12-03,-2.80779264
2006-12-04,-4.24244736
2006-12-05,-4.04462592
2006-12-06,-3.08123136
2006-12-07,-8.06823936
2006-12-08,-13.6035072
2006-12-09,-10.27980288
2006-12-10,-5.13589248
2006-12-11,-2.97174528
2006-12-12,-1.80693504
2006-12-13,-0.903365513
2006-12-14,-0.451652143
2006-12-15,-0.225818413
2006-12-16,-1.196449243
2006-12-17,-1.45884672
2006-12-18,-0.729311565
2006-12-19,-0.364635828
2006-12-20,-0.182312916
2006-12-21,-0.091155213
2006-12-22,-0.045577294
2006-12-23,-0.022788568
2006-12-24,-0.011394265
2006-12-25,0
2006-12-26,0
2006-12-27,0
2006-12-28,0
2006-12-29,-0.070353593
2006-12-30,-0.51292835
2006-12-31,-4.26152448
2007-01-01,-6.00362496
2007-01-02,-3.76261632
2007-01-03,-2.85894144
2007-01-04,-2.47712256
2007-01-05,-1.46299392
2007-01-06,-2.05106688
2007-01-07,-3.2776704
2007-01-08,-3.89643264
2007-01-09,-2.9776896
2007-01-10,-1.52603136
2007-01-11,-0.995580578
2007-01-12,-0.87009872
2007-01-13,-1.160630775
2007-01-14,-1.077819236
2007-01-15,-0.582101033
2007-01-16,-0.694060559
2007-01-17,-2.17354752
2007-01-18,-2.76770304
2007-01-19,-1.96286976
2007-01-20,-2.50200576
2007-01-21,-2.33597952
2007-01-22,-1.64464128
2007-01-23,-1.200901442
2007-01-24,-0.600396627
2007-01-25,-0.300184787
2007-01-26,-0.150089007
2007-01-27,-0.07504366
2007-01-28,-0.037521618
2007-01-29,-0.018760756
2007-01-30,0
2007-01-31,0
2007-02-01,0
2007-02-02,0
2007-02-03,0
2007-02-04,0
2007-02-05,-0.033510225
2007-02-06,-1.4363136
2007-02-07,-3.88772352
2007-02-08,-4.62108672
2007-02-09,-4.20139008
2007-02-10,-8.4443904
2007-02-11,-10.33814016
2007-02-12,-7.33888512
2007-02-13,-4.9807872
2007-02-14,-3.56963328
2007-02-15,-2.204928
2007-02-16,-1.102309213
2007-02-17,-0.551109036
2007-02-18,-0.27554312
2007-02-19,-0.137768709
2007-02-20,-0.485232837
2007-02-21,-0.573319628
2007-02-22,-0.889997746
2007-02-23,-5.00249088
2007-02-24,-7.20285696
2007-02-25,-6.64146432
2007-02-26,-4.90116096
2007-02-27,-4.10351616
2007-02-28,-4.87351296
2007-03-01,-10.83912192
2007-03-02,-15.6653568
2007-03-03,-11.44889856
2007-03-04,-5.84589312
2007-03-05,-3.0219264
2007-03-06,-3.45779712
2007-03-07,-6.83168256
2007-03-08,-6.23821824
2007-03-09,-3.13155072
2007-03-10,-1.57648896
2007-03-11,-0.788165683
2007-03-12,-0.394059534
2007-03-13,-0.197023947
2007-03-14,-0.098510512
2007-03-15,-0.049254891
2007-03-16,-0.024627354
2007-03-17,-0.012313654
2007-03-18,-0.861231855
2007-03-19,-1.170520547
2007-03-20,-0.63347616
2007-03-21,-0.316723019
2007-03-22,-0.158357749
2007-03-23,-0.07917793
2007-03-24,-0.195026476
2007-03-25,-0.220981644
2007-03-26,-0.110488992
2007-03-27,-0.055244037
2007-03-28,-0.027621903
2007-03-29,-1.63206144
2007-03-30,-2.101248
2007-03-31,-1.050433892
2007-04-01,-0.874846794
2007-04-02,-0.715143279
2007-04-03,-0.357552452
2007-04-04,-0.178771429
2007-04-05,-0.089384513
2007-04-06,-0.044691957
2007-04-07,-0.022345903
2007-04-08,-0.011172933
2007-04-09,0
2007-04-10,0
2007-04-11,-0.024287123
2007-04-12,-0.411940519
2007-04-13,-0.509086536
2007-04-14,-0.254533543
2007-04-15,-0.12726434
2007-04-16,-0.063631561
2007-04-17,-0.031815628
2007-04-18,-0.015907776
2007-04-19,0
2007-04-20,0
2007-04-21,0
2007-04-22,0
2007-04-23,0
2007-04-24,0
2007-04-25,0
2007-04-26,0.00E+00
2007-04-27,-0.016816071
2007-04-28,-0.021741161
2007-04-29,-0.010870563
2007-04-30,-0.026009503
2007-05-01,-0.177197857
2007-05-02,-0.206040499
2007-05-03,-0.103018658
2007-05-04,-0.05150893
2007-05-05,-0.025754365
2007-05-06,-0.012877157
2007-05-07,0
2007-05-08,0
2007-05-09,0
2007-05-10,0
2007-05-11,0
2007-05-12,0
2007-05-13,0
2007-05-14,-0.018651655
2007-05-15,-0.208446235
2007-05-16,-0.25170565
2007-05-17,-0.125850445
2007-05-18,-0.062924628
2007-05-19,-0.031462165
2007-05-20,-0.381610303
2007-05-21,-0.48142456
2007-05-22,-0.240703585
2007-05-23,-0.120349615
2007-05-24,-0.060174263
2007-05-25,-0.197231501
2007-05-26,-0.656065433
2007-05-27,-1.56432384
2007-05-28,-1.49617152
2007-05-29,-0.747992628
2007-05-30,-0.607314378
2007-05-31,-0.884400934
2007-06-01,-0.756249703
2007-06-02,-0.37810339
2007-06-03,-0.334011659
2007-06-04,-0.488699717
2007-06-05,-0.763314361
2007-06-06,-0.663543332
2007-06-07,-0.331755153
2007-06-08,-0.165873443
2007-06-09,-0.082935689
2007-06-10,-0.041467586
2007-06-11,-0.020733727
2007-06-12,-0.010366848
2007-06-13,-0.322992382
2007-06-14,-1.373957282
2007-06-15,-1.8185472
2007-06-16,-1.202287256
2007-06-17,-1.45193472
2007-06-18,-1.4017536
2007-06-19,-0.737610942
2007-06-20,-0.398012922
2007-06-21,-1.116808197
2007-06-22,-1.45304064
2007-06-23,-0.858132486
2007-06-24,-0.662183797
2007-06-25,-0.516268367
2007-06-26,-0.258124189
2007-06-27,-0.129059591
2007-06-28,-0.06452917
2007-06-29,-0.032264428
2007-06-30,-0.016132174
2007-07-01,-0.063795641
2007-07-02,-0.348015827
2007-07-03,-1.040622129
2007-07-04,-1.037100409
2007-07-05,-0.518509859
2007-07-06,-0.259244845
2007-07-07,-0.129619898
2007-07-08,-0.064809317
2007-07-09,-0.185434334
2007-07-10,-0.279802764
2007-07-11,-0.191951396
2007-07-12,-0.095974313
2007-07-13,-0.04798681
2007-07-14,-0.023993319
2007-07-15,-0.011996637
2007-07-16,-0.037349787
2007-07-17,-0.04357879
2007-07-18,-0.021789324
2007-07-19,-0.010894644
2007-07-20,0
2007-07-21,0
2007-07-22,-0.18960932
2007-07-23,-2.38076928
2007-07-24,-2.88686592
2007-07-25,-1.44308736
2007-07-26,-0.7214708
2007-07-27,-0.36071588
2007-07-28,-0.18035306
2007-07-29,-0.090175305
2007-07-30,-0.045087346
2007-07-31,-0.022543597
2007-08-01,-0.011271779
2007-08-02,0
2007-08-03,0
2007-08-04,0
2007-08-05,0
2007-08-06,0
2007-08-07,0
2007-08-08,0.00E+00
2007-08-09,0.00E+00
2007-08-10,0.00E+00
2007-08-11,0.00E+00
2007-08-12,0
2007-08-13,0
2007-08-14,0
2007-08-15,-0.053003639
2007-08-16,-0.059515389
2007-08-17,-0.029757562
2007-08-18,-0.014878748
2007-08-19,0
2007-08-20,-0.317266592
2007-08-21,-0.40768722
2007-08-22,-0.437377743
2007-08-23,-0.73027666
2007-08-24,-0.624135145
2007-08-25,-0.312052967
2007-08-26,-0.15602282
2007-08-27,-0.078010498
2007-08-28,-0.03900502
2007-08-29,-0.019502453
2007-08-30,0
2007-08-31,0
2007-09-01,0
2007-09-02,0
2007-09-03,0
2007-09-04,0
2007-09-05,0
2007-09-06,0.00E+00
2007-09-07,0.00E+00
2007-09-08,0.00E+00
2007-09-09,0
2007-09-10,0
2007-09-11,0
2007-09-12,0
2007-09-13,0
2007-09-14,0
2007-09-15,0
2007-09-16,0
2007-09-17,0
2007-09-18,0
2007-09-19,0
2007-09-20,0
2007-09-21,0.00E+00
2007-09-22,0.00E+00
2007-09-23,0.00E+00
2007-09-24,0
2007-09-25,0
2007-09-26,0
2007-09-27,0
2007-09-28,0
2007-09-29,0
2007-09-30,0.00E+00
2007-10-01,0.00E+00
2007-10-02,0
2007-10-03,0
2007-10-04,0
2007-10-05,0
2007-10-06,0
2007-10-07,0
2007-10-08,0
2007-10-09,0
2007-10-10,0
2007-10-11,0
2007-10-12,0
2007-10-13,0
2007-10-14,0
2007-10-15,0
2007-10-16,0.00E+00
2007-10-17,-0.012779212
2007-10-18,-0.016513711
2007-10-19,0
2007-10-20,0
2007-10-21,0
2007-10-22,0
2007-10-23,0
2007-10-24,0
2007-10-25,0
2007-10-26,0.00E+00
2007-10-27,0.00E+00
2007-10-28,0.00E+00
2007-10-29,-0.030949392
2007-10-30,-0.040052817
2007-10-31,-0.020026348
2007-11-01,-0.010013159
2007-11-02,0
2007-11-03,0
2007-11-04,0
2007-11-05,0
2007-11-06,0
2007-11-07,0
2007-11-08,0.00E+00
2007-11-09,0.00E+00
2007-11-10,0.00E+00
2007-11-11,0
2007-11-12,0
2007-11-13,0
2007-11-14,0
2007-11-15,0
2007-11-16,0
2007-11-17,0
2007-11-18,-0.050201343
2007-11-19,-0.110283743
2007-11-20,-1.180470952
2007-11-21,-1.45525248
2007-11-22,-1.003015181
2007-11-23,-0.720257937
2007-11-24,-0.360109505
2007-11-25,-0.231234366
2007-11-26,-0.156273214
2007-11-27,-0.078135688
2007-11-28,-0.039067614
2007-11-29,-0.231749434
2007-11-30,-0.882226723
2007-12-01,-0.933262221
2007-12-02,-3.1601664
2007-12-03,-3.70787328
2007-12-04,-1.85338368
2007-12-05,-1.24999753
2007-12-06,-1.60648704
2007-12-07,-1.4397696
2007-12-08,-4.32359424
2007-12-09,-5.4411264
2007-12-10,-3.08247552
2007-12-11,-1.54082304
2007-12-12,-0.770356169
2007-12-13,-0.385155828
2007-12-14,-0.192572343
2007-12-15,-0.096284779
2007-12-16,-0.048142041
2007-12-17,-0.024070934
2007-12-18,-0.012035445
2007-12-19,0
2007-12-20,0
2007-12-21,0
2007-12-22,0
2007-12-23,0
2007-12-24,0
2007-12-25,-0.184965369
2007-12-26,-0.239331055
2007-12-27,-0.119663378
2007-12-28,-0.203452259
2007-12-29,-0.747107408
2007-12-30,-0.795545142
2007-12-31,-0.397748828
2008-01-01,-0.198868484
2008-01-02,-0.203177756
2008-01-03,-0.363478344
2008-01-04,-1.85559552
2008-01-05,-4.3186176
2008-01-06,-6.65252352
2008-01-07,-5.52158208
2008-01-08,-2.96123904
2008-01-09,-1.84260096
2008-01-10,-1.081763417
2008-01-11,-2.46841344
2008-01-12,-2.76493824
2008-01-13,-1.382166126
2008-01-14,-0.691011413
2008-01-15,-5.26874112
2008-01-16,-7.13843712
2008-01-17,-6.73463808
2008-01-18,-5.62111488
2008-01-19,-2.90179584
2008-01-20,-1.45055232
2008-01-21,-0.771460195
2008-01-22,-0.422430875
2008-01-23,-0.21120874
2008-01-24,-0.105602694
2008-01-25,-0.052800928
2008-01-26,-0.026400359
2008-01-27,-0.013200153
2008-01-28,0
2008-01-29,0
2008-01-30,-0.799561788
2008-01-31,-2.5360128
2008-02-01,-3.91329792
2008-02-02,-3.10929408
2008-02-03,-4.10213376
2008-02-04,-4.44566016
2008-02-05,-3.46139136
2008-02-06,-2.47974912
2008-02-07,-1.23967443
2008-02-08,-0.619779576
2008-02-09,-0.309875369
2008-02-10,-0.154934084
2008-02-11,-0.077466139
2008-02-12,-0.038732844
2008-02-13,-0.019366365
2008-02-14,0
2008-02-15,0
2008-02-16,0
2008-02-17,0
2008-02-18,0
2008-02-19,-0.113680127
2008-02-20,-0.14689992
2008-02-21,-0.073449146
2008-02-22,-0.03672437
2008-02-23,-0.018362134
2008-02-24,0
2008-02-25,0
2008-02-26,-0.45837492
2008-02-27,-0.801441589
2008-02-28,-0.567498908
2008-02-29,-0.283737379
2008-03-01,-0.141865662
2008-03-02,-0.210152462
2008-03-03,-0.666016446
2008-03-04,-0.710625056
2008-03-05,-0.371111363
2008-03-06,-0.185550511
2008-03-07,-0.136556502
2008-03-08,-0.120653946
2008-03-09,-1.092010098
2008-03-10,-3.92034816
2008-03-11,-5.07244032
2008-03-12,-3.38923008
2008-03-13,-1.6941312
2008-03-14,-0.846974776
2008-03-15,-2.7848448
2008-03-16,-3.68326656
2008-03-17,-2.17147392
2008-03-18,-1.085563109
2008-03-19,-0.542737359
2008-03-20,-0.271357627
2008-03-21,-1.57648896
2008-03-22,-1.93245696
2008-03-23,-1.50391296
2008-03-24,-1.239899015
2008-03-25,-0.668279504
2008-03-26,-0.77693613
2008-03-27,-0.865431766
2008-03-28,-1.08816556
2008-03-29,-0.985653661
2008-03-30,-1.69634304
2008-03-31,-1.80389376
2008-04-01,-0.901823114
2008-04-02,-0.45088104
2008-04-03,-0.225432889
2008-04-04,-0.11271454
2008-04-05,-0.056356792
2008-04-06,-0.028178276
2008-04-07,-0.014089108
2008-04-08,-1.306181735
2008-04-09,-3.00824064
2008-04-10,-2.61245952
2008-04-11,-1.351811497
2008-04-12,-1.48483584
2008-04-13,-3.90624768
2008-04-14,-4.02015744
2008-04-15,-2.06143488
2008-04-16,-1.030549326
2008-04-17,-1.67864832
2008-04-18,-3.07777536
2008-04-19,-2.66305536
2008-04-20,-1.39511808
2008-04-21,-0.95925853
2008-04-22,-0.890627042
2008-04-23,-0.606610833
2008-04-24,-0.303291607
2008-04-25,-0.151642354
2008-04-26,-0.075820313
2008-04-27,-0.03790994
2008-04-28,-0.402277654
2008-04-29,-1.83485952
2008-04-30,-2.32270848
2008-05-01,-1.43894016
2008-05-02,-0.719382118
2008-05-03,-0.359671643
2008-05-04,-0.179830969
2008-05-05,-0.089914268
2008-05-06,-0.04495683
2008-05-07,-0.022478338
2008-05-08,-0.01123915
2008-05-09,0
2008-05-10,0
2008-05-11,0
2008-05-12,0
2008-05-13,0
2008-05-14,-0.202221149
2008-05-15,-0.347467139
2008-05-16,-0.595791328
2008-05-17,-0.733766031
2008-05-18,-0.644559732
2008-05-19,-0.445168093
2008-05-20,-0.222576602
2008-05-21,-0.111286443
2008-05-22,-0.055642756
2008-05-23,-0.742235028
2008-05-24,-1.70394624
2008-05-25,-1.77444864
2008-05-26,-1.137108617
2008-05-27,-2.50242048
2008-05-28,-3.55166208
2008-05-29,-2.38284288
2008-05-30,-1.191210721
2008-05-31,-0.778386641
2008-06-01,-1.088058328
2008-06-02,-2.78470656
2008-06-03,-2.82230784
2008-06-04,-1.41087744
2008-06-05,-0.705345007
2008-06-06,-0.352653848
2008-06-07,-0.176322258
2008-06-08,-0.088159958
2008-06-09,-0.044079687
2008-06-10,-1.243907961
2008-06-11,-1.59238656
2008-06-12,-0.900559255
2008-06-13,-0.533235585
2008-06-14,-0.26660712
2008-06-15,-0.133300895
2008-06-16,-1.41184512
2008-06-17,-1.7743104
2008-06-18,-0.887033397
2008-06-19,-0.443487191
2008-06-20,-0.221736214
2008-06-21,-0.579514508
2008-06-22,-0.661996261
2008-06-23,-0.330981687
2008-06-24,-0.396042559
2008-06-25,-0.381152411
2008-06-26,-0.190570752
2008-06-27,-0.095284013
2008-06-28,-0.047641665
2008-06-29,-0.023820747
2008-06-30,-0.011910352
2008-07-01,0
2008-07-02,0
2008-07-03,0
2008-07-04,0
2008-07-05,0
2008-07-06,0
2008-07-07,-0.050396134
2008-07-08,-0.065156001
2008-07-09,-0.03257784
2008-07-10,-0.226416301
2008-07-11,-0.314835117
2008-07-12,-0.1849918
2008-07-13,-0.092494617
2008-07-14,-0.046246987
2008-07-15,-0.023123413
2008-07-16,-0.011561686
2008-07-17,0
2008-07-18,0
2008-07-19,0
2008-07-20,0
2008-07-21,0
2008-07-22,0
2008-07-23,0.00E+00
2008-07-24,0.00E+00
2008-07-25,-0.012009837
2008-07-26,-0.015526974
2008-07-27,0
2008-07-28,0
2008-07-29,0
2008-07-30,0
2008-07-31,0
2008-08-01,0
2008-08-02,-0.017671514
2008-08-03,-0.022505313
2008-08-04,-0.011252637
2008-08-05,0
2008-08-06,-0.012412366
2008-08-07,-0.013831299
2008-08-08,0
2008-08-09,0
2008-08-10,0
2008-08-11,-0.134952862
2008-08-12,-0.192236046
2008-08-13,-0.110612417
2008-08-14,-0.097999747
2008-08-15,-0.082913296
2008-08-16,-0.04145639
2008-08-17,-0.02072813
2008-08-18,-0.010364049
2008-08-19,0
2008-08-20,0
2008-08-21,-0.019203676
2008-08-22,-0.023827147
2008-08-23,-0.011913552
2008-08-24,0
2008-08-25,0
2008-08-26,0
2008-08-27,0
2008-08-28,0
2008-08-29,0
2008-08-30,-0.025949897
2008-08-31,-0.033514227
2008-09-01,-0.016757071
2008-09-02,-0.035625168
2008-09-03,-0.134855586
2008-09-04,-0.221853828
2008-09-05,-0.24408676
2008-09-06,-0.300501619
2008-09-07,-0.305180006
2008-09-08,-0.198481978
2008-09-09,-0.51510404
2008-09-10,-0.587868973
2008-09-11,-0.350874658
2008-09-12,-0.22773059
2008-09-13,-0.119469579
2008-09-14,-0.059734253
2008-09-15,-0.029866993
2008-09-16,-0.014933462
2008-09-17,0
2008-09-18,0
2008-09-19,0
2008-09-20,0
2008-09-21,0
2008-09-22,0
2008-09-23,0
2008-09-24,0.00E+00
2008-09-25,0.00E+00
2008-09-26,0.00E+00
2008-09-27,0
2008-09-28,0
2008-09-29,0
2008-09-30,0
2008-10-01,-0.010398265
2008-10-02,-0.040582797
2008-10-03,-0.04183707
2008-10-04,-0.020918469
2008-10-05,-0.096355813
2008-10-06,-0.116408867
2008-10-07,-0.299199343
2008-10-08,-0.341025929
2008-10-09,-0.170508603
2008-10-10,-0.085253207
2008-10-11,-0.04262633
2008-10-12,-0.021313097
2008-10-13,-0.010656531
2008-10-14,0
2008-10-15,-0.867514434
2008-10-16,-1.120660269
2008-10-17,-0.560283029
2008-10-18,-0.28012973
2008-10-19,-0.14006192
2008-10-20,-0.070030223
2008-10-21,-0.135386556
2008-10-22,-0.147421873
2008-10-23,-0.073710122
2008-10-24,-0.036854857
2008-10-25,-0.018427377
2008-10-26,-0.331344843
2008-10-27,-0.731536428
2008-10-28,-0.611980434
2008-10-29,-0.684224824
2008-10-30,-1.097603426
2008-10-31,-3.2596992
2008-11-01,-3.49526016
2008-11-02,-2.99234304
2008-11-03,-2.62296576
2008-11-04,-1.42096896
2008-11-05,-1.81675008
2008-11-06,-2.8643328
2008-11-07,-2.44505088
2008-11-08,-2.55508992
2008-11-09,-4.2833664
2008-11-10,-5.3616384
2008-11-11,-3.94661376
2008-11-12,-1.9726848
2008-11-13,-0.98620098
2008-11-14,-0.899140567
2008-11-15,-0.77209032
2008-11-16,-0.3860228
2008-11-17,-0.200930306
2008-11-18,-0.89695361
2008-11-19,-1.076084808
2008-11-20,-0.537998976
2008-11-21,-0.381547031
2008-11-22,-0.315938493
2008-11-23,-1.031333202
2008-11-24,-1.186759711
2008-11-25,-0.59332702
2008-11-26,-0.296650308
2008-11-27,-0.148321843
2008-11-28,-0.531969016
2008-11-29,-2.43896832
2008-11-30,-2.97312768
2008-12-01,-1.73795328
2008-12-02,-4.13420544
2008-12-03,-4.82305536
2008-12-04,-6.75661824
2008-12-05,-7.47684864
2008-12-06,-4.33423872
2008-12-07,-2.16635904
2008-12-08,-1.083021595
2008-12-09,-0.541466796
2008-12-10,-0.270722401
2008-12-11,-0.135358448
2008-12-12,-0.067678536
2008-12-13,-2.65434624
2008-12-14,-3.40789248
2008-12-15,-1.70353152
2008-12-16,-0.851661458
2008-12-17,-0.52467011
2008-12-18,-0.417383442
2008-12-19,-0.26947231
2008-12-20,-0.134733429
2008-12-21,-0.067366033
2008-12-22,-0.033682845
2008-12-23,-0.01684138
2008-12-24,0
2008-12-25,0
2008-12-26,0
2008-12-27,0
2008-12-28,0
2008-12-29,0
2008-12-30,0
2008-12-31,0.00E+00
2009-01-01,0.00E+00
2009-01-02,0.00E+00
2009-01-03,0
2009-01-04,0
2009-01-05,0
2009-01-06,0
2009-01-07,0
2009-01-08,0
2009-01-09,0
2009-01-10,0
2009-01-11,0
2009-01-12,0
2009-01-13,-0.988185222
2009-01-14,-1.53971712
2009-01-15,-0.976894954
2009-01-16,-0.48841168
2009-01-17,-0.752588997
2009-01-18,-2.25939456
2009-01-19,-2.78263296
2009-01-20,-2.54306304
2009-01-21,-3.22430976
2009-01-22,-6.51995136
2009-01-23,-10.20114432
2009-01-24,-9.58293504
2009-01-25,-6.59363328
2009-01-26,-4.1133312
2009-01-27,-2.26699776
2009-01-28,-1.57621248
2009-01-29,-1.139820415
2009-01-30,-0.569861485
2009-01-31,-0.284918557
2009-02-01,-0.579568117
2009-02-02,-0.789531135
2009-02-03,-0.634043234
2009-02-04,-0.561348707
2009-02-05,-0.400221223
2009-02-06,-0.200104598
2009-02-07,-0.100050796
2009-02-08,-0.293830737
2009-02-09,-1.56639744
2009-02-10,-1.75675392
2009-02-11,-0.878226804
2009-02-12,-0.439084468
2009-02-13,-0.219535004
2009-02-14,-0.10976569
2009-02-15,-0.054882391
2009-02-16,-0.027441082
2009-02-17,-0.013720513
2009-02-18,0
2009-02-19,0
2009-02-20,0
2009-02-21,0
2009-02-22,0
2009-02-23,0
2009-02-24,0
2009-02-25,0.00E+00
2009-02-26,0.00E+00
2009-02-27,0.00E+00
2009-02-28,0
2009-03-01,0
2009-03-02,0
2009-03-03,-1.130368864
2009-03-04,-2.85576192
2009-03-05,-2.58688512
2009-03-06,-1.335316299
2009-03-07,-0.773237809
2009-03-08,-0.734613733
2009-03-09,-0.577065987
2009-03-10,-0.380540962
2009-03-11,-0.263360416
2009-03-12,-0.131677605
2009-03-13,-0.065838151
2009-03-14,-0.032918913
2009-03-15,-0.016459416
2009-03-16,0
2009-03-17,0
2009-03-18,0
2009-03-19,0
2009-03-20,0
2009-03-21,0
2009-03-22,0
2009-03-23,0.00E+00
2009-03-24,0.00E+00
2009-03-25,0.00E+00
2009-03-26,-0.066966063
2009-03-27,-0.101309785
2009-03-28,-0.062283122
2009-03-29,-0.031141415
2009-03-30,-0.015570671
2009-03-31,0
2009-04-01,0
2009-04-02,0
2009-04-03,0
2009-04-04,0
2009-04-05,0
2009-04-06,0
2009-04-07,0
2009-04-08,-0.03991044
2009-04-09,-0.048311649
2009-04-10,-0.517853676
2009-04-11,-0.80552813
2009-04-12,-0.525434024
2009-04-13,-0.262706651
2009-04-14,-0.4053828
2009-04-15,-0.74081399
2009-04-16,-0.624931919
2009-04-17,-0.312451306
2009-04-18,-0.156221983
2009-04-19,-0.078110078
2009-04-20,-0.039054809
2009-04-21,-0.019527347
2009-04-22,0
2009-04-23,0
2009-04-24,0
2009-04-25,0
2009-04-26,0
2009-04-27,-0.536321987
2009-04-28,-1.12872425
2009-04-29,-0.909688196
2009-04-30,-0.878543719
2009-05-01,-0.775815681
2009-05-02,-0.387885252
2009-05-03,-0.193936979
2009-05-04,-0.096967079
2009-05-05,-0.048483186
2009-05-06,-0.024241504
2009-05-07,-0.01212073
2009-05-08,0
2009-05-09,-0.024098069
2009-05-10,-0.05453015
2009-05-11,-0.066720926
2009-05-12,-0.048456692
2009-05-13,-0.024228258
2009-05-14,-0.024621969
2009-05-15,-0.022246564
2009-05-16,-1.029852597
2009-05-17,-1.324027303
2009-05-18,-0.661947905
2009-05-19,-0.330957509
2009-05-20,-0.165474649
2009-05-21,-0.082736293
2009-05-22,-0.041367889
2009-05-23,-0.020683879
2009-05-24,-0.010341924
2009-05-25,0
2009-05-26,0
2009-05-27,0
2009-05-28,0
2009-05-29,0
2009-05-30,0
2009-05-31,0
2009-06-01,0
2009-06-02,0.00E+00
2009-06-03,0.00E+00
2009-06-04,0.00E+00
2009-06-05,0
2009-06-06,-0.093093227
2009-06-07,-0.187013519
2009-06-08,-0.378293967
2009-06-09,-0.371147706
2009-06-10,-0.330089596
2009-06-11,-0.279838748
2009-06-12,-0.139916436
2009-06-13,-0.069957483
2009-06-14,-0.034978558
2009-06-15,-0.017489232
2009-06-16,0
2009-06-17,0
2009-06-18,0
2009-06-19,0
2009-06-20,0
2009-06-21,0
2009-06-22,0
2009-06-23,0.00E+00
2009-06-24,0.00E+00
2009-06-25,0.00E+00
2009-06-26,0
2009-06-27,0
2009-06-28,0
2009-06-29,0
2009-06-30,0
2009-07-01,0
2009-07-02,0
2009-07-03,0
2009-07-04,0
2009-07-05,0
2009-07-06,0
2009-07-07,0
2009-07-08,0
2009-07-09,0
2009-07-10,0
2009-07-11,0
2009-07-12,0
2009-07-13,0
2009-07-14,0
2009-07-15,0
2009-07-16,0
2009-07-17,-0.010604259
2009-07-18,-0.013570248
2009-07-19,0
2009-07-20,0
2009-07-21,0
2009-07-22,-0.04623554
2009-07-23,-0.216749924
2009-07-24,-0.23354379
2009-07-25,-0.116769849
2009-07-26,-0.058384412
2009-07-27,-0.029192077
2009-07-28,-0.014596007
2009-07-29,0
2009-07-30,0
2009-07-31,0
2009-08-01,0
2009-08-02,0
2009-08-03,0
2009-08-04,0
2009-08-05,0.00E+00
2009-08-06,0.00E+00
2009-08-07,0.00E+00
2009-08-08,0
2009-08-09,0
2009-08-10,0
2009-08-11,0
2009-08-12,0
2009-08-13,0
2009-08-14,0
2009-08-15,0
2009-08-16,0
2009-08-17,0
2009-08-18,0
2009-08-19,0
2009-08-20,0
2009-08-21,0
2009-08-22,0
2009-08-23,0
2009-08-24,0
2009-08-25,0
2009-08-26,0
2009-08-27,0
2009-08-28,0
2009-08-29,0
2009-08-30,0
2009-08-31,0
2009-09-01,0
2009-09-02,0
2009-09-03,-0.148589821
2009-09-04,-0.189161644
2009-09-05,-0.094579481
2009-09-06,-0.047289405
2009-09-07,-0.023644618
2009-09-08,-0.011822288
2009-09-09,0
2009-09-10,0
2009-09-11,0
2009-09-12,0
2009-09-13,0
2009-09-14,0
2009-09-15,-0.019970344
2009-09-16,-0.061660559
2009-09-17,-0.059335547
2009-09-18,-0.029667641
2009-09-19,-0.014833787
2009-09-20,0
2009-09-21,0
2009-09-22,0
2009-09-23,0
2009-09-24,0
2009-09-25,0
2009-09-26,0
2009-09-27,0.00E+00
2009-09-28,0.00E+00
2009-09-29,0.00E+00
2009-09-30,0
2009-10-01,0
2009-10-02,0
2009-10-03,0
2009-10-04,0
2009-10-05,0
2009-10-06,0
2009-10-07,0
2009-10-08,0
2009-10-09,0
2009-10-10,0
2009-10-11,0
2009-10-12,0
2009-10-13,0
2009-10-14,0
2009-10-15,0.00E+00
2009-10-16,0.00E+00
2009-10-17,0.00E+00
2009-10-18,0
2009-10-19,0
2009-10-20,-0.024905144
2009-10-21,-0.045356012
2009-10-22,-0.03857201
2009-10-23,-0.06541807
2009-10-24,-0.199203467
2009-10-25,-0.205486793
2009-10-26,-0.102741808
2009-10-27,-0.051370508
2009-10-28,-0.025685154
2009-10-29,-0.012842552
2009-10-30,0
2009-10-31,0
2009-11-01,-0.763966412
2009-11-02,-2.35616256
2009-11-03,-2.9714688
2009-11-04,-3.20150016
2009-11-05,-2.51748864
2009-11-06,-1.92098304
2009-11-07,-2.43108864
2009-11-08,-2.1510144
2009-11-09,-1.222683711
2009-11-10,-0.963136853
2009-11-11,-1.133997719
2009-11-12,-0.863215336
2009-11-13,-0.845162713
2009-11-14,-0.751067445
2009-11-15,-1.215568595
2009-11-16,-2.7212544
2009-11-17,-2.80793088
2009-11-18,-1.64104704
2009-11-19,-0.82040115
2009-11-20,-0.410175332
2009-11-21,-0.677171667
2009-11-22,-2.36431872
2009-11-23,-2.64895488
2009-11-24,-1.44820224
2009-11-25,-2.01443328
2009-11-26,-4.56786432
2009-11-27,-5.40020736
2009-11-28,-8.30393856
2009-11-29,-8.92435968
2009-11-30,-5.26984704
2009-12-01,-2.7592704
2009-12-02,-3.48268032
2009-12-03,-4.81517568
2009-12-04,-4.8688128
2009-12-05,-3.77063424
2009-12-06,-3.64386816
2009-12-07,-4.7526912
2009-12-08,-3.94758144
2009-12-09,-2.12779008
2009-12-10,-1.063739589
2009-12-11,-0.531827348
2009-12-12,-0.265903064
2009-12-13,-0.132948878
2009-12-14,-0.066473774
2009-12-15,-0.033236721
2009-12-16,-0.016618318
2009-12-17,-0.247786118
2009-12-18,-0.314114416
2009-12-19,-0.15705351
2009-12-20,-2.26658304
2009-12-21,-3.6882432
2009-12-22,-3.21850368
2009-12-23,-2.18529792
2009-12-24,-1.3941504
2009-12-25,-0.936657202
2009-12-26,-0.980458422
2009-12-27,-1.40258304
2009-12-28,-4.48768512
2009-12-29,-6.39207936
2009-12-30,-5.34670848
2009-12-31,-7.8955776
2010-01-01,-7.4670336
2010-01-02,-3.73137408
2010-01-03,-2.80309248
2010-01-04,-2.146176
2010-01-05,-1.072913002
2010-01-06,-0.536413322
2010-01-07,-0.268195871
2010-01-08,-0.134095233
2010-01-09,-0.067046941
2010-01-10,-0.033523301
2010-01-11,-0.016761608
2010-01-12,-3.88329984
2010-01-13,-5.3630208
2010-01-14,-3.00340224
2010-01-15,-1.54013184
2010-01-16,-3.02026752
2010-01-17,-3.29688576
2010-01-18,-1.64809728
2010-01-19,-2.05023744
2010-01-20,-2.44712448
2010-01-21,-1.579392
2010-01-22,-0.789575538
2010-01-23,-1.371871476
2010-01-24,-1.461888
2010-01-25,-0.730892423
2010-01-26,-0.365426173
2010-01-27,-0.182708076
2010-01-28,-0.250073893
2010-01-29,-0.69370184
2010-01-30,-1.182359352
2010-01-31,-0.975547377
2010-02-01,-0.487737995
2010-02-02,-0.243860074
2010-02-03,-0.121927802
2010-02-04,-1.358965071
2010-02-05,-5.35030272
2010-02-06,-5.56429824
2010-02-07,-2.78097408
2010-02-08,-1.39027968
2010-02-09,-0.695038178
2010-02-10,-0.347500966
2010-02-11,-0.173745949
2010-02-12,-0.086871842
2010-02-13,-0.043435637
2010-02-14,-0.021717747
2010-02-15,-0.010858856
2010-02-16,-0.146976022
2010-02-17,-0.25617253
2010-02-18,-0.27332828
2010-02-19,-0.207708987
2010-02-20,-0.103852872
2010-02-21,-0.463157858
2010-02-22,-1.61865216
2010-02-23,-1.65141504
2010-02-24,-0.846794553
2010-02-25,-2.59324416
2010-02-26,-3.00630528
2010-02-27,-1.88365824
2010-02-28,-1.24415548
2010-03-01,-2.33293824
2010-03-02,-2.52509184
2010-03-03,-1.262308963
2010-03-04,-0.631094713
2010-03-05,-0.315532413
2010-03-06,-0.157762474
2010-03-07,-0.078880301
2010-03-08,-0.039439916
2010-03-09,-0.0197199
2010-03-10,0
2010-03-11,0
2010-03-12,0
2010-03-13,0
2010-03-14,0
2010-03-15,0
2010-03-16,0
2010-03-17,0.00E+00
2010-03-18,0.00E+00
2010-03-19,-0.389547104
2010-03-20,-0.504176556
2010-03-21,-0.252078732
2010-03-22,-0.126036983
2010-03-23,-0.063017894
2010-03-24,-0.826624328
2010-03-25,-1.66399488
2010-03-26,-2.96151552
2010-03-27,-3.34388736
2010-03-28,-2.24004096
2010-03-29,-1.52561664
2010-03-30,-1.3989888
2010-03-31,-1.194648819
2010-04-01,-0.968835991
2010-04-02,-2.74752
2010-04-03,-4.68758016
2010-04-04,-3.66018048
2010-04-05,-1.8296064
2010-04-06,-0.914672383
2010-04-07,-0.457304804
2010-04-08,-0.228644564
2010-04-09,-0.114320316
2010-04-10,-0.057159667
2010-04-11,-0.02857971
2010-04-12,-0.014289825
2010-04-13,0
2010-04-14,0
2010-04-15,0
2010-04-16,0
2010-04-17,0
2010-04-18,0
2010-04-19,0
2010-04-20,0
2010-04-21,0
2010-04-22,-0.078415728
2010-04-23,-0.101249482
2010-04-24,-0.050624356
2010-04-25,-0.025312081
2010-04-26,-0.012656016
2010-04-27,0
2010-04-28,0
2010-04-29,0
2010-04-30,0
2010-05-01,0
2010-05-02,0
2010-05-03,0.00E+00
2010-05-04,0.00E+00
2010-05-05,0.00E+00
2010-05-06,0.00E+00
2010-05-07,-0.028085383
2010-05-08,-0.052779342
2010-05-09,-0.185999045
2010-05-10,-0.209413652
2010-05-11,-0.170991724
2010-05-12,-0.13814901
2010-05-13,-0.069073788
2010-05-14,-0.034536715
2010-05-15,-0.017268312
2010-05-16,0
2010-05-17,0
2010-05-18,0
2010-05-19,0
2010-05-20,0
2010-05-21,0
2010-05-22,0
2010-05-23,0.00E+00
2010-05-24,0.00E+00
2010-05-25,0.00E+00
2010-05-26,0
2010-05-27,0
2010-05-28,0
2010-05-29,-0.055440764
2010-05-30,-0.071124875
2010-05-31,-0.067461619
2010-06-01,-0.059069794
2010-06-02,-0.029534766
2010-06-03,-0.01476735
2010-06-04,0
2010-06-05,0
2010-06-06,0
2010-06-07,0
2010-06-08,0
2010-06-09,0
2010-06-10,-0.118053122
2010-06-11,-0.148576329
2010-06-12,-0.074287337
2010-06-13,-0.037143461
2010-06-14,-0.018571679
2010-06-15,-0.032618375
2010-06-16,-0.084791485
2010-06-17,-0.099849772
2010-06-18,-0.06404658
2010-06-19,-0.032023136
2010-06-20,-0.016011529
2010-06-21,0
2010-06-22,0
2010-06-23,0
2010-06-24,0
2010-06-25,0
2010-06-26,0
2010-06-27,0
2010-06-28,0
2010-06-29,-0.019261625
2010-06-30,-0.020140163
2010-07-01,-0.010070066
2010-07-02,-0.013738699
2010-07-03,-0.013783093
2010-07-04,0
2010-07-05,0
2010-07-06,0
2010-07-07,0
2010-07-08,0
2010-07-09,0
2010-07-10,0
2010-07-11,-0.015586825
2010-07-12,-0.020132006
2010-07-13,-0.010065987
2010-07-14,-0.060388965
2010-07-15,-0.074166089
2010-07-16,-0.037082837
2010-07-17,-0.018541367
2010-07-18,0
2010-07-19,0
2010-07-20,0
2010-07-21,0
2010-07-22,0
2010-07-23,0
2010-07-24,0
2010-07-25,0
2010-07-26,0
2010-07-27,0.00E+00
2010-07-28,0.00E+00
2010-07-29,0.00E+00
2010-07-30,0
2010-07-31,0
2010-08-01,0
2010-08-02,0
2010-08-03,0
2010-08-04,0
2010-08-05,0
2010-08-06,0
2010-08-07,0
2010-08-08,0
2010-08-09,0
2010-08-10,0
2010-08-11,0
2010-08-12,0
2010-08-13,0.00E+00
2010-08-14,0.00E+00
2010-08-15,0.00E+00
2010-08-16,0
2010-08-17,0
2010-08-18,0
2010-08-19,0
2010-08-20,0
2010-08-21,0.00E+00
2010-08-22,0
2010-08-23,-0.010424573
2010-08-24,0
2010-08-25,0
2010-08-26,0
2010-08-27,-0.034078194
2010-08-28,-0.036561353
2010-08-29,-0.018280627
2010-08-30,0
2010-08-31,0
2010-09-01,0
2010-09-02,0
2010-09-03,0
2010-09-04,0
2010-09-05,0
2010-09-06,0
2010-09-07,-0.081458666
2010-09-08,-0.107156798
2010-09-09,-0.060796706
2010-09-10,-0.030398214
2010-09-11,-0.015199072
2010-09-12,0
2010-09-13,0
2010-09-14,0
2010-09-15,0
2010-09-16,0
2010-09-17,0
2010-09-18,0
2010-09-19,0.00E+00
2010-09-20,0.00E+00
2010-09-21,0.00E+00
2010-09-22,0
2010-09-23,-0.045697704
2010-09-24,-0.059145611
2010-09-25,-0.029572674
2010-09-26,-0.014786304
2010-09-27,0
2010-09-28,0
2010-09-29,0
2010-09-30,0
2010-10-01,0
2010-10-02,0
2010-10-03,-0.030918919
2010-10-04,-0.128459011
2010-10-05,-0.165846791
2010-10-06,-0.107780638
2010-10-07,-0.053889882
2010-10-08,-0.026944831
2010-10-09,-0.013472388
2010-10-10,0
2010-10-11,0
2010-10-12,0
2010-10-13,0
2010-10-14,0
2010-10-15,0
2010-10-16,0
2010-10-17,0.00E+00
2010-10-18,0.00E+00
2010-10-19,0.00E+00
2010-10-20,0
2010-10-21,0
2010-10-22,0
2010-10-23,-0.098982404
2010-10-24,-0.141205428
2010-10-25,-0.080999504
2010-10-26,-0.040499505
2010-10-27,-0.020249691
2010-10-28,-0.01012483
2010-10-29,-0.208221055
2010-10-30,-0.270158769
2010-10-31,-0.138789656
2010-11-01,-0.069394105
2010-11-02,-0.087888759
2010-11-03,-0.094715616
2010-11-04,-0.074280878
2010-11-05,-0.053151491
2010-11-06,-0.190075618
2010-11-07,-0.271542178
2010-11-08,-1.5593472
2010-11-09,-3.20979456
2010-11-10,-2.66001408
2010-11-11,-4.1347584
2010-11-12,-4.831488
2010-11-13,-2.8415232
2010-11-14,-2.46578688
2010-11-15,-2.11465728
2010-11-16,-1.098173445
2010-11-17,-1.6229376
2010-11-18,-2.50684416
2010-11-19,-1.92236544
2010-11-20,-1.65003264
2010-11-21,-1.76366592
2010-11-22,-1.192728292
2010-11-23,-0.596310778
2010-11-24,-0.371611363
2010-11-25,-0.739970339
2010-11-26,-0.934401623
2010-11-27,-0.602689766
2010-11-28,-0.566679311
2010-11-29,-0.494099813
2010-11-30,-0.247040755
2010-12-01,-0.123518084
2010-12-02,-0.061758468
2010-12-03,-0.03087909
2010-12-04,-0.015439509
2010-12-05,-5.5323648
2010-12-06,-9.97277184
2010-12-07,-8.7270912
2010-12-08,-6.3542016
2010-12-09,-3.81030912
2010-12-10,-1.90467072
2010-12-11,-0.952172928
2010-12-12,-0.476052457
2010-12-13,-0.23801772
2010-12-14,-0.119006734
2010-12-15,-0.059502835
2010-12-16,-1.220656283
2010-12-17,-1.55616768
2010-12-18,-3.33186048
2010-12-19,-8.72667648
2010-12-20,-11.44088064
2010-12-21,-8.54226432
2010-12-22,-8.42075136
2010-12-23,-7.74821376
2010-12-24,-4.25447424
2010-12-25,-2.12654592
2010-12-26,-1.063120564
2010-12-27,-0.721148009
2010-12-28,-0.511182766
2010-12-29,-0.255581582
2010-12-30,-0.127788339
2010-12-31,-0.063893555
2011-01-01,-0.031946624
2011-01-02,-0.015973274
2011-01-03,0
2011-01-04,0
2011-01-05,-1.97862912
2011-01-06,-4.49515008
2011-01-07,-3.78432
2011-01-08,-2.53780992
2011-01-09,-2.21488128
2011-01-10,-3.42724608
2011-01-11,-3.34720512
2011-01-12,-2.14354944
2011-01-13,-1.40438016
2011-01-14,-0.702138033
2011-01-15,-0.351050527
2011-01-16,-0.175520632
2011-01-17,-0.087759162
2011-01-18,-0.043879291
2011-01-19,-0.021939573
2011-01-20,-0.010969768
2011-01-21,0
2011-01-22,0
2011-01-23,0
2011-01-24,0
2011-01-25,0
2011-01-26,-1.99701504
2011-01-27,-2.58425856
2011-01-28,-1.57773312
2011-01-29,-1.015820338
2011-01-30,-0.507871462
2011-01-31,-0.253926061
2011-02-01,-0.126960607
2011-02-02,-0.143662754
2011-02-03,-0.709843973
2011-02-04,-0.811085958
2011-02-05,-0.405518303
2011-02-06,-0.202752972
2011-02-07,-0.101374946
2011-02-08,-0.050687087
2011-02-09,-0.025343447
2011-02-10,-0.012671699
2011-02-11,0
2011-02-12,-0.437472687
2011-02-13,-0.702957353
2011-02-14,-0.751678327
2011-02-15,-0.84859094
2011-02-16,-0.617077689
2011-02-17,-0.308524557
2011-02-18,-0.615188418
2011-02-19,-0.82589214
2011-02-20,-0.611452717
2011-02-21,-2.08507392
2011-02-22,-2.40662016
2011-02-23,-1.264415602
2011-02-24,-0.696951268
2011-02-25,-0.361239064
2011-02-26,-0.334006959
2011-02-27,-1.197221368
2011-02-28,-1.320053884
2011-03-01,-0.659961575
2011-03-02,-0.329964448
2011-03-03,-0.164978132
2011-03-04,-0.082488047
2011-03-05,-0.041243767
2011-03-06,-0.020621819
2011-03-07,-0.010310894
2011-03-08,0
2011-03-09,0
2011-03-10,0
2011-03-11,0
2011-03-12,0
2011-03-13,0
2011-03-14,0.00E+00
2011-03-15,0.00E+00
2011-03-16,0.00E+00
2011-03-17,0.00E+00
2011-03-18,0
2011-03-19,-0.010485806
2011-03-20,0
2011-03-21,0
2011-03-22,0
2011-03-23,0
2011-03-24,0
2011-03-25,0
2011-03-26,-0.112230163
2011-03-27,-0.499427389
2011-03-28,-0.647768807
2011-03-29,-0.697953107
2011-03-30,-0.807541236
2011-03-31,-0.59046642
2011-04-01,-0.295220132
2011-04-02,-0.147606797
2011-04-03,-0.073802579
2011-04-04,-0.036901085
2011-04-05,-0.018450491
2011-04-06,0
2011-04-07,0
2011-04-08,0
2011-04-09,0
2011-04-10,0
2011-04-11,0
2011-04-12,0
2011-04-13,0.00E+00
2011-04-14,0.00E+00
2011-04-15,0.00E+00
2011-04-16,0
2011-04-17,0
2011-04-18,0
2011-04-19,0
2011-04-20,0
2011-04-21,0
2011-04-22,0
2011-04-23,0
2011-04-24,-0.037409971
2011-04-25,-0.048421416
2011-04-26,-0.02421062
2011-04-27,-0.012105288
2011-04-28,0
2011-04-29,0
2011-04-30,0
2011-05-01,-0.036368194
2011-05-02,-0.172209024
2011-05-03,-0.336202362
2011-05-04,-0.287422857
2011-05-05,-0.143708332
2011-05-06,-0.071853386
2011-05-07,-0.0359265
2011-05-08,-0.017963201
2011-05-09,0
2011-05-10,0
2011-05-11,0
2011-05-12,0
2011-05-13,0
2011-05-14,0
2011-05-15,0
2011-05-16,0.00E+00
2011-05-17,0.00E+00
2011-05-18,0.00E+00
2011-05-19,0
2011-05-20,0
2011-05-21,0
2011-05-22,0
2011-05-23,0
2011-05-24,0
2011-05-25,0
2011-05-26,0
2011-05-27,0
2011-05-28,0
2011-05-29,0
2011-05-30,0
2011-05-31,0
2011-06-01,0
2011-06-02,0
2011-06-03,0
2011-06-04,0
2011-06-05,0
2011-06-06,-0.040472226
2011-06-07,-0.063736063
2011-06-08,-0.041026985
2011-06-09,-0.020513429
2011-06-10,-0.010256699
2011-06-11,0
2011-06-12,0
2011-06-13,0
2011-06-14,0
2011-06-15,0
2011-06-16,0
2011-06-17,-0.016466683
2011-06-18,-0.021249962
2011-06-19,-0.010624964
2011-06-20,0
2011-06-21,-0.041215703
2011-06-22,-0.054596987
2011-06-23,-0.029967095
2011-06-24,-0.014983514
2011-06-25,0
2011-06-26,0
2011-06-27,0
2011-06-28,0
2011-06-29,0
2011-06-30,0
2011-07-01,0
2011-07-02,0.00E+00
2011-07-03,0.00E+00
2011-07-04,0.00E+00
2011-07-05,0
2011-07-06,0
2011-07-07,0
2011-07-08,0
2011-07-09,0
2011-07-10,0
2011-07-11,0
2011-07-12,0
2011-07-13,0
2011-07-14,0
2011-07-15,0
2011-07-16,-0.0299944
2011-07-17,-0.052140167
2011-07-18,-0.699678563
2011-07-19,-0.887050068
2011-07-20,-1.147795854
2011-07-21,-1.16394089
2011-07-22,-0.611632927
2011-07-23,-0.305802432
2011-07-24,-0.152897698
2011-07-25,-0.076447974
2011-07-26,-0.038223766
2011-07-27,-0.019111828
2011-07-28,0
2011-07-29,0
2011-07-30,0
2011-07-31,0
2011-08-01,0
2011-08-02,-0.32530746
2011-08-03,-0.420811642
2011-08-04,-0.323088362
2011-08-05,-0.251053517
2011-08-06,-0.276577017
2011-08-07,-0.345268653
2011-08-08,-0.241734606
2011-08-09,-0.120865112
2011-08-10,-0.060432007
2011-08-11,-0.030215866
2011-08-12,-0.015107898
2011-08-13,0
2011-08-14,-0.369584474
2011-08-15,-0.475355036
2011-08-16,-0.237669037
2011-08-17,-0.118832401
2011-08-18,-0.05941567
2011-08-19,-0.029707701
2011-08-20,-0.014853817
2011-08-21,0
2011-08-22,0
2011-08-23,0
2011-08-24,0
2011-08-25,-0.255209564
2011-08-26,-0.627895342
2011-08-27,-0.550695117
2011-08-28,-0.275336175
2011-08-29,-0.137665244
2011-08-30,-0.068831909
2011-08-31,-0.034415777
2011-09-01,-0.134317216
2011-09-02,-0.160182559
2011-09-03,-0.210564569
2011-09-04,-0.25240585
2011-09-05,-0.160742237
2011-09-06,-0.080370145
2011-09-07,-0.040184829
2011-09-08,-0.020092353
2011-09-09,-0.010046162
2011-09-10,0
2011-09-11,-0.18190591
2011-09-12,-0.333318828
2011-09-13,-0.395241334
2011-09-14,-0.316174828
2011-09-15,-0.158083661
2011-09-16,-0.079040893
2011-09-17,-0.069396733
2011-09-18,-0.089184011
2011-09-19,-0.069020644
2011-09-20,-0.034510142
2011-09-21,-0.017255027
2011-09-22,0
2011-09-23,0
2011-09-24,0
2011-09-25,0
2011-09-26,0
2011-09-27,0
2011-09-28,0
2011-09-29,0.00E+00
2011-09-30,0.00E+00
2011-10-01,0.00E+00
2011-10-02,0
2011-10-03,0
2011-10-04,0
2011-10-05,0
2011-10-06,0
2011-10-07,0
2011-10-08,0
2011-10-09,0
2011-10-10,0
2011-10-11,0
2011-10-12,0
2011-10-13,0
2011-10-14,0.00E+00
2011-10-15,0.00E+00
2011-10-16,0.00E+00
2011-10-17,0
2011-10-18,-0.047263445
2011-10-19,-0.061172266
2011-10-20,-0.030585993
2011-10-21,-0.01529296
2011-10-22,0
2011-10-23,0
2011-10-24,-0.045132316
2011-10-25,-0.250188936
2011-10-26,-0.278629231
2011-10-27,-0.145141438
2011-10-28,-0.077200771
2011-10-29,-0.038600161
2011-10-30,-0.019300024
2011-10-31,-0.101776898
2011-11-01,-0.169744965
2011-11-02,-0.148673374
2011-11-03,-0.418114013
2011-11-04,-0.519395093
2011-11-05,-0.625252898
2011-11-06,-0.745127355
2011-11-07,-0.512832315
2011-11-08,-0.256406294
2011-11-09,-0.128200678
2011-11-10,-0.064099722
2011-11-11,-0.032049705
2011-11-12,-0.016024814
2011-11-13,0
2011-11-14,0
2011-11-15,0
2011-11-16,0
2011-11-17,0
2011-11-18,0
2011-11-19,0
2011-11-20,0.00E+00
2011-11-21,0.00E+00
2011-11-22,0.00E+00
2011-11-23,0
2011-11-24,0
2011-11-25,-0.012249563
2011-11-26,-0.015853647
2011-11-27,0
2011-11-28,0
2011-11-29,-0.034827839
2011-11-30,-0.043505103
2011-12-01,-0.410451481
2011-12-02,-0.513969671
2011-12-03,-1.206468131
2011-12-04,-2.33501184
2011-12-05,-2.1385728
2011-12-06,-1.510272
2011-12-07,-1.127886709
2011-12-08,-1.047770906
2011-12-09,-1.102577412
2011-12-10,-1.186639539
2011-12-11,-2.4827904
2011-12-12,-2.73687552
2011-12-13,-5.59222272
2011-12-14,-8.38812672
2011-12-15,-15.67766016
2011-12-16,-19.56731904
2011-12-17,-13.05151488
2011-12-18,-6.5193984
2011-12-19,-4.82886144
2011-12-20,-4.55652864
2011-12-21,-2.98861056
2011-12-22,-1.49395968
2011-12-23,-1.180707329
2011-12-24,-0.934861216
2011-12-25,-0.467397817
2011-12-26,-0.233690711
2011-12-27,-0.116843307
2011-12-28,-0.236280969
2011-12-29,-0.25941853
2011-12-30,-1.5883776
2011-12-31,-2.7606528
2012-01-01,-4.47814656
2012-01-02,-4.38594048
2012-01-03,-5.08889088
2012-01-04,-4.7195136
2012-01-05,-2.78304768
2012-01-06,-1.72813824
2012-01-07,-0.863939147
2012-01-08,-0.43194158
2012-01-09,-0.215963781
2012-01-10,-0.107980142
2012-01-11,-0.053989633
2012-01-12,-0.026994707
2012-01-13,-0.013497326
2012-01-14,0
2012-01-15,0
2012-01-16,0
2012-01-17,0
2012-01-18,-0.354997389
2012-01-19,-1.013576979
2012-01-20,-0.947137356
2012-01-21,-0.743012214
2012-01-22,-0.585536754
2012-01-23,-0.292755521
2012-01-24,-0.228312871
2012-01-25,-0.179241445
2012-01-26,-0.14597421
2012-01-27,-0.117751306
2012-01-28,-0.058875132
2012-01-29,-0.029437435
2012-01-30,-1.16336501
2012-01-31,-1.49395968
2012-02-01,-0.746890551
2012-02-02,-0.373424353
2012-02-03,-0.186706944
2012-02-04,-0.093352161
2012-02-05,-0.046675753
2012-02-06,-0.023337794
2012-02-07,-0.011668877
2012-02-08,0
2012-02-09,0
2012-02-10,0
2012-02-11,0
2012-02-12,0
2012-02-13,-0.103212539
2012-02-14,-0.133447006
2012-02-15,-0.066722834
2012-02-16,-0.033361249
2012-02-17,-0.016680583
2012-02-18,-0.44619053
2012-02-19,-0.570878005
2012-02-20,-0.285426768
2012-02-21,-0.142710322
2012-02-22,-0.071354399
2012-02-23,-0.046007017
2012-02-24,-0.031209054
2012-02-25,-0.01560449
2012-02-26,0
2012-02-27,0
2012-02-28,0
2012-02-29,0
2012-03-01,0
2012-03-02,0
2012-03-03,0
2012-03-04,-0.337129607
2012-03-05,-0.436301462
2012-03-06,-0.218143591
2012-03-07,-0.261899468
2012-03-08,-0.252345038
2012-03-09,-0.126170125
2012-03-10,-0.063084464
2012-03-11,-0.031542083
2012-03-12,-0.015771004
2012-03-13,0
2012-03-14,0
2012-03-15,0
2012-03-16,0
2012-03-17,-0.048632231
2012-03-18,-0.551654973
2012-03-19,-0.664311878
2012-03-20,-0.332139378
2012-03-21,-0.267601647
2012-03-22,-0.214452223
2012-03-23,-0.107224385
2012-03-24,-0.05361176
2012-03-25,-0.026805771
2012-03-26,-0.013402859
2012-03-27,0
2012-03-28,0
2012-03-29,0
2012-03-30,0
2012-03-31,0
2012-04-01,0
2012-04-02,0
2012-04-03,0.00E+00
2012-04-04,0.00E+00
2012-04-05,0
2012-04-06,0
2012-04-07,0
2012-04-08,0
2012-04-09,0
2012-04-10,-0.040769311
2012-04-11,-0.052598635
2012-04-12,-0.026299213
2012-04-13,-0.01314958
2012-04-14,0
2012-04-15,0
2012-04-16,0
2012-04-17,-0.086364428
2012-04-18,-0.429639206
2012-04-19,-0.508378817
2012-04-20,-0.422559673
2012-04-21,-0.466423419
2012-04-22,-0.458624416
2012-04-23,-1.64726784
2012-04-24,-2.37302784
2012-04-25,-2.36514816
2012-04-26,-1.83817728
2012-04-27,-2.95432704
2012-04-28,-11.17131264
2012-04-29,-12.54030336
2012-04-30,-7.45500672
2012-05-01,-4.33465344
2012-05-02,-2.16663552
2012-05-03,-1.083124487
2012-05-04,-0.541518235
2012-05-05,-1.7473536
2012-05-06,-2.04636672
2012-05-07,-1.181512701
2012-05-08,-2.35533312
2012-05-09,-2.47905792
2012-05-10,-1.239277557
2012-05-11,-0.619581174
2012-05-12,-0.309776182
2012-05-13,-0.154884497
2012-05-14,-0.077441344
2012-05-15,-0.038720446
2012-05-16,-0.019360166
2012-05-17,0
2012-05-18,0
2012-05-19,-0.687663033
2012-05-20,-1.255698478
2012-05-21,-1.46423808
2012-05-22,-1.164436992
2012-05-23,-0.582167638
2012-05-24,-0.291071108
2012-05-25,-0.145532367
2012-05-26,-0.07276539
2012-05-27,-0.036382495
2012-05-28,-0.018191198
2012-05-29,0
2012-05-30,0
2012-05-31,0
2012-06-01,0
2012-06-02,0
2012-06-03,0
2012-06-04,0
2012-06-05,-0.036919518
2012-06-06,-0.047730157
2012-06-07,-0.023864992
2012-06-08,-0.011932475
2012-06-09,0
2012-06-10,-0.464130778
2012-06-11,-1.190821285
2012-06-12,-1.082585572
2012-06-13,-0.554462102
2012-06-14,-0.277219515
2012-06-15,-0.138606875
2012-06-16,-0.069302715
2012-06-17,-0.057689392
2012-06-18,-0.047144916
2012-06-19,-0.055370856
2012-06-20,-0.140201252
2012-06-21,-0.139411708
2012-06-22,-0.06970512
2012-06-23,-0.034852378
2012-06-24,-0.017426143
2012-06-25,0
2012-06-26,0
2012-06-27,0
2012-06-28,0
2012-06-29,0
2012-06-30,0
2012-07-01,0
2012-07-02,0.00E+00
2012-07-03,0.00E+00
2012-07-04,0.00E+00
2012-07-05,-0.01385715
2012-07-06,-0.022319741
2012-07-07,-0.054538338
2012-07-08,-0.058956223
2012-07-09,-0.029477981
2012-07-10,-0.014738958
2012-07-11,0
2012-07-12,0
2012-07-13,-0.688699418
2012-07-14,-0.897748255
2012-07-15,-0.458872418
2012-07-16,-0.229428302
2012-07-17,-0.114712177
2012-07-18,-0.057355594
2012-07-19,-0.028677672
2012-07-20,-0.014338806
2012-07-21,0
2012-07-22,0
2012-07-23,0
2012-07-24,0
2012-07-25,0
2012-07-26,0
2012-07-27,0
2012-07-28,0.00E+00
2012-07-29,0.00E+00
2012-07-30,0.00E+00
2012-07-31,0
2012-08-01,0
2012-08-02,0
2012-08-03,0
2012-08-04,0
2012-08-05,-0.030727138
2012-08-06,-0.039771548
2012-08-07,-0.019885715
2012-08-08,0
2012-08-09,0
2012-08-10,0
2012-08-11,0
2012-08-12,0
2012-08-13,0
2012-08-14,0
2012-08-15,0
2012-08-16,0
2012-08-17,0
2012-08-18,0.00E+00
2012-08-19,0.00E+00
2012-08-20,0.00E+00
2012-08-21,0
2012-08-22,0
2012-08-23,0
2012-08-24,0
2012-08-25,0
2012-08-26,0
2012-08-27,0
2012-08-28,0
2012-08-29,0
2012-08-30,0
2012-08-31,0
2012-09-01,0
2012-09-02,0
2012-09-03,0
2012-09-04,0
2012-09-05,0
2012-09-06,0
2012-09-07,0
2012-09-08,0
2012-09-09,0
2012-09-10,0
2012-09-11,0
2012-09-12,0
2012-09-13,0
2012-09-14,0
2012-09-15,0
2012-09-16,0
2012-09-17,0
2012-09-18,0
2012-09-19,0
2012-09-20,0
2012-09-21,0
2012-09-22,0
2012-09-23,0.00E+00
2012-09-24,-0.04260251
2012-09-25,-0.597524042
2012-09-26,-1.000401367
2012-09-27,-0.715284643
2012-09-28,-0.35762312
2012-09-29,-0.178806763
2012-09-30,-0.08940218
2012-10-01,-0.04470079
2012-10-02,-0.02235032
2012-10-03,-0.011175141
2012-10-04,-0.123994783
2012-10-05,-0.156052376
2012-10-06,-0.923893793
2012-10-07,-1.58989824
2012-10-08,-1.374885744
2012-10-09,-0.95740187
2012-10-10,-0.756752841
2012-10-11,-1.39152384
2012-10-12,-1.373622686
2012-10-13,-2.89391616
2012-10-14,-5.32182528
2012-10-15,-5.28878592
2012-10-16,-3.50148096
2012-10-17,-2.48306688
2012-10-18,-2.53891584
2012-10-19,-6.97130496
2012-10-20,-13.0975488
2012-10-21,-11.23849728
2012-10-22,-5.82557184
2012-10-23,-2.91147264
2012-10-24,-1.45539072
2012-10-25,-0.72763911
2012-10-26,-0.363799697
2012-10-27,-0.181894879
2012-10-28,-0.090946197
2012-10-29,-0.045472787
2012-10-30,-0.022736316
2012-10-31,-2.24128512
2012-11-01,-4.54505472
2012-11-02,-11.4794496
2012-11-03,-13.51130112
2012-11-04,-9.87254784
2012-11-05,-8.36711424
2012-11-06,-5.69507328
2012-11-07,-2.8463616
2012-11-08,-1.42290432
2012-11-09,-0.71134819
2012-11-10,-1.86928128
2012-11-11,-2.13663744
2012-11-12,-1.068166573
2012-11-13,-0.534040487
2012-11-14,-0.267009537
2012-11-15,-0.133502095
2012-11-16,-0.066750378
2012-11-17,-0.033375021
2012-11-18,-1.327859454
2012-11-19,-1.7051904
2012-11-20,-0.85251556
2012-11-21,-0.882109094
2012-11-22,-0.803132458
2012-11-23,-0.401542023
2012-11-24,-0.20076497
2012-11-25,-0.100380969
2012-11-26,-0.079535454
2012-11-27,-0.063077866
2012-11-28,-0.031538783
2012-11-29,-0.015769353
2012-11-30,0
2012-12-01,0
2012-12-02,-0.449792276
2012-12-03,-3.14744832
2012-12-04,-3.82938624
2012-12-05,-2.08700928
2012-12-06,-1.163860531
2012-12-07,-0.829502097
2012-12-08,-0.53538248
2012-12-09,-0.293095978
2012-12-10,-0.166733407
2012-12-11,-0.083365657
2012-12-12,-0.270121485
2012-12-13,-2.49094656
2012-12-14,-7.24419072
2012-12-15,-9.62399232
2012-12-16,-10.11115008
2012-12-17,-8.7353856
2012-12-18,-5.59277568
2012-12-19,-3.83602176
2012-12-20,-5.6809728
2012-12-21,-6.15485952
2012-12-22,-4.54063104
2012-12-23,-2.91921408
2012-12-24,-2.25552384
2012-12-25,-2.31054336
2012-12-26,-3.75058944
2012-12-27,-7.51707648
2012-12-28,-6.89029632
2012-12-29,-4.11416064
2012-12-30,-2.57997312
2012-12-31,-2.84401152
2013-01-01,-2.65614336
2013-01-02,-1.327794937
2013-01-03,-0.663831342
2013-01-04,-0.331899144
2013-01-05,-0.165945439
2013-01-06,-0.082971683
2013-01-07,-0.041485582
2013-01-08,-0.020742727
2013-01-09,-0.010371347
2013-01-10,-0.657149345
2013-01-11,-1.17659097
2013-01-12,-0.953592846
2013-01-13,-0.558644318
2013-01-14,-0.81944887
2013-01-15,-1.5717888
2013-01-16,-2.16317952
2013-01-17,-1.71307008
2013-01-18,-1.689984
2013-01-19,-4.98576384
2013-01-20,-5.89344768
2013-01-21,-5.76543744
2013-01-22,-7.53172992
2013-01-23,-6.0770304
2013-01-24,-3.09975552
2013-01-25,-2.85078528
2013-01-26,-2.70355968
2013-01-27,-3.75349248
2013-01-28,-3.62921472
2013-01-29,-2.547072
2013-01-30,-3.87942912
2013-01-31,-3.91371264
2013-02-01,-8.45227008
2013-02-02,-9.14844672
2013-02-03,-5.02142976
2013-02-04,-2.93193216
2013-02-05,-3.88551168
2013-02-06,-3.8230272
2013-02-07,-2.10318336
2013-02-08,-1.311813661
2013-02-09,-4.28792832
2013-02-10,-9.9415296
2013-02-11,-10.59208704
2013-02-12,-6.61782528
2013-02-13,-3.30725376
2013-02-14,-2.51693568
2013-02-15,-1.9443456
2013-02-16,-0.972010202
2013-02-17,-0.485969656
2013-02-18,-0.242975974
2013-02-19,-0.121485768
2013-02-20,-0.06074233
2013-02-21,-0.030371025
2013-02-22,-0.015185477
2013-02-23,0
2013-02-24,0
2013-02-25,-0.068671616
2013-02-26,-0.087376717
2013-02-27,-0.043688072
2013-02-28,-0.021843963
2013-03-01,-0.010921964
2013-03-02,0
2013-03-03,0
2013-03-04,0
2013-03-05,0
2013-03-06,0
2013-03-07,-1.377302925
2013-03-08,-1.78232832
2013-03-09,-0.893437627
2013-03-10,-0.448581985
2013-03-11,-0.998963062
2013-03-12,-1.114758319
2013-03-13,-0.557332545
2013-03-14,-0.278654612
2013-03-15,-0.139324396
2013-03-16,-1.191475796
2013-03-17,-2.60264448
2013-03-18,-2.79078912
2013-03-19,-3.05620992
2013-03-20,-2.46633984
2013-03-21,-1.249435819
2013-03-22,-0.63777776
2013-03-23,-0.318873618
2013-03-24,-0.159432994
2013-03-25,-0.079715542
2013-03-26,-0.039857531
2013-03-27,-0.019928706
2013-03-28,0
2013-03-29,-1.061251311
2013-03-30,-1.6561152
2013-03-31,-1.05566329
2013-04-01,-0.527789841
2013-04-02,-0.26388447
2013-04-03,-0.131939621
2013-04-04,-0.065969157
2013-04-05,-0.032984414
2013-04-06,-0.016492166
2013-04-07,0
2013-04-08,-1.299741355
2013-04-09,-2.03931648
2013-04-10,-5.23210752
2013-04-11,-9.71108352
2013-04-12,-8.91205632
2013-04-13,-5.1687936
2013-04-14,-2.58342912
2013-04-15,-1.291456259
2013-04-16,-0.645665569
2013-04-17,-0.322817149
2013-04-18,-0.161404656
2013-04-19,-0.080701352
2013-04-20,-0.040350431
2013-04-21,-0.020175153
2013-04-22,-0.010087561
2013-04-23,0
2013-04-24,0
2013-04-25,0
2013-04-26,0
2013-04-27,0
2013-04-28,0
2013-04-29,-0.054192465
2013-04-30,-1.273467613
2013-05-01,-1.84660992
2013-05-02,-1.201318207
2013-05-03,-0.661213477
2013-05-04,-0.330590343
2013-05-05,-0.165291066
2013-05-06,-0.082644507
2013-05-07,-0.041321997
2013-05-08,-0.038010909
2013-05-09,-0.032787318
2013-05-10,-0.016393618
2013-05-11,0
2013-05-12,0
2013-05-13,0
2013-05-14,0
2013-05-15,0
2013-05-16,0
2013-05-17,0
2013-05-18,-1.93660416
2013-05-19,-3.08786688
2013-05-20,-4.2674688
2013-05-21,-4.18549248
2013-05-22,-2.29699584
2013-05-23,-1.148319148
2013-05-24,-0.574110112
2013-05-25,-0.287042683
2013-05-26,-0.143518252
2013-05-27,-0.254922564
2013-05-28,-0.272952309
2013-05-29,-0.136473358
2013-05-30,-1.135902943
2013-05-31,-1.41585408
2013-06-01,-0.707878863
2013-06-02,-0.353920638
2013-06-03,-0.176955619
2013-06-04,-0.088476632
2013-06-05,-0.044238022
2013-06-06,-0.022118936
2013-06-07,-0.01105945
2013-06-08,0
2013-06-09,0
2013-06-10,0
2013-06-11,0
2013-06-12,0
2013-06-13,-0.550928729
2013-06-14,-0.712564563
2013-06-15,-0.356263225
2013-06-16,-0.629833453
2013-06-17,-2.10207744
2013-06-18,-4.48754688
2013-06-19,-4.73568768
2013-06-20,-2.89488384
2013-06-21,-1.65431808
2013-06-22,-1.098402108
2013-06-23,-0.634000131
2013-06-24,-0.316984984
2013-06-25,-0.158488718
2013-06-26,-0.079243416
2013-06-27,-0.039621472
2013-06-28,-0.019810677
2013-06-29,0
2013-06-30,0
2013-07-01,0
2013-07-02,-0.165195805
2013-07-03,-0.212834332
2013-07-04,-0.106415467
2013-07-05,-0.053207308
2013-07-06,-0.026603547
2013-07-07,-0.013301747
2013-07-08,0
2013-07-09,0
2013-07-10,0
2013-07-11,0
2013-07-12,0
2013-07-13,0
2013-07-14,0
2013-07-15,0.00E+00
2013-07-16,0.00E+00
2013-07-17,0.00E+00
2013-07-18,0
2013-07-19,0
2013-07-20,0
2013-07-21,0
2013-07-22,0
2013-07-23,-0.02365614
2013-07-24,-0.030478707
2013-07-25,-0.170845729
2013-07-26,-0.63730932
2013-07-27,-0.65882997
2013-07-28,-0.329398701
2013-07-29,-0.164695279
2013-07-30,-0.082346621
2013-07-31,-0.041173055
2013-08-01,-0.020586463
2013-08-02,-0.010293216
2013-08-03,0
2013-08-04,0
2013-08-05,0
2013-08-06,-0.03405203
2013-08-07,-0.043564073
2013-08-08,-0.021781965
2013-08-09,-0.010890965
2013-08-10,0
2013-08-11,0
2013-08-12,0
2013-08-13,0
2013-08-14,0
2013-08-15,0
2013-08-16,0.00E+00
2013-08-17,0.00E+00
2013-08-18,0.00E+00
2013-08-19,0.00E+00
2013-08-20,0
2013-08-21,0
2013-08-22,0
2013-08-23,0
2013-08-24,0
2013-08-25,-0.056568846
2013-08-26,-0.073219482
2013-08-27,-0.036609539
2013-08-28,-0.018304719
2013-08-29,0
2013-08-30,0
2013-08-31,0
2013-09-01,0
2013-09-02,0
2013-09-03,0
2013-09-04,0
2013-09-05,0.00E+00
2013-09-06,0.00E+00
2013-09-07,0.00E+00
2013-09-08,0
2013-09-09,0
2013-09-10,0
2013-09-11,0
2013-09-12,0
2013-09-13,0
2013-09-14,-0.921719541
2013-09-15,-1.55215872
2013-09-16,-1.061443506
2013-09-17,-0.930116432
2013-09-18,-0.782302234
2013-09-19,-0.391128155
2013-09-20,-0.195558341
2013-09-21,-0.097777733
2013-09-22,-0.048888507
2013-09-23,-0.024444164
2013-09-24,-0.012222059
2013-09-25,0
2013-09-26,-0.056408932
2013-09-27,-0.070585381
2013-09-28,-0.526689783
2013-09-29,-1.009007691
2013-09-30,-0.822667913
2013-10-01,-0.439858543
2013-10-02,-0.219922007
2013-10-03,-0.109959191
2013-10-04,-0.277699401
2013-10-05,-0.315760288
2013-10-06,-0.157876398
2013-10-07,-0.078937264
2013-10-08,-0.039468398
2013-10-09,-0.01973414
2013-10-10,0
2013-10-11,0
2013-10-12,-0.0216794
2013-10-13,-0.260969569
2013-10-14,-0.317045173
2013-10-15,-1.225222378
2013-10-16,-1.79546112
2013-10-17,-1.164263763
2013-10-18,-0.582081044
2013-10-19,-0.380136541
2013-10-20,-0.260845332
2013-10-21,-0.130420113
2013-10-22,-0.139294716
2013-10-23,-0.266239056
2013-10-24,-0.242531394
2013-10-25,-1.99839744
2013-10-26,-2.48984064
2013-10-27,-1.57925376
2013-10-28,-1.66288896
2013-10-29,-1.42511616
2013-10-30,-0.800751882
2013-10-31,-0.400351887
2013-11-01,-1.76020992
2013-11-02,-2.35256832
2013-11-03,-7.12323072
2013-11-04,-10.12359168
2013-11-05,-8.05953024
2013-11-06,-5.15607552
2013-11-07,-3.56755968
2013-11-08,-2.92142592
2013-11-09,-8.38176768
2013-11-10,-9.46059264
2013-11-11,-5.30896896
2013-11-12,-3.46871808
2013-11-13,-2.01443328
2013-11-14,-1.007034661
2013-11-15,-0.765445829
2013-11-16,-0.590786473
2013-11-17,-0.295380145
2013-11-18,-0.147686796
2013-11-19,-0.073842578
2013-11-20,-2.2622976
2013-11-21,-3.2341248
2013-11-22,-1.88338176
2013-11-23,-0.941579417
2013-11-24,-0.470756455
2013-11-25,-0.235369912
2013-11-26,-0.117682876
2013-11-27,-0.058840917
2013-11-28,-0.029420328
2013-11-29,-0.039499301
2013-11-30,-0.039440805
2013-12-01,-0.019720344
2013-12-02,0
2013-12-03,0
2013-12-04,0
2013-12-05,0
2013-12-06,0
2013-12-07,0
2013-12-08,0
2013-12-09,0.00E+00
2013-12-10,0.00E+00
2013-12-11,0.00E+00
2013-12-12,0
2013-12-13,-0.317773975
2013-12-14,-0.411294634
2013-12-15,-0.205640972
2013-12-16,-0.102818895
2013-12-17,-0.311122778
2013-12-18,-1.88296704
2013-12-19,-2.29671936
2013-12-20,-1.265162928
2013-12-21,-1.62335232
2013-12-22,-1.98139392
2013-12-23,-1.70823168
2013-12-24,-7.17451776
2013-12-25,-11.77196544
2013-12-26,-8.87514624
2013-12-27,-6.80500224
2013-12-28,-6.70629888
2013-12-29,-4.61749248
2013-12-30,-2.3079168
2013-12-31,-2.14507008
2014-01-01,-6.00556032
2014-01-02,-7.13691648
2014-01-03,-4.23664128
2014-01-04,-3.15007488
2014-01-05,-3.1256064
2014-01-06,-2.73811968
2014-01-07,-1.85683968
2014-01-08,-0.940409368
2014-01-09,-0.470171506
2014-01-10,-0.235077466
2014-01-11,-0.117536655
2014-01-12,-0.514730447
2014-01-13,-4.26000384
2014-01-14,-5.06331648
2014-01-15,-5.71235328
2014-01-16,-7.92986112
2014-01-17,-6.0079104
2014-01-18,-3.55332096
2014-01-19,-2.31234048
2014-01-20,-1.234340191
2014-01-21,-1.154531667
2014-01-22,-1.4128128
2014-01-23,-1.9782144
2014-01-24,-5.68733184
2014-01-25,-5.97556224
2014-01-26,-5.62401792
2014-01-27,-5.59858176
2014-01-28,-6.22923264
2014-01-29,-6.17545728
2014-01-30,-3.72432384
2014-01-31,-5.64655104
2014-02-01,-6.44709888
2014-02-02,-3.72542976
2014-02-03,-2.62987776
2014-02-04,-3.29992704
2014-02-05,-3.7552896
2014-02-06,-2.8187136
2014-02-07,-2.56172544
2014-02-08,-5.31643392
2014-02-09,-7.10636544
2014-02-10,-7.02134784
2014-02-11,-5.60397312
2014-02-12,-8.17108992
2014-02-13,-9.38082816
2014-02-14,-6.71791104
2014-02-15,-4.83176448
2014-02-16,-3.08662272
2014-02-17,-1.6167168
2014-02-18,-0.926519579
2014-02-19,-0.974528078
2014-02-20,-2.19124224
2014-02-21,-2.54942208
2014-02-22,-2.37067776
2014-02-23,-1.82601216
2014-02-24,-0.912912298
2014-02-25,-2.34786816
2014-02-26,-2.67577344
2014-02-27,-6.46659072
2014-02-28,-7.89778944
2014-03-01,-4.41842688
2014-03-02,-3.9149568
2014-03-03,-5.1971328
2014-03-04,-4.8384
2014-03-05,-3.00920832
2014-03-06,-1.50418944
2014-03-07,-0.752039355
2014-03-08,-0.375998465
2014-03-09,-0.187993931
2014-03-10,-0.093995636
2014-03-11,-0.046997486
2014-03-12,-0.02349866
2014-03-13,-0.011749309
2014-03-14,0
2014-03-15,0
2014-03-16,0
2014-03-17,0
2014-03-18,0
2014-03-19,0
2014-03-20,0.00E+00
2014-03-21,-0.183347823
2014-03-22,-0.615721084
2014-03-23,-0.608451181
2014-03-24,-0.682484023
2014-03-25,-1.71182592
2014-03-26,-1.70574336
2014-03-27,-1.003884351
2014-03-28,-0.621932719
2014-03-29,-0.310951844
2014-03-30,-0.155472293
2014-03-31,-0.077735238
2014-04-01,-0.038867393
2014-04-02,-0.432226575
2014-04-03,-2.26215936
2014-04-04,-2.49537024
2014-04-05,-1.247471069
2014-04-06,-0.62367717
2014-04-07,-0.311823987
2014-04-08,-0.155908344
2014-04-09,-0.07795326
2014-04-10,-0.038976402
2014-04-11,-0.019488143
2014-04-12,0
2014-04-13,0
2014-04-14,0
2014-04-15,0
2014-04-16,0
2014-04-17,0
2014-04-18,0
2014-04-19,0.00E+00
2014-04-20,0.00E+00
2014-04-21,0.00E+00
2014-04-22,0
2014-04-23,0
2014-04-24,-0.035377327
2014-04-25,-0.045788592
2014-04-26,-0.117822628
2014-04-27,-0.55021042
2014-04-28,-0.758927785
2014-04-29,-0.693339775
2014-04-30,-0.499147467
2014-05-01,-0.434725623
2014-05-02,-0.364435006
2014-05-03,-0.182212527
2014-05-04,-0.091105014
2014-05-05,-0.045552195
2014-05-06,-0.022776019
2014-05-07,-0.01138799
2014-05-08,0
2014-05-09,0
2014-05-10,-0.03879203
2014-05-11,-0.049079526
2014-05-12,-0.090188822
2014-05-13,-0.097242109
2014-05-14,-0.048620699
2014-05-15,-0.02431026
2014-05-16,-0.012155108
2014-05-17,0
2014-05-18,0
2014-05-19,-1.70698752
2014-05-20,-2.9251584
2014-05-21,-5.74262784
2014-05-22,-6.22881792
2014-05-23,-4.56869376
2014-05-24,-3.17965824
2014-05-25,-2.11341312
2014-05-26,-1.47267072
2014-05-27,-0.73625243
2014-05-28,-0.368105873
2014-05-29,-0.184047856
2014-05-30,-0.092022655
2014-05-31,-0.046011009
2014-06-01,-0.023005425
2014-06-02,-0.011502692
2014-06-03,-0.438460273
2014-06-04,-0.562929509
2014-06-05,-0.281452866
2014-06-06,-0.140723454
2014-06-07,-0.070360985
2014-06-08,-0.117517296
2014-06-09,-0.207265872
2014-06-10,-0.16964423
2014-06-11,-0.084821032
2014-06-12,-0.042410246
2014-06-13,-0.021205055
2014-06-14,-0.01060251
2014-06-15,0
2014-06-16,0
2014-06-17,0
2014-06-18,0
2014-06-19,0
2014-06-20,0
2014-06-21,0.00E+00
2014-06-22,-0.04727996
2014-06-23,-0.073647495
2014-06-24,-0.046740072
2014-06-25,-0.023369954
2014-06-26,-0.011684956
2014-06-27,0
2014-06-28,-0.189811372
2014-06-29,-0.243357544
2014-06-30,-0.121676548
2014-07-01,-0.060837718
2014-07-02,-0.030418719
2014-07-03,-0.015209325
2014-07-04,-0.035835247
2014-07-05,-0.133890273
2014-07-06,-0.578075471
2014-07-07,-0.635998003
2014-07-08,-0.350395297
2014-07-09,-0.200938863
2014-07-10,-0.100467915
2014-07-11,-0.050233578
2014-07-12,-0.025116694
2014-07-13,-0.415063208
2014-07-14,-0.527241222
2014-07-15,-0.263610188
2014-07-16,-0.131802483
2014-07-17,-0.065900589
2014-07-18,-0.140047709
2014-07-19,-0.15509505
2014-07-20,-0.198454469
2014-07-21,-0.195267525
2014-07-22,-0.097632332
2014-07-23,-0.048815808
2014-07-24,-0.024407813
2014-07-25,-0.012203884
2014-07-26,0
2014-07-27,-0.020859426
2014-07-28,-0.024575814
2014-07-29,-0.012287884
2014-07-30,0
2014-07-31,0
2014-08-01,0
2014-08-02,-0.210243686
2014-08-03,-0.271513493
2014-08-04,-0.135753976
2014-08-05,-0.067876296
2014-08-06,-0.509006578
2014-08-07,-0.631845163
2014-08-08,-1.5399936
2014-08-09,-1.74210048
2014-08-10,-0.870944887
2014-08-11,-0.435443987
2014-08-12,-1.66745088
2014-08-13,-1.9851264
2014-08-14,-1.206262942
2014-08-15,-0.772942805
2014-08-16,-0.386448994
2014-08-17,-0.193218891
2014-08-18,-0.096608044
2014-08-19,-0.048303672
2014-08-20,-0.024151747
2014-08-21,-0.012075852
2014-08-22,0
2014-08-23,0
2014-08-24,0
2014-08-25,-0.52754235
2014-08-26,-0.682191217
2014-08-27,-0.341078142
2014-08-28,-0.170534703
2014-08-29,-0.085266262
2014-08-30,-0.042632857
2014-08-31,-0.021316361
2014-09-01,-0.010658163
2014-09-02,0
2014-09-03,0
2014-09-04,0
2014-09-05,0
2014-09-06,0
2014-09-07,0
2014-09-08,-0.011936937
2014-09-09,-0.01538441
2014-09-10,0
2014-09-11,0
2014-09-12,0
2014-09-13,0
2014-09-14,0
2014-09-15,0
2014-09-16,0
2014-09-17,-0.013637129
2014-09-18,-0.025843184
2014-09-19,-0.019466787
2014-09-20,0
2014-09-21,0
2014-09-22,0
2014-09-23,0
2014-09-24,0
2014-09-25,0
2014-09-26,0
2014-09-27,0.00E+00
2014-09-28,0.00E+00
2014-09-29,0
2014-09-30,0
2014-10-01,0
2014-10-02,0.00E+00
2014-10-03,0.00E+00
2014-10-04,-0.014800355
2014-10-05,-0.019140069
2014-10-06,-0.294953951
2014-10-07,-0.554394503
2014-10-08,-1.669248
2014-10-09,-1.82642688
2014-10-10,-1.305974859
2014-10-11,-0.97681389
2014-10-12,-0.497756248
2014-10-13,-0.248868827
2014-10-14,-0.12443209
2014-10-15,-0.10810087
2014-10-16,-1.284390937
2014-10-17,-1.59031296
2014-10-18,-0.795095779
2014-10-19,-0.397524174
2014-10-20,-0.198756164
2014-10-21,-0.099376596
2014-10-22,-0.049687927
2014-10-23,-0.024843871
2014-10-24,-0.012421912
2014-10-25,-0.021230685
2014-10-26,-0.022546227
2014-10-27,-0.011273094
2014-10-28,0
2014-10-29,0
2014-10-30,0
2014-10-31,0
2014-11-01,0
2014-11-02,-0.7488844
2014-11-03,-3.3426432
2014-11-04,-3.55580928
2014-11-05,-1.77735168
2014-11-06,-1.064210075
2014-11-07,-1.014880417
2014-11-08,-2.14562304
2014-11-09,-2.1572352
2014-11-10,-1.078432206
2014-11-11,-0.929154669
2014-11-12,-0.920885857
2014-11-13,-0.861673614
2014-11-14,-1.193041599
2014-11-15,-2.42555904
2014-11-16,-2.54693376
2014-11-17,-2.97865728
2014-11-18,-2.70480384
2014-11-19,-1.352095041
2014-11-20,-0.675978947
2014-11-21,-0.337972332
2014-11-22,-0.16898188
2014-11-23,-0.084489866
2014-11-24,-0.119522269
2014-11-25,-0.206177606
2014-11-26,-0.170631692
2014-11-27,-0.08531475
2014-11-28,-0.042657101
2014-11-29,-0.021328481
2014-11-30,-0.010664224
2014-12-01,0
2014-12-02,0
2014-12-03,-0.015642374
2014-12-04,-0.019187788
2014-12-05,-0.045628607
2014-12-06,-0.051438287
2014-12-07,-0.200098156
2014-12-08,-0.441991807
2014-12-09,-0.382578094
2014-12-10,-0.853780262
2014-12-11,-0.996857142
2014-12-12,-0.94793366
2014-12-13,-0.990816717
2014-12-14,-0.644251816
2014-12-15,-0.819871483
2014-12-16,-1.01122777
2014-12-17,-0.913948697
2014-12-18,-0.851143486
2014-12-19,-1.45165824
2014-12-20,-1.41474816
2014-12-21,-0.70731313
2014-12-22,-0.353637799
2014-12-23,-0.176814199
2014-12-24,-0.707986041
2014-12-25,-0.846104791
2014-12-26,-1.179028597
2014-12-27,-1.189941055
2014-12-28,-0.594917416
2014-12-29,-0.297445423
2014-12-30,-0.148719394
2014-12-31,-0.074358866
2015-01-01,-0.037179225
2015-01-02,-0.531761242
2015-01-03,-1.38599424
2015-01-04,-1.25886998
2015-01-05,-0.629375547
2015-01-06,-0.651982999
2015-01-07,-0.656635756
2015-01-08,-0.778159858
2015-01-09,-1.42013952
2015-01-10,-2.79880704
2015-01-11,-2.60817408
2015-01-12,-1.303820361
2015-01-13,-3.22265088
2015-01-14,-4.05402624
2015-01-15,-4.90364928
2015-01-16,-4.62606336
2015-01-17,-2.42625024
2015-01-18,-1.48870656
2015-01-19,-1.090324772
2015-01-20,-0.646017085
2015-01-21,-0.331747398
2015-01-22,-0.172823667
2015-01-23,-0.086410712
2015-01-24,-0.41923225
2015-01-25,-0.508294615
2015-01-26,-0.7049855
2015-01-27,-0.710586529
2015-01-28,-1.04357694
2015-01-29,-4.38580224
2015-01-30,-4.95742464
2015-01-31,-2.58190848
2015-02-01,-1.290676143
2015-02-02,-0.64527558
2015-02-03,-0.322622176
2015-02-04,-0.161307183
2015-02-05,-0.080652613
2015-02-06,-0.040326061
2015-02-07,-0.020162969
2015-02-08,-0.010081469
2015-02-09,0
2015-02-10,0
2015-02-11,0
2015-02-12,0
2015-02-13,-1.97835264
2015-02-14,-2.99068416
2015-02-15,-1.8372096
2015-02-16,-2.76466176
2015-02-17,-2.84829696
2015-02-18,-1.423872
2015-02-19,-0.711843158
2015-02-20,-3.02220288
2015-02-21,-3.62824704
2015-02-22,-3.010176
2015-02-23,-3.37222656
2015-02-24,-2.41408512
2015-02-25,-2.18709504
2015-02-26,-2.61425664
2015-02-27,-1.89651456
2015-02-28,-2.42970624
2015-03-01,-2.9196288
2015-03-02,-1.87909632
2015-03-03,-1.064010595
2015-03-04,-0.630915651
2015-03-05,-0.315442889
2015-03-06,-0.157717712
2015-03-07,-0.07885792
2015-03-08,-0.039428726
2015-03-09,-0.019714304
2015-03-10,0
2015-03-11,0
2015-03-12,0
2015-03-13,-0.246370803
2015-03-14,-0.317903934
2015-03-15,-0.158948172
2015-03-16,-0.079473138
2015-03-17,-0.039736332
2015-03-18,-0.019868106
2015-03-19,0
2015-03-20,-0.394568423
2015-03-21,-0.506745483
2015-03-22,-0.253363106
2015-03-23,-0.126679142
2015-03-24,-0.934310951
2015-03-25,-1.158915147
2015-03-26,-0.820259523
2015-03-27,-0.918882552
2015-03-28,-0.711575885
2015-03-29,-0.88392449
2015-03-30,-0.924674918
2015-03-31,-0.512529099
2015-04-01,-0.2562547
2015-04-02,-0.128124882
2015-04-03,-0.073172786
2015-04-04,-0.043823468
2015-04-05,-0.021911662
2015-04-06,-0.010955813
2015-04-07,0
2015-04-08,0
2015-04-09,0
2015-04-10,0
2015-04-11,0
2015-04-12,0
2015-04-13,0.00E+00
2015-04-14,0.00E+00
2015-04-15,0.00E+00
2015-04-16,-0.055288429
2015-04-17,-0.071553693
2015-04-18,-0.035776654
2015-04-19,-0.017888278
2015-04-20,0
2015-04-21,0
2015-04-22,0
2015-04-23,0
2015-04-24,0
2015-04-25,-0.0311054
2015-04-26,-0.07200674
2015-04-27,-0.061396537
2015-04-28,-0.030698126
2015-04-29,-0.015349028
2015-04-30,-2.49896448
2015-05-01,-4.74453504
2015-05-02,-7.93829376
2015-05-03,-7.7836032
2015-05-04,-4.43971584
2015-05-05,-2.43316224
2015-05-06,-1.216376511
2015-05-07,-0.608132759
2015-05-08,-0.49671678
2015-05-09,-0.401388051
2015-05-10,-0.200687985
2015-05-11,-0.100342479
2015-05-12,-0.050170861
2015-05-13,-0.025085336
2015-05-14,-0.485017044
2015-05-15,-0.617790938
2015-05-16,-0.308881147
2015-05-17,-0.154436986
2015-05-18,-0.0772176
2015-05-19,-0.038608575
2015-05-20,-0.019304232
2015-05-21,0
2015-05-22,0
2015-05-23,0
2015-05-24,0
2015-05-25,0
2015-05-26,0
2015-05-27,0
2015-05-28,0.00E+00
2015-05-29,0.00E+00
2015-05-30,0.00E+00
2015-05-31,-0.025408093
2015-06-01,-0.032879393
2015-06-02,-0.016439656
2015-06-03,0
2015-06-04,0
2015-06-05,0
2015-06-06,0
2015-06-07,0
2015-06-08,0
2015-06-09,0
2015-06-10,0
2015-06-11,-0.168382333
2015-06-12,-0.305138659
2015-06-13,-0.511290331
2015-06-14,-1.244453014
2015-06-15,-1.230043954
2015-06-16,-0.61496523
2015-06-17,-0.307468418
2015-06-18,-0.153730663
2015-06-19,-0.076864444
2015-06-20,-0.038432
2015-06-21,-0.019215945
2015-06-22,0
2015-06-23,0
2015-06-24,0
2015-06-25,0
2015-06-26,0
2015-06-27,0
2015-06-28,0
2015-06-29,0.00E+00
2015-06-30,0.00E+00
2015-07-01,0.00E+00
2015-07-02,0
2015-07-03,0
2015-07-04,0
2015-07-05,0
2015-07-06,0
2015-07-07,0
2015-07-08,0
2015-07-09,0
2015-07-10,0
2015-07-11,0
2015-07-12,0
2015-07-13,0
2015-07-14,0
2015-07-15,0
2015-07-16,0
2015-07-17,0
2015-07-18,0
2015-07-19,0
2015-07-20,0
2015-07-21,0
2015-07-22,0
2015-07-23,0
2015-07-24,0
2015-07-25,0
2015-07-26,0
2015-07-27,0
2015-07-28,0
2015-07-29,0
2015-07-30,0
2015-07-31,0
2015-08-01,0
2015-08-02,0
2015-08-03,0
2015-08-04,0
2015-08-05,0.00E+00
2015-08-06,0.00E+00
2015-08-07,0.00E+00
2015-08-08,-0.242167947
2015-08-09,-0.313437662
2015-08-10,-0.156715154
2015-08-11,-0.078356651
2015-08-12,-0.359935792
2015-08-13,-0.493908503
2015-08-14,-0.557645755
2015-08-15,-0.488280158
2015-08-16,-0.244131135
2015-08-17,-0.122063328
2015-08-18,-0.061031103
2015-08-19,-0.030515411
2015-08-20,-0.01525767
2015-08-21,0
2015-08-22,-0.693079566
2015-08-23,-1.48013568
2015-08-24,-1.205606509
2015-08-25,-0.60274874
2015-08-26,-0.301360739
2015-08-27,-0.240164642
2015-08-28,-0.191163815
2015-08-29,-0.095580535
2015-08-30,-0.047789925
2015-08-31,-1.49589504
2015-09-01,-1.91697408
2015-09-02,-0.958315761
2015-09-03,-0.479123431
2015-09-04,-0.239553096
2015-09-05,-0.119774397
2015-09-06,-0.059886659
2015-09-07,-0.029943195
2015-09-08,-0.014971563
2015-09-09,0
2015-09-10,0
2015-09-11,-0.194317001
2015-09-12,-1.204501446
2015-09-13,-2.72208384
2015-09-14,-3.65769216
2015-09-15,-3.76800768
2015-09-16,-7.3073664
2015-09-17,-7.64066304
2015-09-18,-4.83024384
2015-09-19,-3.03049728
2015-09-20,-1.51497216
2015-09-21,-0.757381294
2015-09-22,-0.497087194
2015-09-23,-0.342597897
2015-09-24,-0.171294553
2015-09-25,-0.08564617
2015-09-26,-0.042822809
2015-09-27,-0.021411336
2015-09-28,-0.01070565
2015-09-29,0
2015-09-30,0
2015-10-01,0
2015-10-02,-0.062007793
2015-10-03,-0.079727809
2015-10-04,-0.234164639
2015-10-05,-1.43990784
2015-10-06,-1.88199936
2015-10-07,-1.126880115
2015-10-08,-0.563392434
2015-10-09,-0.281684307
2015-10-10,-0.140839175
2015-10-11,-0.070418842
2015-10-12,-0.035209234
2015-10-13,-0.017604571
2015-10-14,0
2015-10-15,0
2015-10-16,0
2015-10-17,0
2015-10-18,0
2015-10-19,0
2015-10-20,0
2015-10-21,0.00E+00
2015-10-22,0.00E+00
2015-10-23,0.00E+00
2015-10-24,0
2015-10-25,0
2015-10-26,0
2015-10-27,-0.255455535
2015-10-28,-0.330640054
2015-10-29,-0.165315921
2015-10-30,-0.082656936
2015-10-31,-0.041328211
2015-11-01,-0.020664041
2015-11-02,-0.010332004
2015-11-03,-0.168148542
2015-11-04,-0.213536121
2015-11-05,-0.20970737
2015-11-06,-0.186622175
2015-11-07,-0.093309777
2015-11-08,-0.046654561
2015-11-09,-0.023327198
2015-11-10,-0.011663579
2015-11-11,0
2015-11-12,0
2015-11-13,0
2015-11-14,0
2015-11-15,0
2015-11-16,-0.013992505
2015-11-17,-0.48933739
2015-11-18,-0.843641492
2015-11-19,-0.871348963
2015-11-20,-2.4592896
2015-11-21,-2.66554368
2015-11-22,-1.332516815
2015-11-23,-0.666191803
2015-11-24,-0.589679848
2015-11-25,-0.659291485
2015-11-26,-0.457231039
2015-11-27,-0.499635358
2015-11-28,-0.556621314
2015-11-29,-0.456515482
2015-11-30,-0.312061552
2015-12-01,-0.15602712
2015-12-02,-0.078012647
2015-12-03,-0.039006094
2015-12-04,-0.01950299
2015-12-05,0
2015-12-06,0
2015-12-07,0
2015-12-08,-0.126542645
2015-12-09,-0.162820261
2015-12-10,-0.081409138
2015-12-11,-0.040704319
2015-12-12,-0.020352096
2015-12-13,-0.010176033
2015-12-14,0
2015-12-15,-0.381316239
2015-12-16,-0.491518333
2015-12-17,-0.245750105
2015-12-18,-0.122872783
2015-12-19,-0.061435823
2015-12-20,-0.06063495
2015-12-21,-0.054081954
2015-12-22,-0.08566831
2015-12-23,-0.123512777
2015-12-24,-0.097049194
2015-12-25,-0.055037441
2015-12-26,-0.027518607
2015-12-27,-0.013759275
2015-12-28,-0.409803881
2015-12-29,-0.524944848
2015-12-30,-0.356302444
2015-12-31,-0.252687458
2016-01-01,-0.145281835
2016-01-02,-0.41135434
2016-01-03,-3.61746432
2016-01-04,-5.4335232
2016-01-05,-5.45135616
2016-01-06,-9.72407808
2016-01-07,-9.7231104
2016-01-08,-5.45052672
2016-01-09,-4.3034112
2016-01-10,-6.24941568
2016-01-11,-7.05535488
2016-01-12,-5.27302656
2016-01-13,-3.05773056
2016-01-14,-1.54566144
2016-01-15,-0.772712152
2016-01-16,-0.386333674
2016-01-17,-0.217352734
2016-01-18,-0.911427905
2016-01-19,-1.078032637
2016-01-20,-0.538972725
2016-01-21,-0.269475462
2016-01-22,-2.05410816
2016-01-23,-2.5512192
2016-01-24,-1.275376375
2016-01-25,-0.637627175
2016-01-26,-0.318798333
2016-01-27,-0.159395351
2016-01-28,-1.32415035
2016-01-29,-1.65044736
2016-01-30,-5.79184128
2016-01-31,-7.33307904
2016-02-01,-4.05789696
2016-02-02,-2.77737984
2016-02-03,-1.98346752
2016-02-04,-1.092967313
2016-02-05,-0.626993354
2016-02-06,-2.10567168
2016-02-07,-3.908736
2016-02-08,-6.11076096
2016-02-09,-8.21062656
2016-02-10,-6.61934592
2016-02-11,-7.52661504
2016-02-12,-9.41359104
2016-02-13,-10.55642112
2016-02-14,-8.33960448
2016-02-15,-4.1672448
2016-02-16,-2.08300032
2016-02-17,-1.265599559
2016-02-18,-1.375765724
2016-02-19,-1.23237869
2016-02-20,-1.232124259
2016-02-21,-1.123668108
2016-02-22,-1.249792727
2016-02-23,-4.0303872
2016-02-24,-8.15090688
2016-02-25,-7.11092736
2016-02-26,-3.55359744
2016-02-27,-1.776384
2016-02-28,-0.888040655
2016-02-29,-0.443990744
2016-03-01,-2.19608064
2016-03-02,-2.66568192
2016-03-03,-3.53700864
2016-03-04,-5.63493888
2016-03-05,-4.49680896
2016-03-06,-2.24764416
2016-03-07,-1.12364375
2016-03-08,-2.62877184
2016-03-09,-4.82582016
2016-03-10,-3.89740032
2016-03-11,-1.94807808
2016-03-12,-0.973914251
2016-03-13,-0.486921549
2016-03-14,-0.243451879
2016-03-15,-0.121723714
2016-03-16,-0.0608613
2016-03-17,-0.03043051
2016-03-18,-0.01521522
2016-03-19,0
2016-03-20,0
2016-03-21,0
2016-03-22,0
2016-03-23,0
2016-03-24,0
2016-03-25,-0.093383579
2016-03-26,-0.816966467
2016-03-27,-1.53349632
2016-03-28,-1.332270278
2016-03-29,-1.12259144
2016-03-30,-1.71320832
2016-03-31,-3.10307328
2016-04-01,-2.7931392
2016-04-02,-1.396224
2016-04-03,-0.793856844
2016-04-04,-0.472989086
2016-04-05,-0.236486145
2016-04-06,-0.118240975
2016-04-07,-0.127947838
2016-04-08,-0.253498001
2016-04-09,-0.665211267
2016-04-10,-1.266567059
2016-04-11,-1.102931168
2016-04-12,-0.551419951
2016-04-13,-0.406268822
2016-04-14,-0.917015151
2016-04-15,-1.369472321
2016-04-16,-1.39580928
2016-04-17,-0.993626998
2016-04-18,-0.496776458
2016-04-19,-0.248378974
2016-04-20,-0.12418717
2016-04-21,-0.69937702
2016-04-22,-0.855862184
2016-04-23,-0.427903617
2016-04-24,-0.213944938
2016-04-25,-0.106970751
2016-04-26,-0.053484945
2016-04-27,-0.026742365
2016-04-28,-0.013371155
2016-04-29,-0.038415068
2016-04-30,-0.06619214
2016-05-01,-0.050397131
2016-05-02,-0.02519847
2016-05-03,-0.012599211
2016-05-04,0
2016-05-05,0
2016-05-06,0
2016-05-07,0
2016-05-08,0
2016-05-09,-0.391269533
2016-05-10,-0.506264754
2016-05-11,-0.47068804
2016-05-12,-0.582293491
2016-05-13,-0.440609725
2016-05-14,-0.229155679
2016-05-15,-0.114575867
2016-05-16,-0.05728744
2016-05-17,-0.028643596
2016-05-18,-0.155293687
2016-05-19,-0.189625273
2016-05-20,-0.094811283
2016-05-21,-0.280450737
2016-05-22,-0.859852897
2016-05-23,-0.854464868
2016-05-24,-0.427205049
2016-05-25,-0.213595675
2016-05-26,-0.106796123
2016-05-27,-0.053397633
2016-05-28,-0.283899963
2016-05-29,-1.506816
2016-05-30,-2.32409088
2016-05-31,-1.75094784
2016-06-01,-0.933799989
2016-06-02,-0.46686728
2016-06-03,-0.23342547
2016-06-04,-0.116710686
2016-06-05,-0.058354831
2016-06-06,-0.029177287
2016-06-07,-0.014588611
2016-06-08,0
2016-06-09,0
2016-06-10,-0.505471823
2016-06-11,-0.652778031
2016-06-12,-0.419605056
2016-06-13,-0.451468229
2016-06-14,-0.672242278
2016-06-15,-0.720042504
2016-06-16,-0.935603938
2016-06-17,-1.58976
2016-06-18,-1.39041792
2016-06-19,-0.695123514
2016-06-20,-0.347543627
2016-06-21,-0.173767279
2016-06-22,-0.086882507
2016-06-23,-0.04344097
2016-06-24,-0.021720414
2016-06-25,-0.010860189
2016-06-26,0
2016-06-27,0
2016-06-28,-0.037623057
2016-06-29,-0.047618883
2016-06-30,-0.023809356
2016-07-01,-0.011904656
2016-07-02,0
2016-07-03,0
2016-07-04,0
2016-07-05,0
2016-07-06,0
2016-07-07,0
2016-07-08,0.00E+00
2016-07-09,0.00E+00
2016-07-10,0.00E+00
2016-07-11,0.00E+00
2016-07-12,0
2016-07-13,0
2016-07-14,0
2016-07-15,0
2016-07-16,0
2016-07-17,0
2016-07-18,0
2016-07-19,0
2016-07-20,0
2016-07-21,0
2016-07-22,0
2016-07-23,0
2016-07-24,0
2016-07-25,0
2016-07-26,0
2016-07-27,0
2016-07-28,0
2016-07-29,0
2016-07-30,0
2016-07-31,0
2016-08-01,0
2016-08-02,0
2016-08-03,0.00E+00
2016-08-04,0
2016-08-05,-0.011043535
2016-08-06,0
2016-08-07,0
2016-08-08,0
2016-08-09,0
2016-08-10,0
2016-08-11,0
2016-08-12,0.00E+00
2016-08-13,0.00E+00
2016-08-14,0.00E+00
2016-08-15,0.00E+00
2016-08-16,0
2016-08-17,0
2016-08-18,0
2016-08-19,0
2016-08-20,0
2016-08-21,0
2016-08-22,0.00E+00
2016-08-23,0.00E+00
2016-08-24,0.00E+00
2016-08-25,0
2016-08-26,0
2016-08-27,0
2016-08-28,0
2016-08-29,0
2016-08-30,0
2016-08-31,0
2016-09-01,0
2016-09-02,0
2016-09-03,0
2016-09-04,0
2016-09-05,0
2016-09-06,0
2016-09-07,0
2016-09-08,0
2016-09-09,0
2016-09-10,0
2016-09-11,0
2016-09-12,0
2016-09-13,-0.065390733
2016-09-14,-0.086182901
2016-09-15,-0.044318392
2016-09-16,-0.100787867
2016-09-17,-0.112851733
2016-09-18,-0.056425388
2016-09-19,-0.028212574
2016-09-20,-0.014106257
2016-09-21,0
2016-09-22,0
2016-09-23,0
2016-09-24,0
2016-09-25,0
2016-09-26,0
2016-09-27,0
2016-09-28,0.00E+00
2016-09-29,0.00E+00
2016-09-30,0
2016-10-01,0
2016-10-02,0
2016-10-03,0
2016-10-04,0
2016-10-05,0.00E+00
2016-10-06,0.00E+00
2016-10-07,0.00E+00
2016-10-08,0.00E+00
2016-10-09,0
2016-10-10,0
2016-10-11,0
2016-10-12,0
2016-10-13,0
2016-10-14,0
2016-10-15,0
2016-10-16,0
2016-10-17,0
2016-10-18,0
2016-10-19,0
2016-10-20,0
2016-10-21,0
2016-10-22,0.00E+00
2016-10-23,-0.015788204
2016-10-24,-0.020974041
2016-10-25,-0.010937458
2016-10-26,0
2016-10-27,0
2016-10-28,0
2016-10-29,0
2016-10-30,0
2016-10-31,0
2016-11-01,0.00E+00
2016-11-02,0.00E+00
2016-11-03,0.00E+00
2016-11-04,-0.190645042
2016-11-05,-0.246748488
2016-11-06,-0.123371959
2016-11-07,-0.061685407
2016-11-08,-0.458211479
2016-11-09,-0.568562845
2016-11-10,-0.362672792
2016-11-11,-0.24361044
2016-11-12,-0.385056903
2016-11-13,-0.401632363
2016-11-14,-0.200810134
2016-11-15,-0.100403549
2016-11-16,-0.186732574
2016-11-17,-1.037380608
2016-11-18,-1.84011264
2016-11-19,-1.6284672
2016-11-20,-1.4625792
2016-11-21,-1.222499244
2016-11-22,-1.38834432
2016-11-23,-1.65252096
2016-11-24,-1.354267538
2016-11-25,-0.975821576
2016-11-26,-0.592463601
2016-11-27,-0.296218626
2016-11-28,-0.148106023
2016-11-29,-0.074052186
2016-11-30,-0.037025886
2016-12-01,-0.018512892
2016-12-02,0
2016-12-03,0
2016-12-04,0
2016-12-05,0
2016-12-06,0
2016-12-07,0
2016-12-08,0
2016-12-09,0.00E+00
2016-12-10,0.00E+00
2016-12-11,0.00E+00
2016-12-12,0
2016-12-13,0
2016-12-14,0
2016-12-15,0
2016-12-16,0
2016-12-17,0
2016-12-18,0
2016-12-19,0
2016-12-20,0
2016-12-21,-1.074063864
2016-12-22,-2.0411136
2016-12-23,-1.69108992
2016-12-24,-1.086652869
2016-12-25,-0.738977624
2016-12-26,-0.463936564
2016-12-27,-0.243255633
2016-12-28,-0.121625595
2016-12-29,-0.060812242
2016-12-30,-0.030405982
2016-12-31,-0.015202956
2017-01-01,0
2017-01-02,0
2017-01-03,0
2017-01-04,0
2017-01-05,0
2017-01-06,0
2017-01-07,0
2017-01-08,0
2017-01-09,-0.809174306
2017-01-10,-1.039639781
2017-01-11,-0.550902491
2017-01-12,-1.120391101
2017-01-13,-1.211637685
2017-01-14,-0.605763782
2017-01-15,-1.139561506
2017-01-16,-1.234297475
2017-01-17,-0.617091596
2017-01-18,-0.308531511
2017-01-19,-0.154262182
2017-01-20,-0.077130197
2017-01-21,-0.038564875
2017-01-22,-0.019282382
2017-01-23,0
2017-01-24,0
2017-01-25,0
2017-01-26,0
2017-01-27,0
2017-01-28,-0.045867541
2017-01-29,-0.163637812
2017-01-30,-0.868564712
2017-01-31,-0.993220006
2017-02-01,-0.496572996
2017-02-02,-0.716895636
2017-02-03,-2.41132032
2017-02-04,-3.38840064
2017-02-05,-2.76369408
2017-02-06,-2.33791488
2017-02-07,-1.8793728
2017-02-08,-1.099218567
2017-02-09,-0.549563969
2017-02-10,-0.274770649
2017-02-11,-0.13738249
2017-02-12,-0.068690537
2017-02-13,-0.584148921
2017-02-14,-0.728772747
2017-02-15,-0.364366453
2017-02-16,-0.182178243
2017-02-17,-0.091087875
2017-02-18,-0.045543626
2017-02-19,-0.022771735
2017-02-20,-0.217787125
2017-02-21,-0.272843002
2017-02-22,-0.136418707
2017-02-23,-0.247520973
2017-02-24,-0.266192027
2017-02-25,-0.133093354
2017-02-26,-0.216091943
2017-02-27,-2.37662208
2017-02-28,-3.41604864
2017-03-01,-5.55890688
2017-03-02,-5.50803456
2017-03-03,-4.68965376
2017-03-04,-4.74467328
2017-03-05,-6.528384
2017-03-06,-6.1288704
2017-03-07,-4.61403648
2017-03-08,-3.57792768
2017-03-09,-1.87508736
2017-03-10,-0.937406864
2017-03-11,-0.468670469
2017-03-12,-1.43797248
2017-03-13,-1.67491584
2017-03-14,-0.837365368
2017-03-15,-0.418656384
2017-03-16,-0.209321612
2017-03-17,-0.104659162
2017-03-18,-0.052329169
2017-03-19,-0.026164482
2017-03-20,-0.853351663
2017-03-21,-2.06032896
2017-03-22,-3.55014144
2017-03-23,-3.78542592
2017-03-24,-2.38381056
2017-03-25,-1.191660333
2017-03-26,-0.595776895
2017-03-27,-0.297875128
2017-03-28,-0.148934233
2017-03-29,-0.074466285
2017-03-30,-0.037232934
2017-03-31,-0.086537166
2017-04-01,-0.23952531
2017-04-02,-0.232798234
2017-04-03,-0.116397081
2017-04-04,-0.058198031
2017-04-05,-0.029098888
2017-04-06,-0.014549412
2017-04-07,0
2017-04-08,0
2017-04-09,0
2017-04-10,0
2017-04-11,0
2017-04-12,0
2017-04-13,0
2017-04-14,0.00E+00
2017-04-15,0.00E+00
2017-04-16,0.00E+00
2017-04-17,0
2017-04-18,0
2017-04-19,0
2017-04-20,0
2017-04-21,0
2017-04-22,0
2017-04-23,0
2017-04-24,0
2017-04-25,-0.058098628
2017-04-26,-0.075199534
2017-04-27,-0.037599553
2017-04-28,-0.018799723
2017-04-29,0
2017-04-30,-0.212997552
2017-05-01,-0.432702024
2017-05-02,-0.344030893
2017-05-03,-0.172011009
2017-05-04,-0.086004392
2017-05-05,-0.288399578
2017-05-06,-0.339123069
2017-05-07,-0.169557221
2017-05-08,-0.084777528
2017-05-09,-0.042388494
2017-05-10,-0.021194179
2017-05-11,-0.058323813
2017-05-12,-0.067073306
2017-05-13,-0.033536483
2017-05-14,-0.0167682
2017-05-15,0
2017-05-16,0
2017-05-17,-0.049890462
2017-05-18,-0.593567558
2017-05-19,-0.867064919
2017-05-20,-0.551693003
2017-05-21,-0.275835083
2017-05-22,-0.137914684
2017-05-23,-0.068956628
2017-05-24,-0.034478134
2017-05-25,-0.017239023
2017-05-26,0
2017-05-27,0
2017-05-28,0
2017-05-29,-0.014656745
2017-05-30,-0.018115071
2017-05-31,0
2017-06-01,0
2017-06-02,0
2017-06-03,-0.039182538
2017-06-04,-0.049816374
2017-06-05,-0.089251539
2017-06-06,-0.095736301
2017-06-07,-0.047867806
2017-06-08,-0.063092771
2017-06-09,-0.062651999
2017-06-10,-0.031325852
2017-06-11,-0.015662889
2017-06-12,0
2017-06-13,0
2017-06-14,0
2017-06-15,0
2017-06-16,0
2017-06-17,0
2017-06-18,0
2017-06-19,0.00E+00
2017-06-20,0.00E+00
2017-06-21,0.00E+00
2017-06-22,0
2017-06-23,0
2017-06-24,0
2017-06-25,0
2017-06-26,0
2017-06-27,-0.040278321
2017-06-28,-0.151984595
2017-06-29,-0.975943655
2017-06-30,-1.264172092
2017-07-01,-0.730856798
2017-07-02,-0.365408354
2017-07-03,-0.182699173
2017-07-04,-0.09134833
2017-07-05,-0.045673852
2017-07-06,-0.022836847
2017-07-07,-0.011418404
2017-07-08,0
2017-07-09,-0.463087715
2017-07-10,-0.597104193
2017-07-11,-0.298538722
2017-07-12,-0.149266009
2017-07-13,-0.074632171
2017-07-14,-0.037315875
2017-07-15,-0.018657885
2017-07-16,0
2017-07-17,0
2017-07-18,0
2017-07-19,0
2017-07-20,0
2017-07-21,-0.01541705
2017-07-22,-0.019723451
2017-07-23,-0.030620013
2017-07-24,-0.031799285
2017-07-25,-0.015899604
2017-07-26,-0.036951374
2017-07-27,-0.041512961
2017-07-28,-0.020756415
2017-07-29,-0.010378191
2017-07-30,0
2017-07-31,0
2017-08-01,0
2017-08-02,0
2017-08-03,0
2017-08-04,0
2017-08-05,0.00E+00
2017-08-06,0.00E+00
2017-08-07,0.00E+00
2017-08-08,0.00E+00
2017-08-09,0
2017-08-10,-0.041556736
2017-08-11,-0.050855847
2017-08-12,-0.025427826
2017-08-13,-0.012713888
2017-08-14,0
2017-08-15,0
2017-08-16,0
2017-08-17,0
2017-08-18,-0.039887875
2017-08-19,-0.051313066
2017-08-20,-0.025656434
2017-08-21,-0.012828192
2017-08-22,0
2017-08-23,0
2017-08-24,0
2017-08-25,0
2017-08-26,0
2017-08-27,0
2017-08-28,0
2017-08-29,0.00E+00
2017-08-30,0
2017-08-31,0
2017-09-01,-0.02995996
2017-09-02,-0.036375242
2017-09-03,-0.031272853
2017-09-04,-0.026030663
2017-09-05,-0.013015306
2017-09-06,0
2017-09-07,0
2017-09-08,-0.217823068
2017-09-09,-0.305826237
2017-09-10,-0.172915182
2017-09-11,-0.086456468
2017-09-12,-0.108950545
2017-09-13,-0.421620098
2017-09-14,-0.460966326
2017-09-15,-0.230475193
2017-09-16,-0.202092268
2017-09-17,-0.230587085
2017-09-18,-0.16338793
2017-09-19,-0.081692964
2017-09-20,-0.04084623
2017-09-21,-0.020423052
2017-09-22,-0.01021151
2017-09-23,0
2017-09-24,0
2017-09-25,0
2017-09-26,0
2017-09-27,0
2017-09-28,0
2017-09-29,-0.066737858
2017-09-30,-0.08629227
2017-10-01,-0.155140103
2017-10-02,-0.191908127
2017-10-03,-0.116111173
2017-10-04,-0.05805508
2017-10-05,-0.029027413
2017-10-06,-0.014513675
2017-10-07,0
2017-10-08,-0.019837291
2017-10-09,-0.022794125
2017-10-10,-0.011397043
2017-10-11,0
2017-10-12,0
2017-10-13,0
2017-10-14,0
2017-10-15,0
2017-10-16,0
2017-10-17,0.00E+00
2017-10-18,-0.019369654
2017-10-19,-0.033910412
2017-10-20,-0.02400478
2017-10-21,-0.041747526
2017-10-22,-0.044501676
2017-10-23,-0.022250763
2017-10-24,-0.011125363
2017-10-25,0
2017-10-26,0
2017-10-27,0
2017-10-28,0
2017-10-29,0
2017-10-30,0
2017-10-31,0
2017-11-01,0
2017-11-02,0
2017-11-03,0
2017-11-04,0
2017-11-05,0
2017-11-06,0
2017-11-07,0
2017-11-08,-0.031124218
2017-11-09,-0.031714874
2017-11-10,-0.015996831
2017-11-11,-0.026192696
2017-11-12,-0.027548922
2017-11-13,-0.013774432
2017-11-14,0
2017-11-15,0
2017-11-16,0
2017-11-17,0
2017-11-18,0
2017-11-19,0
2017-11-20,0
2017-11-21,0.00E+00
2017-11-22,0.00E+00
2017-11-23,0.00E+00
2017-11-24,-0.11207158
2017-11-25,-0.145052951
2017-11-26,-0.072525688
2017-11-27,-0.047046948
2017-11-28,-0.214018979
2017-11-29,-0.25152027
2017-11-30,-0.150578196
2017-12-01,-0.095004261
2017-12-02,-0.047501791
2017-12-03,-0.02375081
2017-12-04,-0.011875384
2017-12-05,0
2017-12-06,0
2017-12-07,-0.554608968
2017-12-08,-0.716641786
2017-12-09,-0.861104646
2017-12-10,-3.08302848
2017-12-11,-3.33047808
2017-12-12,-1.6775424
2017-12-13,-1.91780352
2017-12-14,-2.75069952
2017-12-15,-2.21197824
2017-12-16,-1.195928437
2017-12-17,-0.68036609
2017-12-18,-0.438775129
2017-12-19,-0.255908395
2017-12-20,-0.127951738
2017-12-21,-0.063975253
2017-12-22,-0.205612868
2017-12-23,-0.240721556
2017-12-24,-0.120358599
2017-12-25,-0.060178756
2017-12-26,-2.93386752
2017-12-27,-3.7725696
2017-12-28,-1.94116608
2017-12-29,-4.06024704
2017-12-30,-4.44801024
2017-12-31,-2.47988736
2018-01-01,-4.43321856
2018-01-02,-5.87160576
2018-01-03,-6.03237888
2018-01-04,-7.44436224
2018-01-05,-7.52537088
2018-01-06,-7.42307328
2018-01-07,-6.75288576
2018-01-08,-4.28322816
2018-01-09,-3.1926528
2018-01-10,-3.3232896
2018-01-11,-2.36971008
2018-01-12,-1.184650956
2018-01-13,-0.624830409
2018-01-14,-0.338262304
2018-01-15,-2.6224128
2018-01-16,-4.85650944
2018-01-17,-3.69612288
2018-01-18,-3.49152768
2018-01-19,-5.19754752
2018-01-20,-8.67538944
2018-01-21,-8.23924224
2018-01-22,-4.7195136
2018-01-23,-3.13929216
2018-01-24,-3.21850368
2018-01-25,-7.09765632
2018-01-26,-7.1525376
2018-01-27,-3.57433344
2018-01-28,-1.79518464
2018-01-29,-0.96211143
2018-01-30,-0.527064399
2018-01-31,-3.04915968
2018-02-01,-3.73635072
2018-02-02,-1.8676224
2018-02-03,-1.7466624
2018-02-04,-1.56888576
2018-02-05,-0.823952466
2018-02-06,-0.411950762
2018-02-07,-0.205969015
2018-02-08,-0.102982914
2018-02-09,-0.734784224
2018-02-10,-1.77679872
2018-02-11,-1.7148672
2018-02-12,-0.967132639
2018-02-13,-1.38228656
2018-02-14,-4.80784896
2018-02-15,-5.34546432
2018-02-16,-5.38665984
2018-02-17,-5.1881472
2018-02-18,-3.81888
2018-02-19,-2.77696512
2018-02-20,-1.55063808
2018-02-21,-0.775232156
2018-02-22,-0.387593524
2018-02-23,-0.193791122
2018-02-24,-0.096894154
2018-02-25,-0.048446724
2018-02-26,-0.024223273
2018-02-27,-0.012111614
2018-02-28,-0.471960912
2018-03-01,-1.45594368
2018-03-02,-1.6284672
2018-03-03,-1.62819072
2018-03-04,-2.45016576
2018-03-05,-2.12378112
2018-03-06,-3.75819264
2018-03-07,-4.01988096
2018-03-08,-2.0093184
2018-03-09,-1.004499519
2018-03-10,-0.502211916
2018-03-11,-0.282559726
2018-03-12,-0.753260622
2018-03-13,-0.842855252
2018-03-14,-1.48760064
2018-03-15,-3.70732032
2018-03-16,-4.13047296
2018-03-17,-4.39796736
2018-03-18,-3.6751104
2018-03-19,-2.35118592
2018-03-20,-1.58381568
2018-03-21,-0.791801368
2018-03-22,-0.395877155
2018-03-23,-0.918238713
2018-03-24,-1.031217482
2018-03-25,-0.515568845
2018-03-26,-0.771317697
2018-03-27,-2.09461248
2018-03-28,-4.022784
2018-03-29,-4.77868032
2018-03-30,-4.35442176
2018-03-31,-3.52968192
2018-04-01,-2.21280768
2018-04-02,-1.106228165
2018-04-03,-2.13815808
2018-04-04,-3.33407232
2018-04-05,-2.46578688
2018-04-06,-1.232649806
2018-04-07,-1.94337792
2018-04-08,-2.02549248
2018-04-09,-1.46797056
2018-04-10,-1.78011648
2018-04-11,-1.43368704
2018-04-12,-3.5057664
2018-04-13,-4.68039168
2018-04-14,-2.9058048
2018-04-15,-1.45262592
2018-04-16,-0.726205188
2018-04-17,-0.363082812
2018-04-18,-0.181536464
2018-04-19,-0.090766991
2018-04-20,-0.045383186
2018-04-21,-0.022691515
2018-04-22,-0.011345738
2018-04-23,0
2018-04-24,0
2018-04-25,0
2018-04-26,0
2018-04-27,0
2018-04-28,0
2018-04-29,-0.272374963
2018-04-30,-0.35246909
2018-05-01,-0.176229886
2018-05-02,-0.120800004
2018-05-03,-0.086363622
2018-05-04,-0.043181531
2018-05-05,-0.021590695
2018-05-06,-0.01079533
2018-05-07,0
2018-05-08,-0.158327101
2018-05-09,-0.202783869
2018-05-10,-0.101390388
2018-05-11,-0.050694807
2018-05-12,-0.531608708
2018-05-13,-0.667920826
2018-05-14,-0.358003059
2018-05-15,-0.198108136
2018-05-16,-0.099052592
2018-05-17,-0.049525927
2018-05-18,-0.02476287
2018-05-19,-0.012381412
2018-05-20,0
2018-05-21,0
2018-05-22,0
2018-05-23,0
2018-05-24,0
2018-05-25,-0.123174509
2018-05-26,-0.393866316
2018-05-27,-0.413879584
2018-05-28,-0.450037693
2018-05-29,-0.517777436
2018-05-30,-0.353385013
2018-05-31,-0.272710831
2018-06-01,-0.212627483
2018-06-02,-0.106312043
2018-06-03,-0.115235755
2018-06-04,-0.261477656
2018-06-05,-0.462524664
2018-06-06,-0.517972299
2018-06-07,-0.354838413
2018-06-08,-0.177414479
2018-06-09,-1.50460416
2018-06-10,-3.78210816
2018-06-11,-3.69902592
2018-06-12,-2.20672512
2018-06-13,-1.201050824
2018-06-14,-2.40938496
2018-06-15,-2.6873856
2018-06-16,-1.380137882
2018-06-17,-0.689997506
2018-06-18,-0.344980892
2018-06-19,-0.172485974
2018-06-20,-0.086241871
2018-06-21,-0.043120656
2018-06-22,-0.021560257
2018-06-23,-0.010780111
2018-06-24,0
2018-06-25,0
2018-06-26,0
2018-06-27,0
2018-06-28,0
2018-06-29,0
2018-06-30,0.00E+00
2018-07-01,-0.074580642
2018-07-02,-0.096499311
2018-07-03,-0.048249306
2018-07-04,-0.070688594
2018-07-05,-0.07818018
2018-07-06,-0.043735322
2018-07-07,-0.021867588
2018-07-08,-0.010933776
2018-07-09,0
2018-07-10,0
2018-07-11,0
2018-07-12,0
2018-07-13,0
2018-07-14,0
2018-07-15,0.00E+00
2018-07-16,0.00E+00
2018-07-17,0.00E+00
2018-07-18,0.00E+00
2018-07-19,-0.018762057
2018-07-20,-0.024280381
2018-07-21,-0.012140168
2018-07-22,0
2018-07-23,0
2018-07-24,0
2018-07-25,0
2018-07-26,0
2018-07-27,0
2018-07-28,0.00E+00
2018-07-29,0.00E+00
2018-07-30,0.00E+00
2018-07-31,0.00E+00
2018-08-01,0
2018-08-02,0
2018-08-03,0
2018-08-04,0
2018-08-05,0
2018-08-06,0
2018-08-07,0
2018-08-08,0
2018-08-09,0
2018-08-10,0
2018-08-11,0
2018-08-12,0
2018-08-13,0
2018-08-14,0
2018-08-15,0
2018-08-16,0
2018-08-17,0
2018-08-18,0.00E+00
2018-08-19,0.00E+00
2018-08-20,0.00E+00
2018-08-21,0
2018-08-22,0
2018-08-23,0
2018-08-24,0
2018-08-25,0
2018-08-26,0
2018-08-27,0
2018-08-28,0
2018-08-29,0
2018-08-30,0
2018-08-31,0
2018-09-01,0
2018-09-02,0
2018-09-03,0.00E+00
2018-09-04,0.00E+00
2018-09-05,0.00E+00
2018-09-06,0.00E+00
2018-09-07,0
2018-09-08,0
2018-09-09,0
2018-09-10,0
2018-09-11,0
2018-09-12,0
2018-09-13,0
2018-09-14,0
2018-09-15,0
2018-09-16,0
2018-09-17,0
2018-09-18,0
2018-09-19,0
2018-09-20,0
2018-09-21,0
2018-09-22,0
2018-09-23,0
2018-09-24,0
2018-09-25,0
2018-09-26,0
2018-09-27,0
2018-09-28,0.00E+00
2018-09-29,0.00E+00
2018-09-30,0.00E+00
2018-10-01,0
2018-10-02,0
2018-10-03,0
2018-10-04,0
2018-10-05,0
2018-10-06,-0.013969359
2018-10-07,-0.029752674
2018-10-08,-0.02414751
2018-10-09,-0.012073733
2018-10-10,-0.013617855
2018-10-11,-0.035461294
2018-10-12,-0.03570702
2018-10-13,-0.017853462
2018-10-14,-0.286714239
2018-10-15,-0.447139533
2018-10-16,-0.289596778
2018-10-17,-0.144795244
2018-10-18,-0.072396831
2018-10-19,-0.036198219
2018-10-20,-0.01809906
2018-10-21,0
2018-10-22,0
2018-10-23,0
2018-10-24,0
2018-10-25,0
2018-10-26,0
2018-10-27,0
2018-10-28,-0.319965618
2018-10-29,-0.414078871
2018-10-30,-0.207033007
2018-10-31,-0.393005219
2018-11-01,-1.109155604
2018-11-02,-1.096799091
2018-11-03,-0.548354424
2018-11-04,-0.274165932
2018-11-05,-0.446699529
2018-11-06,-1.89997056
2018-11-07,-2.56974336
2018-11-08,-1.66883328
2018-11-09,-1.46907648
2018-11-10,-1.956096
2018-11-11,-3.75418368
2018-11-12,-3.98006784
2018-11-13,-2.26865664
2018-11-14,-1.134101883
2018-11-15,-0.567002696
2018-11-16,-0.283489293
2018-11-17,-0.141741633
2018-11-18,-0.070870059
2018-11-19,-0.035434841
2018-11-20,-0.017717373
2018-11-21,0
2018-11-22,0
2018-11-23,-0.834066381
2018-11-24,-2.37731328
2018-11-25,-2.73466368
2018-11-26,-1.77527808
2018-11-27,-1.204911687
2018-11-28,-0.854515768
2018-11-29,-0.490887351
2018-11-30,-0.545397733
2018-12-01,-6.74832384
2018-12-02,-13.30822656
2018-12-03,-11.07454464
2018-12-04,-5.9263488
2018-12-05,-4.6614528
2018-12-06,-3.742848
2018-12-07,-3.47300352
2018-12-08,-3.60101376
2018-12-09,-2.30224896
2018-12-10,-1.150936833
2018-12-11,-0.575418733
2018-12-12,-0.326686197
2018-12-13,-0.194309923
2018-12-14,-0.097153543
2018-12-15,-1.98706176
2018-12-16,-3.2265216
2018-12-17,-2.16373248
2018-12-18,-2.71185408
2018-12-19,-4.45810176
2018-12-20,-7.2417024
2018-12-21,-12.60914688
2018-12-22,-11.17988352
2018-12-23,-5.58531072
2018-12-24,-2.79148032
2018-12-25,-1.39539456
2018-12-26,-0.697645011
2018-12-27,-0.348804251
2018-12-28,-0.174397557
2018-12-29,-0.087197635
2018-12-30,-0.043598532
2018-12-31,-0.021799194
2019-01-01,-0.010899579
2019-01-02,0
2019-01-03,0
2019-01-04,0
2019-01-05,0
2019-01-06,0
2019-01-07,0
2019-01-08,-0.135621461
2019-01-09,-0.175471737
2019-01-10,-0.087734713
2019-01-11,-0.093353097
2019-01-12,-0.085985203
2019-01-13,-0.042992323
2019-01-14,-0.021496092
2019-01-15,-0.010748028
2019-01-16,-0.365842898
2019-01-17,-0.46924393
2019-01-18,-1.033820665
2019-01-19,-2.14493184
2019-01-20,-1.86112512
2019-01-21,-0.930461133
2019-01-22,-1.219971304
2019-01-23,-1.209431527
2019-01-24,-0.823020065
2019-01-25,-0.630914144
2019-01-26,-2.10276864
2019-01-27,-4.08540672
2019-01-28,-3.5064576
2019-01-29,-3.56700672
2019-01-30,-4.05222912
2019-01-31,-3.98532096
2019-02-01,-3.500928
2019-02-02,-2.17741824
2019-02-03,-1.088523367
2019-02-04,-2.53449216
2019-02-05,-2.9113344
2019-02-06,-1.95803136
2019-02-07,-1.337977903
2019-02-08,-1.045175837
2019-02-09,-1.76850432
2019-02-10,-3.25776384
2019-02-11,-2.91603456
2019-02-12,-1.4577408
2019-02-13,-0.728782604
2019-02-14,-0.364371375
2019-02-15,-0.182180704
2019-02-16,-0.091089106
2019-02-17,-0.045544241
2019-02-18,-0.022772043
2019-02-19,-0.011386001
2019-02-20,0
2019-02-21,0
2019-02-22,0
2019-02-23,0
2019-02-24,0
2019-02-25,0
2019-02-26,0.00E+00
2019-02-27,0.00E+00
2019-02-28,0.00E+00
2019-03-01,-0.368571133
2019-03-02,-0.477034707
2019-03-03,-0.304293211
2019-03-04,-0.231826918
2019-03-05,-0.146868996
2019-03-06,-2.7869184
2019-03-07,-4.17249792
2019-03-08,-3.0468096
2019-03-09,-2.72553984
2019-03-10,-2.02701312
2019-03-11,-1.01335545
2019-03-12,-0.540542357
2019-03-13,-0.297190854
2019-03-14,-0.229092102
2019-03-15,-0.300054689
2019-03-16,-0.367143487
2019-03-17,-0.350250103
2019-03-18,-0.617315987
2019-03-19,-0.615137228
2019-03-20,-0.307554417
2019-03-21,-0.153773656
2019-03-22,-0.076885942
2019-03-23,-0.038442748
2019-03-24,-0.019221318
2019-03-25,0
2019-03-26,0
2019-03-27,0
2019-03-28,0
2019-03-29,0
2019-03-30,0
2019-03-31,0
2019-04-01,0.00E+00
2019-04-02,-0.313403489
2019-04-03,-0.405612044
2019-04-04,-0.202799849
2019-04-05,-0.101398378
2019-04-06,-0.371778813
2019-04-07,-0.440925231
2019-04-08,-0.220455323
2019-04-09,-0.110225835
2019-04-10,-0.055112462
2019-04-11,-0.027556116
2019-04-12,-0.013778029
2019-04-13,0
2019-04-14,0
2019-04-15,0
2019-04-16,0
2019-04-17,0
2019-04-18,0
2019-04-19,0
2019-04-20,0.00E+00
2019-04-21,0.00E+00
2019-04-22,0.00E+00
2019-04-23,-0.697501933
2019-04-24,-2.12696064
2019-04-25,-2.49772032
2019-04-26,-2.01678336
2019-04-27,-1.326957079
2019-04-28,-0.663412502
2019-04-29,-0.331689738
2019-04-30,-0.165840736
2019-05-01,-0.620742487
2019-05-02,-0.737551775
2019-05-03,-0.368755476
2019-05-04,-0.184372637
2019-05-05,-0.092185041
2019-05-06,-0.046092201
2019-05-07,-0.046331757
2019-05-08,-1.00035966
2019-05-09,-1.261605833
2019-05-10,-0.63074321
2019-05-11,-0.444797278
2019-05-12,-0.32521036
2019-05-13,-0.162601206
2019-05-14,-0.081299613
2019-05-15,-0.040649558
2019-05-16,-0.020324717
2019-05-17,-0.14331045
2019-05-18,-0.329071044
2019-05-19,-0.323976513
2019-05-20,-0.192949918
2019-05-21,-0.096473561
2019-05-22,-0.04823643
2019-05-23,-0.024118127
2019-05-24,-0.012059042
2019-05-25,0
2019-05-26,0
2019-05-27,0
2019-05-28,0
2019-05-29,0
2019-05-30,0
2019-05-31,0
2019-06-01,0
2019-06-02,0
2019-06-03,0
2019-06-04,0.00E+00
2019-06-05,-0.187543172
2019-06-06,-0.542903137
2019-06-07,-0.724795389
2019-06-08,-0.62786862
2019-06-09,-0.389205776
2019-06-10,-0.194597199
2019-06-11,-0.351579571
2019-06-12,-0.465408751
2019-06-13,-0.487834307
2019-06-14,-0.391274095
2019-06-15,-0.195631304
2019-06-16,-0.097814214
2019-06-17,-0.048906748
2019-06-18,-0.024453283
2019-06-19,-0.012226619
2019-06-20,0
2019-06-21,0
2019-06-22,0
2019-06-23,0
2019-06-24,0
2019-06-25,0
2019-06-26,0.00E+00
2019-06-27,0.00E+00
2019-06-28,0.00E+00
2019-06-29,0.00E+00
2019-06-30,0
2019-07-01,0
2019-07-02,0
2019-07-03,0
2019-07-04,0
2019-07-05,0
2019-07-06,0
2019-07-07,0
2019-07-08,0
2019-07-09,0
2019-07-10,0
2019-07-11,0
2019-07-12,0
2019-07-13,0
2019-07-14,0
2019-07-15,0
2019-07-16,0
2019-07-17,0
2019-07-18,0
2019-07-19,0
2019-07-20,0
2019-07-21,0
2019-07-22,0
2019-07-23,0
2019-07-24,0
2019-07-25,0.00E+00
2019-07-26,-0.04551356
2019-07-27,-0.108658533
2019-07-28,-0.093903653
2019-07-29,-0.046951495
2019-07-30,-0.023475665
2019-07-31,-0.011737811
2019-08-01,0
2019-08-02,0
2019-08-03,0
2019-08-04,0
2019-08-05,0
2019-08-06,-0.038224091
2019-08-07,-0.049108018
2019-08-08,-0.024553918
2019-08-09,-0.012276936
2019-08-10,0
2019-08-11,-0.058436929
2019-08-12,-0.073199395
2019-08-13,-0.036599496
2019-08-14,-0.018299697
2019-08-15,0
2019-08-16,0
2019-08-17,0
2019-08-18,-0.020814183
2019-08-19,-0.020017167
2019-08-20,-0.010008569
2019-08-21,0
2019-08-22,0
2019-08-23,0
2019-08-24,0
2019-08-25,0
2019-08-26,0
2019-08-27,0.00E+00
2019-08-28,0.00E+00
2019-08-29,0.00E+00
2019-08-30,0
2019-08-31,0
2019-09-01,0
2019-09-02,0
2019-09-03,0
2019-09-04,0
2019-09-05,0
2019-09-06,0
2019-09-07,0
2019-09-08,0
2019-09-09,0
2019-09-10,-0.011736474
2019-09-11,0
2019-09-12,0
2019-09-13,0
2019-09-14,0
2019-09-15,0
2019-09-16,0
2019-09-17,0.00E+00
2019-09-18,0.00E+00
2019-09-19,0.00E+00
2019-09-20,0.00E+00
2019-09-21,0
2019-09-22,0
2019-09-23,-0.174916344
2019-09-24,-0.242193342
2019-09-25,-0.592424935
2019-09-26,-1.173813839
2019-09-27,-0.994857362
2019-09-28,-0.497391557
2019-09-29,-0.495551859
2019-09-30,-0.443858255
2019-10-01,-0.497863038
2019-10-02,-0.468108952
2019-10-03,-0.281538492
2019-10-04,-0.178491382
2019-10-05,-0.089244494
2019-10-06,-0.044621948
2019-10-07,-0.022310898
2019-10-08,-0.36789196
2019-10-09,-0.698842059
2019-10-10,-0.600673785
2019-10-11,-0.353825653
2019-10-12,-0.176908133
2019-10-13,-0.088452888
2019-10-14,-1.66662144
2019-10-15,-2.55108096
2019-10-16,-4.21452288
2019-10-17,-5.76059904
2019-10-18,-5.80967424
2019-10-19,-10.8435456
2019-10-20,-13.81211136
2019-10-21,-9.39465216
2019-10-22,-4.69407744
2019-10-23,-2.34620928
2019-10-24,-1.44764928
2019-10-25,-0.941954739
2019-10-26,-0.470944088
2019-10-27,-0.298047527
2019-10-28,-0.19873334
2019-10-29,-0.099365185
2019-10-30,-2.2795776
2019-10-31,-2.9500416
2019-11-01,-7.22221056
2019-11-02,-17.483904
2019-11-03,-19.0584576
2019-11-04,-14.92383744
2019-11-05,-11.23255296
2019-11-06,-9.72186624
2019-11-07,-10.050048
2019-11-08,-7.21640448
2019-11-09,-5.78244096
2019-11-10,-4.61804544
2019-11-11,-3.32453376
2019-11-12,-2.4689664
2019-11-13,-4.65564672
2019-11-14,-5.57259264
2019-11-15,-4.17263616
2019-11-16,-4.02859008
2019-11-17,-2.94630912
2019-11-18,-1.47280896
2019-11-19,-0.736348023
2019-11-20,-0.556303846
2019-11-21,-3.60640512
2019-11-22,-4.8169728
2019-11-23,-2.92529664
2019-11-24,-1.95996672
2019-11-25,-2.32823808
2019-11-26,-5.00345856
2019-11-27,-7.05811968
2019-11-28,-6.58450944
2019-11-29,-4.3559424
2019-11-30,-5.97514752
2019-12-01,-6.25287168
2019-12-02,-3.32439552
2019-12-03,-1.66178304
2019-12-04,-0.830776836
2019-12-05,-0.415362526
2019-12-06,-0.890038956
2019-12-07,-1.231118176
2019-12-08,-4.084992
2019-12-09,-4.64292864
2019-12-10,-3.60336384
2019-12-11,-4.56026112
2019-12-12,-8.543232
2019-12-13,-9.7383168
2019-12-14,-12.3552
2019-12-15,-12.210048
2019-12-16,-6.97116672
2019-12-17,-3.48378624
2019-12-18,-1.74140928
2019-12-19,-5.08612608
2019-12-20,-8.63225856
2019-12-21,-9.65081088
2019-12-22,-9.01587456
2019-12-23,-9.81808128
2019-12-24,-8.39752704
2019-12-25,-4.46321664
2019-12-26,-2.23091712
2019-12-27,-1.115258831
2019-12-28,-0.557582759
2019-12-29,-0.278779719
2019-12-30,-0.139386936
2019-12-31,-0.069692739
