Date	Infiltration
01/01/1990	0.659937162
02/01/1990	0.476032702
03/01/1990	0.238007849
04/01/1990	0.119001797
05/01/1990	0.059500366
06/01/1990	1.13060184
07/01/1990	1.7915904
08/01/1990	1.43921664
09/01/1990	0.929219185
10/01/1990	0.46457721
11/01/1990	0.232280511
12/01/1990	0.116138226
13/01/1990	0.657583377
14/01/1990	1.347000164
15/01/1990	1.103963614
16/01/1990	0.551936084
17/01/1990	0.87764303
18/01/1990	0.916709668
19/01/1990	0.458323315
20/01/1990	0.229153771
21/01/1990	0.114574916
22/01/1990	0.057286964
23/01/1990	1.95858432
24/01/1990	3.55110912
25/01/1990	4.40211456
26/01/1990	6.26351616
27/01/1990	7.1442432
28/01/1990	5.09787648
29/01/1990	3.25859328
30/01/1990	2.59365888
31/01/1990	2.61868032
01/02/1990	3.23606016
02/02/1990	2.51486208
03/02/1990	1.29509515
04/02/1990	0.677605465
05/02/1990	0.338785501
06/02/1990	2.13249024
07/02/1990	4.10517504
08/02/1990	3.2272128
09/02/1990	2.08783872
10/02/1990	4.17083904
11/02/1990	9.88084224
12/02/1990	12.24834048
13/02/1990	12.10346496
14/02/1990	12.69485568
15/02/1990	9.72559872
16/02/1990	6.41253888
17/02/1990	4.15535616
18/02/1990	2.077056
19/02/1990	1.038337685
20/02/1990	0.5191284
21/02/1990	0.259554088
22/02/1990	0.129774516
23/02/1990	0.064886625
24/02/1990	0.032443154
25/02/1990	0.214724128
26/02/1990	1.62114048
27/02/1990	2.31234048
28/02/1990	2.23561728
01/03/1990	1.707264
02/03/1990	0.853489267
03/03/1990	0.42671731
04/03/1990	0.213351819
05/03/1990	0.106674201
06/03/1990	0.053336673
07/03/1990	0.02666823
08/03/1990	0.013334088
09/03/1990	0.006667037
10/03/1990	0.003333517
11/03/1990	0.001666758
12/03/1990	0.000833379
13/03/1990	0.13524574
14/03/1990	0.174722089
15/03/1990	0.087359896
16/03/1990	0.043679661
17/03/1990	0.021839758
18/03/1990	0.010919861
19/03/1990	0.005459926
20/03/1990	0.002729962
21/03/1990	0.001364981
22/03/1990	0.00068249
23/03/1990	0.000341245
24/03/1990	0.000170623
25/03/1990	8.53113E-05
26/03/1990	4.26556E-05
27/03/1990	2.13278E-05
28/03/1990	1.06639E-05
29/03/1990	5.33195E-06
30/03/1990	2.66598E-06
31/03/1990	1.33299E-06
01/04/1990	6.66493E-07
02/04/1990	0
03/04/1990	0
04/04/1990	0
05/04/1990	0
06/04/1990	0.224236077
07/04/1990	0.290233829
08/04/1990	0.145113749
09/04/1990	0.072556084
10/04/1990	0.036277844
11/04/1990	0.018138873
12/04/1990	0.009069424
13/04/1990	0.016865245
14/04/1990	0.226323031
15/04/1990	0.278456666
16/04/1990	0.13922543
17/04/1990	0.199906984
18/04/1990	0.225978274
19/04/1990	0.177865362
20/04/1990	0.281346435
21/04/1990	0.60215634
22/04/1990	0.769743572
23/04/1990	0.796290712
24/04/1990	0.659746198
25/04/1990	0.378294562
26/04/1990	0.189141903
27/04/1990	0.094569612
28/04/1990	0.047284469
29/04/1990	0.02364215
30/04/1990	0.011821054
01/05/1990	0.005910522
02/05/1990	0.002955259
03/05/1990	0.001477629
04/05/1990	0.000738815
05/05/1990	0.000369407
06/05/1990	0.000184704
07/05/1990	0.119328194
08/05/1990	0.154377336
09/05/1990	0.077187773
10/05/1990	0.038593662
11/05/1990	0.019296775
12/05/1990	0.009648373
13/05/1990	0.043427904
14/05/1990	0.052378609
15/05/1990	0.026189202
16/05/1990	0.013094575
17/05/1990	0.07868379
18/05/1990	0.096642839
19/05/1990	0.048321068
20/05/1990	0.614021244
21/05/1990	0.775523068
22/05/1990	0.534337455
23/05/1990	0.383605922
24/05/1990	0.191797438
25/05/1990	0.095897338
26/05/1990	0.047948323
27/05/1990	0.023974074
28/05/1990	0.011987016
29/05/1990	0.005993502
30/05/1990	0.00299675
31/05/1990	0.001498375
01/06/1990	0.000749187
02/06/1990	0.000374594
03/06/1990	0.000187297
04/06/1990	9.36484E-05
05/06/1990	4.68242E-05
06/06/1990	0.021791274
07/06/1990	0.09805738
08/06/1990	0.104529511
09/06/1990	0.052264344
10/06/1990	0.02613207
11/06/1990	0.013066009
12/06/1990	0.006532998
13/06/1990	0.003266497
14/06/1990	0.001633248
15/06/1990	0.000816624
16/06/1990	0.000408312
17/06/1990	0.001564346
18/06/1990	0.022832354
19/06/1990	0.099086925
20/06/1990	0.105952215
21/06/1990	0.185210358
22/06/1990	0.197642917
23/06/1990	0.102679035
24/06/1990	0.054404541
25/06/1990	0.027202159
26/06/1990	0.013601052
27/06/1990	0.006800519
28/06/1990	0.003400258
29/06/1990	0.001700128
30/06/1990	0.000850064
01/07/1990	0.000425032
02/07/1990	0.113005346
03/07/1990	0.146098087
04/07/1990	0.237012051
05/07/1990	0.248746125
06/07/1990	0.124370743
07/07/1990	0.06218479
08/07/1990	0.03109225
09/07/1990	0.015546087
10/07/1990	0.007773035
11/07/1990	0.003886515
12/07/1990	0.001943257
13/07/1990	0.000971628
14/07/1990	0.000485814
15/07/1990	0.000242907
16/07/1990	0.000121454
17/07/1990	6.07268E-05
18/07/1990	3.03634E-05
19/07/1990	1.51817E-05
20/07/1990	7.59084E-06
21/07/1990	3.79542E-06
22/07/1990	1.89771E-06
23/07/1990	9.48857E-07
24/07/1990	0
25/07/1990	0
26/07/1990	0
27/07/1990	0.015131239
28/07/1990	0.031178406
29/07/1990	0.024798303
30/07/1990	0.012399128
31/07/1990	0.006199558
01/08/1990	0.003099778
02/08/1990	0.001549888
03/08/1990	0.000774944
04/08/1990	0.000387472
05/08/1990	0.000193736
06/08/1990	9.6868E-05
07/08/1990	4.8434E-05
08/08/1990	2.4217E-05
09/08/1990	1.21085E-05
10/08/1990	6.05425E-06
11/08/1990	3.02712E-06
12/08/1990	1.51356E-06
13/08/1990	7.56781E-07
14/08/1990	0
15/08/1990	0.000948688
16/08/1990	0.001227934
17/08/1990	0.000613967
18/08/1990	0.000306984
19/08/1990	0.000153492
20/08/1990	7.67459E-05
21/08/1990	3.83729E-05
22/08/1990	1.91865E-05
23/08/1990	9.59323E-06
24/08/1990	4.79662E-06
25/08/1990	0.000115989
26/08/1990	0.000148225
27/08/1990	7.41123E-05
28/08/1990	3.70562E-05
29/08/1990	0.000842415
30/08/1990	0.001239576
31/08/1990	0.000749993
01/09/1990	0.000374997
02/09/1990	0.000187498
03/09/1990	9.37491E-05
04/09/1990	4.68746E-05
05/09/1990	2.34373E-05
06/09/1990	1.17186E-05
07/09/1990	5.85932E-06
08/09/1990	2.92966E-06
09/09/1990	1.46483E-06
10/09/1990	7.32414E-07
11/09/1990	0
12/09/1990	0
13/09/1990	8.1843E-06
14/09/1990	0.00667884
15/09/1990	0.008636335
16/09/1990	0.004318165
17/09/1990	0.002159082
18/09/1990	0.001079541
19/09/1990	0.00053977
20/09/1990	0.000269885
21/09/1990	0.002735338
22/09/1990	0.004624652
23/09/1990	0.004411443
24/09/1990	0.003121416
25/09/1990	0.001560707
26/09/1990	0.000780354
27/09/1990	0.000390177
28/09/1990	0.000195088
29/09/1990	0.03457287
30/09/1990	0.053651273
01/10/1990	0.033958393
02/10/1990	0.016979152
03/10/1990	0.008489565
04/10/1990	0.00424478
05/10/1990	0.002122389
06/10/1990	0.001061194
07/10/1990	0.000530597
08/10/1990	0.000265299
09/10/1990	0.000132649
10/10/1990	6.63246E-05
11/10/1990	3.31623E-05
12/10/1990	1.65812E-05
13/10/1990	8.29058E-06
14/10/1990	4.14529E-06
15/10/1990	2.07265E-06
16/10/1990	1.03632E-06
17/10/1990	0.083266027
18/10/1990	0.129248504
19/10/1990	0.216660027
20/10/1990	0.215546545
21/10/1990	0.107771529
22/10/1990	0.128702028
23/10/1990	0.123780496
24/10/1990	0.209731687
25/10/1990	1.44446976
26/10/1990	2.74005504
27/10/1990	4.27548672
28/10/1990	8.47079424
29/10/1990	11.87771904
30/10/1990	9.33106176
31/10/1990	5.57093376
01/11/1990	6.01675776
02/11/1990	5.53817088
03/11/1990	3.08247552
04/11/1990	1.54082304
05/11/1990	0.770352312
06/11/1990	0.385153892
07/11/1990	0.192571375
08/11/1990	0.464308015
09/11/1990	0.71285014
10/11/1990	1.57759488
11/11/1990	1.63980288
12/11/1990	0.819782346
13/11/1990	1.362417671
14/11/1990	1.437696
15/11/1990	0.718781258
16/11/1990	0.618657399
17/11/1990	1.146544686
18/11/1990	1.213472254
19/11/1990	4.20857856
20/11/1990	8.49705984
21/11/1990	7.1207424
22/11/1990	3.55843584
23/11/1990	3.43001088
24/11/1990	4.70527488
25/11/1990	3.70027008
26/11/1990	1.8614016
27/11/1990	0.930589904
28/11/1990	0.465262466
29/11/1990	0.232623111
30/11/1990	0.116309523
01/12/1990	0.058154253
02/12/1990	0.029076999
03/12/1990	0.014538467
04/12/1990	0.007269226
05/12/1990	0.003634611
06/12/1990	0.001817305
07/12/1990	0.000908652
08/12/1990	0.000454326
09/12/1990	0.143306164
10/12/1990	1.124632153
11/12/1990	2.48583168
12/12/1990	2.1814272
13/12/1990	1.093269948
14/12/1990	0.546590136
15/12/1990	0.273283864
16/12/1990	0.136639126
17/12/1990	0.068318862
18/12/1990	0.034159255
19/12/1990	0.017079584
20/12/1990	0.008539781
21/12/1990	0.052852486
22/12/1990	0.065017512
23/12/1990	0.032508597
24/12/1990	0.307331256
25/12/1990	2.20161024
26/12/1990	6.64257024
27/12/1990	6.60704256
28/12/1990	5.22920448
29/12/1990	5.56416
30/12/1990	5.13741312
31/12/1990	3.79482624
01/01/1991	5.28850944
02/01/1991	7.51970304
03/01/1991	7.87843584
04/01/1991	6.8961024
05/01/1991	8.13514752
06/01/1991	12.92419584
07/01/1991	12.52205568
08/01/1991	8.0925696
09/01/1991	4.824576
10/01/1991	5.66120448
11/01/1991	5.5116288
12/01/1991	3.08427264
13/01/1991	1.65708288
14/01/1991	0.828416291
15/01/1991	0.696092991
16/01/1991	0.571955724
17/01/1991	0.447980268
18/01/1991	0.756556388
19/01/1991	0.699063395
20/01/1991	0.349513367
21/01/1991	0.174752101
22/01/1991	0.087374902
23/01/1991	0.043687163
24/01/1991	0.02184351
25/01/1991	0.010921737
26/01/1991	0.005460864
27/01/1991	0.002730431
28/01/1991	0.001365215
29/01/1991	0.000682607
30/01/1991	0.000341304
31/01/1991	0.000170652
01/02/1991	8.53259E-05
02/02/1991	4.2663E-05
03/02/1991	0.016698334
04/02/1991	0.021596507
05/02/1991	0.010798235
06/02/1991	0.005399113
07/02/1991	0.002699555
08/02/1991	0.001349777
09/02/1991	0.314222036
10/02/1991	0.406165211
11/02/1991	0.203076412
12/02/1991	0.123440377
13/02/1991	0.079118757
14/02/1991	0.039559143
15/02/1991	2.51140608
16/02/1991	3.69681408
17/02/1991	2.3680512
18/02/1991	1.43036928
19/02/1991	0.814508877
20/02/1991	0.407229549
21/02/1991	0.57000748
22/02/1991	0.576028247
23/02/1991	0.288001682
24/02/1991	0.143997724
25/02/1991	0.071998084
26/02/1991	0.035998846
27/02/1991	0.18968303
28/02/1991	0.231214529
01/03/1991	0.115605256
02/03/1991	0.078554185
03/03/1991	0.0557612
04/03/1991	0.027880482
05/03/1991	0.013940211
06/03/1991	0.230458148
07/03/1991	1.169176841
08/03/1991	1.280658678
09/03/1991	0.640267822
10/03/1991	0.430009731
11/03/1991	0.302288482
12/03/1991	0.151140806
13/03/1991	0.075569547
14/03/1991	0.037784559
15/03/1991	0.018892225
16/03/1991	0.513540657
17/03/1991	0.79382751
18/03/1991	0.765095556
19/03/1991	1.9222272
20/03/1991	2.03613696
21/03/1991	3.44480256
22/03/1991	5.14363392
23/03/1991	4.08388608
24/03/1991	2.2940928
25/03/1991	1.146848772
26/03/1991	0.573375048
27/03/1991	0.286675186
28/03/1991	0.143334503
29/03/1991	0.071666483
30/03/1991	0.035833048
31/03/1991	0.017916475
01/04/1991	0.008958226
02/04/1991	0.00447911
03/04/1991	0.002239554
04/04/1991	1.97973504
05/04/1991	2.68199424
06/04/1991	1.43672832
07/04/1991	0.718296436
08/04/1991	0.359128858
09/04/1991	0.17955959
10/04/1991	0.089778584
11/04/1991	0.044888989
12/04/1991	0.13229481
13/04/1991	0.153405343
14/04/1991	0.076701785
15/04/1991	0.038350671
16/04/1991	0.01917528
17/04/1991	0.009587626
18/04/1991	0.004793809
19/04/1991	0.002396904
20/04/1991	0.001198452
21/04/1991	0.000599226
22/04/1991	0.045939125
23/04/1991	0.059223042
24/04/1991	0.029611388
25/04/1991	0.17794926
26/04/1991	0.218564269
27/04/1991	0.459657663
28/04/1991	0.508132279
29/04/1991	0.275009983
30/04/1991	0.6695367
01/05/1991	1.20231977
02/05/1991	0.965047758
03/05/1991	0.482488939
04/05/1991	0.269941289
05/05/1991	0.285346202
06/05/1991	0.473466567
07/05/1991	0.842398217
08/05/1991	0.82983397
09/05/1991	0.472356694
10/05/1991	0.236169976
11/05/1991	0.118082892
12/05/1991	0.059040922
13/05/1991	0.029520329
14/05/1991	0.014760132
15/05/1991	0.007380058
16/05/1991	0.003690027
17/05/1991	0.001845013
18/05/1991	0.000922506
19/05/1991	0.000461253
20/05/1991	0.000230627
21/05/1991	0.000115313
22/05/1991	5.76566E-05
23/05/1991	2.88283E-05
24/05/1991	1.44142E-05
25/05/1991	7.20708E-06
26/05/1991	3.60354E-06
27/05/1991	1.80177E-06
28/05/1991	9.00885E-07
29/05/1991	0
30/05/1991	0
31/05/1991	0
01/06/1991	0
02/06/1991	0
03/06/1991	0
04/06/1991	0
05/06/1991	0.035720521
06/06/1991	0.174981994
07/06/1991	0.362043551
08/06/1991	0.384459679
09/06/1991	0.529650939
10/06/1991	0.490823954
11/06/1991	0.245402943
12/06/1991	0.122699208
13/06/1991	0.061349039
14/06/1991	0.030674378
15/06/1991	0.015337153
16/06/1991	0.007668568
17/06/1991	0.093937868
18/06/1991	0.118541679
19/06/1991	0.108372757
20/06/1991	0.093190211
21/06/1991	0.051355582
22/06/1991	0.029459429
23/06/1991	0.014729682
24/06/1991	0.007364833
25/06/1991	0.003682414
26/06/1991	0.001841207
27/06/1991	0.000920603
28/06/1991	0.000460302
29/06/1991	0.000230151
30/06/1991	0.000115075
01/07/1991	5.75377E-05
02/07/1991	2.87688E-05
03/07/1991	1.43844E-05
04/07/1991	7.19221E-06
05/07/1991	0.073579286
06/07/1991	0.095233818
07/07/1991	0.047616568
08/07/1991	0.023808199
09/07/1991	0.011904078
10/07/1991	0.005952034
11/07/1991	0.002976015
12/07/1991	0.001488007
13/07/1991	0.000744004
14/07/1991	0.000372002
15/07/1991	0.000186001
16/07/1991	9.30004E-05
17/07/1991	4.65002E-05
18/07/1991	2.32501E-05
19/07/1991	1.16251E-05
20/07/1991	5.81253E-06
21/07/1991	2.90626E-06
22/07/1991	1.45313E-06
23/07/1991	7.26566E-07
24/07/1991	0
25/07/1991	0
26/07/1991	0
27/07/1991	0
28/07/1991	0
29/07/1991	0
30/07/1991	0.000518863
31/07/1991	0.021629412
01/08/1991	0.027462492
02/08/1991	0.013731217
03/08/1991	0.006865601
04/08/1991	0.003432799
05/08/1991	0.001716399
06/08/1991	0.000858199
07/08/1991	0.028873022
08/08/1991	0.037030834
09/08/1991	0.018515365
10/08/1991	0.009257669
11/08/1991	0.004628831
12/08/1991	0.002314415
13/08/1991	0.001157207
14/08/1991	0.000578604
15/08/1991	0.000289302
16/08/1991	0.000144651
17/08/1991	7.23254E-05
18/08/1991	3.61627E-05
19/08/1991	1.80814E-05
20/08/1991	9.04068E-06
21/08/1991	4.52034E-06
22/08/1991	2.26017E-06
23/08/1991	1.13009E-06
24/08/1991	5.65043E-07
25/08/1991	0
26/08/1991	0
27/08/1991	0
28/08/1991	0
29/08/1991	0
30/08/1991	0
31/08/1991	0.00759441
01/09/1991	0.170030693
02/09/1991	0.212267617
03/09/1991	0.106132119
04/09/1991	0.053065636
05/09/1991	0.026532711
06/09/1991	0.013266329
07/09/1991	0.006633158
08/09/1991	0.003316577
09/09/1991	0.001658288
10/09/1991	0.000829144
11/09/1991	0.006392561
12/09/1991	0.007944889
13/09/1991	0.003972442
14/09/1991	0.00198622
15/09/1991	0.00099311
16/09/1991	0.000496555
17/09/1991	0.000248277
18/09/1991	0.000124139
19/09/1991	6.20694E-05
20/09/1991	3.10347E-05
21/09/1991	1.55173E-05
22/09/1991	0.002841762
23/09/1991	0.00367207
24/09/1991	0.001836034
25/09/1991	0.021692426
26/09/1991	0.083784091
27/09/1991	0.577249763
28/09/1991	2.0300544
29/09/1991	2.08839168
30/09/1991	1.044055596
01/10/1991	0.521986913
02/10/1991	0.260983227
03/10/1991	0.130489059
04/10/1991	0.06524389
05/10/1991	0.032621784
06/10/1991	0.016310852
07/10/1991	0.008155416
08/10/1991	0.051602141
09/10/1991	0.13947964
10/10/1991	0.185566423
11/10/1991	0.205000948
12/10/1991	0.228600949
13/10/1991	0.437577708
14/10/1991	1.377585654
15/10/1991	2.03641344
16/10/1991	1.91614464
17/10/1991	1.41087744
18/10/1991	0.796759304
19/10/1991	0.39835584
20/10/1991	0.199171962
21/10/1991	0.099584492
22/10/1991	0.049791873
23/10/1991	0.024895843
24/10/1991	0.012447898
25/10/1991	0.006223943
26/10/1991	0.653296057
27/10/1991	1.54082304
28/10/1991	1.81398528
29/10/1991	2.45223936
30/10/1991	2.14451712
31/10/1991	1.072061734
01/11/1991	1.41184512
02/11/1991	1.6395264
03/11/1991	1.5876864
04/11/1991	1.82462976
05/11/1991	1.365689162
06/11/1991	0.682774618
07/11/1991	0.535045658
08/11/1991	0.972796484
09/11/1991	0.924372118
10/11/1991	0.462154015
11/11/1991	1.96107264
12/11/1991	6.922368
13/11/1991	9.06204672
14/11/1991	8.44176384
15/11/1991	6.20241408
16/11/1991	3.24808704
17/11/1991	2.377728
18/11/1991	3.324672
19/11/1991	4.06232064
20/11/1991	3.30766848
21/11/1991	1.93978368
22/11/1991	0.969736845
23/11/1991	0.484833144
24/11/1991	0.242407752
25/11/1991	0.12120167
26/11/1991	0.060600283
27/11/1991	0.030300003
28/11/1991	0.015149966
29/11/1991	0.007574975
30/11/1991	0.003787485
01/12/1991	0.001893742
02/12/1991	0.000946871
03/12/1991	0.000473435
04/12/1991	0.000236718
05/12/1991	0.000118359
06/12/1991	5.91794E-05
07/12/1991	2.95897E-05
08/12/1991	1.47949E-05
09/12/1991	7.39743E-06
10/12/1991	3.69871E-06
11/12/1991	1.84936E-06
12/12/1991	9.24679E-07
13/12/1991	0
14/12/1991	0
15/12/1991	0
16/12/1991	0
17/12/1991	0.303028729
18/12/1991	0.392214058
19/12/1991	1.281400418
20/12/1991	1.98360576
21/12/1991	1.71583488
22/12/1991	1.314568936
23/12/1991	0.804173488
24/12/1991	0.402062483
25/12/1991	0.20102518
26/12/1991	0.165315894
27/12/1991	0.134134184
28/12/1991	0.067066416
29/12/1991	0.033533039
30/12/1991	0.016766477
31/12/1991	0.008383228
01/01/1992	0.004191611
02/01/1992	0.002095805
03/01/1992	0.005720589
04/01/1992	0.024112106
05/01/1992	0.025988951
06/01/1992	0.01299445
07/01/1992	0.006497218
08/01/1992	0.808329618
09/01/1992	2.1682944
10/01/1992	1.97724672
11/01/1992	0.988477876
12/01/1992	0.494202291
13/01/1992	0.247091973
14/01/1992	0.123543697
15/01/1992	0.061771275
16/01/1992	0.030885494
17/01/1992	0.01544271
18/01/1992	0.007721346
19/01/1992	0.003860671
20/01/1992	0.061312795
21/01/1992	0.077826401
22/01/1992	0.038912973
23/01/1992	0.01945643
24/01/1992	0.0097282
25/01/1992	0.004864096
26/01/1992	0.002432047
27/01/1992	0.001216023
28/01/1992	0.000608012
29/01/1992	0.000304006
30/01/1992	0.000152003
31/01/1992	7.60014E-05
01/02/1992	3.80007E-05
02/02/1992	1.90004E-05
03/02/1992	9.50018E-06
04/02/1992	4.75009E-06
05/02/1992	2.37504E-06
06/02/1992	1.18752E-06
07/02/1992	5.93761E-07
08/02/1992	0
09/02/1992	0.234526399
10/02/1992	0.477565162
11/02/1992	1.7611776
12/02/1992	2.59006464
13/02/1992	2.02908672
14/02/1992	1.99577088
15/02/1992	3.43277568
16/02/1992	3.15588096
17/02/1992	1.57759488
18/02/1992	0.788695612
19/02/1992	0.394324471
20/02/1992	0.197156395
21/02/1992	0.09857674
22/02/1992	0.049288004
23/02/1992	0.024643911
24/02/1992	0.012321932
25/02/1992	0.00616096
26/02/1992	0.003080479
27/02/1992	0.001540239
28/02/1992	0.000770119
29/02/1992	0.00038506
01/03/1992	0.00019253
02/03/1992	9.62649E-05
03/03/1992	4.81325E-05
04/03/1992	2.40662E-05
05/03/1992	1.20331E-05
06/03/1992	6.01656E-06
07/03/1992	3.00828E-06
08/03/1992	1.50414E-06
09/03/1992	7.5207E-07
10/03/1992	0
11/03/1992	0
12/03/1992	0.044720322
13/03/1992	0.14167666
14/03/1992	0.137397998
15/03/1992	0.068698291
16/03/1992	0.034348967
17/03/1992	0.017174439
18/03/1992	0.008587208
19/03/1992	0.004293601
20/03/1992	0.0021468
21/03/1992	0.0010734
22/03/1992	0.11465873
23/03/1992	0.329571307
24/03/1992	0.439919175
25/03/1992	0.678988597
26/03/1992	0.684264319
27/03/1992	0.391963622
28/03/1992	0.195976047
29/03/1992	0.875303912
30/03/1992	2.44035072
31/03/1992	3.01446144
01/04/1992	3.18104064
02/04/1992	4.54643712
03/04/1992	5.36550912
04/04/1992	3.83588352
05/04/1992	1.9173888
06/04/1992	0.958559312
07/04/1992	0.479245193
08/04/1992	0.239613977
09/04/1992	0.119804833
10/04/1992	0.059901878
11/04/1992	0.029950803
12/04/1992	0.014975368
13/04/1992	0.007487675
14/04/1992	0.778748705
15/04/1992	1.004926432
16/04/1992	0.502425331
17/04/1992	0.447783179
18/04/1992	0.380033441
19/04/1992	0.190011295
20/04/1992	0.095004294
21/04/1992	0.047501808
22/04/1992	0.023750818
23/04/1992	0.011875388
24/04/1992	0.005937688
25/04/1992	0.002968843
26/04/1992	0.01128528
27/04/1992	0.273117091
28/04/1992	0.34283408
29/04/1992	0.171412623
30/04/1992	0.308073798
01/05/1992	0.330667398
02/05/1992	0.165329593
03/05/1992	0.08266377
04/05/1992	0.041331628
05/05/1992	0.020665749
06/05/1992	0.010332858
07/05/1992	0.005166425
08/05/1992	0.002583212
09/05/1992	0.001291605
10/05/1992	0.000645803
11/05/1992	0.000322901
12/05/1992	0.000161451
13/05/1992	8.07253E-05
14/05/1992	4.03627E-05
15/05/1992	2.01813E-05
16/05/1992	1.00907E-05
17/05/1992	5.04533E-06
18/05/1992	2.52267E-06
19/05/1992	1.26133E-06
20/05/1992	6.30666E-07
21/05/1992	0
22/05/1992	0
23/05/1992	0.020239812
24/05/1992	0.026197347
25/05/1992	0.013098647
26/05/1992	0.006549317
27/05/1992	0.00800983
28/05/1992	0.015939408
29/05/1992	0.014461998
30/05/1992	0.007230991
31/05/1992	0.106997239
01/06/1992	0.135618555
02/06/1992	0.067808586
03/06/1992	0.03390412
04/06/1992	0.27471198
05/06/1992	0.566704277
06/06/1992	0.461749884
07/06/1992	0.230866938
08/06/1992	0.134383946
09/06/1992	0.082246127
10/06/1992	0.084063813
11/06/1992	0.076141637
12/06/1992	0.038070601
13/06/1992	0.019035246
14/06/1992	0.009517609
15/06/1992	0.004758801
16/06/1992	0.0023794
17/06/1992	0.0011897
18/06/1992	0.00059485
19/06/1992	0.000297425
20/06/1992	0.000148712
21/06/1992	0.164658231
22/06/1992	0.213062994
23/06/1992	0.298312036
24/06/1992	0.301491501
25/06/1992	0.150742343
26/06/1992	0.075370317
27/06/1992	0.037684944
28/06/1992	0.018842419
29/06/1992	0.015802004
30/06/1992	0.073605419
01/07/1992	0.104244969
02/07/1992	0.06743448
03/07/1992	0.033717069
04/07/1992	0.087089035
05/07/1992	0.140718477
06/07/1992	0.103234093
07/07/1992	0.051616646
08/07/1992	0.025808222
09/07/1992	0.012904086
10/07/1992	0.041640251
11/07/1992	0.048771702
12/07/1992	0.024385761
13/07/1992	0.012192858
14/07/1992	0.006096423
15/07/1992	0.00304821
16/07/1992	0.001524105
17/07/1992	0.000762052
18/07/1992	0.000381026
19/07/1992	0.000190513
20/07/1992	0.088846142
21/07/1992	0.114921359
22/07/1992	0.057460183
23/07/1992	0.028729967
24/07/1992	0.014364952
25/07/1992	0.007182468
26/07/1992	0.003591232
27/07/1992	0.001795616
28/07/1992	0.000897808
29/07/1992	0.000448904
30/07/1992	0.000224452
31/07/1992	0.000112226
01/08/1992	5.6113E-05
02/08/1992	2.80565E-05
03/08/1992	1.40282E-05
04/08/1992	7.01412E-06
05/08/1992	3.50706E-06
06/08/1992	1.75353E-06
07/08/1992	8.76764E-07
08/08/1992	0.210357693
09/08/1992	1.56404736
10/08/1992	1.9505664
11/08/1992	1.088516248
12/08/1992	0.54421368
13/08/1992	0.272095732
14/08/1992	1.166379223
15/08/1992	1.40147712
16/08/1992	0.700673283
17/08/1992	0.350318228
18/08/1992	0.175154504
19/08/1992	0.087576102
20/08/1992	0.043787762
21/08/1992	0.021893808
22/08/1992	0.010946886
23/08/1992	0.005473438
24/08/1992	0.002736718
25/08/1992	0.001368359
26/08/1992	0.000684179
27/08/1992	0.00034209
28/08/1992	0.362617524
29/08/1992	0.469202153
30/08/1992	1.361499854
31/08/1992	2.1924864
01/09/1992	1.58588928
02/09/1992	1.184304306
03/09/1992	0.903012254
04/09/1992	0.451475542
05/09/1992	0.225730119
06/09/1992	0.112863148
07/09/1992	0.056431094
08/09/1992	0.028215427
09/09/1992	0.014107684
10/09/1992	0.007053834
11/09/1992	0.003526915
12/09/1992	0.001763457
13/09/1992	0.000881728
14/09/1992	0.000440864
15/09/1992	0.000220432
16/09/1992	0.000110216
17/09/1992	5.5108E-05
18/09/1992	2.7554E-05
19/09/1992	1.3777E-05
20/09/1992	6.8885E-06
21/09/1992	0.001327933
22/09/1992	0.295656045
23/09/1992	0.381308678
24/09/1992	0.308577973
25/09/1992	0.247960894
26/09/1992	0.123978136
27/09/1992	0.34021457
28/09/1992	0.391105055
29/09/1992	0.212112954
30/09/1992	0.119214052
01/10/1992	0.241452016
02/10/1992	0.392780579
03/10/1992	0.297750215
04/10/1992	0.148871776
05/10/1992	0.074435058
06/10/1992	0.082572939
07/10/1992	0.077314241
08/10/1992	0.038656896
09/10/1992	0.409027567
10/10/1992	1.017725866
11/10/1992	0.9088925
12/10/1992	0.454415257
13/10/1992	0.227199887
14/10/1992	0.113598003
15/10/1992	0.292542285
16/10/1992	0.333526118
17/10/1992	0.166758884
18/10/1992	0.083378397
19/10/1992	0.585616601
20/10/1992	1.094275506
21/10/1992	1.194904784
22/10/1992	1.305934908
23/10/1992	0.992118634
24/10/1992	0.8489373
25/10/1992	2.422656
26/10/1992	5.12704512
27/10/1992	7.43883264
28/10/1992	6.67961856
29/10/1992	3.8935296
30/10/1992	1.94614272
31/10/1992	0.972949197
01/11/1992	0.486439092
02/11/1992	2.21833728
03/11/1992	3.62575872
04/11/1992	2.56614912
05/11/1992	1.283477765
06/11/1992	0.641677096
07/11/1992	0.320823107
08/11/1992	0.160407683
09/11/1992	0.588138375
10/11/1992	2.79936
11/11/1992	4.17166848
12/11/1992	7.45763328
13/11/1992	7.61992704
14/11/1992	8.10473472
15/11/1992	8.4022272
16/11/1992	6.34742784
17/11/1992	4.19862528
18/11/1992	3.73289472
19/11/1992	5.16658176
20/11/1992	5.73225984
21/11/1992	4.08678912
22/11/1992	2.04277248
23/11/1992	1.021215223
24/11/1992	2.09737728
25/11/1992	3.42710784
26/11/1992	3.17965824
27/11/1992	2.052864
28/11/1992	1.02945506
29/11/1992	0.514687772
30/11/1992	0.850752751
01/12/1992	1.45677312
02/12/1992	6.20393472
03/12/1992	17.369856
04/12/1992	20.49186816
05/12/1992	13.18892544
06/12/1992	12.0780288
07/12/1992	11.325312
08/12/1992	6.42373632
09/12/1992	3.21034752
10/12/1992	1.60482816
11/12/1992	0.885929633
12/12/1992	0.962657865
13/12/1992	0.841341137
14/12/1992	0.420644013
15/12/1992	0.210315364
16/12/1992	0.105156022
17/12/1992	0.052577595
18/12/1992	0.026288693
19/12/1992	0.013144321
20/12/1992	0.006572154
21/12/1992	0.003286075
22/12/1992	0.306781351
23/12/1992	0.440139419
24/12/1992	0.255310106
25/12/1992	0.127652608
26/12/1992	0.063825691
27/12/1992	0.031912692
28/12/1992	0.015956308
29/12/1992	0.007978144
30/12/1992	0.00398907
31/12/1992	0.001994534
01/01/1993	0.000997267
02/01/1993	0.000498633
03/01/1993	0.000249317
04/01/1993	0.000124658
05/01/1993	0.085993407
06/01/1993	0.111255139
07/01/1993	0.160375279
08/01/1993	0.73686475
09/01/1993	0.870286879
10/01/1993	4.1416704
11/01/1993	7.20493056
12/01/1993	5.44651776
13/01/1993	3.39503616
14/01/1993	2.17949184
15/01/1993	1.089569388
16/01/1993	0.544740167
17/01/1993	0.272358941
18/01/1993	0.136176689
19/01/1993	0.068087647
20/01/1993	0.034043649
21/01/1993	0.017021782
22/01/1993	0.20025528
23/01/1993	0.542867775
24/01/1993	0.93581839
25/01/1993	0.812366019
26/01/1993	0.406158244
27/01/1993	0.203072929
28/01/1993	0.101534919
29/01/1993	0.050767072
30/01/1993	0.025383438
31/01/1993	0.012691695
01/02/1993	0.006345841
02/02/1993	0.003172919
03/02/1993	0.001586459
04/02/1993	0.000793229
05/02/1993	0.000396615
06/02/1993	0.000198307
07/02/1993	9.91537E-05
08/02/1993	4.95768E-05
09/02/1993	2.47884E-05
10/02/1993	1.23942E-05
11/02/1993	6.1971E-06
12/02/1993	3.09855E-06
13/02/1993	1.54928E-06
14/02/1993	7.74638E-07
15/02/1993	0
16/02/1993	0
17/02/1993	0
18/02/1993	0
19/02/1993	0
20/02/1993	0
21/02/1993	0
22/02/1993	0
23/02/1993	0
24/02/1993	0
25/02/1993	0
26/02/1993	0.193777339
27/02/1993	0.291708698
28/02/1993	0.178337867
01/03/1993	0.089167738
02/03/1993	0.04458357
03/03/1993	0.02229171
04/03/1993	0.011145836
05/03/1993	0.005572913
06/03/1993	0.002786455
07/03/1993	0.001393227
08/03/1993	0.000696614
09/03/1993	0.000348307
10/03/1993	0.000174153
11/03/1993	8.70767E-05
12/03/1993	4.35383E-05
13/03/1993	2.17692E-05
14/03/1993	1.08846E-05
15/03/1993	5.44229E-06
16/03/1993	2.72115E-06
17/03/1993	1.36057E-06
18/03/1993	6.80288E-07
19/03/1993	0
20/03/1993	0
21/03/1993	0.029900221
22/03/1993	0.081907868
23/03/1993	0.077714869
24/03/1993	0.040795565
25/03/1993	0.02039772
26/03/1993	0.010198844
27/03/1993	0.005099418
28/03/1993	0.002549708
29/03/1993	0.002049722
30/03/1993	0.001640377
31/03/1993	0.039938931
01/04/1993	0.05104324
02/04/1993	0.025521522
03/04/1993	0.062403453
04/04/1993	0.070635044
05/04/1993	0.648916586
06/04/1993	0.854514621
07/04/1993	0.461141186
08/04/1993	0.230562616
09/04/1993	0.115279311
10/04/1993	0.234333679
11/04/1993	0.559269702
12/04/1993	0.802728175
13/04/1993	1.08880951
14/04/1993	0.91560719
15/04/1993	0.460953469
16/04/1993	0.230468765
17/04/1993	0.115232388
18/04/1993	0.057615695
19/04/1993	0.028807722
20/04/1993	0.01440383
21/04/1993	0.007201907
22/04/1993	0.003600951
23/04/1993	1.245820041
24/04/1993	1.93660416
25/04/1993	1.271129477
26/04/1993	0.670733651
27/04/1993	0.476767628
28/04/1993	1.06353733
29/04/1993	1.8095616
30/04/1993	2.9037312
01/05/1993	2.59034112
02/05/1993	1.294890583
03/05/1993	0.647382399
04/05/1993	0.323675482
05/05/1993	0.161833808
06/05/1993	0.08091592
07/05/1993	0.040457714
08/05/1993	0.129286094
09/05/1993	0.151271028
10/05/1993	0.214218169
11/05/1993	0.217189389
12/05/1993	0.108592927
13/05/1993	0.05429602
14/05/1993	0.083856952
15/05/1993	0.086974742
16/05/1993	0.043487087
17/05/1993	0.021743472
18/05/1993	0.039372186
19/05/1993	0.150408452
20/05/1993	0.778941122
21/05/1993	0.880229818
22/05/1993	0.440085837
23/05/1993	0.220035654
24/05/1993	0.110016009
25/05/1993	0.05500755
26/05/1993	0.583917618
27/05/1993	1.43811072
28/05/1993	1.278335195
29/05/1993	0.639106302
30/05/1993	0.319537834
31/05/1993	0.159765088
01/06/1993	0.079881582
02/06/1993	0.153289304
03/06/1993	0.166681193
04/06/1993	0.08333955
05/06/1993	0.041669513
06/06/1993	0.020834691
07/06/1993	0.010417329
08/06/1993	0.00520866
09/06/1993	0.067126144
10/06/1993	1.7736192
11/06/1993	2.58149376
12/06/1993	1.93522176
13/06/1993	1.256594384
14/06/1993	1.41239808
15/06/1993	1.329038987
16/06/1993	0.664453242
17/06/1993	0.33221006
18/06/1993	0.16610089
19/06/1993	0.083049407
20/06/1993	0.041524444
21/06/1993	0.020762156
22/06/1993	0.117119485
23/06/1993	0.143345894
24/06/1993	0.071672177
25/06/1993	0.035835896
26/06/1993	0.017917899
27/06/1993	0.008958937
28/06/1993	0.004479466
29/06/1993	0.002239732
30/06/1993	0.001119866
01/07/1993	0.028984156
02/07/1993	0.037070752
03/07/1993	0.018535324
04/07/1993	0.009267649
05/07/1993	0.096593892
06/07/1993	0.121344342
07/07/1993	0.060671617
08/07/1993	0.03033567
09/07/1993	0.015167801
10/07/1993	0.007583891
11/07/1993	0.027600508
12/07/1993	0.032712503
13/07/1993	0.016356211
14/07/1993	0.008178095
15/07/1993	0.004089045
16/07/1993	0.002044522
17/07/1993	0.001022261
18/07/1993	0.00051113
19/07/1993	0.000255565
20/07/1993	0.013091388
21/07/1993	0.01684331
22/07/1993	0.008421644
23/07/1993	0.004210819
24/07/1993	0.002105409
25/07/1993	0.001052704
26/07/1993	0.000526352
27/07/1993	0.000263176
28/07/1993	0.000131588
29/07/1993	6.5794E-05
30/07/1993	3.2897E-05
31/07/1993	1.64485E-05
01/08/1993	8.22425E-06
02/08/1993	4.11213E-06
03/08/1993	2.05606E-06
04/08/1993	1.02803E-06
05/08/1993	5.14017E-07
06/08/1993	0
07/08/1993	0
08/08/1993	0
09/08/1993	0
10/08/1993	0
11/08/1993	0
12/08/1993	0
13/08/1993	0.001921476
14/08/1993	0.002487062
15/08/1993	0.001243531
16/08/1993	0.000621765
17/08/1993	0.000310883
18/08/1993	0.000155441
19/08/1993	7.77206E-05
20/08/1993	3.88603E-05
21/08/1993	1.94302E-05
22/08/1993	9.71508E-06
23/08/1993	4.85754E-06
24/08/1993	2.42877E-06
25/08/1993	1.21438E-06
26/08/1993	6.07194E-07
27/08/1993	0.000227609
28/08/1993	0.000294606
29/08/1993	0.000147303
30/08/1993	7.36514E-05
31/08/1993	3.68257E-05
01/09/1993	1.84129E-05
02/09/1993	9.20643E-06
03/09/1993	4.60321E-06
04/09/1993	2.30161E-06
05/09/1993	1.1508E-06
06/09/1993	5.75402E-07
07/09/1993	0.012883552
08/09/1993	0.019136755
09/09/1993	0.101297996
10/09/1993	0.392474502
11/09/1993	0.825289579
12/09/1993	1.044211516
13/09/1993	3.18892032
14/09/1993	3.5209728
15/09/1993	2.69968896
16/09/1993	2.09585664
17/09/1993	1.047790744
18/09/1993	0.52385419
19/09/1993	0.261916803
20/09/1993	0.16526986
21/09/1993	1.73062656
22/09/1993	2.15253504
23/09/1993	1.076060782
24/09/1993	0.537986963
25/09/1993	0.268982623
26/09/1993	0.544598941
27/09/1993	1.028402196
28/09/1993	0.855996955
29/09/1993	0.427970981
30/09/1993	1.55672064
01/10/1993	5.54217984
02/10/1993	6.327936
03/10/1993	5.89510656
04/10/1993	6.05518848
05/10/1993	7.07083776
06/10/1993	7.20285696
07/10/1993	5.18247936
08/10/1993	4.96641024
09/10/1993	4.0207104
10/10/1993	2.12986368
11/10/1993	6.85794816
12/10/1993	7.95045888
13/10/1993	6.86734848
14/10/1993	8.59424256
15/10/1993	6.56833536
16/10/1993	3.38743296
17/10/1993	2.48666112
18/10/1993	1.80707328
19/10/1993	0.903434356
20/10/1993	0.877896396
21/10/1993	0.777461221
22/10/1993	0.388707932
23/10/1993	0.410549769
24/10/1993	0.377003677
25/10/1993	0.188496502
26/10/1993	0.094246917
27/10/1993	0.047123125
28/10/1993	0.023561479
29/10/1993	0.011780718
30/10/1993	0.005890354
31/10/1993	0.002945176
01/11/1993	0.001472587
02/11/1993	0.19849283
03/11/1993	0.256329529
04/11/1993	0.128162298
05/11/1993	0.246454051
06/11/1993	0.268090173
07/11/1993	0.223885458
08/11/1993	0.183306834
09/11/1993	0.091652155
10/11/1993	1.265285436
11/11/1993	1.60109568
12/11/1993	0.800471614
13/11/1993	1.023638971
14/11/1993	1.006963675
15/11/1993	0.503443801
16/11/1993	0.251712396
17/11/1993	0.125853816
18/11/1993	0.062926313
19/11/1993	0.031463008
20/11/1993	0.015731466
21/11/1993	0.007865724
22/11/1993	0.003932859
23/11/1993	0.001966429
24/11/1993	0.000983214
25/11/1993	0.000491607
26/11/1993	0.000245804
27/11/1993	0.000122902
28/11/1993	6.14509E-05
29/11/1993	0.904967203
30/11/1993	1.98567936
01/12/1993	1.63966464
02/12/1993	0.849283965
03/12/1993	0.448112079
04/12/1993	0.26116992
05/12/1993	0.160069561
06/12/1993	0.080033816
07/12/1993	3.2168448
08/12/1993	5.11114752
09/12/1993	3.47687424
10/12/1993	3.58442496
11/12/1993	3.37001472
12/12/1993	2.34911232
13/12/1993	3.22596864
14/12/1993	3.06367488
15/12/1993	5.15303424
16/12/1993	5.958144
17/12/1993	3.4864128
18/12/1993	2.93220864
19/12/1993	5.60825856
20/12/1993	6.8027904
21/12/1993	4.5453312
22/12/1993	4.271616
23/12/1993	7.03724544
24/12/1993	6.88421376
25/12/1993	5.83206912
26/12/1993	4.34999808
27/12/1993	2.17423872
28/12/1993	1.86748416
29/12/1993	3.78736128
30/12/1993	7.06696704
31/12/1993	12.680064
01/01/1994	16.76685312
02/01/1994	14.46861312
03/01/1994	11.10288384
04/01/1994	11.28549888
05/01/1994	18.75115008
06/01/1994	20.03553792
07/01/1994	12.61052928
08/01/1994	7.92999936
09/01/1994	6.988032
10/01/1994	5.96547072
11/01/1994	4.21023744
12/01/1994	3.89297664
13/01/1994	3.65050368
14/01/1994	2.83627008
15/01/1994	5.37311232
16/01/1994	5.64793344
17/01/1994	2.93842944
18/01/1994	1.46893824
19/01/1994	1.052525146
20/01/1994	0.806087462
21/01/1994	0.553869384
22/01/1994	0.379614353
23/01/1994	0.907574948
24/01/1994	1.321690287
25/01/1994	1.62445824
26/01/1994	1.38958848
27/01/1994	2.2305024
28/01/1994	2.33473536
29/01/1994	1.167181789
30/01/1994	0.583539794
31/01/1994	0.291757124
01/02/1994	1.8067968
02/02/1994	7.41076992
03/02/1994	9.16683264
04/02/1994	5.64793344
05/02/1994	2.82272256
06/02/1994	2.00918016
07/02/1994	1.47944448
08/02/1994	0.995567584
09/02/1994	2.81954304
10/02/1994	3.44466432
11/02/1994	6.60635136
12/02/1994	6.95706624
13/02/1994	3.476736
14/02/1994	2.62268928
15/02/1994	2.07622656
16/02/1994	1.087491848
17/02/1994	1.62196992
18/02/1994	1.724544
19/02/1994	1.7473536
20/02/1994	1.75758336
21/02/1994	1.6042752
22/02/1994	2.9673216
23/02/1994	4.74273792
24/02/1994	4.11222528
25/02/1994	2.24750592
26/02/1994	1.12355113
27/02/1994	0.768579218
28/02/1994	0.54857435
01/03/1994	0.274275888
02/03/1994	2.3231232
03/03/1994	3.0488832
04/03/1994	1.6443648
05/03/1994	0.82210446
06/03/1994	0.411026877
07/03/1994	0.2055071
08/03/1994	0.102751964
09/03/1994	0.051375585
10/03/1994	0.025687693
11/03/1994	0.012843822
12/03/1994	0.090054329
13/03/1994	0.242171942
14/03/1994	0.224913425
15/03/1994	0.11245481
16/03/1994	0.05622693
17/03/1994	0.028113346
18/03/1994	0.014056643
19/03/1994	0.230440785
20/03/1994	1.018930724
21/03/1994	1.3969152
22/03/1994	0.945161921
23/03/1994	0.472547451
24/03/1994	0.236265348
25/03/1994	0.118130577
26/03/1994	0.059064764
27/03/1994	0.029532251
28/03/1994	0.014766092
29/03/1994	0.007383038
30/03/1994	0.834798528
31/03/1994	1.44751104
01/04/1994	1.52395776
02/04/1994	1.164038225
03/04/1994	2.38464
04/04/1994	3.70192896
05/04/1994	2.9645568
06/04/1994	4.57588224
07/04/1994	4.8563712
08/04/1994	5.3547264
09/04/1994	4.95963648
10/04/1994	2.93289984
11/04/1994	1.74334464
12/04/1994	0.871586473
13/04/1994	1.49409792
14/04/1994	1.58754816
15/04/1994	0.793676953
16/04/1994	0.396814851
17/04/1994	0.198401509
18/04/1994	0.099199278
19/04/1994	0.049599269
20/04/1994	0.024799541
21/04/1994	0.012399748
22/04/1994	0.006199868
23/04/1994	0.003099932
24/04/1994	0.001549966
25/04/1994	0.000774983
26/04/1994	0.156205795
27/04/1994	0.201874181
28/04/1994	0.100935563
29/04/1994	0.050467398
30/04/1994	0.025233604
01/05/1994	0.012616777
02/05/1994	0.006308383
03/05/1994	0.00315419
04/05/1994	0.001577094
05/05/1994	0.031064538
06/05/1994	0.039581882
07/05/1994	0.083314751
08/05/1994	0.09211693
09/05/1994	0.046058147
10/05/1994	0.023028992
11/05/1994	0.128184348
12/05/1994	0.156767091
13/05/1994	0.078382619
14/05/1994	0.039191079
15/05/1994	0.019595481
16/05/1994	0.105118917
17/05/1994	0.128276634
18/05/1994	0.064137699
19/05/1994	0.189633637
20/05/1994	0.45339246
21/05/1994	0.412098375
22/05/1994	0.231556645
23/05/1994	0.13604309
24/05/1994	0.06802085
25/05/1994	0.034010251
26/05/1994	0.085863868
27/05/1994	0.097629203
28/05/1994	0.048814243
29/05/1994	0.024407032
30/05/1994	0.012203493
31/05/1994	0.006101741
01/06/1994	1.070042365
02/06/1994	1.5821568
03/06/1994	0.949658702
04/06/1994	0.763614397
05/06/1994	0.611199724
06/06/1994	0.305585851
07/06/1994	0.152789414
08/06/1994	0.076393832
09/06/1994	0.038196696
10/06/1994	0.019098293
11/06/1994	0.009549133
12/06/1994	0.004774563
13/06/1994	0.002387281
14/06/1994	0.00119364
15/06/1994	0.00059682
16/06/1994	0.00029841
17/06/1994	0.000149205
18/06/1994	7.46025E-05
19/06/1994	3.73012E-05
20/06/1994	1.86506E-05
21/06/1994	9.32531E-06
22/06/1994	4.66265E-06
23/06/1994	2.33133E-06
24/06/1994	0.117419671
25/06/1994	0.293330945
26/06/1994	0.258942749
27/06/1994	0.129468854
28/06/1994	0.064733797
29/06/1994	0.032366741
30/06/1994	0.016183331
01/07/1994	0.008091655
02/07/1994	0.004045825
03/07/1994	0.002022912
04/07/1994	0.001011456
05/07/1994	0.000505728
06/07/1994	0.000252864
07/07/1994	0.000126432
08/07/1994	6.3216E-05
09/07/1994	3.1608E-05
10/07/1994	1.5804E-05
11/07/1994	7.902E-06
12/07/1994	3.951E-06
13/07/1994	1.9755E-06
14/07/1994	9.87749E-07
15/07/1994	0
16/07/1994	0
17/07/1994	7.56654E-05
18/07/1994	9.79375E-05
19/07/1994	4.89687E-05
20/07/1994	2.44844E-05
21/07/1994	1.22422E-05
22/07/1994	6.12109E-06
23/07/1994	3.06055E-06
24/07/1994	1.53027E-06
25/07/1994	7.65138E-07
26/07/1994	0
27/07/1994	0.000327921
28/07/1994	0.000424445
29/07/1994	0.000212222
30/07/1994	0.087173874
31/07/1994	0.121091546
01/08/1994	0.067172679
02/08/1994	0.03358617
03/08/1994	0.016793043
04/08/1994	0.00839651
05/08/1994	0.004198252
06/08/1994	0.002099126
07/08/1994	0.040910909
08/08/1994	0.052119107
09/08/1994	0.043885339
10/08/1994	0.640913901
11/08/1994	0.800842512
12/08/1994	0.400397189
13/08/1994	0.200192574
14/08/1994	0.100094786
15/08/1994	0.050047016
16/08/1994	0.025023414
17/08/1994	0.046972535
18/08/1994	0.050860047
19/08/1994	0.025429925
20/08/1994	0.012714938
21/08/1994	0.006357463
22/08/1994	0.00317873
23/08/1994	0.001589365
24/08/1994	0.03579142
25/08/1994	0.079394123
26/08/1994	0.066465433
27/08/1994	0.03323255
28/08/1994	0.016616234
29/08/1994	0.008308106
30/08/1994	0.00415405
31/08/1994	0.002077024
01/09/1994	0.020973178
02/09/1994	0.026321636
03/09/1994	0.013160791
04/09/1994	0.006580389
05/09/1994	0.011288242
06/09/1994	0.028032371
07/09/1994	0.124460381
08/09/1994	0.282879738
09/09/1994	0.31932135
10/09/1994	0.314816316
11/09/1994	0.959918709
12/09/1994	1.051663786
13/09/1994	0.876357163
14/09/1994	2.14797312
15/09/1994	4.09010688
16/09/1994	3.5983872
17/09/1994	1.84743936
18/09/1994	0.923613387
19/09/1994	3.2223744
20/09/1994	3.80312064
21/09/1994	1.99784448
22/09/1994	3.60861696
23/09/1994	5.08958208
24/09/1994	3.55567104
25/09/1994	2.01457152
26/09/1994	2.26962432
27/09/1994	1.98775296
28/09/1994	0.993702159
29/09/1994	0.496814045
30/09/1994	0.248397761
01/10/1994	0.124196563
02/10/1994	0.503818072
03/10/1994	0.602763338
04/10/1994	0.301368038
05/10/1994	0.150680605
06/10/1994	0.075339452
07/10/1994	0.037669512
08/10/1994	0.018834702
09/10/1994	0.009417338
10/10/1994	0.004708665
11/10/1994	0.002354332
12/10/1994	0.001177166
13/10/1994	0.000588583
14/10/1994	0.000294291
15/10/1994	0.000147146
16/10/1994	7.35728E-05
17/10/1994	3.67864E-05
18/10/1994	0.127645528
19/10/1994	1.1522321
20/10/1994	1.50253056
21/10/1994	2.08977408
22/10/1994	4.94028288
23/10/1994	5.71014144
24/10/1994	4.99433472
25/10/1994	5.920128
26/10/1994	5.14612224
27/10/1994	4.11692544
28/10/1994	3.0592512
29/10/1994	2.9852928
30/10/1994	2.64881664
31/10/1994	1.324121956
01/11/1994	0.775216577
02/11/1994	0.477521022
03/11/1994	0.943548342
04/11/1994	5.00898816
05/11/1994	6.00846336
06/11/1994	3.2783616
07/11/1994	1.93314816
08/11/1994	1.68486912
09/11/1994	5.14446336
10/11/1994	6.67049472
11/11/1994	5.54522112
12/11/1994	5.58683136
13/11/1994	4.12867584
14/11/1994	2.06364672
15/11/1994	2.04885504
16/11/1994	3.8893824
17/11/1994	3.93527808
18/11/1994	2.668032
19/11/1994	1.66496256
20/11/1994	0.832365601
21/11/1994	0.416156811
22/11/1994	0.208071908
23/11/1994	0.104034328
24/11/1994	0.052016756
25/11/1994	0.026008276
26/11/1994	0.013004113
27/11/1994	0.00650205
28/11/1994	0.003251023
29/11/1994	0.001625511
30/11/1994	0.000812755
01/12/1994	0.000406378
02/12/1994	0.000203189
03/12/1994	0.015130535
04/12/1994	1.26447817
05/12/1994	2.92972032
06/12/1994	2.50394112
07/12/1994	2.1454848
08/12/1994	7.05106944
09/12/1994	13.53977856
10/12/1994	11.47723776
11/12/1994	5.80027392
12/12/1994	2.8988928
13/12/1994	1.44916992
14/12/1994	0.92836395
15/12/1994	0.626092153
16/12/1994	0.426941633
17/12/1994	0.303947002
18/12/1994	2.25773568
19/12/1994	3.35038464
20/12/1994	2.25068544
21/12/1994	2.74088448
22/12/1994	2.56545792
23/12/1994	1.282459903
24/12/1994	0.641168262
25/12/1994	0.320568703
26/12/1994	1.104549848
27/12/1994	4.10752512
28/12/1994	4.28087808
29/12/1994	6.16038912
30/12/1994	8.90431488
31/12/1994	7.95115008
01/01/1995	5.09372928
02/01/1995	2.54596608
03/01/1995	1.272706629
04/01/1995	0.636292565
05/01/1995	1.046700541
06/01/1995	1.102000772
07/01/1995	0.550954829
08/01/1995	1.43728128
09/01/1995	1.64132352
10/01/1995	0.820526451
11/01/1995	0.5477576
12/01/1995	0.383103876
13/01/1995	0.191546436
14/01/1995	0.095771838
15/01/1995	0.047885574
16/01/1995	0.023942701
17/01/1995	2.19442176
18/01/1995	4.52127744
19/01/1995	4.92936192
20/01/1995	5.06608128
21/01/1995	15.75092736
22/01/1995	24.32650752
23/01/1995	19.07753472
24/01/1995	12.09295872
25/01/1995	7.18391808
26/01/1995	4.73513472
27/01/1995	4.96226304
28/01/1995	5.42979072
29/01/1995	6.4433664
30/01/1995	5.1660288
31/01/1995	2.58204672
01/02/1995	2.6942976
02/02/1995	2.46150144
03/02/1995	1.230541881
04/02/1995	1.66828032
05/02/1995	1.8510336
06/02/1995	1.068942238
07/02/1995	0.534428251
08/02/1995	3.94108416
09/02/1995	5.46918912
10/02/1995	3.3924096
11/02/1995	3.55428864
12/02/1995	3.60032256
13/02/1995	3.80837376
14/02/1995	6.64492032
15/02/1995	7.50394368
16/02/1995	5.88860928
17/02/1995	7.0405632
18/02/1995	6.14877696
19/02/1995	3.7248768
20/02/1995	2.3798016
21/02/1995	1.291516006
22/02/1995	2.33846784
23/02/1995	4.5004032
24/02/1995	7.32492288
25/02/1995	8.8584192
26/02/1995	6.38074368
27/02/1995	3.18878208
28/02/1995	1.59404544
01/03/1995	1.42857216
02/03/1995	4.866048
03/03/1995	5.89068288
04/03/1995	3.82219776
05/03/1995	3.02372352
06/03/1995	2.12226048
07/03/1995	5.38057728
08/03/1995	6.11877888
09/03/1995	3.05800704
10/03/1995	1.52865792
11/03/1995	0.76423392
12/03/1995	0.382095042
13/03/1995	0.19104204
14/03/1995	0.47799965
15/03/1995	0.542801461
16/03/1995	0.446496095
17/03/1995	2.47601664
18/03/1995	3.96417024
19/03/1995	5.99851008
20/03/1995	5.5268352
21/03/1995	2.76231168
22/03/1995	1.380844703
23/03/1995	0.690350833
24/03/1995	0.345157535
25/03/1995	0.172574296
26/03/1995	0.086286029
27/03/1995	0.043142735
28/03/1995	1.41696
29/03/1995	1.81661184
30/03/1995	0.908178103
31/03/1995	0.454058114
01/04/1995	0.227021322
02/04/1995	0.113508726
03/04/1995	0.056753879
04/04/1995	0.028376818
05/04/1995	0.014188379
06/04/1995	0.007094182
07/04/1995	0.003547089
08/04/1995	0.001773544
09/04/1995	0.000886772
10/04/1995	0.000443386
11/04/1995	0.000221693
12/04/1995	0.000110846
13/04/1995	5.54232E-05
14/04/1995	2.77116E-05
15/04/1995	1.38558E-05
16/04/1995	6.9279E-06
17/04/1995	3.46395E-06
18/04/1995	0.151366759
19/04/1995	0.221336285
20/04/1995	0.130857677
21/04/1995	0.09241642
22/04/1995	0.150793367
23/04/1995	0.141443353
24/04/1995	0.18586415
25/04/1995	0.378370331
26/04/1995	0.388810658
27/04/1995	0.230581168
28/04/1995	0.115288591
29/04/1995	0.389519373
30/04/1995	0.458369833
01/05/1995	0.229177037
02/05/1995	0.114586543
03/05/1995	0.057292779
04/05/1995	0.028646266
05/05/1995	0.014323102
06/05/1995	0.007161543
07/05/1995	0.003580769
08/05/1995	0.001790384
09/05/1995	0.000895192
10/05/1995	0.000447596
11/05/1995	0.070004258
12/05/1995	0.101117666
13/05/1995	0.059046877
14/05/1995	0.029523307
15/05/1995	0.026707633
16/05/1995	0.234010142
17/05/1995	0.811910615
18/05/1995	0.824663462
19/05/1995	0.412306219
20/05/1995	0.206146737
21/05/1995	0.10307177
22/05/1995	0.051535485
23/05/1995	0.025767643
24/05/1995	0.260204341
25/05/1995	0.326553486
26/05/1995	0.163272748
27/05/1995	0.08163537
28/05/1995	0.040817435
29/05/1995	0.020408655
30/05/1995	0.010204311
31/05/1995	0.005102152
01/06/1995	0.002551075
02/06/1995	0.001275537
03/06/1995	0.000637768
04/06/1995	0.000318884
05/06/1995	0.000159442
06/06/1995	7.97211E-05
07/06/1995	3.98605E-05
08/06/1995	1.99303E-05
09/06/1995	9.96513E-06
10/06/1995	4.98257E-06
11/06/1995	0.004016236
12/06/1995	0.005196432
13/06/1995	0.002598215
14/06/1995	0.001299107
15/06/1995	0.000649554
16/06/1995	0.000324777
17/06/1995	0.000443085
18/06/1995	0.000444514
19/06/1995	0.000222257
20/06/1995	0.000111128
21/06/1995	5.55642E-05
22/06/1995	2.77821E-05
23/06/1995	1.38911E-05
24/06/1995	6.94553E-06
25/06/1995	3.47276E-06
26/06/1995	1.73638E-06
27/06/1995	8.68192E-07
28/06/1995	0
29/06/1995	0
30/06/1995	0
01/07/1995	0
02/07/1995	0.000507167
03/07/1995	0.003685666
04/07/1995	0.004249087
05/07/1995	0.002124543
06/07/1995	0.001062271
07/07/1995	0.000531136
08/07/1995	0.000265568
09/07/1995	0.000132784
10/07/1995	0.036437761
11/07/1995	0.047110308
12/07/1995	0.02355507
13/07/1995	0.011777514
14/07/1995	0.021485443
15/07/1995	0.26953908
16/07/1995	0.330495151
17/07/1995	0.16524347
18/07/1995	0.082620712
19/07/1995	0.041310099
20/07/1995	0.020654986
21/07/1995	0.010327476
22/07/1995	0.005163734
23/07/1995	0.002581866
24/07/1995	0.001290933
25/07/1995	0.000645466
26/07/1995	0.000322733
27/07/1995	0.000161367
28/07/1995	8.06833E-05
29/07/1995	4.03416E-05
30/07/1995	2.01708E-05
31/07/1995	0.000688669
01/08/1995	0.000883367
02/08/1995	0.000441683
03/08/1995	0.000220842
04/08/1995	0.034832948
05/08/1995	0.044998158
06/08/1995	0.052838349
07/08/1995	0.085708705
08/08/1995	0.070806854
09/08/1995	0.035403238
10/08/1995	0.017701571
11/08/1995	0.008850774
12/08/1995	0.004425384
13/08/1995	0.002212691
14/08/1995	0.001106345
15/08/1995	0.000553173
16/08/1995	0.000276586
17/08/1995	0.000138293
18/08/1995	6.91466E-05
19/08/1995	3.45733E-05
20/08/1995	1.72866E-05
21/08/1995	8.64332E-06
22/08/1995	4.32166E-06
23/08/1995	0.00162222
24/08/1995	0.002098004
25/08/1995	0.001049002
26/08/1995	0.000524501
27/08/1995	0.00026225
28/08/1995	0.000131125
29/08/1995	6.55626E-05
30/08/1995	3.27813E-05
31/08/1995	1.63906E-05
01/09/1995	8.19532E-06
02/09/1995	4.09766E-06
03/09/1995	2.04883E-06
04/09/1995	1.02442E-06
05/09/1995	5.12208E-07
06/09/1995	0.02972614
07/09/1995	0.330863533
08/09/1995	0.397678409
09/09/1995	0.198833274
10/09/1995	0.148860371
11/09/1995	0.113705871
12/09/1995	0.05685245
13/09/1995	0.028426103
14/09/1995	0.172458229
15/09/1995	0.584944782
16/09/1995	0.588752741
17/09/1995	0.620297492
18/09/1995	0.569029847
19/09/1995	2.14382592
20/09/1995	2.54831616
21/09/1995	1.273918717
22/09/1995	0.636898485
23/09/1995	0.318434029
24/09/1995	0.544901894
25/09/1995	0.578798286
26/09/1995	0.28938657
27/09/1995	0.373716164
28/09/1995	0.368774789
29/09/1995	0.184382286
30/09/1995	0.092189867
01/10/1995	0.046094614
02/10/1995	0.023047226
03/10/1995	0.011523593
04/10/1995	0.005761791
05/10/1995	0.002880895
06/10/1995	0.001440447
07/10/1995	0.000720223
08/10/1995	0.000360112
09/10/1995	0.000180056
10/10/1995	9.00279E-05
11/10/1995	4.5014E-05
12/10/1995	2.2507E-05
13/10/1995	1.12535E-05
14/10/1995	5.62674E-06
15/10/1995	2.81337E-06
16/10/1995	1.40669E-06
17/10/1995	7.03345E-07
18/10/1995	0
19/10/1995	0
20/10/1995	0
21/10/1995	0
22/10/1995	0
23/10/1995	0
24/10/1995	0.025859123
25/10/1995	0.033470669
26/10/1995	0.016735292
27/10/1995	0.008367635
28/10/1995	0.134551377
29/10/1995	0.440052563
30/10/1995	0.43386841
31/10/1995	0.216927148
01/11/1995	0.108461805
02/11/1995	0.05423046
03/11/1995	0.027115119
04/11/1995	0.013557532
05/11/1995	0.006778759
06/11/1995	0.003389378
07/11/1995	0.001694688
08/11/1995	0.000847344
09/11/1995	0.000423672
10/11/1995	0.023981899
11/11/1995	0.511386698
12/11/1995	0.803745082
13/11/1995	0.557552402
14/11/1995	0.475456007
15/11/1995	0.71562022
16/11/1995	2.09599488
17/11/1995	2.21612544
18/11/1995	1.107885427
19/11/1995	0.553896673
20/11/1995	0.276936828
21/11/1995	2.11009536
22/11/1995	2.62061568
23/11/1995	1.310072694
24/11/1995	0.654971969
25/11/1995	2.3452416
26/11/1995	3.07611648
27/11/1995	2.24322048
28/11/1995	1.49174784
29/11/1995	0.745797211
30/11/1995	0.372877738
01/12/1995	0.411323111
02/12/1995	2.37897216
03/12/1995	3.38259456
04/12/1995	2.2581504
05/12/1995	1.195177048
06/12/1995	0.597534935
07/12/1995	0.298754072
08/12/1995	0.149373684
09/12/1995	0.074686006
10/12/1995	0.037342793
11/12/1995	0.018671344
12/12/1995	0.009335659
13/12/1995	0.004667826
14/12/1995	0.002333912
15/12/1995	0.860995215
16/12/1995	3.10722048
17/12/1995	4.10102784
18/12/1995	2.94824448
19/12/1995	1.57911552
20/12/1995	0.789453541
21/12/1995	0.75996717
22/12/1995	2.99331072
23/12/1995	5.07396096
24/12/1995	6.27360768
25/12/1995	7.83226368
26/12/1995	7.13207808
27/12/1995	4.340736
28/12/1995	2.1696768
29/12/1995	2.09585664
30/12/1995	4.38898176
31/12/1995	5.06221056
01/01/1996	7.00724736
02/01/1996	6.5187072
03/01/1996	3.25776384
04/01/1996	1.79905536
05/01/1996	2.59504128
06/01/1996	6.286464
07/01/1996	6.80334336
08/01/1996	4.83342336
09/01/1996	3.83463936
10/01/1996	3.07736064
11/01/1996	3.96721152
12/01/1996	3.54392064
13/01/1996	1.77735168
14/01/1996	0.888556539
15/01/1996	0.444248645
16/01/1996	0.222116913
17/01/1996	0.111056607
18/01/1996	0.05552784
19/01/1996	0.027763804
20/01/1996	0.013881873
21/01/1996	0.006940929
22/01/1996	3.81639168
23/01/1996	7.88534784
24/01/1996	6.28273152
25/01/1996	3.13998336
26/01/1996	1.56957696
27/01/1996	0.784701914
28/01/1996	0.392327857
29/01/1996	0.19615815
30/01/1996	0.098077632
31/01/1996	0.049038454
01/02/1996	0.024519137
02/02/1996	0.012259545
03/02/1996	0.006129767
04/02/1996	0.003064882
05/02/1996	3.28790016
06/02/1996	5.24178432
07/02/1996	5.79184128
08/02/1996	4.79015424
09/02/1996	3.04100352
10/02/1996	2.7378432
11/02/1996	2.6390016
12/02/1996	3.65810688
13/02/1996	3.23744256
14/02/1996	1.61837568
15/02/1996	0.809078672
16/02/1996	0.404514778
17/02/1996	0.202251244
18/02/1996	1.86084864
19/02/1996	2.46523392
20/02/1996	1.341558264
21/02/1996	0.670711629
22/02/1996	0.727056346
23/02/1996	0.679855583
24/02/1996	0.61536784
25/02/1996	1.52851968
26/02/1996	1.9436544
27/02/1996	1.27437943
28/02/1996	0.637128806
29/02/1996	0.318549169
01/03/1996	0.159270783
02/03/1996	0.079634435
03/03/1996	0.03981698
04/03/1996	0.019908429
05/03/1996	0.0099542
06/03/1996	0.004977096
07/03/1996	0.002488547
08/03/1996	0.519494861
09/03/1996	0.671387139
10/03/1996	0.335676663
11/03/1996	0.167834101
12/03/1996	0.083915993
13/03/1996	0.041957731
14/03/1996	0.020978799
15/03/1996	0.010489383
16/03/1996	0.005244687
17/03/1996	0.002622343
18/03/1996	0.001311171
19/03/1996	0.210417924
20/03/1996	0.271828293
21/03/1996	0.135911371
22/03/1996	0.067954991
23/03/1996	0.033977321
24/03/1996	0.087359976
25/03/1996	0.099578741
26/03/1996	0.314781604
27/03/1996	0.409983289
28/03/1996	0.238431431
29/03/1996	0.119213581
30/03/1996	0.059606257
31/03/1996	0.029802994
01/04/1996	0.233853724
02/04/1996	0.290845445
03/04/1996	0.14541955
04/04/1996	0.07270898
05/04/1996	0.03635429
06/04/1996	0.018177096
07/04/1996	0.009088535
08/04/1996	0.004544264
09/04/1996	0.002272131
10/04/1996	0.051476787
11/04/1996	0.065726219
12/04/1996	0.032862946
13/04/1996	0.016431433
14/04/1996	0.008215706
15/04/1996	0.00410785
16/04/1996	0.032183284
17/04/1996	0.044581181
18/04/1996	0.025909892
19/04/1996	0.01295492
20/04/1996	0.006477454
21/04/1996	0.003238725
22/04/1996	0.324911223
23/04/1996	0.424117362
24/04/1996	0.215918494
25/04/1996	0.107957495
26/04/1996	0.05397831
27/04/1996	0.026989044
28/04/1996	0.013494495
29/04/1996	0.00674724
30/04/1996	0.003373618
01/05/1996	0.237336003
02/05/1996	0.748369111
03/05/1996	0.72566102
04/05/1996	0.362810756
05/05/1996	0.181400436
06/05/1996	0.090698983
07/05/1996	0.209819967
08/05/1996	0.964269854
09/05/1996	1.060909305
10/05/1996	0.530412434
11/05/1996	0.265195662
12/05/1996	0.132595191
13/05/1996	0.066296935
14/05/1996	0.033148301
15/05/1996	0.016574109
16/05/1996	0.12338355
17/05/1996	0.15311696
18/05/1996	0.311412681
19/05/1996	0.342254924
20/05/1996	0.171123066
21/05/1996	0.088584662
22/05/1996	0.046694326
23/05/1996	0.023347081
24/05/1996	0.016940708
25/05/1996	1.069940897
26/05/1996	1.38392064
27/05/1996	0.699293911
28/05/1996	0.349628604
29/05/1996	0.174809719
30/05/1996	0.087403711
31/05/1996	0.043701568
01/06/1996	0.021850712
02/06/1996	0.010925338
03/06/1996	0.005462664
04/06/1996	0.002731331
05/06/1996	0.001365665
06/06/1996	0.000682833
07/06/1996	0.000341416
08/06/1996	0.000170708
09/06/1996	8.53541E-05
10/06/1996	4.2677E-05
11/06/1996	2.13385E-05
12/06/1996	1.06693E-05
13/06/1996	5.33463E-06
14/06/1996	2.66731E-06
15/06/1996	1.33366E-06
16/06/1996	6.66829E-07
17/06/1996	0
18/06/1996	0
19/06/1996	0
20/06/1996	0
21/06/1996	0.118746138
22/06/1996	0.153697319
23/06/1996	0.076847775
24/06/1996	0.038423666
25/06/1996	0.019211777
26/06/1996	0.009605874
27/06/1996	0.004802934
28/06/1996	0.002401466
29/06/1996	0.001200733
30/06/1996	0.000600366
01/07/1996	0.000300183
02/07/1996	0.000150092
03/07/1996	0.031380455
04/07/1996	0.045621427
05/07/1996	0.040335729
06/07/1996	0.084797381
07/07/1996	0.100615529
08/07/1996	0.062539461
09/07/1996	0.031269584
10/07/1996	0.015634755
11/07/1996	0.007817368
12/07/1996	0.003908682
13/07/1996	0.00195434
14/07/1996	0.00097717
15/07/1996	0.000488585
16/07/1996	0.000244292
17/07/1996	0.000122146
18/07/1996	6.10731E-05
19/07/1996	3.05366E-05
20/07/1996	1.52683E-05
21/07/1996	7.63414E-06
22/07/1996	3.81707E-06
23/07/1996	1.90854E-06
24/07/1996	9.54268E-07
25/07/1996	0
26/07/1996	0
27/07/1996	0
28/07/1996	0
29/07/1996	0
30/07/1996	0
31/07/1996	0
01/08/1996	0
02/08/1996	0
03/08/1996	0
04/08/1996	0
05/08/1996	0.000712313
06/08/1996	0.009896017
07/08/1996	0.012076519
08/08/1996	0.006038254
09/08/1996	0.003019126
10/08/1996	0.179463458
11/08/1996	0.231085509
12/08/1996	0.115540747
13/08/1996	0.057769871
14/08/1996	0.02888481
15/08/1996	0.014442374
16/08/1996	0.007221179
17/08/1996	0.003610587
18/08/1996	0.001805293
19/08/1996	0.000902646
20/08/1996	0.000451323
21/08/1996	0.007392571
22/08/1996	0.009389312
23/08/1996	0.004694653
24/08/1996	0.019677137
25/08/1996	0.023604459
26/08/1996	0.011802208
27/08/1996	0.005901099
28/08/1996	0.002950548
29/08/1996	0.001475274
30/08/1996	0.000737637
31/08/1996	0.000368818
01/09/1996	0.000184409
02/09/1996	9.22046E-05
03/09/1996	4.61023E-05
04/09/1996	2.30511E-05
05/09/1996	1.15256E-05
06/09/1996	5.76279E-06
07/09/1996	2.88139E-06
08/09/1996	1.4407E-06
09/09/1996	7.20349E-07
10/09/1996	0
11/09/1996	0
12/09/1996	0
13/09/1996	0
14/09/1996	0
15/09/1996	0
16/09/1996	0
17/09/1996	0
18/09/1996	0.022300007
19/09/1996	0.037710668
20/09/1996	0.025882661
21/09/1996	0.012941305
22/09/1996	0.006470646
23/09/1996	0.003235321
24/09/1996	0.032112823
25/09/1996	0.079650594
26/09/1996	0.113743417
27/09/1996	0.090745743
28/09/1996	0.045372562
29/09/1996	0.022686203
30/09/1996	0.458866405
01/10/1996	1.9581696
02/10/1996	2.06972928
03/10/1996	1.03469325
04/10/1996	0.561999859
05/10/1996	0.316489794
06/10/1996	0.15824113
07/10/1996	0.079119628
08/10/1996	0.039559578
09/10/1996	0.01977973
10/10/1996	0.00988985
11/10/1996	0.004944921
12/10/1996	0.00247246
13/10/1996	0.00123623
14/10/1996	0.002696312
15/10/1996	0.00299897
16/10/1996	0.299695639
17/10/1996	0.386709079
18/10/1996	0.19334892
19/10/1996	0.096673058
20/10/1996	0.115521701
21/10/1996	0.127524982
22/10/1996	0.076786189
23/10/1996	0.038392873
24/10/1996	0.019196381
25/10/1996	0.009598176
26/10/1996	0.050127495
27/10/1996	0.061070088
28/10/1996	0.213307417
29/10/1996	0.251834435
30/10/1996	0.12591484
31/10/1996	0.080394759
01/11/1996	0.054048915
02/11/1996	0.027024347
03/11/1996	0.013512146
04/11/1996	0.863251085
05/11/1996	1.111892991
06/11/1996	1.301012126
07/11/1996	1.43659008
08/11/1996	0.872521832
09/11/1996	0.436232356
10/11/1996	2.59877376
11/11/1996	4.76361216
12/11/1996	4.87655424
13/11/1996	3.42669312
14/11/1996	1.71293184
15/11/1996	0.89176361
16/11/1996	0.521147506
17/11/1996	0.878957955
18/11/1996	1.093420906
19/11/1996	5.75963136
20/11/1996	6.89582592
21/11/1996	5.36744448
22/11/1996	4.21092864
23/11/1996	2.10691584
24/11/1996	4.63629312
25/11/1996	5.94072576
26/11/1996	4.61348352
27/11/1996	4.0137984
28/11/1996	2.72388096
29/11/1996	2.81152512
30/11/1996	2.82203136
01/12/1996	2.10456576
02/12/1996	1.43258112
03/12/1996	5.33647872
04/12/1996	8.3096064
05/12/1996	8.89311744
06/12/1996	7.634304
07/12/1996	4.34792448
08/12/1996	2.17327104
09/12/1996	1.086448924
10/12/1996	0.543180184
11/12/1996	0.795569002
12/12/1996	1.232623609
13/12/1996	1.66192128
14/12/1996	1.39719168
15/12/1996	0.698522518
16/12/1996	0.58165456
17/12/1996	0.515036303
18/12/1996	0.850058842
19/12/1996	1.43866368
20/12/1996	1.170337601
21/12/1996	1.243102118
22/12/1996	1.60261632
23/12/1996	1.9084032
24/12/1996	2.72650752
25/12/1996	2.69650944
26/12/1996	1.66123008
27/12/1996	0.830545644
28/12/1996	0.415246943
29/12/1996	0.207617002
30/12/1996	0.103806882
31/12/1996	0.051903036
01/01/1997	0.025951416
02/01/1997	0.012975683
03/01/1997	0.006487835
04/01/1997	0.081749869
05/01/1997	0.10323535
06/01/1997	0.051617273
07/01/1997	0.025808537
08/01/1997	0.347079984
09/01/1997	0.438978507
10/01/1997	0.219482031
11/01/1997	0.109739203
12/01/1997	0.054869149
13/01/1997	0.027434461
14/01/1997	0.013717202
15/01/1997	0.006858594
16/01/1997	0.037198413
17/01/1997	0.778346344
18/01/1997	1.97102592
19/01/1997	1.77942528
20/01/1997	0.88960437
21/01/1997	4.22005248
22/01/1997	5.10700032
23/01/1997	3.15297792
24/01/1997	2.30764032
25/01/1997	1.35571516
26/01/1997	0.677788646
27/01/1997	0.338877085
28/01/1997	0.169434229
29/01/1997	0.084716038
30/01/1997	0.042357749
31/01/1997	0.021178806
01/02/1997	0.010589386
02/02/1997	0.796224716
03/02/1997	1.026311469
04/02/1997	1.158499847
05/02/1997	1.091820723
06/02/1997	0.545865648
07/02/1997	0.272921647
08/02/1997	0.136458026
09/02/1997	0.068228313
10/02/1997	1.106033993
11/02/1997	1.85476608
12/02/1997	2.7343872
13/02/1997	6.0079104
14/02/1997	8.12726784
15/02/1997	5.92994304
16/02/1997	3.40512768
17/02/1997	2.52799488
18/02/1997	1.71929088
19/02/1997	0.921533566
20/02/1997	0.460734926
21/02/1997	0.2303595
22/02/1997	0.115177755
23/02/1997	1.59791616
24/02/1997	7.67674368
25/02/1997	10.1689344
26/02/1997	6.5788416
27/02/1997	3.31471872
28/02/1997	1.65694464
01/03/1997	0.828378068
02/03/1997	0.414163294
03/03/1997	0.207075212
04/03/1997	0.103535994
05/03/1997	0.051767594
06/03/1997	0.025883695
07/03/1997	0.012941823
08/03/1997	0.006470905
09/03/1997	0.003235451
10/03/1997	0.001617725
11/03/1997	0.000808862
12/03/1997	0.000404431
13/03/1997	0.000202216
14/03/1997	0.000101108
15/03/1997	5.05539E-05
16/03/1997	2.52769E-05
17/03/1997	1.26385E-05
18/03/1997	6.31923E-06
19/03/1997	3.15962E-06
20/03/1997	1.57981E-06
21/03/1997	7.89905E-07
22/03/1997	0
23/03/1997	0
24/03/1997	0.083948209
25/03/1997	0.108657487
26/03/1997	0.054328301
27/03/1997	0.027164038
28/03/1997	0.013581991
29/03/1997	0.006790989
30/03/1997	0.003395492
31/03/1997	0.001697746
01/04/1997	0.000848873
02/04/1997	0.000424436
03/04/1997	0.000212218
04/04/1997	0.000106109
05/04/1997	5.30545E-05
06/04/1997	2.65273E-05
07/04/1997	1.32636E-05
08/04/1997	6.63182E-06
09/04/1997	3.31591E-06
10/04/1997	1.65795E-06
11/04/1997	8.28978E-07
12/04/1997	0
13/04/1997	0
14/04/1997	0
15/04/1997	0
16/04/1997	0
17/04/1997	0
18/04/1997	0
19/04/1997	0
20/04/1997	0
21/04/1997	0
22/04/1997	0
23/04/1997	0
24/04/1997	0
25/04/1997	0
26/04/1997	0.052787153
27/04/1997	0.077419082
28/04/1997	0.04593342
29/04/1997	0.02296663
30/04/1997	0.011483295
01/05/1997	0.005741642
02/05/1997	0.00287082
03/05/1997	0.00143541
04/05/1997	0.109131705
05/05/1997	0.432586939
06/05/1997	0.681943145
07/05/1997	0.535021549
08/05/1997	0.930422025
09/05/1997	0.994350118
10/05/1997	0.589268404
11/05/1997	0.790514989
12/05/1997	0.734954011
13/05/1997	1.63496448
14/05/1997	1.8240768
15/05/1997	0.911929066
16/05/1997	0.870396558
17/05/1997	0.974450249
18/05/1997	1.177553563
19/05/1997	1.53294336
20/05/1997	1.97282304
21/05/1997	1.6111872
22/05/1997	0.805485648
23/05/1997	0.402718487
24/05/1997	0.569961972
25/05/1997	0.577760781
26/05/1997	0.288867866
27/05/1997	0.144430802
28/05/1997	0.072214617
29/05/1997	0.036107113
30/05/1997	0.018053507
31/05/1997	0.009026741
01/06/1997	0.004513367
02/06/1997	0.002256683
03/06/1997	0.001128341
04/06/1997	0.000564171
05/06/1997	0.000282085
06/06/1997	0.026399317
07/06/1997	0.034057827
08/06/1997	0.017028869
09/06/1997	0.008514424
10/06/1997	0.054818758
11/06/1997	0.067572602
12/06/1997	0.03378613
13/06/1997	0.026902849
14/06/1997	0.02140269
15/06/1997	0.010701328
16/06/1997	0.00535066
17/06/1997	0.002675329
18/06/1997	0.001337664
19/06/1997	0.057857575
20/06/1997	0.222943076
21/06/1997	0.365687544
22/06/1997	0.371063269
23/06/1997	0.456547028
24/06/1997	0.393040083
25/06/1997	0.611655045
26/06/1997	1.10271727
27/06/1997	1.39968
28/06/1997	1.45552896
29/06/1997	3.23564544
30/06/1997	4.71025152
01/07/1997	4.30424064
02/07/1997	3.24808704
03/07/1997	2.58135552
04/07/1997	2.51430912
05/07/1997	1.82117376
06/07/1997	0.910482841
07/07/1997	0.455210316
08/07/1997	0.227597382
09/07/1997	0.113796747
10/07/1997	0.512776894
11/07/1997	0.618488276
12/07/1997	0.309229789
13/07/1997	0.154611307
14/07/1997	0.077304755
15/07/1997	0.038652153
16/07/1997	0.01932602
17/07/1997	0.009662996
18/07/1997	0.004831494
19/07/1997	0.002415746
20/07/1997	0.001207873
21/07/1997	0.000603936
22/07/1997	0.000301968
23/07/1997	0.000150984
24/07/1997	7.5492E-05
25/07/1997	3.7746E-05
26/07/1997	1.8873E-05
27/07/1997	9.4365E-06
28/07/1997	4.71825E-06
29/07/1997	2.35913E-06
30/07/1997	1.17956E-06
31/07/1997	5.89783E-07
01/08/1997	0
02/08/1997	0
03/08/1997	0
04/08/1997	0.02356992
05/08/1997	0.105955516
06/08/1997	0.123444408
07/08/1997	0.070090546
08/08/1997	0.035045088
09/08/1997	0.017522498
10/08/1997	0.008761237
11/08/1997	0.004380616
12/08/1997	0.002190307
13/08/1997	0.001095153
14/08/1997	0.000547577
15/08/1997	0.000273788
16/08/1997	0.000136894
17/08/1997	6.84471E-05
18/08/1997	3.42235E-05
19/08/1997	1.71118E-05
20/08/1997	8.55588E-06
21/08/1997	4.27794E-06
22/08/1997	2.13897E-06
23/08/1997	1.06949E-06
24/08/1997	5.34743E-07
25/08/1997	0
26/08/1997	0
27/08/1997	0.125987568
28/08/1997	0.427394728
29/08/1997	0.67298941
30/08/1997	0.534533534
31/08/1997	0.267256047
01/09/1997	0.340678863
02/09/1997	0.33480405
03/09/1997	0.167397816
04/09/1997	0.083697855
05/09/1997	0.041848664
06/09/1997	0.020924266
07/09/1997	0.010462116
08/09/1997	0.005231054
09/09/1997	0.002615526
10/09/1997	0.001307763
11/09/1997	0.000653881
12/09/1997	0.031518738
13/09/1997	0.040536446
14/09/1997	0.020268161
15/09/1997	0.010134065
16/09/1997	0.005067029
17/09/1997	0.002533513
18/09/1997	0.001266756
19/09/1997	0.000633378
20/09/1997	0.000316689
21/09/1997	0.000158345
22/09/1997	7.91723E-05
23/09/1997	3.95861E-05
24/09/1997	1.97931E-05
25/09/1997	9.89653E-06
26/09/1997	4.94827E-06
27/09/1997	2.47413E-06
28/09/1997	1.23707E-06
29/09/1997	6.18534E-07
30/09/1997	0
01/10/1997	0
02/10/1997	0
03/10/1997	0
04/10/1997	0
05/10/1997	0
06/10/1997	0.218719996
07/10/1997	0.323491443
08/10/1997	0.193830894
09/10/1997	0.109407867
10/10/1997	0.346514209
11/10/1997	0.555217031
12/10/1997	0.403144957
13/10/1997	0.201566389
14/10/1997	0.100781666
15/10/1997	0.436217689
16/10/1997	0.524570812
17/10/1997	0.26227508
18/10/1997	0.131134958
19/10/1997	0.152885394
20/10/1997	1.256904995
21/10/1997	1.5489792
22/10/1997	1.082916905
23/10/1997	0.762427635
24/10/1997	0.381192003
25/10/1997	0.190590548
26/10/1997	0.095293911
27/10/1997	0.047646614
28/10/1997	0.023823221
29/10/1997	0.011911589
30/10/1997	0.005955789
31/10/1997	0.002977893
01/11/1997	0.001488946
02/11/1997	0.000744473
03/11/1997	0.000372236
04/11/1997	0.14603516
05/11/1997	0.442120813
06/11/1997	1.79186688
07/11/1997	2.7212544
08/11/1997	3.6695808
09/11/1997	6.24195072
10/11/1997	8.2204416
11/11/1997	6.45152256
12/11/1997	3.39075072
13/11/1997	1.71389952
14/11/1997	0.871953694
15/11/1997	0.500944311
16/11/1997	0.302091545
17/11/1997	0.151042351
18/11/1997	0.829360277
19/11/1997	2.16843264
20/11/1997	2.97575424
21/11/1997	2.95460352
22/11/1997	2.04885504
23/11/1997	1.04127288
24/11/1997	0.64718343
25/11/1997	0.424128656
26/11/1997	0.212057575
27/11/1997	1.230866772
28/11/1997	2.66291712
29/11/1997	3.17067264
30/11/1997	2.31787008
01/12/1997	1.71168768
02/12/1997	1.294891025
03/12/1997	0.64738262
04/12/1997	0.323675592
05/12/1997	0.161833863
06/12/1997	0.080915946
07/12/1997	0.040457728
08/12/1997	1.5220224
09/12/1997	2.22179328
10/12/1997	4.41068544
11/12/1997	7.90262784
12/12/1997	6.52713984
13/12/1997	3.26191104
14/12/1997	1.6305408
15/12/1997	0.815189143
16/12/1997	1.65943296
17/12/1997	5.34062592
18/12/1997	7.14797568
19/12/1997	5.0056704
20/12/1997	4.91816448
21/12/1997	4.31751168
22/12/1997	3.1027968
23/12/1997	2.36376576
24/12/1997	2.12308992
25/12/1997	2.01194496
26/12/1997	1.9090944
27/12/1997	1.51898112
28/12/1997	0.759427578
29/12/1997	0.379692154
30/12/1997	1.83942144
31/12/1997	2.89516032
01/01/1998	3.0951936
02/01/1998	6.25107456
03/01/1998	7.3840896
04/01/1998	5.84022528
05/01/1998	7.6322304
06/01/1998	7.46122752
07/01/1998	4.2640128
08/01/1998	2.15004672
09/01/1998	1.074836197
10/01/1998	0.537374767
11/01/1998	0.268676546
12/01/1998	0.134335565
13/01/1998	0.428038111
14/01/1998	0.782740745
15/01/1998	8.28306432
16/01/1998	10.87077888
17/01/1998	6.30388224
18/01/1998	12.659328
19/01/1998	13.64249088
20/01/1998	6.81426432
21/01/1998	3.40540416
22/01/1998	1.70228736
23/01/1998	0.851024061
24/01/1998	0.425484859
25/01/1998	0.212735642
26/01/1998	0.106366119
27/01/1998	0.053182634
28/01/1998	0.02659121
29/01/1998	0.013295579
30/01/1998	0.006647782
31/01/1998	0.00332389
01/02/1998	0.001661944
02/02/1998	0.000830972
03/02/1998	0.000415486
04/02/1998	0.000207743
05/02/1998	0.000103871
06/02/1998	5.19357E-05
07/02/1998	0.083854603
08/02/1998	0.108515704
09/02/1998	0.05425741
10/02/1998	0.027128594
11/02/1998	0.013564269
12/02/1998	0.006782128
13/02/1998	0.003391062
14/02/1998	0.00169553
15/02/1998	0.000847765
16/02/1998	0.000423883
17/02/1998	0.000211941
18/02/1998	0.000105971
19/02/1998	5.29853E-05
20/02/1998	2.64927E-05
21/02/1998	1.287013654
22/02/1998	1.66565376
23/02/1998	0.832713537
24/02/1998	0.416330759
25/02/1998	0.208158875
26/02/1998	0.10407781
27/02/1998	0.111687455
28/02/1998	0.103225052
01/03/1998	0.051612125
02/03/1998	0.025805962
03/03/1998	0.012902956
04/03/1998	0.240057368
05/03/1998	0.305586736
06/03/1998	0.152789857
07/03/1998	1.084655743
08/03/1998	2.00212992
09/03/1998	1.52437248
10/03/1998	0.966218983
11/03/1998	0.645194392
12/03/1998	0.322581575
13/03/1998	0.161286889
14/03/1998	0.080642464
15/03/1998	0.040320987
16/03/1998	0.020160432
17/03/1998	0.010080201
18/03/1998	0.005040096
19/03/1998	0.002520047
20/03/1998	0.001260023
21/03/1998	0.000630012
22/03/1998	0.000315006
23/03/1998	0.000157503
24/03/1998	7.87514E-05
25/03/1998	3.93757E-05
26/03/1998	1.96879E-05
27/03/1998	9.84393E-06
28/03/1998	4.92197E-06
29/03/1998	0.125560919
30/03/1998	0.191250243
31/03/1998	0.11844875
01/04/1998	0.509877863
02/04/1998	2.14631424
03/04/1998	5.08640256
04/04/1998	6.13564416
05/04/1998	4.68467712
06/04/1998	7.41491712
07/04/1998	8.2453248
08/04/1998	5.9595264
09/04/1998	6.3528192
10/04/1998	7.07705856
11/04/1998	6.57552384
12/04/1998	4.82554368
13/04/1998	2.69927424
14/04/1998	3.30932736
15/04/1998	3.75293952
16/04/1998	5.50858752
17/04/1998	5.62540032
18/04/1998	3.07321344
19/04/1998	2.654208
20/04/1998	2.21474304
21/04/1998	1.107157027
22/04/1998	0.553532535
23/04/1998	0.297341992
24/04/1998	0.165021014
25/04/1998	3.68810496
26/04/1998	4.99889664
27/04/1998	3.6951552
28/04/1998	4.1409792
29/04/1998	3.90237696
30/04/1998	2.7433728
01/05/1998	1.61063424
02/05/1998	0.805194985
03/05/1998	0.402573169
04/05/1998	0.201280509
05/05/1998	0.100638731
06/05/1998	0.050318984
07/05/1998	0.025159397
08/05/1998	0.012579674
09/05/1998	0.006289831
10/05/1998	0.003144914
11/05/1998	0.001572457
12/05/1998	0.000786228
13/05/1998	0.000393114
14/05/1998	0.000196557
15/05/1998	9.82785E-05
16/05/1998	4.91393E-05
17/05/1998	2.45696E-05
18/05/1998	1.22848E-05
19/05/1998	6.14241E-06
20/05/1998	3.0712E-06
21/05/1998	1.5356E-06
22/05/1998	7.678E-07
23/05/1998	0
24/05/1998	0
25/05/1998	0
26/05/1998	0
27/05/1998	0.168580321
28/05/1998	0.218198445
29/05/1998	0.109097438
30/05/1998	0.089804895
31/05/1998	0.138864928
01/06/1998	0.15126554
02/06/1998	0.099018586
03/06/1998	0.049508924
04/06/1998	0.635044866
05/06/1998	0.802260177
06/06/1998	0.401105945
07/06/1998	0.200546938
08/06/1998	0.100271957
09/06/1998	0.0501356
10/06/1998	0.025067705
11/06/1998	0.012533829
12/06/1998	0.006266908
13/06/1998	0.283678917
14/06/1998	0.610279792
15/06/1998	0.500210948
16/06/1998	0.25009608
17/06/1998	0.125045696
18/06/1998	0.06252226
19/06/1998	0.031260983
20/06/1998	0.015630454
21/06/1998	0.007815218
22/06/1998	0.003907607
23/06/1998	0.001953803
24/06/1998	0.000976901
25/06/1998	0.000488451
26/06/1998	0.000244225
27/06/1998	0.000122113
28/06/1998	6.10563E-05
29/06/1998	3.05282E-05
30/06/1998	1.52641E-05
01/07/1998	0.004968065
02/07/1998	0.009983303
03/07/1998	0.007818701
04/07/1998	0.003909348
05/07/1998	0.001954674
06/07/1998	0.000977337
07/07/1998	0.000488668
08/07/1998	0.000244334
09/07/1998	0.000122167
10/07/1998	6.10835E-05
11/07/1998	3.05418E-05
12/07/1998	1.52709E-05
13/07/1998	0.002331182
14/07/1998	0.003011299
15/07/1998	0.001505649
16/07/1998	0.000752824
17/07/1998	0.000376412
18/07/1998	0.000188206
19/07/1998	9.4103E-05
20/07/1998	0.002660667
21/07/1998	0.003406457
22/07/1998	0.001703228
23/07/1998	0.000851614
24/07/1998	0.000425807
25/07/1998	0.000212903
26/07/1998	0.000106452
27/07/1998	5.32259E-05
28/07/1998	0.001026477
29/07/1998	0.00130748
30/07/1998	0.00065374
31/07/1998	0.00032687
01/08/1998	0.000163435
02/08/1998	0.001633312
03/08/1998	0.002049164
04/08/1998	0.001024582
05/08/1998	0.000512291
06/08/1998	0.000256145
07/08/1998	0.000128073
08/08/1998	6.40364E-05
09/08/1998	3.20182E-05
10/08/1998	1.60091E-05
11/08/1998	8.00454E-06
12/08/1998	4.00227E-06
13/08/1998	2.00114E-06
14/08/1998	1.00057E-06
15/08/1998	5.00285E-07
16/08/1998	0
17/08/1998	0
18/08/1998	0
19/08/1998	0
20/08/1998	0
21/08/1998	0.002258155
22/08/1998	0.002922842
23/08/1998	0.001461421
24/08/1998	0.00073071
25/08/1998	0.000365355
26/08/1998	0.000182678
27/08/1998	9.13388E-05
28/08/1998	4.56694E-05
29/08/1998	2.28347E-05
30/08/1998	1.14173E-05
31/08/1998	5.70867E-06
01/09/1998	0.002916112
02/09/1998	0.0037722
03/09/1998	0.001886099
04/09/1998	0.014325119
05/09/1998	0.01779258
06/09/1998	0.008896278
07/09/1998	0.004448136
08/09/1998	0.015266847
09/09/1998	0.017993928
10/09/1998	0.008996952
11/09/1998	0.208506189
12/09/1998	0.47117647
13/09/1998	0.398318073
14/09/1998	0.199153078
15/09/1998	0.256918446
16/09/1998	0.253440147
17/09/1998	0.126717666
18/09/1998	0.063358229
19/09/1998	0.031678964
20/09/1998	0.015839444
21/09/1998	0.007919712
22/09/1998	0.003959854
23/09/1998	0.001979926
24/09/1998	0.000989963
25/09/1998	0.08453433
26/09/1998	0.354133431
27/09/1998	0.409666623
28/09/1998	0.234937746
29/09/1998	0.186539466
30/09/1998	0.399201952
01/10/1998	2.90497536
02/10/1998	3.54461184
03/10/1998	1.85324544
04/10/1998	0.939546902
05/10/1998	0.48011399
06/10/1998	0.240048341
07/10/1998	0.120022007
08/10/1998	0.765282208
09/10/1998	0.942809546
10/10/1998	0.949325447
11/10/1998	1.7051904
12/10/1998	1.52838144
13/10/1998	0.76411607
14/10/1998	0.388921776
15/10/1998	0.199924775
16/10/1998	0.099960889
17/10/1998	0.492482875
18/10/1998	0.597717716
19/10/1998	0.298845449
20/10/1998	0.149419372
21/10/1998	0.07470885
22/10/1998	0.037354215
23/10/1998	1.350577304
24/10/1998	4.516992
25/10/1998	4.46846976
26/10/1998	2.7461376
27/10/1998	2.32326144
28/10/1998	2.99303424
29/10/1998	2.87428608
30/10/1998	1.7328384
31/10/1998	2.7703296
01/11/1998	2.84373504
02/11/1998	1.86195456
03/11/1998	2.06226432
04/11/1998	1.65169152
05/11/1998	0.825730855
06/11/1998	0.412839853
07/11/1998	0.206413526
08/11/1998	0.103205164
09/11/1998	3.48323328
10/11/1998	4.48671744
11/11/1998	3.12062976
12/11/1998	2.2443264
13/11/1998	1.61588736
14/11/1998	1.200112506
15/11/1998	0.600002229
16/11/1998	0.299987601
17/11/1998	0.149990428
18/11/1998	0.074994368
19/11/1998	0.037496972
20/11/1998	0.018748434
21/11/1998	0.009374203
22/11/1998	0.004687098
23/11/1998	0.002343548
24/11/1998	0.874396118
25/11/1998	1.130751374
26/11/1998	0.565327725
27/11/1998	1.067270253
28/11/1998	1.64007936
29/11/1998	1.203794376
30/11/1998	0.601842839
01/12/1998	0.300907824
02/12/1998	0.150450518
03/12/1998	0.075224407
04/12/1998	0.037611991
05/12/1998	0.018805942
06/12/1998	0.009402957
07/12/1998	0.004701475
08/12/1998	0.002350737
09/12/1998	1.3886208
10/12/1998	3.7642752
11/12/1998	3.95380224
12/12/1998	2.73411072
13/12/1998	1.64740608
14/12/1998	0.823604226
15/12/1998	0.411776663
16/12/1998	0.205881966
17/12/1998	0.102939394
18/12/1998	0.650591889
19/12/1998	4.05333504
20/12/1998	4.91968512
21/12/1998	2.706048
22/12/1998	1.352752663
23/12/1998	1.179060296
24/12/1998	0.988813758
25/12/1998	0.519647105
26/12/1998	1.99742976
27/12/1998	3.02247936
28/12/1998	3.67110144
29/12/1998	3.1629312
30/12/1998	2.41353216
31/12/1998	2.4489216
01/01/1999	1.70021376
02/01/1999	4.84641792
03/01/1999	8.16500736
04/01/1999	6.16951296
05/01/1999	3.12242688
06/01/1999	1.56086784
07/01/1999	1.280720761
08/01/1999	1.7950464
09/01/1999	1.49893632
10/01/1999	0.749358757
11/01/1999	0.374658311
12/01/1999	1.274792422
13/01/1999	2.86170624
14/01/1999	2.5111296
15/01/1999	1.255329626
16/01/1999	5.05585152
17/01/1999	7.01858304
18/01/1999	4.28226048
19/01/1999	2.14036992
20/01/1999	1.07003367
21/01/1999	0.534973884
22/01/1999	0.267476208
23/01/1999	0.133735416
24/01/1999	0.135060661
25/01/1999	1.9823616
26/01/1999	3.5064576
27/01/1999	2.57693184
28/01/1999	1.42428672
29/01/1999	0.820219668
30/01/1999	0.410084605
31/01/1999	0.205035992
01/02/1999	0.102516416
02/02/1999	0.051257813
03/02/1999	0.025628807
04/02/1999	0.012814379
05/02/1999	0.006407183
06/02/1999	0.00320359
07/02/1999	0.106180477
08/02/1999	6.02850816
09/02/1999	7.69056768
10/02/1999	3.843072
11/02/1999	1.92098304
12/02/1999	0.960344654
13/02/1999	0.480137725
14/02/1999	0.240060216
15/02/1999	0.890747353
16/02/1999	1.178149073
17/02/1999	0.902169156
18/02/1999	0.623678663
19/02/1999	0.531654092
20/02/1999	2.07415296
21/02/1999	2.62089216
22/02/1999	1.53764352
23/02/1999	1.93024512
24/02/1999	5.40836352
25/02/1999	5.49863424
26/02/1999	2.7482112
27/02/1999	2.01332736
28/02/1999	1.5144192
01/03/1999	1.021064569
02/03/1999	2.86198272
03/03/1999	5.3388288
04/03/1999	5.92261632
05/03/1999	4.15259136
06/03/1999	2.0756736
07/03/1999	2.59766784
08/03/1999	5.4867456
09/03/1999	5.4093312
10/03/1999	2.96193024
11/03/1999	1.48068864
12/03/1999	0.740249487
13/03/1999	0.370104187
14/03/1999	0.185046958
15/03/1999	0.092522191
16/03/1999	0.046260773
17/03/1999	0.023130306
18/03/1999	0.011565133
19/03/1999	0.005782561
20/03/1999	0.002891279
21/03/1999	0.371402095
22/03/1999	0.479559274
23/03/1999	0.239771004
24/03/1999	0.119883344
25/03/1999	0.420418018
26/03/1999	0.496535975
27/03/1999	0.248258733
28/03/1999	0.124127055
29/03/1999	0.062062949
30/03/1999	0.03103133
31/03/1999	0.015515628
01/04/1999	0.007757805
02/04/1999	0.411795187
03/04/1999	0.771490953
04/04/1999	0.577619859
05/04/1999	0.288797405
06/04/1999	0.552283771
07/04/1999	0.600121668
08/04/1999	0.300047321
09/04/1999	0.150020287
10/04/1999	0.075009296
11/04/1999	0.539919779
12/04/1999	1.054377257
13/04/1999	0.833238573
14/04/1999	1.9823616
15/04/1999	2.3583744
16/04/1999	1.62196992
17/04/1999	1.08474712
18/04/1999	0.711485407
19/04/1999	1.347545535
20/04/1999	3.72155904
21/04/1999	3.97204992
22/04/1999	2.40523776
23/04/1999	1.69952256
24/04/1999	1.096057544
25/04/1999	0.547983719
26/04/1999	0.273980593
27/04/1999	0.136987476
28/04/1999	0.068493033
29/04/1999	0.03424634
30/04/1999	0.017123125
01/05/1999	0.008561552
02/05/1999	0.004280773
03/05/1999	0.872013814
04/05/1999	1.126899054
05/05/1999	0.563401889
06/05/1999	0.634349546
07/05/1999	0.597283753
08/05/1999	0.298628495
09/05/1999	0.149310895
10/05/1999	0.210800434
11/05/1999	0.53519927
12/05/1999	0.641807774
13/05/1999	0.637544563
14/05/1999	0.495376487
15/05/1999	0.247679037
16/05/1999	0.52055736
17/05/1999	0.636052249
18/05/1999	1.19777925
19/05/1999	2.14811136
20/05/1999	1.77970176
21/05/1999	0.889748693
22/05/1999	0.444844653
23/05/1999	0.222414903
24/05/1999	0.111205592
25/05/1999	0.055602332
26/05/1999	0.02780105
27/05/1999	0.013900495
28/05/1999	0.00695024
29/05/1999	0.086109885
30/05/1999	0.108694996
31/05/1999	0.136241139
01/06/1999	0.133171798
02/06/1999	0.066585233
03/06/1999	0.03329245
04/06/1999	0.886774058
05/06/1999	1.4079744
06/06/1999	0.921093963
07/06/1999	0.460515152
08/06/1999	0.230249627
09/06/1999	0.11512282
10/06/1999	0.057560912
11/06/1999	0.028780331
12/06/1999	0.014390134
13/06/1999	0.007195059
14/06/1999	0.003597528
15/06/1999	0.001798763
16/06/1999	0.000899381
17/06/1999	0.000449691
18/06/1999	0.000224845
19/06/1999	0.000112423
20/06/1999	5.62113E-05
21/06/1999	2.81057E-05
22/06/1999	1.40528E-05
23/06/1999	7.02642E-06
24/06/1999	3.51321E-06
25/06/1999	1.75661E-06
26/06/1999	8.78303E-07
27/06/1999	0.052608408
28/06/1999	0.068093344
29/06/1999	0.034046498
30/06/1999	0.017023205
01/07/1999	0.008511591
02/07/1999	0.004255793
03/07/1999	0.002127896
04/07/1999	0.035037105
05/07/1999	0.108819022
06/07/1999	0.105496526
07/07/1999	0.052747844
08/07/1999	0.026373817
09/07/1999	0.013186882
10/07/1999	0.006593435
11/07/1999	0.003296716
12/07/1999	0.068154855
13/07/1999	0.086906301
14/07/1999	0.043452867
15/07/1999	0.021726362
16/07/1999	0.010863163
17/07/1999	0.005431577
18/07/1999	0.002715787
19/07/1999	0.001357893
20/07/1999	0.000678947
21/07/1999	0.000339473
22/07/1999	0.000169737
23/07/1999	8.48683E-05
24/07/1999	4.24342E-05
25/07/1999	2.12171E-05
26/07/1999	1.06085E-05
27/07/1999	5.30427E-06
28/07/1999	2.65214E-06
29/07/1999	1.32607E-06
30/07/1999	0.008791895
31/07/1999	0.011379251
01/08/1999	0.005689621
02/08/1999	0.095450128
03/08/1999	0.121285012
04/08/1999	0.064238592
05/08/1999	0.034976126
06/08/1999	0.216401131
07/08/1999	0.367107448
08/08/1999	1.241847176
09/08/1999	1.5088896
10/08/1999	0.842598886
11/08/1999	0.421272811
12/08/1999	0.210629749
13/08/1999	0.105313206
14/08/1999	0.142969937
15/08/1999	0.143224146
16/08/1999	0.071611306
17/08/1999	0.14521942
18/08/1999	0.159520818
19/08/1999	0.079759449
20/08/1999	0.039879485
21/08/1999	0.019939682
22/08/1999	0.009969826
23/08/1999	0.004984909
24/08/1999	0.002492454
25/08/1999	0.001246227
26/08/1999	0.000623113
27/08/1999	0.000311557
28/08/1999	0.000155778
29/08/1999	7.78891E-05
30/08/1999	3.89446E-05
31/08/1999	1.94723E-05
01/09/1999	9.73614E-06
02/09/1999	4.86807E-06
03/09/1999	2.43404E-06
04/09/1999	1.21702E-06
05/09/1999	6.0851E-07
06/09/1999	0
07/09/1999	0
08/09/1999	0
09/09/1999	0
10/09/1999	0
11/09/1999	0
12/09/1999	0.300890101
13/09/1999	0.637012394
14/09/1999	0.515138794
15/09/1999	0.257559437
16/09/1999	0.349155533
17/09/1999	0.376141059
18/09/1999	0.445957015
19/09/1999	0.66988682
20/09/1999	4.77093888
21/09/1999	7.4850048
22/09/1999	5.53747968
23/09/1999	3.096576
24/09/1999	1.54787328
25/09/1999	2.51610624
26/09/1999	2.64148992
27/09/1999	7.12184832
28/09/1999	8.27698176
29/09/1999	16.23573504
30/09/1999	18.63461376
01/10/1999	10.14930432
02/10/1999	7.50753792
03/10/1999	6.22619136
04/10/1999	3.56617728
05/10/1999	1.7826048
06/10/1999	0.891197434
07/10/1999	0.44556892
08/10/1999	0.222777009
09/10/1999	0.111386642
10/10/1999	0.055692855
11/10/1999	0.027846311
12/10/1999	0.013923126
13/10/1999	0.181266011
14/10/1999	0.229087913
15/10/1999	0.114541985
16/10/1999	0.0572705
17/10/1999	0.590585486
18/10/1999	0.741638246
19/10/1999	1.163322847
20/10/1999	2.02493952
21/10/1999	1.98982656
22/10/1999	3.00561408
23/10/1999	5.63065344
24/10/1999	7.32271104
25/10/1999	5.968512
26/10/1999	3.34582272
27/10/1999	1.67256576
28/10/1999	0.836146451
29/10/1999	0.418046994
30/10/1999	0.332499286
31/10/1999	0.264332049
01/11/1999	7.008768
02/11/1999	10.10686464
03/11/1999	5.9595264
04/11/1999	2.9783808
05/11/1999	3.95546112
06/11/1999	3.93583104
07/11/1999	1.96729344
08/11/1999	0.983526617
09/11/1999	0.491727021
10/11/1999	0.313943842
11/11/1999	0.211054423
12/11/1999	5.11059456
13/11/1999	6.56114688
14/11/1999	3.30518016
15/11/1999	1.65224448
16/11/1999	0.826003146
17/11/1999	0.960538176
18/11/1999	2.09309184
19/11/1999	1.98208512
20/11/1999	1.05649327
21/11/1999	0.580336676
22/11/1999	0.419370186
23/11/1999	0.312318084
24/11/1999	0.156155379
25/11/1999	0.078076774
26/11/1999	0.039038158
27/11/1999	0.22565294
28/11/1999	0.276563386
29/11/1999	0.138278818
30/11/1999	0.069138694
01/12/1999	0.034569167
02/12/1999	0.281944752
03/12/1999	0.539649658
04/12/1999	1.161208355
05/12/1999	1.169673081
06/12/1999	0.584785226
07/12/1999	0.92920449
08/12/1999	4.05070848
09/12/1999	5.83428096
10/12/1999	6.22480896
11/12/1999	6.6852864
12/12/1999	4.97912832
13/12/1999	6.75648
14/12/1999	6.73201152
15/12/1999	3.43996416
16/12/1999	1.71956736
17/12/1999	5.48246016
18/12/1999	8.802432
19/12/1999	6.55589376
20/12/1999	3.48129792
21/12/1999	1.74016512
22/12/1999	0.869974691
23/12/1999	0.434958958
24/12/1999	4.72214016
25/12/1999	10.72977408
26/12/1999	10.2463488
27/12/1999	11.87191296
28/12/1999	10.60950528
29/12/1999	5.30053632
30/12/1999	3.7836288
31/12/1999	2.85009408
01/01/2000	1.53805824
02/01/2000	0.822449341
03/01/2000	0.411199304
04/01/2000	0.979628042
05/01/2000	1.104580261
06/01/2000	0.552244359
07/01/2000	1.128208601
08/01/2000	3.25790208
09/01/2000	3.23039232
10/01/2000	1.61478144
11/01/2000	0.807290537
12/01/2000	0.403620821
13/01/2000	0.2018043
14/01/2000	0.100900618
15/01/2000	0.050449926
16/01/2000	0.025224867
17/01/2000	0.01261241
18/01/2000	0.006306199
19/01/2000	0.003153098
20/01/2000	0.001576549
21/01/2000	0.000788274
22/01/2000	0.000394137
23/01/2000	0.000197069
24/01/2000	9.85343E-05
25/01/2000	4.92671E-05
26/01/2000	2.46336E-05
27/01/2000	1.23168E-05
28/01/2000	0.020867092
29/01/2000	0.525667996
30/01/2000	0.658916052
31/01/2000	0.329441735
01/02/2000	1.82767104
02/02/2000	2.4509952
03/02/2000	1.39732992
04/02/2000	0.698605918
05/02/2000	0.349284649
06/02/2000	0.834882274
07/02/2000	3.32660736
08/02/2000	4.73942016
09/02/2000	3.30822144
10/02/2000	2.827008
11/02/2000	2.34510336
12/02/2000	1.80928512
13/02/2000	2.41035264
14/02/2000	2.39597568
15/02/2000	1.71099648
16/02/2000	1.9450368
17/02/2000	1.8890496
18/02/2000	1.82601216
19/02/2000	1.5019776
20/02/2000	0.750876273
21/02/2000	0.375416986
22/02/2000	0.187703198
23/02/2000	0.093850278
24/02/2000	0.046924808
25/02/2000	0.023462321
26/02/2000	0.01173114
27/02/2000	0.005865565
28/02/2000	0.965304387
29/02/2000	6.8726016
01/03/2000	8.221824
02/03/2000	4.3635456
03/03/2000	3.99209472
04/03/2000	3.43374336
05/03/2000	1.71638784
06/03/2000	0.858093102
07/03/2000	0.429018937
08/03/2000	0.214502557
09/03/2000	0.107249552
10/03/2000	0.053624344
11/03/2000	0.026812064
12/03/2000	0.013406005
13/03/2000	0.006702995
14/03/2000	0.003351496
15/03/2000	0.001675747
16/03/2000	0.000837874
17/03/2000	0.000418937
18/03/2000	0.000209468
19/03/2000	0.000104734
20/03/2000	5.23671E-05
21/03/2000	2.61835E-05
22/03/2000	1.30918E-05
23/03/2000	0.123106394
24/03/2000	0.447976742
25/03/2000	0.739593939
26/03/2000	1.056657665
27/03/2000	0.893219098
28/03/2000	0.44657962
29/03/2000	0.223282331
30/03/2000	0.111639291
31/03/2000	0.213107674
01/04/2000	0.231492018
02/04/2000	0.115743997
03/04/2000	0.224767084
04/04/2000	0.353579669
05/04/2000	0.31633903
06/04/2000	0.200478261
07/04/2000	0.100237619
08/04/2000	0.050118432
09/04/2000	0.059074994
10/04/2000	0.056557757
11/04/2000	0.475657754
12/04/2000	1.064492693
13/04/2000	1.68459264
14/04/2000	2.80751616
15/04/2000	2.47352832
16/04/2000	1.78523136
17/04/2000	1.41170688
18/04/2000	1.17982309
19/04/2000	0.91368882
20/04/2000	0.456813098
21/04/2000	0.960233661
22/04/2000	3.19804416
23/04/2000	3.29550336
24/04/2000	1.64726784
25/04/2000	2.49896448
26/04/2000	2.61328896
27/04/2000	3.794688
28/04/2000	3.85191936
29/04/2000	1.92540672
30/04/2000	0.962548393
01/05/2000	0.481239443
02/05/2000	0.240611033
03/05/2000	0.120303342
04/05/2000	0.060151127
05/05/2000	0.055098368
06/05/2000	0.879791349
07/05/2000	2.90635776
08/05/2000	2.88672768
09/05/2000	1.44308736
10/05/2000	0.980941999
11/05/2000	0.92218393
12/05/2000	1.76933376
13/05/2000	1.78136064
14/05/2000	0.890552503
15/05/2000	0.445246502
16/05/2000	1.64630016
17/05/2000	1.95374592
18/05/2000	0.983604764
19/05/2000	0.497213199
20/05/2000	0.248597324
21/05/2000	0.124296342
22/05/2000	0.062147591
23/05/2000	0.031073649
24/05/2000	0.015536788
25/05/2000	0.007768385
26/05/2000	0.00388419
27/05/2000	0.181497826
28/05/2000	0.23337504
29/05/2000	0.116685474
30/05/2000	1.040691387
31/05/2000	1.300552699
01/06/2000	0.650212904
02/06/2000	0.325090589
03/06/2000	0.162541334
04/06/2000	0.831634159
05/06/2000	1.044023925
06/06/2000	0.547571405
07/06/2000	0.27377445
08/06/2000	0.136884413
09/06/2000	1.301505919
10/06/2000	1.62998784
11/06/2000	0.814923362
12/06/2000	0.40743677
13/06/2000	0.203712151
14/06/2000	0.101854519
15/06/2000	0.05092687
16/06/2000	0.025463337
17/06/2000	0.012731644
18/06/2000	0.006365816
19/06/2000	0.003182906
20/06/2000	0.031613215
21/06/2000	0.039654274
22/06/2000	0.019827078
23/06/2000	0.009913524
24/06/2000	0.004956758
25/06/2000	0.018036426
26/06/2000	0.021376712
27/06/2000	0.010688338
28/06/2000	0.005344165
29/06/2000	0.002672081
30/06/2000	0.00133604
01/07/2000	0.00066802
02/07/2000	0.00033401
03/07/2000	0.060868385
04/07/2000	0.098597539
05/07/2000	0.065142184
06/07/2000	0.032570932
07/07/2000	0.016990084
08/07/2000	0.009054775
09/07/2000	0.96971698
10/07/2000	1.251443658
11/07/2000	0.687889981
12/07/2000	0.393356307
13/07/2000	0.228590719
14/07/2000	0.139647574
15/07/2000	0.069823051
16/07/2000	0.034911342
17/07/2000	0.017455626
18/07/2000	0.008727801
19/07/2000	0.004363898
20/07/2000	0.002181948
21/07/2000	0.001090974
22/07/2000	0.000545487
23/07/2000	0.083310865
24/07/2000	0.107615906
25/07/2000	0.56313463
26/07/2000	0.686117302
27/07/2000	0.343040984
28/07/2000	0.171516082
29/07/2000	0.085756934
30/07/2000	0.04287819
31/07/2000	0.021439026
01/08/2000	0.010719495
02/08/2000	0.005359743
03/08/2000	0.00267987
04/08/2000	0.001339935
05/08/2000	0.000669967
06/08/2000	0.000334984
07/08/2000	0.000167492
08/08/2000	8.37459E-05
09/08/2000	4.1873E-05
10/08/2000	2.09365E-05
11/08/2000	1.04682E-05
12/08/2000	5.23412E-06
13/08/2000	2.61706E-06
14/08/2000	1.30853E-06
15/08/2000	6.54267E-07
16/08/2000	0
17/08/2000	0
18/08/2000	0
19/08/2000	0
20/08/2000	0
21/08/2000	0
22/08/2000	0
23/08/2000	0
24/08/2000	0
25/08/2000	0.003807884
26/08/2000	0.021415027
27/08/2000	0.023803355
28/08/2000	0.011901656
29/08/2000	0.005950823
30/08/2000	0.140007689
31/08/2000	0.178853087
01/09/2000	0.08942534
02/09/2000	0.044712369
03/09/2000	0.022356109
04/09/2000	0.011178036
05/09/2000	0.005589013
06/09/2000	0.002794505
07/09/2000	0.001397252
08/09/2000	0.000698626
09/09/2000	0.000349313
10/09/2000	0.000174656
11/09/2000	8.73282E-05
12/09/2000	4.36641E-05
13/09/2000	2.18321E-05
14/09/2000	1.0916E-05
15/09/2000	5.45802E-06
16/09/2000	2.72901E-06
17/09/2000	1.3645E-06
18/09/2000	0.017006136
19/09/2000	0.366209096
20/09/2000	0.583523247
21/09/2000	0.392645256
22/09/2000	0.196316836
23/09/2000	0.098156972
24/09/2000	0.049078124
25/09/2000	0.024538971
26/09/2000	0.012269463
27/09/2000	0.006134726
28/09/2000	0.224478674
29/09/2000	0.494903831
30/09/2000	0.665646447
01/10/2000	0.565302731
02/10/2000	0.307092101
03/10/2000	0.153542518
04/10/2000	0.343986504
05/10/2000	0.384245642
06/10/2000	0.192117284
07/10/2000	0.096057256
08/10/2000	0.484858456
09/10/2000	1.83347712
10/10/2000	6.44433408
11/10/2000	8.82828288
12/10/2000	6.64754688
13/10/2000	3.83463936
14/10/2000	1.93287168
15/10/2000	2.56144896
16/10/2000	4.89037824
17/10/2000	4.313088
18/10/2000	3.91108608
19/10/2000	4.081536
20/10/2000	4.1872896
21/10/2000	4.23622656
22/10/2000	2.83239936
23/10/2000	1.41585408
24/10/2000	0.707863906
25/10/2000	1.241358387
26/10/2000	1.325493435
27/10/2000	0.662680825
28/10/2000	0.750156789
29/10/2000	0.713438531
30/10/2000	4.88291328
31/10/2000	6.83582976
01/11/2000	5.3872128
02/11/2000	5.51950848
03/11/2000	6.50985984
04/11/2000	5.1162624
05/11/2000	11.37881088
06/11/2000	18.86049792
07/11/2000	19.36852992
08/11/2000	14.4350208
09/11/2000	8.56852992
10/11/2000	4.88388096
11/11/2000	2.44104192
12/11/2000	6.92070912
13/11/2000	9.18922752
14/11/2000	7.39749888
15/11/2000	5.16478464
16/11/2000	3.7421568
17/11/2000	2.792448
18/11/2000	4.22447616
19/11/2000	5.77691136
20/11/2000	5.9311872
21/11/2000	10.35154944
22/11/2000	10.54093824
23/11/2000	5.98178304
24/11/2000	3.51765504
25/11/2000	9.79112448
26/11/2000	11.43618048
27/11/2000	7.68918528
28/11/2000	5.14225152
29/11/2000	2.57015808
30/11/2000	1.284827941
01/12/2000	2.02355712
02/12/2000	5.49960192
03/12/2000	5.4411264
04/12/2000	3.79067904
05/12/2000	4.60145664
06/12/2000	4.53828096
07/12/2000	5.30924544
08/12/2000	4.58625024
09/12/2000	4.0836096
10/12/2000	3.57336576
11/12/2000	1.873152
12/12/2000	1.015800694
13/12/2000	0.603672404
14/12/2000	2.08355328
15/12/2000	2.685312
16/12/2000	2.0224512
17/12/2000	1.81702656
18/12/2000	1.244342919
19/12/2000	0.622113385
20/12/2000	0.31104217
21/12/2000	0.155517456
22/12/2000	0.077757819
23/12/2000	0.038878681
24/12/2000	0.265681493
25/12/2000	2.377728
26/12/2000	9.32815872
27/12/2000	10.42080768
28/12/2000	5.67571968
29/12/2000	3.01390848
30/12/2000	1.64740608
31/12/2000	2.10014208
01/01/2001	4.07172096
02/01/2001	5.11750656
03/01/2001	5.94266112
04/01/2001	8.16251904
05/01/2001	9.36838656
06/01/2001	7.08009984
07/01/2001	4.28212224
08/01/2001	2.49813504
09/01/2001	1.90674432
10/01/2001	1.47585024
11/01/2001	1.86181632
12/01/2001	1.82988288
13/01/2001	0.919825169
14/01/2001	0.459880838
15/01/2001	0.229932491
16/01/2001	0.114964257
17/01/2001	0.057481632
18/01/2001	0.087802139
19/01/2001	1.306425218
20/01/2001	1.75523328
21/01/2001	0.985977737
22/01/2001	2.96193024
23/01/2001	7.0357248
24/01/2001	9.63007488
25/01/2001	9.09605376
26/01/2001	7.85590272
27/01/2001	7.04166912
28/01/2001	4.75490304
29/01/2001	2.37662208
30/01/2001	1.99812096
31/01/2001	1.6422912
01/02/2001	0.821026105
02/02/2001	0.995122479
03/02/2001	2.05949952
04/02/2001	2.66913792
05/02/2001	3.14025984
06/02/2001	8.37070848
07/02/2001	10.68761088
08/02/2001	8.4160512
09/02/2001	5.47554816
10/02/2001	2.73659904
11/02/2001	1.368031832
12/02/2001	0.683945718
13/02/2001	0.341955316
14/02/2001	0.170973269
15/02/2001	0.085485535
16/02/2001	0.042742493
17/02/2001	0.021371178
18/02/2001	0.010685571
19/02/2001	0.005342781
20/02/2001	0.00267139
21/02/2001	0.001335694
22/02/2001	0.013276441
23/02/2001	0.016653832
24/02/2001	0.008326906
25/02/2001	0.00416345
26/02/2001	0.384347345
27/02/2001	1.50764544
28/02/2001	1.65970944
01/03/2001	0.943528573
02/03/2001	3.37264128
03/03/2001	5.86842624
04/03/2001	5.0886144
05/03/2001	3.05745408
06/03/2001	1.52838144
07/03/2001	3.0855168
08/03/2001	3.5030016
09/03/2001	3.80809728
10/03/2001	4.44054528
11/03/2001	6.45138432
12/03/2001	6.87508992
13/03/2001	4.85374464
14/03/2001	2.99801088
15/03/2001	1.5130368
16/03/2001	1.098663036
17/03/2001	0.821145365
18/03/2001	1.039241623
19/03/2001	4.43377152
20/03/2001	7.94036736
21/03/2001	7.18944768
22/03/2001	4.2515712
23/03/2001	2.28662784
24/03/2001	1.66136832
25/03/2001	2.00060928
26/03/2001	1.73117952
27/03/2001	0.962396025
28/03/2001	7.1635968
29/03/2001	9.59136768
30/03/2001	5.38320384
31/03/2001	2.69056512
01/04/2001	1.344986201
02/04/2001	0.672425252
03/04/2001	0.336195657
04/04/2001	0.168093592
05/04/2001	0.604037136
06/04/2001	4.6324224
07/04/2001	7.41616128
08/04/2001	5.28657408
09/04/2001	2.77005312
10/04/2001	1.48621824
11/04/2001	0.743058994
12/04/2001	0.371508775
13/04/2001	0.185749217
14/04/2001	0.092873309
15/04/2001	0.168317084
16/04/2001	0.180972113
17/04/2001	0.090484823
18/04/2001	0.586123804
19/04/2001	0.722673543
20/04/2001	0.361317183
21/04/2001	0.180653691
22/04/2001	1.328242019
23/04/2001	1.64726784
24/04/2001	2.77489152
25/04/2001	3.50258688
26/04/2001	2.20022784
27/04/2001	1.09990338
28/04/2001	2.00558592
29/04/2001	2.51265024
30/04/2001	4.79734272
01/05/2001	5.0347008
02/05/2001	2.55453696
03/05/2001	1.277054595
04/05/2001	0.638466126
05/05/2001	0.711592916
06/05/2001	0.667446027
07/05/2001	0.3337063
08/05/2001	0.166848975
09/05/2001	0.08342344
10/05/2001	0.041711458
11/05/2001	0.020855663
12/05/2001	0.010427815
13/05/2001	0.005213903
14/05/2001	1.301470959
15/05/2001	1.68224256
16/05/2001	0.841035696
17/05/2001	0.621492798
18/05/2001	0.47039287
19/05/2001	0.235188127
20/05/2001	0.117591988
21/05/2001	0.058795475
22/05/2001	0.029397607
23/05/2001	0.01469877
24/05/2001	0.007349377
25/05/2001	0.003674687
26/05/2001	0.001837343
27/05/2001	0.000918671
28/05/2001	0.000459336
29/05/2001	0.000229668
30/05/2001	0.000114834
31/05/2001	5.74169E-05
01/06/2001	2.87085E-05
02/06/2001	1.43542E-05
03/06/2001	7.17712E-06
04/06/2001	3.58856E-06
05/06/2001	1.79428E-06
06/06/2001	8.97141E-07
07/06/2001	0
08/06/2001	0.014897174
09/06/2001	0.019282126
10/06/2001	0.009641049
11/06/2001	0.004820521
12/06/2001	0.002410259
13/06/2001	0.001205129
14/06/2001	0.000602565
15/06/2001	0.003740047
16/06/2001	0.113024767
17/06/2001	0.375458969
18/06/2001	0.372661434
19/06/2001	0.186325498
20/06/2001	0.093161448
21/06/2001	0.046580398
22/06/2001	0.023290117
23/06/2001	0.011645038
24/06/2001	0.005822514
25/06/2001	0.002911256
26/06/2001	0.001455627
27/06/2001	0.000727814
28/06/2001	0.000363907
29/06/2001	0.000181953
30/06/2001	9.09767E-05
01/07/2001	4.54883E-05
02/07/2001	2.27442E-05
03/07/2001	1.13721E-05
04/07/2001	0.05469117
05/07/2001	0.070784622
06/07/2001	0.095846148
07/07/2001	0.097312261
08/07/2001	0.049742623
09/07/2001	0.024871219
10/07/2001	0.012435586
11/07/2001	0.006217787
12/07/2001	0.028046717
13/07/2001	0.487496877
14/07/2001	1.064507913
15/07/2001	0.8979227
16/07/2001	0.448931096
17/07/2001	1.116768343
18/07/2001	2.63374848
19/07/2001	2.40205824
20/07/2001	1.200816092
21/07/2001	0.600353953
22/07/2001	0.300163457
23/07/2001	0.150078348
24/07/2001	0.075038327
25/07/2001	0.037518951
26/07/2001	0.018759422
27/07/2001	0.009379698
28/07/2001	1.061576824
29/07/2001	1.37019092
30/07/2001	0.68502504
31/07/2001	0.342494922
01/08/2001	0.171243058
02/08/2001	0.085620426
03/08/2001	0.042809938
04/08/2001	0.021404899
05/08/2001	0.519340281
06/08/2001	0.739868954
07/08/2001	1.73449728
08/08/2001	1.9028736
09/08/2001	0.951272516
10/08/2001	0.47560232
11/08/2001	0.237792665
12/08/2001	0.118894212
13/08/2001	0.059446574
14/08/2001	0.029723154
15/08/2001	0.146699127
16/08/2001	0.178072432
17/08/2001	0.089035024
18/08/2001	0.419904235
19/08/2001	0.569695072
20/08/2001	0.333745091
21/08/2001	0.166868357
22/08/2001	0.083433135
23/08/2001	0.041716306
24/08/2001	0.020858087
25/08/2001	0.010429027
26/08/2001	0.005214509
27/08/2001	0.002607254
28/08/2001	0.001303627
29/08/2001	0.208257731
30/08/2001	0.269035361
31/08/2001	0.134514961
01/09/2001	0.067256801
02/09/2001	0.033628231
03/09/2001	0.016814072
04/09/2001	0.008407025
05/09/2001	0.00420351
06/09/2001	0.002101754
07/09/2001	0.001050877
08/09/2001	0.000525438
09/09/2001	0.000262719
10/09/2001	0.00013136
11/09/2001	6.56798E-05
12/09/2001	3.28399E-05
13/09/2001	0.036555514
14/09/2001	0.047302413
15/09/2001	0.023651122
16/09/2001	0.01182554
17/09/2001	0.005912765
18/09/2001	0.002956381
19/09/2001	0.00147819
20/09/2001	0.000739095
21/09/2001	0.000369547
22/09/2001	0.000184774
23/09/2001	9.23869E-05
24/09/2001	4.61934E-05
25/09/2001	2.30967E-05
26/09/2001	1.15484E-05
27/09/2001	5.77418E-06
28/09/2001	0.024410408
29/09/2001	0.031593238
30/09/2001	0.015796581
01/10/2001	0.022918293
02/10/2001	0.234645714
03/10/2001	0.342623167
04/10/2001	0.216978172
05/10/2001	0.108487315
06/10/2001	0.17219249
07/10/2001	0.531429687
08/10/2001	0.980935447
09/10/2001	0.836681537
10/10/2001	0.418314503
11/10/2001	0.209150692
12/10/2001	0.104573701
13/10/2001	0.144199623
14/10/2001	0.145109477
15/10/2001	0.072553948
16/10/2001	0.036276776
17/10/2001	0.359151861
18/10/2001	0.450445322
19/10/2001	1.7611776
20/10/2001	2.19442176
21/10/2001	1.43327232
22/10/2001	1.5607296
23/10/2001	1.61630208
24/10/2001	1.99839744
25/10/2001	1.73615616
26/10/2001	0.867950816
27/10/2001	0.433947152
28/10/2001	0.216966505
29/10/2001	0.108481487
30/10/2001	0.054240301
31/10/2001	0.027120039
01/11/2001	0.013559992
02/11/2001	0.006779989
03/11/2001	0.003389993
04/11/2001	0.001694996
05/11/2001	0.000847498
06/11/2001	0.137813469
07/11/2001	0.256962738
08/11/2001	0.555991119
09/11/2001	0.567767094
10/11/2001	0.283871458
11/11/2001	0.141932695
12/11/2001	0.181518617
13/11/2001	0.189776259
14/11/2001	0.103784691
15/11/2001	0.051891941
16/11/2001	0.025945869
17/11/2001	0.012972909
18/11/2001	0.006486448
19/11/2001	0.003243222
20/11/2001	0.001621611
21/11/2001	0.000810805
22/11/2001	0.099331805
23/11/2001	0.128246876
24/11/2001	0.06412282
25/11/2001	0.045455827
26/11/2001	0.842488916
27/11/2001	1.53543168
28/11/2001	1.142121849
29/11/2001	1.256713298
30/11/2001	1.186263346
01/12/2001	0.858833349
02/12/2001	0.632076494
03/12/2001	0.316023248
04/12/2001	0.659575153
05/12/2001	1.041883182
06/12/2001	0.770088315
07/12/2001	0.385021915
08/12/2001	0.192505393
09/12/2001	0.096251304
10/12/2001	0.048125305
11/12/2001	0.024062565
12/12/2001	0.01203126
13/12/2001	0.006015625
14/12/2001	0.003007811
15/12/2001	0.001503905
16/12/2001	0.000751952
17/12/2001	0.000375976
18/12/2001	0.000187988
19/12/2001	9.3994E-05
20/12/2001	4.6997E-05
21/12/2001	2.34985E-05
22/12/2001	0.01168228
23/12/2001	0.015111606
24/12/2001	0.007555794
25/12/2001	0.550770237
26/12/2001	0.709852004
27/12/2001	0.607567841
28/12/2001	2.06516736
29/12/2001	5.24081664
30/12/2001	4.97691648
31/12/2001	2.48749056
01/01/2002	1.243521552
02/01/2002	0.621702785
03/01/2002	0.310836884
04/01/2002	0.155414813
05/01/2002	0.077706501
06/01/2002	0.038853024
07/01/2002	0.019426455
08/01/2002	0.009713213
09/01/2002	0.004856603
10/01/2002	0.0024283
11/01/2002	0.079011391
12/01/2002	0.101303172
13/01/2002	0.0506512
14/01/2002	0.180597814
15/01/2002	0.898946326
16/01/2002	1.015785903
17/01/2002	0.525336123
18/01/2002	0.28639854
19/01/2002	0.162054591
20/01/2002	0.081026306
21/01/2002	0.139015789
22/01/2002	0.147752032
23/01/2002	1.353896336
24/01/2002	1.69357824
25/01/2002	1.081388317
26/01/2002	1.77113088
27/01/2002	1.71472896
28/01/2002	0.857241474
29/01/2002	0.428593172
30/01/2002	0.214289695
31/01/2002	0.107143122
01/02/2002	0.05357113
02/02/2002	0.026785457
03/02/2002	0.013392701
04/02/2002	0.137303745
05/02/2002	3.33310464
06/02/2002	4.17595392
07/02/2002	2.08935936
08/02/2002	1.046085595
09/02/2002	1.140982019
10/02/2002	1.06129845
11/02/2002	0.530606979
12/02/2002	0.265292928
13/02/2002	0.777662111
14/02/2002	1.4508288
15/02/2002	1.162026377
16/02/2002	0.58096253
17/02/2002	0.290468602
18/02/2002	0.145231129
19/02/2002	0.221191161
20/02/2002	2.60292096
21/02/2002	3.18684672
22/02/2002	2.0383488
23/02/2002	1.372670406
24/02/2002	0.991674109
25/02/2002	1.041261779
26/02/2002	2.94437376
27/02/2002	3.53120256
28/02/2002	2.02369536
01/03/2002	2.0300544
02/03/2002	2.19677184
03/03/2002	1.39442688
04/03/2002	0.697125865
05/03/2002	0.348544692
06/03/2002	0.216672482
07/03/2002	0.142018376
08/03/2002	0.071008432
09/03/2002	0.035504026
10/03/2002	0.017751965
11/03/2002	0.199672999
12/03/2002	0.2513915
13/03/2002	0.12569338
14/03/2002	1.300195515
15/03/2002	1.63275264
16/03/2002	0.842368772
17/03/2002	1.147675489
18/03/2002	6.0417792
19/03/2002	6.91739136
20/03/2002	3.45821184
21/03/2002	1.7286912
22/03/2002	0.864212309
23/03/2002	0.432078133
24/03/2002	0.216032058
25/03/2002	0.108014279
26/03/2002	0.0540067
27/03/2002	0.02700324
28/03/2002	0.013501593
29/03/2002	0.006750789
30/03/2002	0.003375393
31/03/2002	0.001687696
01/04/2002	0.000843848
02/04/2002	0.000421924
03/04/2002	0.541314828
04/04/2002	0.700447745
05/04/2002	0.350205466
06/04/2002	0.341263715
07/04/2002	0.966184948
08/04/2002	1.010121989
09/04/2002	0.505022723
10/04/2002	0.252501788
11/04/2002	0.941696575
12/04/2002	1.118509199
13/04/2002	0.559207674
14/04/2002	0.2795921
15/04/2002	0.139793113
16/04/2002	0.069895825
17/04/2002	0.034947729
18/04/2002	0.017473818
19/04/2002	0.008736897
20/04/2002	0.004368446
21/04/2002	0.002184222
22/04/2002	0.001092111
23/04/2002	0.000546055
24/04/2002	0.000273028
25/04/2002	0.000136514
26/04/2002	6.82569E-05
27/04/2002	3.41285E-05
28/04/2002	0.091407296
29/04/2002	0.118298443
30/04/2002	0.059148696
01/05/2002	0.099066187
02/05/2002	0.107701262
03/05/2002	0.056207852
04/05/2002	0.045568485
05/05/2002	0.036657195
06/05/2002	0.018328546
07/05/2002	0.009164261
08/05/2002	0.004582127
09/05/2002	0.03679508
10/05/2002	0.244568789
11/05/2002	0.280166183
12/05/2002	0.14008014
13/05/2002	0.070039336
14/05/2002	0.035019483
15/05/2002	0.017509695
16/05/2002	0.008754836
17/05/2002	0.05859768
18/05/2002	0.072368315
19/05/2002	0.053076837
20/05/2002	0.070903774
21/05/2002	0.244633983
22/05/2002	0.294211326
23/05/2002	0.167169665
24/05/2002	0.144607666
25/05/2002	0.171217525
26/05/2002	0.273194298
27/05/2002	0.781465107
28/05/2002	1.015855216
29/05/2002	0.671518813
30/05/2002	0.335742493
31/05/2002	0.167867016
01/06/2002	0.083932449
02/06/2002	0.063894856
03/06/2002	0.049366434
04/06/2002	0.454900977
05/06/2002	0.599610152
06/06/2002	0.323970928
07/06/2002	0.186773728
08/06/2002	0.113079119
09/06/2002	0.10307983
10/06/2002	0.088508933
11/06/2002	0.044254171
12/06/2002	0.022127012
13/06/2002	0.011063487
14/06/2002	0.005531739
15/06/2002	0.002765868
16/06/2002	0.001382934
17/06/2002	0.000691467
18/06/2002	0.000345733
19/06/2002	0.002798032
20/06/2002	0.003484315
21/06/2002	0.001742157
22/06/2002	0.000871078
23/06/2002	0.000435539
24/06/2002	0.00021777
25/06/2002	0.000108885
26/06/2002	5.44424E-05
27/06/2002	2.72212E-05
28/06/2002	1.36106E-05
29/06/2002	6.8053E-06
30/06/2002	3.40265E-06
01/07/2002	1.70132E-06
02/07/2002	8.50663E-07
03/07/2002	0.026683654
04/07/2002	0.034537895
05/07/2002	0.107963641
06/07/2002	0.126024016
07/07/2002	0.063011411
08/07/2002	0.031505555
09/07/2002	0.083752411
10/07/2002	0.095891062
11/07/2002	0.047945185
12/07/2002	0.026583289
13/07/2002	0.015365492
14/07/2002	0.007682737
15/07/2002	0.003841366
16/07/2002	0.001920683
17/07/2002	0.000960341
18/07/2002	0.000480171
19/07/2002	0.000240085
20/07/2002	0.000120043
21/07/2002	6.00213E-05
22/07/2002	3.00107E-05
23/07/2002	1.50053E-05
24/07/2002	7.50266E-06
25/07/2002	3.75133E-06
26/07/2002	1.87567E-06
27/07/2002	9.37834E-07
28/07/2002	0
29/07/2002	0.004793201
30/07/2002	0.086773088
31/07/2002	0.107385685
01/08/2002	0.161277364
02/08/2002	0.418598945
03/08/2002	0.409862081
04/08/2002	0.204924737
05/08/2002	0.102460791
06/08/2002	0.051230001
07/08/2002	0.025614902
08/08/2002	0.327408888
09/08/2002	0.413595708
10/08/2002	0.206791433
11/08/2002	0.103394111
12/08/2002	0.051696653
13/08/2002	0.025848226
14/08/2002	0.012924088
15/08/2002	0.006462038
16/08/2002	0.003231017
17/08/2002	0.001615508
18/08/2002	0.000807754
19/08/2002	0.105877644
20/08/2002	0.136720532
21/08/2002	0.068359564
22/08/2002	0.034179606
23/08/2002	0.025649998
24/08/2002	0.01962479
25/08/2002	0.165160318
26/08/2002	0.861699161
27/08/2002	0.957341169
28/08/2002	0.483151952
29/08/2002	0.241567212
30/08/2002	0.120781416
31/08/2002	0.060390161
01/09/2002	0.030194942
02/09/2002	0.015097436
03/09/2002	0.00754871
04/09/2002	0.003774353
05/09/2002	0.001887176
06/09/2002	0.000943588
07/09/2002	0.000471794
08/09/2002	0.240395144
09/09/2002	0.310961023
10/09/2002	0.155476883
11/09/2002	0.077737533
12/09/2002	0.038868539
13/09/2002	0.019434212
14/09/2002	0.009717092
15/09/2002	0.004858542
16/09/2002	0.00242927
17/09/2002	0.001214635
18/09/2002	0.000607317
19/09/2002	0.000303659
20/09/2002	0.023557214
21/09/2002	0.030370601
22/09/2002	0.015185266
23/09/2002	0.007592624
24/09/2002	0.00379631
25/09/2002	0.001898154
26/09/2002	0.000949077
27/09/2002	0.000474538
28/09/2002	0.000237269
29/09/2002	0.000118635
30/09/2002	5.93173E-05
01/10/2002	2.96587E-05
02/10/2002	1.48293E-05
03/10/2002	7.41466E-06
04/10/2002	3.70733E-06
05/10/2002	1.85367E-06
06/10/2002	9.26833E-07
07/10/2002	0
08/10/2002	0
09/10/2002	0.046812051
10/10/2002	0.060590899
11/10/2002	0.030295311
12/10/2002	0.01514762
13/10/2002	0.007573802
14/10/2002	0.005405224
15/10/2002	0.003988127
16/10/2002	0.013970526
17/10/2002	0.163367774
18/10/2002	0.202578486
19/10/2002	0.104649422
20/10/2002	0.052324299
21/10/2002	0.272415495
22/10/2002	1.65376512
23/10/2002	1.8814464
24/10/2002	2.29796352
25/10/2002	4.5052416
26/10/2002	4.06370304
27/10/2002	2.03129856
28/10/2002	1.015462656
29/10/2002	0.507692648
30/10/2002	0.253836647
31/10/2002	0.126915907
01/11/2002	0.126914141
02/11/2002	2.72830464
03/11/2002	4.14498816
04/11/2002	2.63167488
05/11/2002	1.315600635
06/11/2002	2.25925632
07/11/2002	2.40136704
08/11/2002	4.88650752
09/11/2002	5.64420096
10/11/2002	4.49915904
11/11/2002	3.4083072
12/11/2002	2.78498304
13/11/2002	2.30694912
14/11/2002	1.197751685
15/11/2002	0.598822032
16/11/2002	2.47753728
17/11/2002	4.31557632
18/11/2002	3.22707456
19/11/2002	1.61312256
20/11/2002	2.28759552
21/11/2002	5.88432384
22/11/2002	8.54682624
23/11/2002	9.31765248
24/11/2002	6.91282944
25/11/2002	3.4546176
26/11/2002	1.72689408
27/11/2002	0.86331556
28/11/2002	2.61978624
29/11/2002	3.46000896
30/11/2002	4.63878144
01/12/2002	6.45083136
02/12/2002	4.87738368
03/12/2002	2.4378624
04/12/2002	1.99148544
05/12/2002	1.60952832
06/12/2002	0.804647693
07/12/2002	0.402299551
08/12/2002	0.201143707
09/12/2002	0.100570333
10/12/2002	0.050284786
11/12/2002	0.655207004
12/12/2002	2.04899328
13/12/2002	1.994112
14/12/2002	2.0736
15/12/2002	4.1845248
16/12/2002	4.212864
17/12/2002	2.54375424
18/12/2002	1.42995456
19/12/2002	0.714927444
20/12/2002	0.524605524
21/12/2002	1.72426752
22/12/2002	2.05936128
23/12/2002	1.141997972
24/12/2002	3.18117888
25/12/2002	8.00216064
26/12/2002	7.44367104
27/12/2002	4.89687552
28/12/2002	4.79236608
29/12/2002	3.66239232
30/12/2002	2.4876288
31/12/2002	2.0300544
01/01/2003	6.95043072
02/01/2003	9.17056512
03/01/2003	11.086848
04/01/2003	9.93931776
05/01/2003	4.96585728
06/01/2003	2.4820992
07/01/2003	1.240787635
08/01/2003	0.620336075
09/01/2003	0.310153591
10/01/2003	0.155073194
11/01/2003	0.07753569
12/01/2003	0.038767619
13/01/2003	0.019383753
14/01/2003	0.009691862
15/01/2003	0.004845927
16/01/2003	0.002422963
17/01/2003	0.70682506
18/01/2003	1.081330601
19/01/2003	0.863670685
20/01/2003	2.78152704
21/01/2003	5.98883328
22/01/2003	5.28256512
23/01/2003	2.6597376
24/01/2003	1.32959731
25/01/2003	0.711840946
26/01/2003	0.500848842
27/01/2003	0.347156002
28/01/2003	0.182572006
29/01/2003	0.091284752
30/01/2003	0.336309968
31/01/2003	0.399035497
01/02/2003	1.065965018
02/02/2003	2.2519296
03/02/2003	6.00251904
04/02/2003	6.22190592
05/02/2003	3.10957056
06/02/2003	1.55437056
07/02/2003	0.77711211
08/02/2003	0.38853339
09/02/2003	0.194261027
10/02/2003	0.097129099
11/02/2003	0.048564194
12/02/2003	0.024282008
13/02/2003	0.012140982
14/02/2003	0.006070485
15/02/2003	0.003035241
16/02/2003	0.00151762
17/02/2003	0.00075881
18/02/2003	0.000379405
19/02/2003	0.306604086
20/02/2003	0.396690877
21/02/2003	0.198339536
22/02/2003	0.09916829
23/02/2003	0.049583775
24/02/2003	0.024791796
25/02/2003	0.012395874
26/02/2003	0.006197931
27/02/2003	0.003098964
28/02/2003	0.566690218
01/03/2003	2.70701568
02/03/2003	2.9217024
03/03/2003	2.8415232
04/03/2003	2.5173504
05/03/2003	1.258429091
06/03/2003	0.629155151
07/03/2003	0.314562728
08/03/2003	0.157277652
09/03/2003	0.078637895
10/03/2003	0.039318714
11/03/2003	0.019659298
12/03/2003	0.009829635
13/03/2003	0.004914814
14/03/2003	0.002457406
15/03/2003	0.001228703
16/03/2003	0.000614351
17/03/2003	0.000307176
18/03/2003	0.000153588
19/03/2003	7.67939E-05
20/03/2003	3.83969E-05
21/03/2003	1.91985E-05
22/03/2003	9.59924E-06
23/03/2003	4.79962E-06
24/03/2003	2.39981E-06
25/03/2003	1.1999E-06
26/03/2003	5.99953E-07
27/03/2003	0
28/03/2003	0.080355956
29/03/2003	0.104007929
30/03/2003	0.052003557
31/03/2003	0.026001676
01/04/2003	0.013000813
02/04/2003	0.0065004
03/04/2003	0.003250198
04/04/2003	0.001625099
05/04/2003	0.000812549
06/04/2003	0.000406275
07/04/2003	0.000203137
08/04/2003	0.000101569
09/04/2003	0.079040018
10/04/2003	0.102264331
11/04/2003	0.104415538
12/04/2003	0.09453303
13/04/2003	0.047266179
14/04/2003	0.023633006
15/04/2003	0.011816481
16/04/2003	0.005908235
17/04/2003	0.002954116
18/04/2003	0.001477058
19/04/2003	0.000738529
20/04/2003	0.000369264
21/04/2003	0.000184632
22/04/2003	9.23161E-05
23/04/2003	4.6158E-05
24/04/2003	2.3079E-05
25/04/2003	1.15395E-05
26/04/2003	0.035533875
27/04/2003	0.045988525
28/04/2003	0.074815272
29/04/2003	0.078571253
30/04/2003	0.039432458
01/05/2003	0.01983299
02/05/2003	0.00991648
03/05/2003	0.004958236
04/05/2003	0.219435292
05/05/2003	0.410582822
06/05/2003	0.307382446
07/05/2003	0.15368767
08/05/2003	0.171093759
09/05/2003	0.160413046
10/05/2003	0.080205557
11/05/2003	0.040102536
12/05/2003	0.069521721
13/05/2003	0.074057349
14/05/2003	0.037028469
15/05/2003	0.018514182
16/05/2003	0.009257078
17/05/2003	0.242583469
18/05/2003	0.47977602
19/05/2003	0.853528693
20/05/2003	0.807234841
21/05/2003	0.403592979
22/05/2003	0.20179038
23/05/2003	0.100893659
24/05/2003	0.376174154
25/05/2003	0.44681442
26/05/2003	0.223399725
27/05/2003	0.111697985
28/05/2003	0.055848523
29/05/2003	0.027924144
30/05/2003	0.013962042
31/05/2003	0.006981014
01/06/2003	0.003490505
02/06/2003	0.001745252
03/06/2003	0.978008602
04/06/2003	1.265076597
05/06/2003	0.632478261
06/06/2003	0.316224124
07/06/2003	0.158108309
08/06/2003	0.079053216
09/06/2003	0.039526373
10/06/2003	0.019763128
11/06/2003	0.009881549
12/06/2003	0.004940771
13/06/2003	0.002470384
14/06/2003	0.001235192
15/06/2003	0.000617596
16/06/2003	0.129212964
17/06/2003	0.166999463
18/06/2003	0.083498681
19/06/2003	0.041749079
20/06/2003	0.020874474
21/06/2003	0.01043722
22/06/2003	0.005218606
23/06/2003	0.002609302
24/06/2003	0.001304651
25/06/2003	0.000652325
26/06/2003	0.000326163
27/06/2003	0.000163081
28/06/2003	8.15406E-05
29/06/2003	4.07703E-05
30/06/2003	0.036095151
01/07/2003	0.068864559
02/07/2003	0.083644219
03/07/2003	0.066929913
04/07/2003	0.033464788
05/07/2003	0.016732351
06/07/2003	0.008366165
07/07/2003	0.00418308
08/07/2003	0.002091539
09/07/2003	0.001045769
10/07/2003	0.000522885
11/07/2003	0.000261442
12/07/2003	0.000130721
13/07/2003	6.53606E-05
14/07/2003	3.26803E-05
15/07/2003	0.512563023
16/07/2003	0.76779501
17/07/2003	0.466806772
18/07/2003	0.233395209
19/07/2003	0.116695559
20/07/2003	0.058347268
21/07/2003	0.029173506
22/07/2003	0.01458672
23/07/2003	0.007293352
24/07/2003	0.003646674
25/07/2003	0.015527937
26/07/2003	0.161549116
27/07/2003	0.19428356
28/07/2003	0.097140366
29/07/2003	0.048569828
30/07/2003	0.024284825
31/07/2003	0.01214239
01/08/2003	0.006071189
02/08/2003	0.003035593
03/08/2003	0.001517796
04/08/2003	0.000758898
05/08/2003	0.000379449
06/08/2003	0.000189724
07/08/2003	9.48622E-05
08/08/2003	4.74311E-05
09/08/2003	2.37156E-05
10/08/2003	1.18578E-05
11/08/2003	5.92889E-06
12/08/2003	2.96445E-06
13/08/2003	1.48222E-06
14/08/2003	7.41113E-07
15/08/2003	0
16/08/2003	0
17/08/2003	0
18/08/2003	0
19/08/2003	0
20/08/2003	0
21/08/2003	0
22/08/2003	0
23/08/2003	0
24/08/2003	0
25/08/2003	0
26/08/2003	0
27/08/2003	0
28/08/2003	3.96973E-05
29/08/2003	0.000124304
30/08/2003	0.000120078
31/08/2003	6.00389E-05
01/09/2003	3.00194E-05
02/09/2003	1.50097E-05
03/09/2003	7.50486E-06
04/09/2003	0.000899455
05/09/2003	0.007830571
06/09/2003	0.016038215
07/09/2003	0.022792819
08/09/2003	0.273329607
09/09/2003	0.338821982
10/09/2003	0.169406678
11/09/2003	0.084702264
12/09/2003	0.042350862
13/09/2003	0.021175363
14/09/2003	0.010587665
15/09/2003	0.005293828
16/09/2003	0.002646913
17/09/2003	0.001323456
18/09/2003	0.000661728
19/09/2003	0.000330864
20/09/2003	0.000165432
21/09/2003	8.2716E-05
22/09/2003	0.008736279
23/09/2003	0.011274938
24/09/2003	0.005637464
25/09/2003	0.002818731
26/09/2003	0.001409365
27/09/2003	0.000704682
28/09/2003	0.000352341
29/09/2003	0.000176171
30/09/2003	8.80853E-05
01/10/2003	4.40426E-05
02/10/2003	0.203133658
03/10/2003	0.662860676
04/10/2003	0.684213171
05/10/2003	0.369976799
06/10/2003	0.224946202
07/10/2003	0.144215507
08/10/2003	0.072106975
09/10/2003	0.036053292
10/10/2003	0.018026597
11/10/2003	0.009013286
12/10/2003	0.00450664
13/10/2003	0.01871133
14/10/2003	0.022429045
15/10/2003	0.011214503
16/10/2003	0.005607247
17/10/2003	0.002803622
18/10/2003	0.001401811
19/10/2003	0.339091232
20/10/2003	0.834220975
21/10/2003	0.731543243
22/10/2003	0.947686349
23/10/2003	1.08565291
24/10/2003	0.661624934
25/10/2003	0.330796044
26/10/2003	0.165393916
27/10/2003	0.08269593
28/10/2003	0.168808887
29/10/2003	1.193681014
30/10/2003	4.624128
31/10/2003	6.13108224
01/11/2003	4.0628736
02/11/2003	3.9737088
03/11/2003	3.5292672
04/11/2003	1.76421888
05/11/2003	0.881958247
06/11/2003	0.440949948
07/11/2003	0.220467682
08/11/2003	0.955543012
09/11/2003	1.149149044
10/11/2003	0.574524984
11/11/2003	0.423544357
12/11/2003	0.320028669
13/11/2003	0.965814078
14/11/2003	1.271181676
15/11/2003	1.263491869
16/11/2003	1.079497235
17/11/2003	0.57352302
18/11/2003	0.286749172
19/11/2003	0.143371496
20/11/2003	0.071684977
21/11/2003	0.035842295
22/11/2003	0.017921099
23/11/2003	0.492201861
24/11/2003	1.023508542
25/11/2003	0.824333801
26/11/2003	1.6436736
27/11/2003	1.7998848
28/11/2003	0.913832866
29/11/2003	1.72219392
30/11/2003	12.78346752
01/12/2003	15.05488896
02/12/2003	7.56642816
03/12/2003	5.4404352
04/12/2003	4.00702464
05/12/2003	2.00295936
06/12/2003	1.001297079
07/12/2003	0.500610931
08/12/2003	0.250296058
09/12/2003	0.125145679
10/12/2003	0.062572251
11/12/2003	1.52395776
12/12/2003	1.99217664
13/12/2003	1.78910208
14/12/2003	1.49630976
15/12/2003	0.748041012
16/12/2003	0.373999514
17/12/2003	0.186994511
18/12/2003	0.167925685
19/12/2003	0.783074829
20/12/2003	6.60386304
21/12/2003	7.82839296
22/12/2003	3.91191552
23/12/2003	2.25497088
24/12/2003	1.365226168
25/12/2003	0.682543176
26/12/2003	2.22400512
27/12/2003	4.61044224
28/12/2003	3.89532672
29/12/2003	4.91982336
30/12/2003	4.81946112
31/12/2003	2.408832
01/01/2004	1.64104704
02/01/2004	1.167359634
03/01/2004	0.58362871
04/01/2004	0.291801568
05/01/2004	0.145897584
06/01/2004	0.072947996
07/01/2004	0.036473797
08/01/2004	2.7841536
09/01/2004	3.93334272
10/01/2004	3.32439552
11/01/2004	4.02223104
12/01/2004	10.00885248
13/01/2004	11.36775168
14/01/2004	7.59227904
15/01/2004	5.46213888
16/01/2004	5.28477696
17/01/2004	8.67013632
18/01/2004	7.88673024
19/01/2004	3.94094592
20/01/2004	2.03129856
21/01/2004	1.064277592
22/01/2004	2.72277504
23/01/2004	4.50690048
24/01/2004	3.36932352
25/01/2004	5.54162688
26/01/2004	6.44419584
27/01/2004	3.70635264
28/01/2004	1.92443904
29/01/2004	1.019012134
30/01/2004	0.509467111
31/01/2004	1.321154828
01/02/2004	1.5075072
02/02/2004	0.753681135
03/02/2004	0.376819251
04/02/2004	0.188404296
05/02/2004	0.094200817
06/02/2004	0.047100074
07/02/2004	0.023549954
08/02/2004	0.011774956
09/02/2004	0.005887473
10/02/2004	0.002943735
11/02/2004	0.001471867
12/02/2004	0.000735933
13/02/2004	0.000367967
14/02/2004	0.000183983
15/02/2004	9.19917E-05
16/02/2004	4.59958E-05
17/02/2004	2.29979E-05
18/02/2004	1.1499E-05
19/02/2004	0.045139193
20/02/2004	0.561113036
21/02/2004	0.882059922
22/02/2004	1.98484992
23/02/2004	2.09101824
24/02/2004	1.045312266
25/02/2004	0.522615145
26/02/2004	0.261297322
27/02/2004	0.190083594
28/02/2004	0.142254199
29/02/2004	0.071126342
01/03/2004	0.035562981
02/03/2004	0.017781442
03/03/2004	0.008890709
04/03/2004	1.036463869
05/03/2004	2.32533504
06/03/2004	1.94683392
07/03/2004	0.973269154
08/03/2004	0.486599035
09/03/2004	0.243290636
10/03/2004	0.121643096
11/03/2004	0.885333086
12/03/2004	2.24142336
13/03/2004	2.02908672
14/03/2004	1.014404194
15/03/2004	0.507163493
16/03/2004	0.253572098
17/03/2004	0.126783635
18/03/2004	0.063391213
19/03/2004	0.73853039
20/03/2004	1.197210378
21/03/2004	0.810262905
22/03/2004	0.585410554
23/03/2004	0.435912938
24/03/2004	0.217949336
25/03/2004	0.108972886
26/03/2004	0.054485997
27/03/2004	0.027242886
28/03/2004	0.013621415
29/03/2004	0.0068107
30/03/2004	0.08756087
31/03/2004	0.480133025
01/04/2004	1.4356224
02/04/2004	1.54925568
03/04/2004	0.904904207
04/04/2004	0.483365726
05/04/2004	0.241674099
06/04/2004	0.120834854
07/04/2004	0.060416878
08/04/2004	0.030208302
09/04/2004	0.015104116
10/04/2004	0.00755205
11/04/2004	0.003776023
12/04/2004	0.001888011
13/04/2004	0.000944005
14/04/2004	0.000472003
15/04/2004	0.000236001
16/04/2004	0.000118001
17/04/2004	0.152671897
18/04/2004	0.940611903
19/04/2004	3.0350592
20/04/2004	3.08524032
21/04/2004	1.58395392
22/04/2004	0.824997271
23/04/2004	0.412473102
24/04/2004	0.206230164
25/04/2004	0.103113486
26/04/2004	0.051556344
27/04/2004	0.025778072
28/04/2004	0.19306803
29/04/2004	0.413383178
30/04/2004	0.344683013
01/05/2004	0.172337048
02/05/2004	0.086167408
03/05/2004	0.043083425
04/05/2004	1.074312419
05/05/2004	1.81218816
06/05/2004	1.51552512
07/05/2004	0.965012742
08/05/2004	0.482471438
09/05/2004	0.241226989
10/05/2004	0.120611308
11/05/2004	0.060305107
12/05/2004	0.030152417
13/05/2004	0.015076174
14/05/2004	0.007538078
15/05/2004	0.003769037
16/05/2004	0.001884518
17/05/2004	0.000942259
18/05/2004	0.000471129
19/05/2004	0.000235565
20/05/2004	0.068017731
21/05/2004	0.087944614
22/05/2004	0.043972015
23/05/2004	0.021985934
24/05/2004	0.010992949
25/05/2004	0.00549647
26/05/2004	0.002748234
27/05/2004	0.001374117
28/05/2004	0.000687058
29/05/2004	0.000343529
30/05/2004	0.000171765
31/05/2004	0.047237478
01/06/2004	0.061073326
02/06/2004	0.030536522
03/06/2004	0.015268226
04/06/2004	0.007634104
05/06/2004	0.00381705
06/06/2004	0.001908524
07/06/2004	0.000954262
08/06/2004	0.000477131
09/06/2004	0.000238565
10/06/2004	0.000119283
11/06/2004	5.96414E-05
12/06/2004	2.98207E-05
13/06/2004	1.49103E-05
14/06/2004	7.45517E-06
15/06/2004	3.72759E-06
16/06/2004	1.86379E-06
17/06/2004	9.31897E-07
18/06/2004	0
19/06/2004	0
20/06/2004	0
21/06/2004	0.002919754
22/06/2004	0.003779182
23/06/2004	0.001889591
24/06/2004	0.000944795
25/06/2004	0.000472398
26/06/2004	0.000236199
27/06/2004	0.000118099
28/06/2004	5.90497E-05
29/06/2004	2.95248E-05
30/06/2004	1.47624E-05
01/07/2004	7.38121E-06
02/07/2004	3.69061E-06
03/07/2004	1.8453E-06
04/07/2004	9.22652E-07
05/07/2004	0
06/07/2004	0
07/07/2004	0.007322592
08/07/2004	0.029815443
09/07/2004	0.031062702
10/07/2004	0.015531314
11/07/2004	0.007765648
12/07/2004	0.003882822
13/07/2004	0.00194141
14/07/2004	0.000970705
15/07/2004	0.000485352
16/07/2004	0.000242676
17/07/2004	0.008266559
18/07/2004	0.010603425
19/07/2004	0.022020391
20/07/2004	0.024290633
21/07/2004	0.0399005
22/07/2004	0.041997461
23/07/2004	0.020998664
24/07/2004	0.010499315
25/07/2004	0.005249653
26/07/2004	0.002624826
27/07/2004	0.001312413
28/07/2004	0.000656206
29/07/2004	0.000328103
30/07/2004	0.000164052
31/07/2004	8.20258E-05
01/08/2004	4.10129E-05
02/08/2004	2.05064E-05
03/08/2004	1.02532E-05
04/08/2004	0.079385415
05/08/2004	0.102747656
06/08/2004	0.05137343
07/08/2004	0.025686616
08/08/2004	0.026069771
09/08/2004	0.083222674
10/08/2004	0.089018644
11/08/2004	0.625239572
12/08/2004	1.293242513
13/08/2004	1.059086223
14/08/2004	0.529501031
15/08/2004	0.264739996
16/08/2004	0.391098959
17/08/2004	0.554299739
18/08/2004	0.844858419
19/08/2004	0.776661655
20/08/2004	0.628965071
21/08/2004	0.505627315
22/08/2004	0.252804064
23/08/2004	0.126399633
24/08/2004	0.073535571
25/08/2004	0.044978243
26/08/2004	0.022489045
27/08/2004	0.011244504
28/08/2004	0.607803997
29/08/2004	0.782200793
30/08/2004	0.391077449
31/08/2004	0.195532987
01/09/2004	0.097765056
02/09/2004	0.048882169
03/09/2004	0.024440994
04/09/2004	0.012220474
05/09/2004	0.006110232
06/09/2004	0.003055114
07/09/2004	0.001527557
08/09/2004	0.000763778
09/09/2004	0.003050459
10/09/2004	0.003645006
11/09/2004	0.019346729
12/09/2004	0.023593689
13/09/2004	0.014494909
14/09/2004	0.00939067
15/09/2004	0.004695332
16/09/2004	0.002347665
17/09/2004	0.001173832
18/09/2004	0.000586916
19/09/2004	0.000293458
20/09/2004	0.000146729
21/09/2004	7.33645E-05
22/09/2004	3.66822E-05
23/09/2004	0.002500627
24/09/2004	0.003222115
25/09/2004	0.001611057
26/09/2004	0.000805529
27/09/2004	0.000402764
28/09/2004	0.000201382
29/09/2004	0.000100691
30/09/2004	5.03455E-05
01/10/2004	2.51728E-05
02/10/2004	1.25864E-05
03/10/2004	6.29319E-06
04/10/2004	3.14659E-06
05/10/2004	0.00398659
06/10/2004	0.00515879
07/10/2004	0.035869295
08/10/2004	0.144599842
09/10/2004	0.151909185
10/10/2004	0.18725349
11/10/2004	0.559189509
12/10/2004	0.82218193
13/10/2004	1.71514368
14/10/2004	3.24988416
15/10/2004	3.16873728
16/10/2004	2.3328
17/10/2004	1.5434496
18/10/2004	1.41322752
19/10/2004	1.376175703
20/10/2004	0.81511893
21/10/2004	0.407534534
22/10/2004	0.203761032
23/10/2004	0.10187896
24/10/2004	0.05093909
25/10/2004	0.025469447
26/10/2004	0.012734699
27/10/2004	0.119794913
28/10/2004	0.190568595
29/10/2004	0.378905831
30/10/2004	0.38913743
31/10/2004	0.194563026
01/11/2004	0.164889161
02/11/2004	0.136148335
03/11/2004	0.068073471
04/11/2004	0.034036561
05/11/2004	0.017018237
06/11/2004	0.008509107
07/11/2004	0.004254551
08/11/2004	0.275053571
09/11/2004	0.818560692
10/11/2004	0.778007144
11/11/2004	0.388980873
12/11/2004	0.194484755
13/11/2004	0.097240958
14/11/2004	0.048620124
15/11/2004	0.024309973
16/11/2004	0.012154964
17/11/2004	0.006077476
18/11/2004	0.465962043
19/11/2004	0.600678015
20/11/2004	0.300325474
21/11/2004	0.150159343
22/11/2004	0.075078828
23/11/2004	0.037539202
24/11/2004	0.018769547
25/11/2004	0.00938476
26/11/2004	0.227980597
27/11/2004	0.291353117
28/11/2004	0.320177899
29/11/2004	0.298699854
30/11/2004	0.149346575
01/12/2004	0.07467245
02/12/2004	0.037336015
03/12/2004	0.018667954
04/12/2004	0.009333964
05/12/2004	0.004666979
06/12/2004	0.002333488
07/12/2004	0.001166744
08/12/2004	0.000583372
09/12/2004	0.000291686
10/12/2004	0.000145843
11/12/2004	7.29215E-05
12/12/2004	3.64607E-05
13/12/2004	1.82304E-05
14/12/2004	9.11519E-06
15/12/2004	4.55759E-06
16/12/2004	0.34169595
17/12/2004	1.10382977
18/12/2004	2.02853376
19/12/2004	2.31994368
20/12/2004	1.59694848
21/12/2004	0.798359694
22/12/2004	1.161661202
23/12/2004	1.4024448
24/12/2004	1.582848
25/12/2004	1.638144
26/12/2004	1.043612592
27/12/2004	0.532317395
28/12/2004	1.16168274
29/12/2004	1.285431511
30/12/2004	0.855401361
31/12/2004	0.766910523
01/01/2005	0.817844346
02/01/2005	0.646540545
03/01/2005	0.323254596
04/01/2005	0.161623379
05/01/2005	0.746950948
06/01/2005	0.902565172
07/01/2005	0.451252035
08/01/2005	1.226882502
09/01/2005	1.4086656
10/01/2005	0.704251639
11/01/2005	0.419408493
12/01/2005	0.871287778
13/01/2005	0.918650405
14/01/2005	0.459293553
15/01/2005	0.229638855
16/01/2005	0.114817449
17/01/2005	0.649478504
18/01/2005	1.204270737
19/01/2005	1.304960786
20/01/2005	1.003166761
21/01/2005	0.541789157
22/01/2005	0.716730357
23/01/2005	1.6409088
24/01/2005	1.55768832
25/01/2005	0.778775883
26/01/2005	0.389365194
27/01/2005	0.194676909
28/01/2005	0.09733703
29/01/2005	0.048668159
30/01/2005	0.02433399
31/01/2005	0.012166973
01/02/2005	0.006083481
02/02/2005	0.003041739
03/02/2005	0.001520869
04/02/2005	0.000760434
05/02/2005	0.000380217
06/02/2005	0.000190109
07/02/2005	9.50543E-05
08/02/2005	4.75271E-05
09/02/2005	2.37636E-05
10/02/2005	0.292254981
11/02/2005	1.6747776
12/02/2005	2.16262656
13/02/2005	1.49686272
14/02/2005	0.892108021
15/02/2005	0.446024158
16/02/2005	0.223004607
17/02/2005	0.111500439
18/02/2005	0.13474425
19/02/2005	0.130120121
20/02/2005	0.065059424
21/02/2005	0.032529553
22/02/2005	0.016264736
23/02/2005	0.008132358
24/02/2005	0.004066177
25/02/2005	0.002033088
26/02/2005	0.001016544
27/02/2005	0.000508272
28/02/2005	0.000254136
01/03/2005	0.000127068
02/03/2005	6.3534E-05
03/03/2005	0.025233114
04/03/2005	0.108010803
05/03/2005	0.113879076
06/03/2005	0.05693905
07/03/2005	0.028469403
08/03/2005	0.014234671
09/03/2005	0.007117328
10/03/2005	0.003558662
11/03/2005	0.00177933
12/03/2005	0.000889665
13/03/2005	0.000444833
14/03/2005	0.000222416
15/03/2005	0.000111208
16/03/2005	5.56041E-05
17/03/2005	2.7802E-05
18/03/2005	1.3901E-05
19/03/2005	6.95051E-06
20/03/2005	3.47525E-06
21/03/2005	1.73763E-06
22/03/2005	8.68814E-07
23/03/2005	0.024778555
24/03/2005	0.032072042
25/03/2005	0.016035982
26/03/2005	0.077166129
27/03/2005	0.226568752
28/03/2005	0.5185467
29/03/2005	0.824246503
30/03/2005	0.671860888
31/03/2005	0.335913509
01/04/2005	0.167952518
02/04/2005	0.0839752
03/04/2005	0.041987335
04/04/2005	0.020993601
05/04/2005	0.010496784
06/04/2005	0.005248388
07/04/2005	0.002624193
08/04/2005	0.050083856
09/04/2005	0.063783469
10/04/2005	0.031891581
11/04/2005	0.015945752
12/04/2005	0.007972866
13/04/2005	0.003986431
14/04/2005	0.253260394
15/04/2005	0.489868163
16/04/2005	0.374918755
17/04/2005	0.236479344
18/04/2005	0.247615612
19/04/2005	0.316896745
20/04/2005	0.254761888
21/04/2005	0.127378509
22/04/2005	0.370458206
23/04/2005	0.919724143
24/04/2005	0.947244285
25/04/2005	0.665385007
26/04/2005	0.423476149
27/04/2005	0.211731342
28/04/2005	0.10586399
29/04/2005	0.052931573
30/04/2005	0.026465682
01/05/2005	0.013232814
02/05/2005	0.05558186
03/05/2005	0.066686308
04/05/2005	0.033342986
05/05/2005	0.016671451
06/05/2005	0.008335715
07/05/2005	0.004167855
08/05/2005	0.002083927
09/05/2005	0.001041963
10/05/2005	0.000520982
11/05/2005	0.000260491
12/05/2005	0.127494554
13/05/2005	0.72163702
14/05/2005	0.803002222
15/05/2005	0.49735137
16/05/2005	0.324822957
17/05/2005	0.162407518
18/05/2005	0.081202769
19/05/2005	0.040601136
20/05/2005	0.020300505
21/05/2005	0.01536937
22/05/2005	0.011830489
23/05/2005	0.005915239
24/05/2005	0.002957618
25/05/2005	0.001478809
26/05/2005	0.000739404
27/05/2005	0.000369702
28/05/2005	0.000184851
29/05/2005	0.034051021
30/05/2005	0.044000371
31/05/2005	0.022000112
01/06/2005	0.011000038
02/06/2005	0.005500014
03/06/2005	0.002750006
04/06/2005	0.001375003
05/06/2005	0.000687501
06/06/2005	0.007992747
07/06/2005	0.010072344
08/06/2005	0.005036168
09/06/2005	0.002518083
10/06/2005	0.001259041
11/06/2005	0.000629521
12/06/2005	0.00031476
13/06/2005	0.00015738
14/06/2005	7.86901E-05
15/06/2005	0.005142257
16/06/2005	0.006624622
17/06/2005	0.003312309
18/06/2005	0.001656154
19/06/2005	0.000828077
20/06/2005	0.000414038
21/06/2005	0.000207019
22/06/2005	0.00010351
23/06/2005	5.17548E-05
24/06/2005	0.001860358
25/06/2005	0.01119788
26/06/2005	0.012597533
27/06/2005	0.00629876
28/06/2005	0.003149379
29/06/2005	0.001574689
30/06/2005	0.008535315
01/07/2005	0.010422248
02/07/2005	0.00521112
03/07/2005	0.067976549
04/07/2005	0.08591517
05/07/2005	0.068975737
06/07/2005	0.055155349
07/07/2005	0.02757756
08/07/2005	0.013788751
09/07/2005	0.006894368
10/07/2005	0.003447182
11/07/2005	0.001723591
12/07/2005	0.000861795
13/07/2005	0.000430898
14/07/2005	0.000215449
15/07/2005	0.000107724
16/07/2005	5.38622E-05
17/07/2005	2.69311E-05
18/07/2005	1.34655E-05
19/07/2005	6.73277E-06
20/07/2005	3.36639E-06
21/07/2005	1.68319E-06
22/07/2005	8.41596E-07
23/07/2005	0
24/07/2005	0.000750752
25/07/2005	0.000971735
26/07/2005	0.005259164
27/07/2005	0.006421246
28/07/2005	0.003210621
29/07/2005	0.010619809
30/07/2005	0.012470558
31/07/2005	0.006235273
01/08/2005	0.003117635
02/08/2005	0.001558817
03/08/2005	0.000779408
04/08/2005	0.000389704
05/08/2005	0.000194852
06/08/2005	9.7426E-05
07/08/2005	4.8713E-05
08/08/2005	2.43565E-05
09/08/2005	1.21783E-05
10/08/2005	6.08913E-06
11/08/2005	3.04456E-06
12/08/2005	1.52228E-06
13/08/2005	7.61142E-07
14/08/2005	0
15/08/2005	0
16/08/2005	0
17/08/2005	0
18/08/2005	0
19/08/2005	0
20/08/2005	0
21/08/2005	0
22/08/2005	0
23/08/2005	0
24/08/2005	0
25/08/2005	0.012900145
26/08/2005	0.01669728
27/08/2005	0.008348629
28/08/2005	0.004174312
29/08/2005	0.002087155
30/08/2005	0.001043577
31/08/2005	0.000521789
01/09/2005	0.000260894
02/09/2005	0.000130447
03/09/2005	6.52236E-05
04/09/2005	3.26118E-05
05/09/2005	0.002930869
06/09/2005	0.006337074
07/09/2005	0.005199257
08/09/2005	0.002599627
09/09/2005	0.045603854
10/09/2005	0.057994586
11/09/2005	0.028997166
12/09/2005	0.014498552
13/09/2005	0.007249268
14/09/2005	0.003624632
15/09/2005	0.001812315
16/09/2005	0.005263357
17/09/2005	0.006092815
18/09/2005	0.003046406
19/09/2005	0.001523203
20/09/2005	0.000761601
21/09/2005	0.000380801
22/09/2005	0.0001904
23/09/2005	9.52001E-05
24/09/2005	4.76001E-05
25/09/2005	0.006108935
26/09/2005	0.007888188
27/09/2005	0.003944092
28/09/2005	0.001972045
29/09/2005	0.000986022
30/09/2005	0.000493011
01/10/2005	0.000246506
02/10/2005	0.000123253
03/10/2005	6.16264E-05
04/10/2005	3.08132E-05
05/10/2005	1.54066E-05
06/10/2005	7.7033E-06
07/10/2005	3.85165E-06
08/10/2005	1.92582E-06
09/10/2005	9.62913E-07
10/10/2005	0
11/10/2005	0
12/10/2005	0.005634582
13/10/2005	0.007293116
14/10/2005	0.003646556
15/10/2005	0.054691135
16/10/2005	0.069340789
17/10/2005	0.034670213
18/10/2005	0.174151075
19/10/2005	0.211639067
20/10/2005	0.105817848
21/10/2005	0.118882272
22/10/2005	0.147149554
23/10/2005	0.101616818
24/10/2005	0.05080802
25/10/2005	0.026095212
26/10/2005	0.013596714
27/10/2005	0.00679835
28/10/2005	0.172794028
29/10/2005	0.220952254
30/10/2005	0.617735131
31/10/2005	1.124558402
01/11/2005	0.995405511
02/11/2005	0.581305545
03/11/2005	0.972259546
04/11/2005	1.173043109
05/11/2005	0.702080539
06/11/2005	0.351021773
07/11/2005	0.283709731
08/11/2005	0.624622441
09/11/2005	0.627496451
10/11/2005	0.313733454
11/11/2005	0.156863029
12/11/2005	0.608359293
13/11/2005	0.725090531
14/11/2005	0.362525539
15/11/2005	0.181257841
16/11/2005	0.090627686
17/11/2005	0.045313533
18/11/2005	0.02265669
19/11/2005	0.011328325
20/11/2005	0.005664158
21/11/2005	0.002832078
22/11/2005	0.001416038
23/11/2005	0.000708019
24/11/2005	0.386446602
25/11/2005	0.49989782
26/11/2005	0.249939537
27/11/2005	0.36640183
28/11/2005	0.64600698
29/11/2005	0.538275332
30/11/2005	0.269126793
01/12/2005	0.476737671
02/12/2005	1.68763392
03/12/2005	5.0519808
04/12/2005	6.9099264
05/12/2005	4.8715776
06/12/2005	2.43482112
07/12/2005	2.85894144
08/12/2005	2.7330048
09/12/2005	1.366211571
10/12/2005	0.683035781
11/12/2005	0.341500382
12/12/2005	0.170745809
13/12/2005	0.085371812
14/12/2005	0.042685632
15/12/2005	0.021342748
16/12/2005	0.010671356
17/12/2005	0.005335674
18/12/2005	0.002667836
19/12/2005	0.001333918
20/12/2005	0.000666959
21/12/2005	0.000333479
22/12/2005	0.00016674
23/12/2005	8.33698E-05
24/12/2005	4.16849E-05
25/12/2005	2.08425E-05
26/12/2005	1.04212E-05
27/12/2005	5.21061E-06
28/12/2005	2.60531E-06
29/12/2005	1.30265E-06
30/12/2005	2.60679168
31/12/2005	4.161024
01/01/2006	2.7053568
02/01/2006	1.352423596
03/01/2006	0.67614319
04/01/2006	0.839594668
05/01/2006	0.818145986
06/01/2006	0.409047875
07/01/2006	1.02262364
08/01/2006	4.51616256
09/01/2006	5.94943488
10/01/2006	3.7898496
11/01/2006	2.12599296
12/01/2006	1.246881794
13/01/2006	0.62338258
14/01/2006	0.311676706
15/01/2006	0.155834703
16/01/2006	0.470743239
17/01/2006	2.23699968
18/01/2006	2.58315264
19/01/2006	1.38889728
20/01/2006	1.014672559
21/01/2006	0.761707584
22/01/2006	0.380832026
23/01/2006	0.190410573
24/01/2006	0.095203922
25/01/2006	0.047601621
26/01/2006	0.023800726
27/01/2006	0.011900341
28/01/2006	0.19365837
29/01/2006	0.303005947
30/01/2006	0.196836701
31/01/2006	0.098416896
01/02/2006	0.049208083
02/02/2006	0.024603951
03/02/2006	0.012301952
04/02/2006	0.00615097
05/02/2006	0.003075484
06/02/2006	0.001537742
07/02/2006	0.000768871
08/02/2006	0.170927774
09/02/2006	0.220931422
10/02/2006	0.110463876
11/02/2006	0.055231479
12/02/2006	0.027615624
13/02/2006	0.013807783
14/02/2006	0.339244319
15/02/2006	4.8612096
16/02/2006	7.82244864
17/02/2006	7.01139456
18/02/2006	5.53609728
19/02/2006	3.69501696
20/02/2006	4.10614272
21/02/2006	3.63806208
22/02/2006	1.8185472
23/02/2006	0.909144954
24/02/2006	0.45454147
25/02/2006	0.22726298
26/02/2006	0.113629553
27/02/2006	0.056814291
28/02/2006	0.028407023
01/03/2006	0.014203481
02/03/2006	2.14451712
03/03/2006	8.10072576
04/03/2006	14.20153344
05/03/2006	11.7932544
06/03/2006	5.89151232
07/03/2006	6.30623232
08/03/2006	6.683904
09/03/2006	5.00857344
10/03/2006	4.43653632
11/03/2006	3.13279488
12/03/2006	1.56598272
13/03/2006	0.782923857
14/03/2006	0.391438932
15/03/2006	0.195713722
16/03/2006	0.097855419
17/03/2006	0.04892735
18/03/2006	0.860465632
19/03/2006	1.221326291
20/03/2006	0.711567203
21/03/2006	0.355764607
22/03/2006	1.66662144
23/03/2006	4.24217088
24/03/2006	6.11449344
25/03/2006	5.48232192
26/03/2006	3.2631552
27/03/2006	2.06585856
28/03/2006	3.06298368
29/03/2006	6.81053184
30/03/2006	11.32724736
31/03/2006	9.46487808
01/04/2006	4.72905216
02/04/2006	2.36376576
03/04/2006	1.181649821
04/04/2006	1.58671872
05/04/2006	1.58436864
06/04/2006	0.792085741
07/04/2006	0.396019335
08/04/2006	0.198003779
09/04/2006	1.274779662
10/04/2006	1.57123584
11/04/2006	0.785503457
12/04/2006	0.392728587
13/04/2006	0.196358501
14/04/2006	0.098177803
15/04/2006	0.049088539
16/04/2006	0.024544179
17/04/2006	0.012272067
18/04/2006	0.006136027
19/04/2006	0.003068012
20/04/2006	0.001534006
21/04/2006	0.000767003
22/04/2006	0.000383501
23/04/2006	0.000191751
24/04/2006	9.58753E-05
25/04/2006	4.79377E-05
26/04/2006	0.612218332
27/04/2006	0.792360313
28/04/2006	0.396156607
29/04/2006	0.198072415
30/04/2006	0.099034732
01/05/2006	0.049516997
02/05/2006	0.024758407
03/05/2006	0.01237918
04/05/2006	0.006189584
05/05/2006	0.038415393
06/05/2006	0.047264447
07/05/2006	0.254297484
08/05/2006	0.411360008
09/05/2006	0.285893162
10/05/2006	0.142943519
11/05/2006	0.07147099
12/05/2006	0.035735303
13/05/2006	0.017867603
14/05/2006	0.008933789
15/05/2006	0.075137717
16/05/2006	0.826540499
17/05/2006	0.995326175
18/05/2006	0.497625929
19/05/2006	0.990403587
20/05/2006	1.216013977
21/05/2006	0.712649484
22/05/2006	0.356305693
23/05/2006	0.178148077
24/05/2006	0.089072847
25/05/2006	0.057104941
26/05/2006	0.038536363
27/05/2006	0.019268125
28/05/2006	0.009634049
29/05/2006	0.004817021
30/05/2006	0.002408509
31/05/2006	0.001204254
01/06/2006	0.000602127
02/06/2006	0.000301064
03/06/2006	0.000150532
04/06/2006	7.52659E-05
05/06/2006	3.76329E-05
06/06/2006	1.88165E-05
07/06/2006	9.40823E-06
08/06/2006	4.70412E-06
09/06/2006	2.35206E-06
10/06/2006	1.17603E-06
11/06/2006	5.88015E-07
12/06/2006	0
13/06/2006	0
14/06/2006	0
15/06/2006	0
16/06/2006	0.129830579
17/06/2006	0.168044129
18/06/2006	0.084021007
19/06/2006	0.042010237
20/06/2006	0.021005052
21/06/2006	0.010502509
22/06/2006	0.00525125
23/06/2006	0.002625624
24/06/2006	0.001312812
25/06/2006	0.000656406
26/06/2006	0.000328203
27/06/2006	0.000164101
28/06/2006	8.20507E-05
29/06/2006	4.10254E-05
30/06/2006	2.05127E-05
01/07/2006	1.02563E-05
02/07/2006	5.12817E-06
03/07/2006	2.56409E-06
04/07/2006	0.004803475
05/07/2006	0.006216355
06/07/2006	0.029499834
07/07/2006	0.035714032
08/07/2006	0.017856968
09/07/2006	0.008928472
10/07/2006	0.004464233
11/07/2006	0.002232116
12/07/2006	0.001116058
13/07/2006	0.000558029
14/07/2006	0.000279014
15/07/2006	0.000139507
16/07/2006	6.97536E-05
17/07/2006	3.48768E-05
18/07/2006	1.74384E-05
19/07/2006	0.000879135
20/07/2006	0.001130982
21/07/2006	0.000565491
22/07/2006	0.000282746
23/07/2006	0.000141373
24/07/2006	7.06864E-05
25/07/2006	3.53432E-05
26/07/2006	1.76716E-05
27/07/2006	8.8358E-06
28/07/2006	4.4179E-06
29/07/2006	2.20895E-06
30/07/2006	1.10447E-06
31/07/2006	5.52239E-07
01/08/2006	0
02/08/2006	0.035800094
03/08/2006	0.046337687
04/08/2006	0.023168763
05/08/2006	0.011584361
06/08/2006	0.005792175
07/08/2006	0.002896086
08/08/2006	0.001448043
09/08/2006	0.000724021
10/08/2006	0.000362011
11/08/2006	0.000181005
12/08/2006	9.05027E-05
13/08/2006	4.52513E-05
14/08/2006	2.26257E-05
15/08/2006	1.13128E-05
16/08/2006	0.036671894
17/08/2006	0.092894783
18/08/2006	0.11130094
19/08/2006	0.181750404
20/08/2006	0.172890879
21/08/2006	0.086444316
22/08/2006	0.043221876
23/08/2006	0.021610868
24/08/2006	0.010805416
25/08/2006	0.015915835
26/08/2006	0.016309001
27/08/2006	0.00815449
28/08/2006	0.009299785
29/08/2006	0.162464307
30/08/2006	0.203293643
31/08/2006	0.101645269
01/09/2006	0.050822245
02/09/2006	0.025411025
03/09/2006	0.012705488
04/09/2006	0.006352738
05/09/2006	0.003176367
06/09/2006	0.001588183
07/09/2006	0.000794092
08/09/2006	0.000397046
09/09/2006	0.000198523
10/09/2006	9.92614E-05
11/09/2006	0.001923554
12/09/2006	0.002450327
13/09/2006	0.466653436
14/09/2006	0.972340098
15/09/2006	1.81453824
16/09/2006	2.3092992
17/09/2006	1.61519616
18/09/2006	0.807503952
19/09/2006	0.403727515
20/09/2006	0.201857647
21/09/2006	2.01318912
22/09/2006	2.61010944
23/09/2006	1.372321779
24/09/2006	1.225417863
25/09/2006	1.04103812
26/09/2006	0.520478411
27/09/2006	0.260229045
28/09/2006	0.130111979
29/09/2006	0.065055353
30/09/2006	0.032527517
01/10/2006	0.016263719
02/10/2006	2.29782528
03/10/2006	7.56020736
04/10/2006	7.42445568
05/10/2006	4.03702272
06/10/2006	5.467392
07/10/2006	5.26569984
08/10/2006	2.63181312
09/10/2006	1.315628366
10/10/2006	0.657749265
11/10/2006	0.671200169
12/10/2006	0.607510997
13/10/2006	0.303741647
14/10/2006	0.151867367
15/10/2006	0.075932814
16/10/2006	0.037966191
17/10/2006	0.018983041
18/10/2006	0.13817417
19/10/2006	1.94738688
20/10/2006	3.36724992
21/10/2006	3.80312064
22/10/2006	2.9645568
23/10/2006	2.54126592
24/10/2006	2.11175424
25/10/2006	1.055703601
26/10/2006	0.527809997
27/10/2006	0.263894547
28/10/2006	0.131944658
29/10/2006	0.065971675
30/10/2006	0.032985673
31/10/2006	0.016492795
01/11/2006	0.008246387
02/11/2006	0.004123191
03/11/2006	0.002061595
04/11/2006	0.001030797
05/11/2006	0.000515399
06/11/2006	0.000257699
07/11/2006	0.00012885
08/11/2006	6.44248E-05
09/11/2006	3.22124E-05
10/11/2006	1.61062E-05
11/11/2006	0.295647778
12/11/2006	0.382654651
13/11/2006	0.228388516
14/11/2006	0.216588004
15/11/2006	0.166241065
16/11/2006	0.603735303
17/11/2006	1.204865847
18/11/2006	1.97531136
19/11/2006	1.76919552
20/11/2006	4.03992576
21/11/2006	4.83397632
22/11/2006	4.25972736
23/11/2006	7.1718912
24/11/2006	8.135424
25/11/2006	5.61821184
26/11/2006	3.06049536
27/11/2006	1.52990208
28/11/2006	1.366470729
29/11/2006	1.161023998
30/11/2006	0.580461438
01/12/2006	0.290218084
02/12/2006	0.219243553
03/12/2006	2.80779264
04/12/2006	4.24244736
05/12/2006	4.04462592
06/12/2006	3.08123136
07/12/2006	8.06823936
08/12/2006	13.6035072
09/12/2006	10.27980288
10/12/2006	5.13589248
11/12/2006	2.97174528
12/12/2006	1.80693504
13/12/2006	0.903365513
14/12/2006	0.451652143
15/12/2006	0.225818413
16/12/2006	1.196449243
17/12/2006	1.45884672
18/12/2006	0.729311565
19/12/2006	0.364635828
20/12/2006	0.182312916
21/12/2006	0.091155213
22/12/2006	0.045577294
23/12/2006	0.022788568
24/12/2006	0.011394265
25/12/2006	0.005697127
26/12/2006	0.002848562
27/12/2006	0.001424281
28/12/2006	0.00071214
29/12/2006	0.070353593
30/12/2006	0.51292835
31/12/2006	4.26152448
01/01/2007	6.00362496
02/01/2007	3.76261632
03/01/2007	2.85894144
04/01/2007	2.47712256
05/01/2007	1.46299392
06/01/2007	2.05106688
07/01/2007	3.2776704
08/01/2007	3.89643264
09/01/2007	2.9776896
10/01/2007	1.52603136
11/01/2007	0.995580578
12/01/2007	0.87009872
13/01/2007	1.160630775
14/01/2007	1.077819236
15/01/2007	0.582101033
16/01/2007	0.694060559
17/01/2007	2.17354752
18/01/2007	2.76770304
19/01/2007	1.96286976
20/01/2007	2.50200576
21/01/2007	2.33597952
22/01/2007	1.64464128
23/01/2007	1.200901442
24/01/2007	0.600396627
25/01/2007	0.300184787
26/01/2007	0.150089007
27/01/2007	0.07504366
28/01/2007	0.037521618
29/01/2007	0.018760756
30/01/2007	0.009380365
31/01/2007	0.004690179
01/02/2007	0.002345089
02/02/2007	0.001172544
03/02/2007	0.000586272
04/02/2007	0.000293136
05/02/2007	0.033510225
06/02/2007	1.4363136
07/02/2007	3.88772352
08/02/2007	4.62108672
09/02/2007	4.20139008
10/02/2007	8.4443904
11/02/2007	10.33814016
12/02/2007	7.33888512
13/02/2007	4.9807872
14/02/2007	3.56963328
15/02/2007	2.204928
16/02/2007	1.102309213
17/02/2007	0.551109036
18/02/2007	0.27554312
19/02/2007	0.137768709
20/02/2007	0.485232837
21/02/2007	0.573319628
22/02/2007	0.889997746
23/02/2007	5.00249088
24/02/2007	7.20285696
25/02/2007	6.64146432
26/02/2007	4.90116096
27/02/2007	4.10351616
28/02/2007	4.87351296
01/03/2007	10.83912192
02/03/2007	15.6653568
03/03/2007	11.44889856
04/03/2007	5.84589312
05/03/2007	3.0219264
06/03/2007	3.45779712
07/03/2007	6.83168256
08/03/2007	6.23821824
09/03/2007	3.13155072
10/03/2007	1.57648896
11/03/2007	0.788165683
12/03/2007	0.394059534
13/03/2007	0.197023947
14/03/2007	0.098510512
15/03/2007	0.049254891
16/03/2007	0.024627354
17/03/2007	0.012313654
18/03/2007	0.861231855
19/03/2007	1.170520547
20/03/2007	0.63347616
21/03/2007	0.316723019
22/03/2007	0.158357749
23/03/2007	0.07917793
24/03/2007	0.195026476
25/03/2007	0.220981644
26/03/2007	0.110488992
27/03/2007	0.055244037
28/03/2007	0.027621903
29/03/2007	1.63206144
30/03/2007	2.101248
31/03/2007	1.050433892
01/04/2007	0.874846794
02/04/2007	0.715143279
03/04/2007	0.357552452
04/04/2007	0.178771429
05/04/2007	0.089384513
06/04/2007	0.044691957
07/04/2007	0.022345903
08/04/2007	0.011172933
09/04/2007	0.005586461
10/04/2007	0.002793229
11/04/2007	0.024287123
12/04/2007	0.411940519
13/04/2007	0.509086536
14/04/2007	0.254533543
15/04/2007	0.12726434
16/04/2007	0.063631561
17/04/2007	0.031815628
18/04/2007	0.015907776
19/04/2007	0.007953878
20/04/2007	0.003976937
21/04/2007	0.001988468
22/04/2007	0.000994234
23/04/2007	0.000497117
24/04/2007	0.000248558
25/04/2007	0.000124279
26/04/2007	6.21396E-05
27/04/2007	0.016816071
28/04/2007	0.021741161
29/04/2007	0.010870563
30/04/2007	0.026009503
01/05/2007	0.177197857
02/05/2007	0.206040499
03/05/2007	0.103018658
04/05/2007	0.05150893
05/05/2007	0.025754365
06/05/2007	0.012877157
07/05/2007	0.008475866
08/05/2007	0.007975195
09/05/2007	0.005670775
10/05/2007	0.002835386
11/05/2007	0.006183303
12/05/2007	0.006877208
13/05/2007	0.003438602
14/05/2007	0.018651655
15/05/2007	0.208446235
16/05/2007	0.25170565
17/05/2007	0.125850445
18/05/2007	0.062924628
19/05/2007	0.031462165
20/05/2007	0.381610303
21/05/2007	0.48142456
22/05/2007	0.240703585
23/05/2007	0.120349615
24/05/2007	0.060174263
25/05/2007	0.197231501
26/05/2007	0.656065433
27/05/2007	1.56432384
28/05/2007	1.49617152
29/05/2007	0.747992628
30/05/2007	0.607314378
31/05/2007	0.884400934
01/06/2007	0.756249703
02/06/2007	0.37810339
03/06/2007	0.334011659
04/06/2007	0.488699717
05/06/2007	0.763314361
06/06/2007	0.663543332
07/06/2007	0.331755153
08/06/2007	0.165873443
09/06/2007	0.082935689
10/06/2007	0.041467586
11/06/2007	0.020733727
12/06/2007	0.010366848
13/06/2007	0.322992382
14/06/2007	1.373957282
15/06/2007	1.8185472
16/06/2007	1.202287256
17/06/2007	1.45193472
18/06/2007	1.4017536
19/06/2007	0.737610942
20/06/2007	0.398012922
21/06/2007	1.116808197
22/06/2007	1.45304064
23/06/2007	0.858132486
24/06/2007	0.662183797
25/06/2007	0.516268367
26/06/2007	0.258124189
27/06/2007	0.129059591
28/06/2007	0.06452917
29/06/2007	0.032264428
30/06/2007	0.016132174
01/07/2007	0.063795641
02/07/2007	0.348015827
03/07/2007	1.040622129
04/07/2007	1.037100409
05/07/2007	0.518509859
06/07/2007	0.259244845
07/07/2007	0.129619898
08/07/2007	0.064809317
09/07/2007	0.185434334
10/07/2007	0.279802764
11/07/2007	0.191951396
12/07/2007	0.095974313
13/07/2007	0.04798681
14/07/2007	0.023993319
15/07/2007	0.011996637
16/07/2007	0.037349787
17/07/2007	0.04357879
18/07/2007	0.021789324
19/07/2007	0.010894644
20/07/2007	0.005447317
21/07/2007	0.002723657
22/07/2007	0.18960932
23/07/2007	2.38076928
24/07/2007	2.88686592
25/07/2007	1.44308736
26/07/2007	0.7214708
27/07/2007	0.36071588
28/07/2007	0.18035306
29/07/2007	0.090175305
30/07/2007	0.045087346
31/07/2007	0.022543597
01/08/2007	0.011271779
02/08/2007	0.005635885
03/08/2007	0.002817941
04/08/2007	0.00140897
05/08/2007	0.000704485
06/08/2007	0.000352242
07/08/2007	0.000176121
08/08/2007	8.80606E-05
09/08/2007	4.40303E-05
10/08/2007	2.20152E-05
11/08/2007	1.10076E-05
12/08/2007	5.50379E-06
13/08/2007	2.75189E-06
14/08/2007	0.008841445
15/08/2007	0.053003639
16/08/2007	0.059515389
17/08/2007	0.029757562
18/08/2007	0.014878748
19/08/2007	0.007439365
20/08/2007	0.317266592
21/08/2007	0.40768722
22/08/2007	0.437377743
23/08/2007	0.73027666
24/08/2007	0.624135145
25/08/2007	0.312052967
26/08/2007	0.15602282
27/08/2007	0.078010498
28/08/2007	0.03900502
29/08/2007	0.019502453
30/08/2007	0.009751212
31/08/2007	0.004875602
01/09/2007	0.0024378
02/09/2007	0.0012189
03/09/2007	0.00060945
04/09/2007	0.000304725
05/09/2007	0.000152362
06/09/2007	7.61812E-05
07/09/2007	3.80906E-05
08/09/2007	1.90453E-05
09/09/2007	9.52265E-06
10/09/2007	4.76133E-06
11/09/2007	2.38066E-06
12/09/2007	1.19033E-06
13/09/2007	5.95167E-07
14/09/2007	0
15/09/2007	0
16/09/2007	0
17/09/2007	0.00044035
18/09/2007	0.000569967
19/09/2007	0.000284983
20/09/2007	0.000142492
21/09/2007	7.12458E-05
22/09/2007	3.56229E-05
23/09/2007	1.78115E-05
24/09/2007	0.00150259
25/09/2007	0.001937802
26/09/2007	0.000968901
27/09/2007	0.00048445
28/09/2007	0.000242225
29/09/2007	0.000121113
30/09/2007	6.05563E-05
01/10/2007	3.02781E-05
02/10/2007	0.004455217
03/10/2007	0.00575458
04/10/2007	0.002877289
05/10/2007	0.001438644
06/10/2007	0.000719322
07/10/2007	0.000359661
08/10/2007	0.00017983
09/10/2007	0.003421294
10/10/2007	0.004356925
11/10/2007	0.002178462
12/10/2007	0.001089231
13/10/2007	0.000544615
14/10/2007	0.000272308
15/10/2007	0.000136154
16/10/2007	6.80769E-05
17/10/2007	0.012779212
18/10/2007	0.016513711
19/10/2007	0.008256845
20/10/2007	0.00412842
21/10/2007	0.002064209
22/10/2007	0.001032104
23/10/2007	0.000516052
24/10/2007	0.000258026
25/10/2007	0.000129013
26/10/2007	6.45065E-05
27/10/2007	3.22533E-05
28/10/2007	1.61266E-05
29/10/2007	0.030949392
30/10/2007	0.040052817
31/10/2007	0.020026348
01/11/2007	0.010013159
02/11/2007	0.005006575
03/11/2007	0.002503287
04/11/2007	0.001251643
05/11/2007	0.000625821
06/11/2007	0.000312911
07/11/2007	0.000156455
08/11/2007	7.82277E-05
09/11/2007	3.91138E-05
10/11/2007	1.95569E-05
11/11/2007	9.77846E-06
12/11/2007	4.88923E-06
13/11/2007	0.002346743
14/11/2007	0.003035564
15/11/2007	0.001517781
16/11/2007	0.000758891
17/11/2007	0.000379445
18/11/2007	0.050201343
19/11/2007	0.110283743
20/11/2007	1.180470952
21/11/2007	1.45525248
22/11/2007	1.003015181
23/11/2007	0.720257937
24/11/2007	0.360109505
25/11/2007	0.231234366
26/11/2007	0.156273214
27/11/2007	0.078135688
28/11/2007	0.039067614
29/11/2007	0.231749434
30/11/2007	0.882226723
01/12/2007	0.933262221
02/12/2007	3.1601664
03/12/2007	3.70787328
04/12/2007	1.85338368
05/12/2007	1.24999753
06/12/2007	1.60648704
07/12/2007	1.4397696
08/12/2007	4.32359424
09/12/2007	5.4411264
10/12/2007	3.08247552
11/12/2007	1.54082304
12/12/2007	0.770356169
13/12/2007	0.385155828
14/12/2007	0.192572343
15/12/2007	0.096284779
16/12/2007	0.048142041
17/12/2007	0.024070934
18/12/2007	0.012035445
19/12/2007	0.006017717
20/12/2007	0.003008857
21/12/2007	0.001504428
22/12/2007	0.000752214
23/12/2007	0.000376107
24/12/2007	0.000188053
25/12/2007	0.184965369
26/12/2007	0.239331055
27/12/2007	0.119663378
28/12/2007	0.203452259
29/12/2007	0.747107408
30/12/2007	0.795545142
31/12/2007	0.397748828
01/01/2008	0.198868484
02/01/2008	0.203177756
03/01/2008	0.363478344
04/01/2008	1.85559552
05/01/2008	4.3186176
06/01/2008	6.65252352
07/01/2008	5.52158208
08/01/2008	2.96123904
09/01/2008	1.84260096
10/01/2008	1.081763417
11/01/2008	2.46841344
12/01/2008	2.76493824
13/01/2008	1.382166126
14/01/2008	0.691011413
15/01/2008	5.26874112
16/01/2008	7.13843712
17/01/2008	6.73463808
18/01/2008	5.62111488
19/01/2008	2.90179584
20/01/2008	1.45055232
21/01/2008	0.771460195
22/01/2008	0.422430875
23/01/2008	0.21120874
24/01/2008	0.105602694
25/01/2008	0.052800928
26/01/2008	0.026400359
27/01/2008	0.013200153
28/01/2008	0.00660007
29/01/2008	0.003300033
30/01/2008	0.799561788
31/01/2008	2.5360128
01/02/2008	3.91329792
02/02/2008	3.10929408
03/02/2008	4.10213376
04/02/2008	4.44566016
05/02/2008	3.46139136
06/02/2008	2.47974912
07/02/2008	1.23967443
08/02/2008	0.619779576
09/02/2008	0.309875369
10/02/2008	0.154934084
11/02/2008	0.077466139
12/02/2008	0.038732844
13/02/2008	0.019366365
14/02/2008	0.009683168
15/02/2008	0.004841581
16/02/2008	0.002420789
17/02/2008	0.001210394
18/02/2008	0.000605197
19/02/2008	0.113680127
20/02/2008	0.14689992
21/02/2008	0.073449146
22/02/2008	0.03672437
23/02/2008	0.018362134
24/02/2008	0.009181054
25/02/2008	0.004590524
26/02/2008	0.45837492
27/02/2008	0.801441589
28/02/2008	0.567498908
29/02/2008	0.283737379
01/03/2008	0.141865662
02/03/2008	0.210152462
03/03/2008	0.666016446
04/03/2008	0.710625056
05/03/2008	0.371111363
06/03/2008	0.185550511
07/03/2008	0.136556502
08/03/2008	0.120653946
09/03/2008	1.092010098
10/03/2008	3.92034816
11/03/2008	5.07244032
12/03/2008	3.38923008
13/03/2008	1.6941312
14/03/2008	0.846974776
15/03/2008	2.7848448
16/03/2008	3.68326656
17/03/2008	2.17147392
18/03/2008	1.085563109
19/03/2008	0.542737359
20/03/2008	0.271357627
21/03/2008	1.57648896
22/03/2008	1.93245696
23/03/2008	1.50391296
24/03/2008	1.239899015
25/03/2008	0.668279504
26/03/2008	0.77693613
27/03/2008	0.865431766
28/03/2008	1.08816556
29/03/2008	0.985653661
30/03/2008	1.69634304
31/03/2008	1.80389376
01/04/2008	0.901823114
02/04/2008	0.45088104
03/04/2008	0.225432889
04/04/2008	0.11271454
05/04/2008	0.056356792
06/04/2008	0.028178276
07/04/2008	0.014089108
08/04/2008	1.306181735
09/04/2008	3.00824064
10/04/2008	2.61245952
11/04/2008	1.351811497
12/04/2008	1.48483584
13/04/2008	3.90624768
14/04/2008	4.02015744
15/04/2008	2.06143488
16/04/2008	1.030549326
17/04/2008	1.67864832
18/04/2008	3.07777536
19/04/2008	2.66305536
20/04/2008	1.39511808
21/04/2008	0.95925853
22/04/2008	0.890627042
23/04/2008	0.606610833
24/04/2008	0.303291607
25/04/2008	0.151642354
26/04/2008	0.075820313
27/04/2008	0.03790994
28/04/2008	0.402277654
29/04/2008	1.83485952
30/04/2008	2.32270848
01/05/2008	1.43894016
02/05/2008	0.719382118
03/05/2008	0.359671643
04/05/2008	0.179830969
05/05/2008	0.089914268
06/05/2008	0.04495683
07/05/2008	0.022478338
08/05/2008	0.01123915
09/05/2008	0.00561957
10/05/2008	0.002809784
11/05/2008	0.001404892
12/05/2008	0.000702446
13/05/2008	0.000351223
14/05/2008	0.202221149
15/05/2008	0.347467139
16/05/2008	0.595791328
17/05/2008	0.733766031
18/05/2008	0.644559732
19/05/2008	0.445168093
20/05/2008	0.222576602
21/05/2008	0.111286443
22/05/2008	0.055642756
23/05/2008	0.742235028
24/05/2008	1.70394624
25/05/2008	1.77444864
26/05/2008	1.137108617
27/05/2008	2.50242048
28/05/2008	3.55166208
29/05/2008	2.38284288
30/05/2008	1.191210721
31/05/2008	0.778386641
01/06/2008	1.088058328
02/06/2008	2.78470656
03/06/2008	2.82230784
04/06/2008	1.41087744
05/06/2008	0.705345007
06/06/2008	0.352653848
07/06/2008	0.176322258
08/06/2008	0.088159958
09/06/2008	0.044079687
10/06/2008	1.243907961
11/06/2008	1.59238656
12/06/2008	0.900559255
13/06/2008	0.533235585
14/06/2008	0.26660712
15/06/2008	0.133300895
16/06/2008	1.41184512
17/06/2008	1.7743104
18/06/2008	0.887033397
19/06/2008	0.443487191
20/06/2008	0.221736214
21/06/2008	0.579514508
22/06/2008	0.661996261
23/06/2008	0.330981687
24/06/2008	0.396042559
25/06/2008	0.381152411
26/06/2008	0.190570752
27/06/2008	0.095284013
28/06/2008	0.047641665
29/06/2008	0.023820747
30/06/2008	0.011910352
01/07/2008	0.00595517
02/07/2008	0.002977584
03/07/2008	0.001488792
04/07/2008	0.000744396
05/07/2008	0.000372198
06/07/2008	0.000186099
07/07/2008	0.050396134
08/07/2008	0.065156001
09/07/2008	0.03257784
10/07/2008	0.226416301
11/07/2008	0.314835117
12/07/2008	0.1849918
13/07/2008	0.092494617
14/07/2008	0.046246987
15/07/2008	0.023123413
16/07/2008	0.011561686
17/07/2008	0.005780838
18/07/2008	0.002890418
19/07/2008	0.001445209
20/07/2008	0.000722604
21/07/2008	0.000361302
22/07/2008	0.000180651
23/07/2008	9.03255E-05
24/07/2008	4.51628E-05
25/07/2008	0.012009837
26/07/2008	0.015526974
27/07/2008	0.007763478
28/07/2008	0.008105367
29/07/2008	0.007407719
30/07/2008	0.003703857
31/07/2008	0.001851928
01/08/2008	0.000925964
02/08/2008	0.017671514
03/08/2008	0.022505313
04/08/2008	0.011252637
05/08/2008	0.005626314
06/08/2008	0.012412366
07/08/2008	0.013831299
08/08/2008	0.006915642
09/08/2008	0.003457819
10/08/2008	0.001728909
11/08/2008	0.134952862
12/08/2008	0.192236046
13/08/2008	0.110612417
14/08/2008	0.097999747
15/08/2008	0.082913296
16/08/2008	0.04145639
17/08/2008	0.02072813
18/08/2008	0.010364049
19/08/2008	0.00518202
20/08/2008	0.002591009
21/08/2008	0.019203676
22/08/2008	0.023827147
23/08/2008	0.011913552
24/08/2008	0.005956771
25/08/2008	0.002978384
26/08/2008	0.001489192
27/08/2008	0.000744596
28/08/2008	0.000372298
29/08/2008	0.000186149
30/08/2008	0.025949897
31/08/2008	0.033514227
01/09/2008	0.016757071
02/09/2008	0.035625168
03/09/2008	0.134855586
04/09/2008	0.221853828
05/09/2008	0.24408676
06/09/2008	0.300501619
07/09/2008	0.305180006
08/09/2008	0.198481978
09/09/2008	0.51510404
10/09/2008	0.587868973
11/09/2008	0.350874658
12/09/2008	0.22773059
13/09/2008	0.119469579
14/09/2008	0.059734253
15/09/2008	0.029866993
16/09/2008	0.014933462
17/09/2008	0.007466723
18/09/2008	0.003733359
19/09/2008	0.001866679
20/09/2008	0.000933339
21/09/2008	0.00046667
22/09/2008	0.000233335
23/09/2008	0.000116667
24/09/2008	5.83337E-05
25/09/2008	2.91668E-05
26/09/2008	1.45834E-05
27/09/2008	7.29171E-06
28/09/2008	3.64586E-06
29/09/2008	1.82293E-06
30/09/2008	9.11464E-07
01/10/2008	0.010398265
02/10/2008	0.040582797
03/10/2008	0.04183707
04/10/2008	0.020918469
05/10/2008	0.096355813
06/10/2008	0.116408867
07/10/2008	0.299199343
08/10/2008	0.341025929
09/10/2008	0.170508603
10/10/2008	0.085253207
11/10/2008	0.04262633
12/10/2008	0.021313097
13/10/2008	0.010656531
14/10/2008	0.005328261
15/10/2008	0.867514434
16/10/2008	1.120660269
17/10/2008	0.560283029
18/10/2008	0.28012973
19/10/2008	0.14006192
20/10/2008	0.070030223
21/10/2008	0.135386556
22/10/2008	0.147421873
23/10/2008	0.073710122
24/10/2008	0.036854857
25/10/2008	0.018427377
26/10/2008	0.331344843
27/10/2008	0.731536428
28/10/2008	0.611980434
29/10/2008	0.684224824
30/10/2008	1.097603426
31/10/2008	3.2596992
01/11/2008	3.49526016
02/11/2008	2.99234304
03/11/2008	2.62296576
04/11/2008	1.42096896
05/11/2008	1.81675008
06/11/2008	2.8643328
07/11/2008	2.44505088
08/11/2008	2.55508992
09/11/2008	4.2833664
10/11/2008	5.3616384
11/11/2008	3.94661376
12/11/2008	1.9726848
13/11/2008	0.98620098
14/11/2008	0.899140567
15/11/2008	0.77209032
16/11/2008	0.3860228
17/11/2008	0.200930306
18/11/2008	0.89695361
19/11/2008	1.076084808
20/11/2008	0.537998976
21/11/2008	0.381547031
22/11/2008	0.315938493
23/11/2008	1.031333202
24/11/2008	1.186759711
25/11/2008	0.59332702
26/11/2008	0.296650308
27/11/2008	0.148321843
28/11/2008	0.531969016
29/11/2008	2.43896832
30/11/2008	2.97312768
01/12/2008	1.73795328
02/12/2008	4.13420544
03/12/2008	4.82305536
04/12/2008	6.75661824
05/12/2008	7.47684864
06/12/2008	4.33423872
07/12/2008	2.16635904
08/12/2008	1.083021595
09/12/2008	0.541466796
10/12/2008	0.270722401
11/12/2008	0.135358448
12/12/2008	0.067678536
13/12/2008	2.65434624
14/12/2008	3.40789248
15/12/2008	1.70353152
16/12/2008	0.851661458
17/12/2008	0.52467011
18/12/2008	0.417383442
19/12/2008	0.26947231
20/12/2008	0.134733429
21/12/2008	0.067366033
22/12/2008	0.033682845
23/12/2008	0.01684138
24/12/2008	0.008420679
25/12/2008	0.004210337
26/12/2008	0.002105168
27/12/2008	0.001052584
28/12/2008	0.000526292
29/12/2008	0.000263146
30/12/2008	0.000131573
31/12/2008	6.57865E-05
01/01/2009	3.28932E-05
02/01/2009	1.64466E-05
03/01/2009	8.22331E-06
04/01/2009	4.11165E-06
05/01/2009	2.05583E-06
06/01/2009	1.02791E-06
07/01/2009	5.13957E-07
08/01/2009	0
09/01/2009	0
10/01/2009	0
11/01/2009	0
12/01/2009	0
13/01/2009	0.988185222
14/01/2009	1.53971712
15/01/2009	0.976894954
16/01/2009	0.48841168
17/01/2009	0.752588997
18/01/2009	2.25939456
19/01/2009	2.78263296
20/01/2009	2.54306304
21/01/2009	3.22430976
22/01/2009	6.51995136
23/01/2009	10.20114432
24/01/2009	9.58293504
25/01/2009	6.59363328
26/01/2009	4.1133312
27/01/2009	2.26699776
28/01/2009	1.57621248
29/01/2009	1.139820415
30/01/2009	0.569861485
31/01/2009	0.284918557
01/02/2009	0.579568117
02/02/2009	0.789531135
03/02/2009	0.634043234
04/02/2009	0.561348707
05/02/2009	0.400221223
06/02/2009	0.200104598
07/02/2009	0.100050796
08/02/2009	0.293830737
09/02/2009	1.56639744
10/02/2009	1.75675392
11/02/2009	0.878226804
12/02/2009	0.439084468
13/02/2009	0.219535004
14/02/2009	0.10976569
15/02/2009	0.054882391
16/02/2009	0.027441082
17/02/2009	0.013720513
18/02/2009	0.006860249
19/02/2009	0.003430123
20/02/2009	0.001715061
21/02/2009	0.00085753
22/02/2009	0.000428765
23/02/2009	0.000214383
24/02/2009	0.000107191
25/02/2009	5.35956E-05
26/02/2009	2.67978E-05
27/02/2009	1.33989E-05
28/02/2009	6.69945E-06
01/03/2009	3.34973E-06
02/03/2009	1.67486E-06
03/03/2009	1.130368864
04/03/2009	2.85576192
05/03/2009	2.58688512
06/03/2009	1.335316299
07/03/2009	0.773237809
08/03/2009	0.734613733
09/03/2009	0.577065987
10/03/2009	0.380540962
11/03/2009	0.263360416
12/03/2009	0.131677605
13/03/2009	0.065838151
14/03/2009	0.032918913
15/03/2009	0.016459416
16/03/2009	0.008229697
17/03/2009	0.004114846
18/03/2009	0.002057422
19/03/2009	0.001028711
20/03/2009	0.000514355
21/03/2009	0.000257178
22/03/2009	0.000128589
23/03/2009	6.42944E-05
24/03/2009	3.21472E-05
25/03/2009	1.60736E-05
26/03/2009	0.066966063
27/03/2009	0.101309785
28/03/2009	0.062283122
29/03/2009	0.031141415
30/03/2009	0.015570671
31/03/2009	0.007785326
01/04/2009	0.003892661
02/04/2009	0.00194633
03/04/2009	0.000973165
04/04/2009	0.000486582
05/04/2009	0.000243291
06/04/2009	0.006583822
07/04/2009	0.008425133
08/04/2009	0.03991044
09/04/2009	0.048311649
10/04/2009	0.517853676
11/04/2009	0.80552813
12/04/2009	0.525434024
13/04/2009	0.262706651
14/04/2009	0.4053828
15/04/2009	0.74081399
16/04/2009	0.624931919
17/04/2009	0.312451306
18/04/2009	0.156221983
19/04/2009	0.078110078
20/04/2009	0.039054809
21/04/2009	0.019527347
22/04/2009	0.009763659
23/04/2009	0.004881826
24/04/2009	0.002440912
25/04/2009	0.001220456
26/04/2009	0.000610228
27/04/2009	0.536321987
28/04/2009	1.12872425
29/04/2009	0.909688196
30/04/2009	0.878543719
01/05/2009	0.775815681
02/05/2009	0.387885252
03/05/2009	0.193936979
04/05/2009	0.096967079
05/05/2009	0.048483186
06/05/2009	0.024241504
07/05/2009	0.01212073
08/05/2009	0.006060359
09/05/2009	0.024098069
10/05/2009	0.05453015
11/05/2009	0.066720926
12/05/2009	0.048456692
13/05/2009	0.024228258
14/05/2009	0.024621969
15/05/2009	0.022246564
16/05/2009	1.029852597
17/05/2009	1.324027303
18/05/2009	0.661947905
19/05/2009	0.330957509
20/05/2009	0.165474649
21/05/2009	0.082736293
22/05/2009	0.041367889
23/05/2009	0.020683879
24/05/2009	0.010341924
25/05/2009	0.009034365
26/05/2009	0.007586075
27/05/2009	0.003793035
28/05/2009	0.001896517
29/05/2009	0.000948258
30/05/2009	0.000474129
31/05/2009	0.000237065
01/06/2009	0.000118532
02/06/2009	5.92661E-05
03/06/2009	2.96331E-05
04/06/2009	1.48165E-05
05/06/2009	0.003454257
06/06/2009	0.093093227
07/06/2009	0.187013519
08/06/2009	0.378293967
09/06/2009	0.371147706
10/06/2009	0.330089596
11/06/2009	0.279838748
12/06/2009	0.139916436
13/06/2009	0.069957483
14/06/2009	0.034978558
15/06/2009	0.017489232
16/06/2009	0.008744605
17/06/2009	0.004372299
18/06/2009	0.002186149
19/06/2009	0.001093074
20/06/2009	0.000546537
21/06/2009	0.000273269
22/06/2009	0.000136634
23/06/2009	6.83171E-05
24/06/2009	3.41586E-05
25/06/2009	1.70793E-05
26/06/2009	8.53964E-06
27/06/2009	4.26982E-06
28/06/2009	2.13491E-06
29/06/2009	1.06745E-06
30/06/2009	5.33729E-07
01/07/2009	0
02/07/2009	0
03/07/2009	0
04/07/2009	0
05/07/2009	0
06/07/2009	0
07/07/2009	0
08/07/2009	0
09/07/2009	0
10/07/2009	0
11/07/2009	0
12/07/2009	0.002417633
13/07/2009	0.003129262
14/07/2009	0.001564631
15/07/2009	0.000782315
16/07/2009	0.000391158
17/07/2009	0.010604259
18/07/2009	0.013570248
19/07/2009	0.006785117
20/07/2009	0.003392557
21/07/2009	0.001696278
22/07/2009	0.04623554
23/07/2009	0.216749924
24/07/2009	0.23354379
25/07/2009	0.116769849
26/07/2009	0.058384412
27/07/2009	0.029192077
28/07/2009	0.014596007
29/07/2009	0.007297995
30/07/2009	0.003648995
31/07/2009	0.001824497
01/08/2009	0.00103835
02/08/2009	0.000619344
03/08/2009	0.000309672
04/08/2009	0.000154836
05/08/2009	7.7418E-05
06/08/2009	3.8709E-05
07/08/2009	1.93545E-05
08/08/2009	9.67724E-06
09/08/2009	4.83862E-06
10/08/2009	2.41931E-06
11/08/2009	1.20966E-06
12/08/2009	6.04829E-07
13/08/2009	0
14/08/2009	0
15/08/2009	0
16/08/2009	0
17/08/2009	0
18/08/2009	0
19/08/2009	0
20/08/2009	0
21/08/2009	0
22/08/2009	0
23/08/2009	0
24/08/2009	0
25/08/2009	0
26/08/2009	0
27/08/2009	0
28/08/2009	0
29/08/2009	0
30/08/2009	0
31/08/2009	0
01/09/2009	0.002057978
02/09/2009	0.004711076
03/09/2009	0.148589821
04/09/2009	0.189161644
05/09/2009	0.094579481
06/09/2009	0.047289405
07/09/2009	0.023644618
08/09/2009	0.011822288
09/09/2009	0.005911139
10/09/2009	0.002955568
11/09/2009	0.001477784
12/09/2009	0.000738892
13/09/2009	0.000369446
14/09/2009	0.000184723
15/09/2009	0.019970344
16/09/2009	0.061660559
17/09/2009	0.059335547
18/09/2009	0.029667641
19/09/2009	0.014833787
20/09/2009	0.007416885
21/09/2009	0.00370844
22/09/2009	0.00185422
23/09/2009	0.00092711
24/09/2009	0.000463555
25/09/2009	0.000231777
26/09/2009	0.000115889
27/09/2009	5.79443E-05
28/09/2009	2.89722E-05
29/09/2009	1.44861E-05
30/09/2009	7.24304E-06
01/10/2009	3.62152E-06
02/10/2009	1.81076E-06
03/10/2009	9.05381E-07
04/10/2009	0.000665696
05/10/2009	0.001485038
06/10/2009	0.001237712
07/10/2009	0.000618856
08/10/2009	0.000309428
09/10/2009	0.001922526
10/10/2009	0.002365523
11/10/2009	0.001182761
12/10/2009	0.000591381
13/10/2009	0.00029569
14/10/2009	0.000147845
15/10/2009	7.39226E-05
16/10/2009	3.69613E-05
17/10/2009	1.84806E-05
18/10/2009	9.24032E-06
19/10/2009	4.62016E-06
20/10/2009	0.024905144
21/10/2009	0.045356012
22/10/2009	0.03857201
23/10/2009	0.06541807
24/10/2009	0.199203467
25/10/2009	0.205486793
26/10/2009	0.102741808
27/10/2009	0.051370508
28/10/2009	0.025685154
29/10/2009	0.012842552
30/10/2009	0.00642127
31/10/2009	0.003210633
01/11/2009	0.763966412
02/11/2009	2.35616256
03/11/2009	2.9714688
04/11/2009	3.20150016
05/11/2009	2.51748864
06/11/2009	1.92098304
07/11/2009	2.43108864
08/11/2009	2.1510144
09/11/2009	1.222683711
10/11/2009	0.963136853
11/11/2009	1.133997719
12/11/2009	0.863215336
13/11/2009	0.845162713
14/11/2009	0.751067445
15/11/2009	1.215568595
16/11/2009	2.7212544
17/11/2009	2.80793088
18/11/2009	1.64104704
19/11/2009	0.82040115
20/11/2009	0.410175332
21/11/2009	0.677171667
22/11/2009	2.36431872
23/11/2009	2.64895488
24/11/2009	1.44820224
25/11/2009	2.01443328
26/11/2009	4.56786432
27/11/2009	5.40020736
28/11/2009	8.30393856
29/11/2009	8.92435968
30/11/2009	5.26984704
01/12/2009	2.7592704
02/12/2009	3.48268032
03/12/2009	4.81517568
04/12/2009	4.8688128
05/12/2009	3.77063424
06/12/2009	3.64386816
07/12/2009	4.7526912
08/12/2009	3.94758144
09/12/2009	2.12779008
10/12/2009	1.063739589
11/12/2009	0.531827348
12/12/2009	0.265903064
13/12/2009	0.132948878
14/12/2009	0.066473774
15/12/2009	0.033236721
16/12/2009	0.016618318
17/12/2009	0.247786118
18/12/2009	0.314114416
19/12/2009	0.15705351
20/12/2009	2.26658304
21/12/2009	3.6882432
22/12/2009	3.21850368
23/12/2009	2.18529792
24/12/2009	1.3941504
25/12/2009	0.936657202
26/12/2009	0.980458422
27/12/2009	1.40258304
28/12/2009	4.48768512
29/12/2009	6.39207936
30/12/2009	5.34670848
31/12/2009	7.8955776
01/01/2010	7.4670336
02/01/2010	3.73137408
03/01/2010	2.80309248
04/01/2010	2.146176
05/01/2010	1.072913002
06/01/2010	0.536413322
07/01/2010	0.268195871
08/01/2010	0.134095233
09/01/2010	0.067046941
10/01/2010	0.033523301
11/01/2010	0.016761608
12/01/2010	3.88329984
13/01/2010	5.3630208
14/01/2010	3.00340224
15/01/2010	1.54013184
16/01/2010	3.02026752
17/01/2010	3.29688576
18/01/2010	1.64809728
19/01/2010	2.05023744
20/01/2010	2.44712448
21/01/2010	1.579392
22/01/2010	0.789575538
23/01/2010	1.371871476
24/01/2010	1.461888
25/01/2010	0.730892423
26/01/2010	0.365426173
27/01/2010	0.182708076
28/01/2010	0.250073893
29/01/2010	0.69370184
30/01/2010	1.182359352
31/01/2010	0.975547377
01/02/2010	0.487737995
02/02/2010	0.243860074
03/02/2010	0.121927802
04/02/2010	1.358965071
05/02/2010	5.35030272
06/02/2010	5.56429824
07/02/2010	2.78097408
08/02/2010	1.39027968
09/02/2010	0.695038178
10/02/2010	0.347500966
11/02/2010	0.173745949
12/02/2010	0.086871842
13/02/2010	0.043435637
14/02/2010	0.021717747
15/02/2010	0.010858856
16/02/2010	0.146976022
17/02/2010	0.25617253
18/02/2010	0.27332828
19/02/2010	0.207708987
20/02/2010	0.103852872
21/02/2010	0.463157858
22/02/2010	1.61865216
23/02/2010	1.65141504
24/02/2010	0.846794553
25/02/2010	2.59324416
26/02/2010	3.00630528
27/02/2010	1.88365824
28/02/2010	1.24415548
01/03/2010	2.33293824
02/03/2010	2.52509184
03/03/2010	1.262308963
04/03/2010	0.631094713
05/03/2010	0.315532413
06/03/2010	0.157762474
07/03/2010	0.078880301
08/03/2010	0.039439916
09/03/2010	0.0197199
10/03/2010	0.009859935
11/03/2010	0.004929964
12/03/2010	0.002464981
13/03/2010	0.00123249
14/03/2010	0.000616245
15/03/2010	0.000308123
16/03/2010	0.000154061
17/03/2010	7.70306E-05
18/03/2010	3.85153E-05
19/03/2010	0.389547104
20/03/2010	0.504176556
21/03/2010	0.252078732
22/03/2010	0.126036983
23/03/2010	0.063017894
24/03/2010	0.826624328
25/03/2010	1.66399488
26/03/2010	2.96151552
27/03/2010	3.34388736
28/03/2010	2.24004096
29/03/2010	1.52561664
30/03/2010	1.3989888
31/03/2010	1.194648819
01/04/2010	0.968835991
02/04/2010	2.74752
03/04/2010	4.68758016
04/04/2010	3.66018048
05/04/2010	1.8296064
06/04/2010	0.914672383
07/04/2010	0.457304804
08/04/2010	0.228644564
09/04/2010	0.114320316
10/04/2010	0.057159667
11/04/2010	0.02857971
12/04/2010	0.014289825
13/04/2010	0.007144904
14/04/2010	0.00357245
15/04/2010	0.001786225
16/04/2010	0.000893112
17/04/2010	0.000446556
18/04/2010	0.000223278
19/04/2010	0.001030044
20/04/2010	0.001244556
21/04/2010	0.000622278
22/04/2010	0.078415728
23/04/2010	0.101249482
24/04/2010	0.050624356
25/04/2010	0.025312081
26/04/2010	0.012656016
27/04/2010	0.006328002
28/04/2010	0.003164
29/04/2010	0.001581999
30/04/2010	0.000791
01/05/2010	0.0003955
02/05/2010	0.00019775
03/05/2010	9.88749E-05
04/05/2010	4.94375E-05
05/05/2010	2.47187E-05
06/05/2010	1.23594E-05
07/05/2010	0.028085383
08/05/2010	0.052779342
09/05/2010	0.185999045
10/05/2010	0.209413652
11/05/2010	0.170991724
12/05/2010	0.13814901
13/05/2010	0.069073788
14/05/2010	0.034536715
15/05/2010	0.017268312
16/05/2010	0.008634145
17/05/2010	0.004317069
18/05/2010	0.002158534
19/05/2010	0.001079267
20/05/2010	0.000539633
21/05/2010	0.000269817
22/05/2010	0.000134908
23/05/2010	6.74542E-05
24/05/2010	3.37271E-05
25/05/2010	1.68635E-05
26/05/2010	0.002473635
27/05/2010	0.003195051
28/05/2010	0.001597525
29/05/2010	0.055440764
30/05/2010	0.071124875
31/05/2010	0.067461619
01/06/2010	0.059069794
02/06/2010	0.029534766
03/06/2010	0.01476735
04/06/2010	0.007383667
05/06/2010	0.003691831
06/06/2010	0.001845915
07/06/2010	0.000922957
08/06/2010	0.000461479
09/06/2010	0.004249994
10/06/2010	0.118053122
11/06/2010	0.148576329
12/06/2010	0.074287337
13/06/2010	0.037143461
14/06/2010	0.018571679
15/06/2010	0.032618375
16/06/2010	0.084791485
17/06/2010	0.099849772
18/06/2010	0.06404658
19/06/2010	0.032023136
20/06/2010	0.016011529
21/06/2010	0.008005755
22/06/2010	0.004002875
23/06/2010	0.002001437
24/06/2010	0.001000718
25/06/2010	0.000500359
26/06/2010	0.00025018
27/06/2010	0.00012509
28/06/2010	0.004698222
29/06/2010	0.019261625
30/06/2010	0.020140163
01/07/2010	0.010070066
02/07/2010	0.013738699
03/07/2010	0.013783093
04/07/2010	0.006891539
05/07/2010	0.003445768
06/07/2010	0.001722883
07/07/2010	0.000861442
08/07/2010	0.000430721
09/07/2010	0.00021536
10/07/2010	0.00010768
11/07/2010	0.015586825
12/07/2010	0.020132006
13/07/2010	0.010065987
14/07/2010	0.060388965
15/07/2010	0.074166089
16/07/2010	0.037082837
17/07/2010	0.018541367
18/07/2010	0.00927067
19/07/2010	0.004635332
20/07/2010	0.002317665
21/07/2010	0.001158832
22/07/2010	0.000993563
23/07/2010	0.000825758
24/07/2010	0.000412879
25/07/2010	0.00020644
26/07/2010	0.00010322
27/07/2010	5.16099E-05
28/07/2010	2.58049E-05
29/07/2010	1.29025E-05
30/07/2010	6.45124E-06
31/07/2010	3.22562E-06
01/08/2010	1.61281E-06
02/08/2010	8.06405E-07
03/08/2010	0
04/08/2010	0
05/08/2010	0
06/08/2010	0
07/08/2010	0
08/08/2010	0
09/08/2010	0
10/08/2010	0
11/08/2010	0.000115514
12/08/2010	0.000149515
13/08/2010	7.47575E-05
14/08/2010	3.73788E-05
15/08/2010	1.86894E-05
16/08/2010	9.34469E-06
17/08/2010	4.67235E-06
18/08/2010	2.33617E-06
19/08/2010	1.16809E-06
20/08/2010	5.84043E-07
21/08/2010	4.06156E-05
22/08/2010	0.003490655
23/08/2010	0.010424573
24/08/2010	0.009937235
25/08/2010	0.004968614
26/08/2010	0.008865522
27/08/2010	0.034078194
28/08/2010	0.036561353
29/08/2010	0.018280627
30/08/2010	0.0091403
31/08/2010	0.004570147
01/09/2010	0.002285073
02/09/2010	0.001142536
03/09/2010	0.000571268
04/09/2010	0.000285634
05/09/2010	0.000142817
06/09/2010	0.007208179
07/09/2010	0.081458666
08/09/2010	0.107156798
09/09/2010	0.060796706
10/09/2010	0.030398214
11/09/2010	0.015199072
12/09/2010	0.007599527
13/09/2010	0.003799761
14/09/2010	0.00189988
15/09/2010	0.00094994
16/09/2010	0.00047497
17/09/2010	0.000237485
18/09/2010	0.000118742
19/09/2010	5.93712E-05
20/09/2010	2.96856E-05
21/09/2010	1.48428E-05
22/09/2010	7.42141E-06
23/09/2010	0.045697704
24/09/2010	0.059145611
25/09/2010	0.029572674
26/09/2010	0.014786304
27/09/2010	0.007393143
28/09/2010	0.00369657
29/09/2010	0.001848284
30/09/2010	0.000924142
01/10/2010	0.000462071
02/10/2010	0.000231035
03/10/2010	0.030918919
04/10/2010	0.128459011
05/10/2010	0.165846791
06/10/2010	0.107780638
07/10/2010	0.053889882
08/10/2010	0.026944831
09/10/2010	0.013472388
10/10/2010	0.006736187
11/10/2010	0.003368092
12/10/2010	0.001684045
13/10/2010	0.000842023
14/10/2010	0.000421011
15/10/2010	0.000210506
16/10/2010	0.000105253
17/10/2010	5.26264E-05
18/10/2010	2.63132E-05
19/10/2010	1.31566E-05
20/10/2010	6.5783E-06
21/10/2010	3.28915E-06
22/10/2010	1.64458E-06
23/10/2010	0.098982404
24/10/2010	0.141205428
25/10/2010	0.080999504
26/10/2010	0.040499505
27/10/2010	0.020249691
28/10/2010	0.01012483
29/10/2010	0.208221055
30/10/2010	0.270158769
31/10/2010	0.138789656
01/11/2010	0.069394105
02/11/2010	0.087888759
03/11/2010	0.094715616
04/11/2010	0.074280878
05/11/2010	0.053151491
06/11/2010	0.190075618
07/11/2010	0.271542178
08/11/2010	1.5593472
09/11/2010	3.20979456
10/11/2010	2.66001408
11/11/2010	4.1347584
12/11/2010	4.831488
13/11/2010	2.8415232
14/11/2010	2.46578688
15/11/2010	2.11465728
16/11/2010	1.098173445
17/11/2010	1.6229376
18/11/2010	2.50684416
19/11/2010	1.92236544
20/11/2010	1.65003264
21/11/2010	1.76366592
22/11/2010	1.192728292
23/11/2010	0.596310778
24/11/2010	0.371611363
25/11/2010	0.739970339
26/11/2010	0.934401623
27/11/2010	0.602689766
28/11/2010	0.566679311
29/11/2010	0.494099813
30/11/2010	0.247040755
01/12/2010	0.123518084
02/12/2010	0.061758468
03/12/2010	0.03087909
04/12/2010	0.015439509
05/12/2010	5.5323648
06/12/2010	9.97277184
07/12/2010	8.7270912
08/12/2010	6.3542016
09/12/2010	3.81030912
10/12/2010	1.90467072
11/12/2010	0.952172928
12/12/2010	0.476052457
13/12/2010	0.23801772
14/12/2010	0.119006734
15/12/2010	0.059502835
16/12/2010	1.220656283
17/12/2010	1.55616768
18/12/2010	3.33186048
19/12/2010	8.72667648
20/12/2010	11.44088064
21/12/2010	8.54226432
22/12/2010	8.42075136
23/12/2010	7.74821376
24/12/2010	4.25447424
25/12/2010	2.12654592
26/12/2010	1.063120564
27/12/2010	0.721148009
28/12/2010	0.511182766
29/12/2010	0.255581582
30/12/2010	0.127788339
31/12/2010	0.063893555
01/01/2011	0.031946624
02/01/2011	0.015973274
03/01/2011	0.007986627
04/01/2011	0.003993311
05/01/2011	1.97862912
06/01/2011	4.49515008
07/01/2011	3.78432
08/01/2011	2.53780992
09/01/2011	2.21488128
10/01/2011	3.42724608
11/01/2011	3.34720512
12/01/2011	2.14354944
13/01/2011	1.40438016
14/01/2011	0.702138033
15/01/2011	0.351050527
16/01/2011	0.175520632
17/01/2011	0.087759162
18/01/2011	0.043879291
19/01/2011	0.021939573
20/01/2011	0.010969768
21/01/2011	0.005484879
22/01/2011	0.002742439
23/01/2011	0.001371219
24/01/2011	0.000685609
25/01/2011	0.000342805
26/01/2011	1.99701504
27/01/2011	2.58425856
28/01/2011	1.57773312
29/01/2011	1.015820338
30/01/2011	0.507871462
31/01/2011	0.253926061
01/02/2011	0.126960607
02/02/2011	0.143662754
03/02/2011	0.709843973
04/02/2011	0.811085958
05/02/2011	0.405518303
06/02/2011	0.202752972
07/02/2011	0.101374946
08/02/2011	0.050687087
09/02/2011	0.025343447
10/02/2011	0.012671699
11/02/2011	0.006335843
12/02/2011	0.437472687
13/02/2011	0.702957353
14/02/2011	0.751678327
15/02/2011	0.84859094
16/02/2011	0.617077689
17/02/2011	0.308524557
18/02/2011	0.615188418
19/02/2011	0.82589214
20/02/2011	0.611452717
21/02/2011	2.08507392
22/02/2011	2.40662016
23/02/2011	1.264415602
24/02/2011	0.696951268
25/02/2011	0.361239064
26/02/2011	0.334006959
27/02/2011	1.197221368
28/02/2011	1.320053884
01/03/2011	0.659961575
02/03/2011	0.329964448
03/03/2011	0.164978132
04/03/2011	0.082488047
05/03/2011	0.041243767
06/03/2011	0.020621819
07/03/2011	0.010310894
08/03/2011	0.005155443
09/03/2011	0.00257772
10/03/2011	0.00128886
11/03/2011	0.00064443
12/03/2011	0.000322215
13/03/2011	0.000161107
14/03/2011	8.05537E-05
15/03/2011	4.02769E-05
16/03/2011	2.01384E-05
17/03/2011	1.00692E-05
18/03/2011	0.008104311
19/03/2011	0.010485806
20/03/2011	0.005242899
21/03/2011	0.002621448
22/03/2011	0.001310724
23/03/2011	0.000655362
24/03/2011	0.000327681
25/03/2011	0.00016384
26/03/2011	0.112230163
27/03/2011	0.499427389
28/03/2011	0.647768807
29/03/2011	0.697953107
30/03/2011	0.807541236
31/03/2011	0.59046642
01/04/2011	0.295220132
02/04/2011	0.147606797
03/04/2011	0.073802579
04/04/2011	0.036901085
05/04/2011	0.018450491
06/04/2011	0.009225232
07/04/2011	0.004612613
08/04/2011	0.002306306
09/04/2011	0.001153153
10/04/2011	0.000576576
11/04/2011	0.000288288
12/04/2011	0.000144144
13/04/2011	7.2072E-05
14/04/2011	3.6036E-05
15/04/2011	1.8018E-05
16/04/2011	9.009E-06
17/04/2011	4.5045E-06
18/04/2011	2.25225E-06
19/04/2011	1.12613E-06
20/04/2011	5.63064E-07
21/04/2011	0
22/04/2011	0
23/04/2011	0
24/04/2011	0.037409971
25/04/2011	0.048421416
26/04/2011	0.02421062
27/04/2011	0.012105288
28/04/2011	0.006052638
29/04/2011	0.003026318
30/04/2011	0.001513158
01/05/2011	0.036368194
02/05/2011	0.172209024
03/05/2011	0.336202362
04/05/2011	0.287422857
05/05/2011	0.143708332
06/05/2011	0.071853386
07/05/2011	0.0359265
08/05/2011	0.017963201
09/05/2011	0.008981588
10/05/2011	0.004490791
11/05/2011	0.002245395
12/05/2011	0.001122697
13/05/2011	0.000561348
14/05/2011	0.000280674
15/05/2011	0.000140337
16/05/2011	7.01686E-05
17/05/2011	3.50843E-05
18/05/2011	1.75421E-05
19/05/2011	8.77107E-06
20/05/2011	4.38554E-06
21/05/2011	2.19277E-06
22/05/2011	1.09638E-06
23/05/2011	5.48191E-07
24/05/2011	0
25/05/2011	0
26/05/2011	0
27/05/2011	0
28/05/2011	0
29/05/2011	0
30/05/2011	0
31/05/2011	0
01/06/2011	0
02/06/2011	0
03/06/2011	0
04/06/2011	0.000348775
05/06/2011	0.000451437
06/06/2011	0.040472226
07/06/2011	0.063736063
08/06/2011	0.041026985
09/06/2011	0.020513429
10/06/2011	0.010256699
11/06/2011	0.005128345
12/06/2011	0.002564172
13/06/2011	0.001282086
14/06/2011	0.000641043
15/06/2011	0.000320521
16/06/2011	0.000160261
17/06/2011	0.016466683
18/06/2011	0.021249962
19/06/2011	0.010624964
20/06/2011	0.005312478
21/06/2011	0.041215703
22/06/2011	0.054596987
23/06/2011	0.029967095
24/06/2011	0.014983514
25/06/2011	0.007491748
26/06/2011	0.003745872
27/06/2011	0.001872935
28/06/2011	0.000936468
29/06/2011	0.000468234
30/06/2011	0.000234117
01/07/2011	0.000117058
02/07/2011	5.85292E-05
03/07/2011	2.92646E-05
04/07/2011	1.46323E-05
05/07/2011	7.31615E-06
06/07/2011	3.65808E-06
07/07/2011	1.82904E-06
08/07/2011	9.14519E-07
09/07/2011	0
10/07/2011	0
11/07/2011	0.001935097
12/07/2011	0.002504692
13/07/2011	0.001252346
14/07/2011	0.000626173
15/07/2011	0.000313086
16/07/2011	0.0299944
17/07/2011	0.052140167
18/07/2011	0.699678563
19/07/2011	0.887050068
20/07/2011	1.147795854
21/07/2011	1.16394089
22/07/2011	0.611632927
23/07/2011	0.305802432
24/07/2011	0.152897698
25/07/2011	0.076447974
26/07/2011	0.038223766
27/07/2011	0.019111828
28/07/2011	0.0095559
29/07/2011	0.004777947
30/07/2011	0.002388972
31/07/2011	0.001194486
01/08/2011	0.000597243
02/08/2011	0.32530746
03/08/2011	0.420811642
04/08/2011	0.323088362
05/08/2011	0.251053517
06/08/2011	0.276577017
07/08/2011	0.345268653
08/08/2011	0.241734606
09/08/2011	0.120865112
10/08/2011	0.060432007
11/08/2011	0.030215866
12/08/2011	0.015107898
13/08/2011	0.007553941
14/08/2011	0.369584474
15/08/2011	0.475355036
16/08/2011	0.237669037
17/08/2011	0.118832401
18/08/2011	0.05941567
19/08/2011	0.029707701
20/08/2011	0.014853817
21/08/2011	0.0074269
22/08/2011	0.004209243
23/08/2011	0.002498456
24/08/2011	0.001249228
25/08/2011	0.255209564
26/08/2011	0.627895342
27/08/2011	0.550695117
28/08/2011	0.275336175
29/08/2011	0.137665244
30/08/2011	0.068831909
31/08/2011	0.034415777
01/09/2011	0.134317216
02/09/2011	0.160182559
03/09/2011	0.210564569
04/09/2011	0.25240585
05/09/2011	0.160742237
06/09/2011	0.080370145
07/09/2011	0.040184829
08/09/2011	0.020092353
09/09/2011	0.010046162
10/09/2011	0.005023077
11/09/2011	0.18190591
12/09/2011	0.333318828
13/09/2011	0.395241334
14/09/2011	0.316174828
15/09/2011	0.158083661
16/09/2011	0.079040893
17/09/2011	0.069396733
18/09/2011	0.089184011
19/09/2011	0.069020644
20/09/2011	0.034510142
21/09/2011	0.017255027
22/09/2011	0.008627502
23/09/2011	0.004313748
24/09/2011	0.002156873
25/09/2011	0.001078436
26/09/2011	0.000539218
27/09/2011	0.000269609
28/09/2011	0.000134805
29/09/2011	6.74023E-05
30/09/2011	3.37011E-05
01/10/2011	1.68506E-05
02/10/2011	8.42528E-06
03/10/2011	4.21264E-06
04/10/2011	2.10632E-06
05/10/2011	1.05316E-06
06/10/2011	0.005758725
07/10/2011	0.007453381
08/10/2011	0.003726688
09/10/2011	0.001863344
10/10/2011	0.000931672
11/10/2011	0.000465836
12/10/2011	0.000232918
13/10/2011	0.000116459
14/10/2011	5.82295E-05
15/10/2011	2.91147E-05
16/10/2011	1.45574E-05
17/10/2011	7.27868E-06
18/10/2011	0.047263445
19/10/2011	0.061172266
20/10/2011	0.030585993
21/10/2011	0.01529296
22/10/2011	0.007646471
23/10/2011	0.003823233
24/10/2011	0.045132316
25/10/2011	0.250188936
26/10/2011	0.278629231
27/10/2011	0.145141438
28/10/2011	0.077200771
29/10/2011	0.038600161
30/10/2011	0.019300024
31/10/2011	0.101776898
01/11/2011	0.169744965
02/11/2011	0.148673374
03/11/2011	0.418114013
04/11/2011	0.519395093
05/11/2011	0.625252898
06/11/2011	0.745127355
07/11/2011	0.512832315
08/11/2011	0.256406294
09/11/2011	0.128200678
10/11/2011	0.064099722
11/11/2011	0.032049705
12/11/2011	0.016024814
13/11/2011	0.008012397
14/11/2011	0.004006196
15/11/2011	0.002003097
16/11/2011	0.001001549
17/11/2011	0.000500774
18/11/2011	0.000250387
19/11/2011	0.000125194
20/11/2011	6.25968E-05
21/11/2011	3.12984E-05
22/11/2011	1.56492E-05
23/11/2011	7.8246E-06
24/11/2011	3.9123E-06
25/11/2011	0.012249563
26/11/2011	0.015853647
27/11/2011	0.007926814
28/11/2011	0.003963405
29/11/2011	0.034827839
30/11/2011	0.043505103
01/12/2011	0.410451481
02/12/2011	0.513969671
03/12/2011	1.206468131
04/12/2011	2.33501184
05/12/2011	2.1385728
06/12/2011	1.510272
07/12/2011	1.127886709
08/12/2011	1.047770906
09/12/2011	1.102577412
10/12/2011	1.186639539
11/12/2011	2.4827904
12/12/2011	2.73687552
13/12/2011	5.59222272
14/12/2011	8.38812672
15/12/2011	15.67766016
16/12/2011	19.56731904
17/12/2011	13.05151488
18/12/2011	6.5193984
19/12/2011	4.82886144
20/12/2011	4.55652864
21/12/2011	2.98861056
22/12/2011	1.49395968
23/12/2011	1.180707329
24/12/2011	0.934861216
25/12/2011	0.467397817
26/12/2011	0.233690711
27/12/2011	0.116843307
28/12/2011	0.236280969
29/12/2011	0.25941853
30/12/2011	1.5883776
31/12/2011	2.7606528
01/01/2012	4.47814656
02/01/2012	4.38594048
03/01/2012	5.08889088
04/01/2012	4.7195136
05/01/2012	2.78304768
06/01/2012	1.72813824
07/01/2012	0.863939147
08/01/2012	0.43194158
09/01/2012	0.215963781
10/01/2012	0.107980142
11/01/2012	0.053989633
12/01/2012	0.026994707
13/01/2012	0.013497326
14/01/2012	0.006748656
15/01/2012	0.003374326
16/01/2012	0.001687163
17/01/2012	0.000843581
18/01/2012	0.354997389
19/01/2012	1.013576979
20/01/2012	0.947137356
21/01/2012	0.743012214
22/01/2012	0.585536754
23/01/2012	0.292755521
24/01/2012	0.228312871
25/01/2012	0.179241445
26/01/2012	0.14597421
27/01/2012	0.117751306
28/01/2012	0.058875132
29/01/2012	0.029437435
30/01/2012	1.16336501
31/01/2012	1.49395968
01/02/2012	0.746890551
02/02/2012	0.373424353
03/02/2012	0.186706944
04/02/2012	0.093352161
05/02/2012	0.046675753
06/02/2012	0.023337794
07/02/2012	0.011668877
08/02/2012	0.005834433
09/02/2012	0.002917215
10/02/2012	0.001458607
11/02/2012	0.000729304
12/02/2012	0.000364652
13/02/2012	0.103212539
14/02/2012	0.133447006
15/02/2012	0.066722834
16/02/2012	0.033361249
17/02/2012	0.016680583
18/02/2012	0.44619053
19/02/2012	0.570878005
20/02/2012	0.285426768
21/02/2012	0.142710322
22/02/2012	0.071354399
23/02/2012	0.046007017
24/02/2012	0.031209054
25/02/2012	0.01560449
26/02/2012	0.007802236
27/02/2012	0.003901116
28/02/2012	0.001950557
29/02/2012	0.000975278
01/03/2012	0.000487639
02/03/2012	0.00024382
03/03/2012	0.00012191
04/03/2012	0.337129607
05/03/2012	0.436301462
06/03/2012	0.218143591
07/03/2012	0.261899468
08/03/2012	0.252345038
09/03/2012	0.126170125
10/03/2012	0.063084464
11/03/2012	0.031542083
12/03/2012	0.015771004
13/03/2012	0.007885492
14/03/2012	0.003942744
15/03/2012	0.001971371
16/03/2012	0.000985685
17/03/2012	0.048632231
18/03/2012	0.551654973
19/03/2012	0.664311878
20/03/2012	0.332139378
21/03/2012	0.267601647
22/03/2012	0.214452223
23/03/2012	0.107224385
24/03/2012	0.05361176
25/03/2012	0.026805771
26/03/2012	0.013402859
27/03/2012	0.006701422
28/03/2012	0.00335071
29/03/2012	0.001675354
30/03/2012	0.000837677
31/03/2012	0.000418838
01/04/2012	0.000209419
02/04/2012	0.00010471
03/04/2012	5.23548E-05
04/04/2012	2.61774E-05
05/04/2012	0.002667705
06/04/2012	0.003442546
07/04/2012	0.001721272
08/04/2012	0.000860636
09/04/2012	0.000430318
10/04/2012	0.040769311
11/04/2012	0.052598635
12/04/2012	0.026299213
13/04/2012	0.01314958
14/04/2012	0.008556505
15/04/2012	0.005852429
16/04/2012	0.002926213
17/04/2012	0.086364428
18/04/2012	0.429639206
19/04/2012	0.508378817
20/04/2012	0.422559673
21/04/2012	0.466423419
22/04/2012	0.458624416
23/04/2012	1.64726784
24/04/2012	2.37302784
25/04/2012	2.36514816
26/04/2012	1.83817728
27/04/2012	2.95432704
28/04/2012	11.17131264
29/04/2012	12.54030336
30/04/2012	7.45500672
01/05/2012	4.33465344
02/05/2012	2.16663552
03/05/2012	1.083124487
04/05/2012	0.541518235
05/05/2012	1.7473536
06/05/2012	2.04636672
07/05/2012	1.181512701
08/05/2012	2.35533312
09/05/2012	2.47905792
10/05/2012	1.239277557
11/05/2012	0.619581174
12/05/2012	0.309776182
13/05/2012	0.154884497
14/05/2012	0.077441344
15/05/2012	0.038720446
16/05/2012	0.019360166
17/05/2012	0.009680069
18/05/2012	0.004840031
19/05/2012	0.687663033
20/05/2012	1.255698478
21/05/2012	1.46423808
22/05/2012	1.164436992
23/05/2012	0.582167638
24/05/2012	0.291071108
25/05/2012	0.145532367
26/05/2012	0.07276539
27/05/2012	0.036382495
28/05/2012	0.018191198
29/05/2012	0.009095586
30/05/2012	0.00454779
31/05/2012	0.002273894
01/06/2012	0.001136947
02/06/2012	0.000568473
03/06/2012	0.000284237
04/06/2012	0.000142118
05/06/2012	0.036919518
06/06/2012	0.047730157
07/06/2012	0.023864992
08/06/2012	0.011932475
09/06/2012	0.005966232
10/06/2012	0.464130778
11/06/2012	1.190821285
12/06/2012	1.082585572
13/06/2012	0.554462102
14/06/2012	0.277219515
15/06/2012	0.138606875
16/06/2012	0.069302715
17/06/2012	0.057689392
18/06/2012	0.047144916
19/06/2012	0.055370856
20/06/2012	0.140201252
21/06/2012	0.139411708
22/06/2012	0.06970512
23/06/2012	0.034852378
24/06/2012	0.017426143
25/06/2012	0.00871306
26/06/2012	0.004356527
27/06/2012	0.002178263
28/06/2012	0.001089131
29/06/2012	0.000544566
30/06/2012	0.000272283
01/07/2012	0.000136141
02/07/2012	6.80707E-05
03/07/2012	3.40353E-05
04/07/2012	1.70177E-05
05/07/2012	0.01385715
06/07/2012	0.022319741
07/07/2012	0.054538338
08/07/2012	0.058956223
09/07/2012	0.029477981
10/07/2012	0.014738958
11/07/2012	0.00736947
12/07/2012	0.008328659
13/07/2012	0.688699418
14/07/2012	0.897748255
15/07/2012	0.458872418
16/07/2012	0.229428302
17/07/2012	0.114712177
18/07/2012	0.057355594
19/07/2012	0.028677672
20/07/2012	0.014338806
21/07/2012	0.007169395
22/07/2012	0.003584695
23/07/2012	0.001792347
24/07/2012	0.000896173
25/07/2012	0.000448087
26/07/2012	0.000224043
27/07/2012	0.000112022
28/07/2012	5.60108E-05
29/07/2012	2.80054E-05
30/07/2012	1.40027E-05
31/07/2012	7.00135E-06
01/08/2012	3.50068E-06
02/08/2012	1.75034E-06
03/08/2012	8.7517E-07
04/08/2012	0
05/08/2012	0.030727138
06/08/2012	0.039771548
07/08/2012	0.019885715
08/08/2012	0.009942842
09/08/2012	0.004971417
10/08/2012	0.002485708
11/08/2012	0.001242854
12/08/2012	0.000621427
13/08/2012	0.000310713
14/08/2012	0.000501178
15/08/2012	0.000525292
16/08/2012	0.000262646
17/08/2012	0.000131323
18/08/2012	6.56615E-05
19/08/2012	3.28308E-05
20/08/2012	1.64154E-05
21/08/2012	8.20769E-06
22/08/2012	4.10384E-06
23/08/2012	2.05192E-06
24/08/2012	1.02596E-06
25/08/2012	5.12981E-07
26/08/2012	0
27/08/2012	0
28/08/2012	0
29/08/2012	0
30/08/2012	0
31/08/2012	0
01/09/2012	0
02/09/2012	0
03/09/2012	0
04/09/2012	0
05/09/2012	0
06/09/2012	0
07/09/2012	0
08/09/2012	0
09/09/2012	0
10/09/2012	0
11/09/2012	0
12/09/2012	0
13/09/2012	0
14/09/2012	0
15/09/2012	0
16/09/2012	0
17/09/2012	0
18/09/2012	0
19/09/2012	0
20/09/2012	0
21/09/2012	8.00523E-07
22/09/2012	1.03616E-06
23/09/2012	1.40688E-05
24/09/2012	0.04260251
25/09/2012	0.597524042
26/09/2012	1.000401367
27/09/2012	0.715284643
28/09/2012	0.35762312
29/09/2012	0.178806763
30/09/2012	0.08940218
01/10/2012	0.04470079
02/10/2012	0.02235032
03/10/2012	0.011175141
04/10/2012	0.123994783
05/10/2012	0.156052376
06/10/2012	0.923893793
07/10/2012	1.58989824
08/10/2012	1.374885744
09/10/2012	0.95740187
10/10/2012	0.756752841
11/10/2012	1.39152384
12/10/2012	1.373622686
13/10/2012	2.89391616
14/10/2012	5.32182528
15/10/2012	5.28878592
16/10/2012	3.50148096
17/10/2012	2.48306688
18/10/2012	2.53891584
19/10/2012	6.97130496
20/10/2012	13.0975488
21/10/2012	11.23849728
22/10/2012	5.82557184
23/10/2012	2.91147264
24/10/2012	1.45539072
25/10/2012	0.72763911
26/10/2012	0.363799697
27/10/2012	0.181894879
28/10/2012	0.090946197
29/10/2012	0.045472787
30/10/2012	0.022736316
31/10/2012	2.24128512
01/11/2012	4.54505472
02/11/2012	11.4794496
03/11/2012	13.51130112
04/11/2012	9.87254784
05/11/2012	8.36711424
06/11/2012	5.69507328
07/11/2012	2.8463616
08/11/2012	1.42290432
09/11/2012	0.71134819
10/11/2012	1.86928128
11/11/2012	2.13663744
12/11/2012	1.068166573
13/11/2012	0.534040487
14/11/2012	0.267009537
15/11/2012	0.133502095
16/11/2012	0.066750378
17/11/2012	0.033375021
18/11/2012	1.327859454
19/11/2012	1.7051904
20/11/2012	0.85251556
21/11/2012	0.882109094
22/11/2012	0.803132458
23/11/2012	0.401542023
24/11/2012	0.20076497
25/11/2012	0.100380969
26/11/2012	0.079535454
27/11/2012	0.063077866
28/11/2012	0.031538783
29/11/2012	0.015769353
30/11/2012	0.007884668
01/12/2012	0.003942331
02/12/2012	0.449792276
03/12/2012	3.14744832
04/12/2012	3.82938624
05/12/2012	2.08700928
06/12/2012	1.163860531
07/12/2012	0.829502097
08/12/2012	0.53538248
09/12/2012	0.293095978
10/12/2012	0.166733407
11/12/2012	0.083365657
12/12/2012	0.270121485
13/12/2012	2.49094656
14/12/2012	7.24419072
15/12/2012	9.62399232
16/12/2012	10.11115008
17/12/2012	8.7353856
18/12/2012	5.59277568
19/12/2012	3.83602176
20/12/2012	5.6809728
21/12/2012	6.15485952
22/12/2012	4.54063104
23/12/2012	2.91921408
24/12/2012	2.25552384
25/12/2012	2.31054336
26/12/2012	3.75058944
27/12/2012	7.51707648
28/12/2012	6.89029632
29/12/2012	4.11416064
30/12/2012	2.57997312
31/12/2012	2.84401152
01/01/2013	2.65614336
02/01/2013	1.327794937
03/01/2013	0.663831342
04/01/2013	0.331899144
05/01/2013	0.165945439
06/01/2013	0.082971683
07/01/2013	0.041485582
08/01/2013	0.020742727
09/01/2013	0.010371347
10/01/2013	0.657149345
11/01/2013	1.17659097
12/01/2013	0.953592846
13/01/2013	0.558644318
14/01/2013	0.81944887
15/01/2013	1.5717888
16/01/2013	2.16317952
17/01/2013	1.71307008
18/01/2013	1.689984
19/01/2013	4.98576384
20/01/2013	5.89344768
21/01/2013	5.76543744
22/01/2013	7.53172992
23/01/2013	6.0770304
24/01/2013	3.09975552
25/01/2013	2.85078528
26/01/2013	2.70355968
27/01/2013	3.75349248
28/01/2013	3.62921472
29/01/2013	2.547072
30/01/2013	3.87942912
31/01/2013	3.91371264
01/02/2013	8.45227008
02/02/2013	9.14844672
03/02/2013	5.02142976
04/02/2013	2.93193216
05/02/2013	3.88551168
06/02/2013	3.8230272
07/02/2013	2.10318336
08/02/2013	1.311813661
09/02/2013	4.28792832
10/02/2013	9.9415296
11/02/2013	10.59208704
12/02/2013	6.61782528
13/02/2013	3.30725376
14/02/2013	2.51693568
15/02/2013	1.9443456
16/02/2013	0.972010202
17/02/2013	0.485969656
18/02/2013	0.242975974
19/02/2013	0.121485768
20/02/2013	0.06074233
21/02/2013	0.030371025
22/02/2013	0.015185477
23/02/2013	0.00759273
24/02/2013	0.003796363
25/02/2013	0.068671616
26/02/2013	0.087376717
27/02/2013	0.043688072
28/02/2013	0.021843963
01/03/2013	0.010921964
02/03/2013	0.005460977
03/03/2013	0.002730487
04/03/2013	0.001365243
05/03/2013	0.000682622
06/03/2013	0.000341311
07/03/2013	1.377302925
08/03/2013	1.78232832
09/03/2013	0.893437627
10/03/2013	0.448581985
11/03/2013	0.998963062
12/03/2013	1.114758319
13/03/2013	0.557332545
14/03/2013	0.278654612
15/03/2013	0.139324396
16/03/2013	1.191475796
17/03/2013	2.60264448
18/03/2013	2.79078912
19/03/2013	3.05620992
20/03/2013	2.46633984
21/03/2013	1.249435819
22/03/2013	0.63777776
23/03/2013	0.318873618
24/03/2013	0.159432994
25/03/2013	0.079715542
26/03/2013	0.039857531
27/03/2013	0.019928706
28/03/2013	0.009964338
29/03/2013	1.061251311
30/03/2013	1.6561152
31/03/2013	1.05566329
01/04/2013	0.527789841
02/04/2013	0.26388447
03/04/2013	0.131939621
04/04/2013	0.065969157
05/04/2013	0.032984414
06/04/2013	0.016492166
07/04/2013	0.008246073
08/04/2013	1.299741355
09/04/2013	2.03931648
10/04/2013	5.23210752
11/04/2013	9.71108352
12/04/2013	8.91205632
13/04/2013	5.1687936
14/04/2013	2.58342912
15/04/2013	1.291456259
16/04/2013	0.645665569
17/04/2013	0.322817149
18/04/2013	0.161404656
19/04/2013	0.080701352
20/04/2013	0.040350431
21/04/2013	0.020175153
22/04/2013	0.010087561
23/04/2013	0.005043777
24/04/2013	0.002521887
25/04/2013	0.001260943
26/04/2013	0.000630472
27/04/2013	0.000315236
28/04/2013	0.000157618
29/04/2013	0.054192465
30/04/2013	1.273467613
01/05/2013	1.84660992
02/05/2013	1.201318207
03/05/2013	0.661213477
04/05/2013	0.330590343
05/05/2013	0.165291066
06/05/2013	0.082644507
07/05/2013	0.041321997
08/05/2013	0.038010909
09/05/2013	0.032787318
10/05/2013	0.016393618
11/05/2013	0.008196799
12/05/2013	0.004098397
13/05/2013	0.002049198
14/05/2013	0.001024599
15/05/2013	0.000512299
16/05/2013	0.005509358
17/05/2013	0.00692756
18/05/2013	1.93660416
19/05/2013	3.08786688
20/05/2013	4.2674688
21/05/2013	4.18549248
22/05/2013	2.29699584
23/05/2013	1.148319148
24/05/2013	0.574110112
25/05/2013	0.287042683
26/05/2013	0.143518252
27/05/2013	0.254922564
28/05/2013	0.272952309
29/05/2013	0.136473358
30/05/2013	1.135902943
31/05/2013	1.41585408
01/06/2013	0.707878863
02/06/2013	0.353920638
03/06/2013	0.176955619
04/06/2013	0.088476632
05/06/2013	0.044238022
06/06/2013	0.022118936
07/06/2013	0.01105945
08/06/2013	0.00552972
09/06/2013	0.005534975
10/06/2013	0.004967927
11/06/2013	0.002483962
12/06/2013	0.001241981
13/06/2013	0.550928729
14/06/2013	0.712564563
15/06/2013	0.356263225
16/06/2013	0.629833453
17/06/2013	2.10207744
18/06/2013	4.48754688
19/06/2013	4.73568768
20/06/2013	2.89488384
21/06/2013	1.65431808
22/06/2013	1.098402108
23/06/2013	0.634000131
24/06/2013	0.316984984
25/06/2013	0.158488718
26/06/2013	0.079243416
27/06/2013	0.039621472
28/06/2013	0.019810677
29/06/2013	0.009905323
30/06/2013	0.004952658
01/07/2013	0.002476328
02/07/2013	0.165195805
03/07/2013	0.212834332
04/07/2013	0.106415467
05/07/2013	0.053207308
06/07/2013	0.026603547
07/07/2013	0.013301747
08/07/2013	0.006650867
09/07/2013	0.003325432
10/07/2013	0.001662715
11/07/2013	0.000831358
12/07/2013	0.000415679
13/07/2013	0.000207839
14/07/2013	0.00010392
15/07/2013	5.19598E-05
16/07/2013	2.59799E-05
17/07/2013	1.299E-05
18/07/2013	6.49498E-06
19/07/2013	3.24749E-06
20/07/2013	1.62375E-06
21/07/2013	0.000273884
22/07/2013	0.000353856
23/07/2013	0.02365614
24/07/2013	0.030478707
25/07/2013	0.170845729
26/07/2013	0.63730932
27/07/2013	0.65882997
28/07/2013	0.329398701
29/07/2013	0.164695279
30/07/2013	0.082346621
31/07/2013	0.041173055
01/08/2013	0.020586463
02/08/2013	0.010293216
03/08/2013	0.005146604
04/08/2013	0.002573301
05/08/2013	0.00128665
06/08/2013	0.03405203
07/08/2013	0.043564073
08/08/2013	0.021781965
09/08/2013	0.010890965
10/08/2013	0.005445478
11/08/2013	0.002722738
12/08/2013	0.001361369
13/08/2013	0.000680684
14/08/2013	0.000340342
15/08/2013	0.000170171
16/08/2013	8.50855E-05
17/08/2013	4.25428E-05
18/08/2013	2.12714E-05
19/08/2013	1.06357E-05
20/08/2013	5.31785E-06
21/08/2013	2.65892E-06
22/08/2013	1.32946E-06
23/08/2013	6.64731E-07
24/08/2013	0
25/08/2013	0.056568846
26/08/2013	0.073219482
27/08/2013	0.036609539
28/08/2013	0.018304719
29/08/2013	0.009152347
30/08/2013	0.00457617
31/08/2013	0.002288084
01/09/2013	0.001144042
02/09/2013	0.000572021
03/09/2013	0.00028601
04/09/2013	0.000143005
05/09/2013	7.15026E-05
06/09/2013	3.57513E-05
07/09/2013	1.78756E-05
08/09/2013	8.93782E-06
09/09/2013	0.003316488
10/09/2013	0.004289145
11/09/2013	0.002144572
12/09/2013	0.001072286
13/09/2013	0.000536143
14/09/2013	0.921719541
15/09/2013	1.55215872
16/09/2013	1.061443506
17/09/2013	0.930116432
18/09/2013	0.782302234
19/09/2013	0.391128155
20/09/2013	0.195558341
21/09/2013	0.097777733
22/09/2013	0.048888507
23/09/2013	0.024444164
24/09/2013	0.012222059
25/09/2013	0.006111024
26/09/2013	0.056408932
27/09/2013	0.070585381
28/09/2013	0.526689783
29/09/2013	1.009007691
30/09/2013	0.822667913
01/10/2013	0.439858543
02/10/2013	0.219922007
03/10/2013	0.109959191
04/10/2013	0.277699401
05/10/2013	0.315760288
06/10/2013	0.157876398
07/10/2013	0.078937264
08/10/2013	0.039468398
09/10/2013	0.01973414
10/10/2013	0.009867055
11/10/2013	0.004933524
12/10/2013	0.0216794
13/10/2013	0.260969569
14/10/2013	0.317045173
15/10/2013	1.225222378
16/10/2013	1.79546112
17/10/2013	1.164263763
18/10/2013	0.582081044
19/10/2013	0.380136541
20/10/2013	0.260845332
21/10/2013	0.130420113
22/10/2013	0.139294716
23/10/2013	0.266239056
24/10/2013	0.242531394
25/10/2013	1.99839744
26/10/2013	2.48984064
27/10/2013	1.57925376
28/10/2013	1.66288896
29/10/2013	1.42511616
30/10/2013	0.800751882
31/10/2013	0.400351887
01/11/2013	1.76020992
02/11/2013	2.35256832
03/11/2013	7.12323072
04/11/2013	10.12359168
05/11/2013	8.05953024
06/11/2013	5.15607552
07/11/2013	3.56755968
08/11/2013	2.92142592
09/11/2013	8.38176768
10/11/2013	9.46059264
11/11/2013	5.30896896
12/11/2013	3.46871808
13/11/2013	2.01443328
14/11/2013	1.007034661
15/11/2013	0.765445829
16/11/2013	0.590786473
17/11/2013	0.295380145
18/11/2013	0.147686796
19/11/2013	0.073842578
20/11/2013	2.2622976
21/11/2013	3.2341248
22/11/2013	1.88338176
23/11/2013	0.941579417
24/11/2013	0.470756455
25/11/2013	0.235369912
26/11/2013	0.117682876
27/11/2013	0.058840917
28/11/2013	0.029420328
29/11/2013	0.039499301
30/11/2013	0.039440805
01/12/2013	0.019720344
02/12/2013	0.009860157
03/12/2013	0.004930075
04/12/2013	0.002465037
05/12/2013	0.001232518
06/12/2013	0.000616259
07/12/2013	0.000308129
08/12/2013	0.000154065
09/12/2013	7.70324E-05
10/12/2013	3.85162E-05
11/12/2013	1.92581E-05
12/12/2013	9.62904E-06
13/12/2013	0.317773975
14/12/2013	0.411294634
15/12/2013	0.205640972
16/12/2013	0.102818895
17/12/2013	0.311122778
18/12/2013	1.88296704
19/12/2013	2.29671936
20/12/2013	1.265162928
21/12/2013	1.62335232
22/12/2013	1.98139392
23/12/2013	1.70823168
24/12/2013	7.17451776
25/12/2013	11.77196544
26/12/2013	8.87514624
27/12/2013	6.80500224
28/12/2013	6.70629888
29/12/2013	4.61749248
30/12/2013	2.3079168
31/12/2013	2.14507008
01/01/2014	6.00556032
02/01/2014	7.13691648
03/01/2014	4.23664128
04/01/2014	3.15007488
05/01/2014	3.1256064
06/01/2014	2.73811968
07/01/2014	1.85683968
08/01/2014	0.940409368
09/01/2014	0.470171506
10/01/2014	0.235077466
11/01/2014	0.117536655
12/01/2014	0.514730447
13/01/2014	4.26000384
14/01/2014	5.06331648
15/01/2014	5.71235328
16/01/2014	7.92986112
17/01/2014	6.0079104
18/01/2014	3.55332096
19/01/2014	2.31234048
20/01/2014	1.234340191
21/01/2014	1.154531667
22/01/2014	1.4128128
23/01/2014	1.9782144
24/01/2014	5.68733184
25/01/2014	5.97556224
26/01/2014	5.62401792
27/01/2014	5.59858176
28/01/2014	6.22923264
29/01/2014	6.17545728
30/01/2014	3.72432384
31/01/2014	5.64655104
01/02/2014	6.44709888
02/02/2014	3.72542976
03/02/2014	2.62987776
04/02/2014	3.29992704
05/02/2014	3.7552896
06/02/2014	2.8187136
07/02/2014	2.56172544
08/02/2014	5.31643392
09/02/2014	7.10636544
10/02/2014	7.02134784
11/02/2014	5.60397312
12/02/2014	8.17108992
13/02/2014	9.38082816
14/02/2014	6.71791104
15/02/2014	4.83176448
16/02/2014	3.08662272
17/02/2014	1.6167168
18/02/2014	0.926519579
19/02/2014	0.974528078
20/02/2014	2.19124224
21/02/2014	2.54942208
22/02/2014	2.37067776
23/02/2014	1.82601216
24/02/2014	0.912912298
25/02/2014	2.34786816
26/02/2014	2.67577344
27/02/2014	6.46659072
28/02/2014	7.89778944
01/03/2014	4.41842688
02/03/2014	3.9149568
03/03/2014	5.1971328
04/03/2014	4.8384
05/03/2014	3.00920832
06/03/2014	1.50418944
07/03/2014	0.752039355
08/03/2014	0.375998465
09/03/2014	0.187993931
10/03/2014	0.093995636
11/03/2014	0.046997486
12/03/2014	0.02349866
13/03/2014	0.011749309
14/03/2014	0.005874649
15/03/2014	0.002937323
16/03/2014	0.001468661
17/03/2014	0.000734331
18/03/2014	0.000367165
19/03/2014	0.000183583
20/03/2014	9.17913E-05
21/03/2014	0.183347823
22/03/2014	0.615721084
23/03/2014	0.608451181
24/03/2014	0.682484023
25/03/2014	1.71182592
26/03/2014	1.70574336
27/03/2014	1.003884351
28/03/2014	0.621932719
29/03/2014	0.310951844
30/03/2014	0.155472293
31/03/2014	0.077735238
01/04/2014	0.038867393
02/04/2014	0.432226575
03/04/2014	2.26215936
04/04/2014	2.49537024
05/04/2014	1.247471069
06/04/2014	0.62367717
07/04/2014	0.311823987
08/04/2014	0.155908344
09/04/2014	0.07795326
10/04/2014	0.038976402
11/04/2014	0.019488143
12/04/2014	0.009744057
13/04/2014	0.004872025
14/04/2014	0.002436012
15/04/2014	0.001218006
16/04/2014	0.000609003
17/04/2014	0.000304501
18/04/2014	0.000152251
19/04/2014	7.61253E-05
20/04/2014	3.80627E-05
21/04/2014	1.90313E-05
22/04/2014	9.51566E-06
23/04/2014	4.75783E-06
24/04/2014	0.035377327
25/04/2014	0.045788592
26/04/2014	0.117822628
27/04/2014	0.55021042
28/04/2014	0.758927785
29/04/2014	0.693339775
30/04/2014	0.499147467
01/05/2014	0.434725623
02/05/2014	0.364435006
03/05/2014	0.182212527
04/05/2014	0.091105014
05/05/2014	0.045552195
06/05/2014	0.022776019
07/05/2014	0.01138799
08/05/2014	0.00569399
09/05/2014	0.002846994
10/05/2014	0.03879203
11/05/2014	0.049079526
12/05/2014	0.090188822
13/05/2014	0.097242109
14/05/2014	0.048620699
15/05/2014	0.02431026
16/05/2014	0.012155108
17/05/2014	0.006077548
18/05/2014	0.003038773
19/05/2014	1.70698752
20/05/2014	2.9251584
21/05/2014	5.74262784
22/05/2014	6.22881792
23/05/2014	4.56869376
24/05/2014	3.17965824
25/05/2014	2.11341312
26/05/2014	1.47267072
27/05/2014	0.73625243
28/05/2014	0.368105873
29/05/2014	0.184047856
30/05/2014	0.092022655
31/05/2014	0.046011009
01/06/2014	0.023005425
02/06/2014	0.011502692
03/06/2014	0.438460273
04/06/2014	0.562929509
05/06/2014	0.281452866
06/06/2014	0.140723454
07/06/2014	0.070360985
08/06/2014	0.117517296
09/06/2014	0.207265872
10/06/2014	0.16964423
11/06/2014	0.084821032
12/06/2014	0.042410246
13/06/2014	0.021205055
14/06/2014	0.01060251
15/06/2014	0.005301251
16/06/2014	0.002650624
17/06/2014	0.001325312
18/06/2014	0.000662656
19/06/2014	0.000331328
20/06/2014	0.000165664
21/06/2014	8.2832E-05
22/06/2014	0.04727996
23/06/2014	0.073647495
24/06/2014	0.046740072
25/06/2014	0.023369954
26/06/2014	0.011684956
27/06/2014	0.005842473
28/06/2014	0.189811372
29/06/2014	0.243357544
30/06/2014	0.121676548
01/07/2014	0.060837718
02/07/2014	0.030418719
03/07/2014	0.015209325
04/07/2014	0.035835247
05/07/2014	0.133890273
06/07/2014	0.578075471
07/07/2014	0.635998003
08/07/2014	0.350395297
09/07/2014	0.200938863
10/07/2014	0.100467915
11/07/2014	0.050233578
12/07/2014	0.025116694
13/07/2014	0.415063208
14/07/2014	0.527241222
15/07/2014	0.263610188
16/07/2014	0.131802483
17/07/2014	0.065900589
18/07/2014	0.140047709
19/07/2014	0.15509505
20/07/2014	0.198454469
21/07/2014	0.195267525
22/07/2014	0.097632332
23/07/2014	0.048815808
24/07/2014	0.024407813
25/07/2014	0.012203884
26/07/2014	0.006101936
27/07/2014	0.020859426
28/07/2014	0.024575814
29/07/2014	0.012287884
30/07/2014	0.006143936
31/07/2014	0.003071967
01/08/2014	0.001535983
02/08/2014	0.210243686
03/08/2014	0.271513493
04/08/2014	0.135753976
05/08/2014	0.067876296
06/08/2014	0.509006578
07/08/2014	0.631845163
08/08/2014	1.5399936
09/08/2014	1.74210048
10/08/2014	0.870944887
11/08/2014	0.435443987
12/08/2014	1.66745088
13/08/2014	1.9851264
14/08/2014	1.206262942
15/08/2014	0.772942805
16/08/2014	0.386448994
17/08/2014	0.193218891
18/08/2014	0.096608044
19/08/2014	0.048303672
20/08/2014	0.024151747
21/08/2014	0.012075852
22/08/2014	0.00603792
23/08/2014	0.003018959
24/08/2014	0.001509479
25/08/2014	0.52754235
26/08/2014	0.682191217
27/08/2014	0.341078142
28/08/2014	0.170534703
29/08/2014	0.085266262
30/08/2014	0.042632857
31/08/2014	0.021316361
01/09/2014	0.010658163
02/09/2014	0.005329077
03/09/2014	0.002664537
04/09/2014	0.001332268
05/09/2014	0.000666134
06/09/2014	0.000333067
07/09/2014	0.000166534
08/09/2014	0.011936937
09/09/2014	0.01538441
10/09/2014	0.007692196
11/09/2014	0.003846096
12/09/2014	0.001923047
13/09/2014	0.000961524
14/09/2014	0.000480762
15/09/2014	0.000240381
16/09/2014	0.00012019
17/09/2014	0.013637129
18/09/2014	0.025843184
19/09/2014	0.019466787
20/09/2014	0.009733379
21/09/2014	0.004866686
22/09/2014	0.002433342
23/09/2014	0.001216671
24/09/2014	0.000608335
25/09/2014	0.000304168
26/09/2014	0.000152084
27/09/2014	7.60419E-05
28/09/2014	3.8021E-05
29/09/2014	0.000272146
30/09/2014	0.000337151
01/10/2014	0.000168575
02/10/2014	8.42876E-05
03/10/2014	4.21438E-05
04/10/2014	0.014800355
05/10/2014	0.019140069
06/10/2014	0.294953951
07/10/2014	0.554394503
08/10/2014	1.669248
09/10/2014	1.82642688
10/10/2014	1.305974859
11/10/2014	0.97681389
12/10/2014	0.497756248
13/10/2014	0.248868827
14/10/2014	0.12443209
15/10/2014	0.10810087
16/10/2014	1.284390937
17/10/2014	1.59031296
18/10/2014	0.795095779
19/10/2014	0.397524174
20/10/2014	0.198756164
21/10/2014	0.099376596
22/10/2014	0.049687927
23/10/2014	0.024843871
24/10/2014	0.012421912
25/10/2014	0.021230685
26/10/2014	0.022546227
27/10/2014	0.011273094
28/10/2014	0.005636542
29/10/2014	0.00281827
30/10/2014	0.001409135
31/10/2014	0.000704567
01/11/2014	0.000352284
02/11/2014	0.7488844
03/11/2014	3.3426432
04/11/2014	3.55580928
05/11/2014	1.77735168
06/11/2014	1.064210075
07/11/2014	1.014880417
08/11/2014	2.14562304
09/11/2014	2.1572352
10/11/2014	1.078432206
11/11/2014	0.929154669
12/11/2014	0.920885857
13/11/2014	0.861673614
14/11/2014	1.193041599
15/11/2014	2.42555904
16/11/2014	2.54693376
17/11/2014	2.97865728
18/11/2014	2.70480384
19/11/2014	1.352095041
20/11/2014	0.675978947
21/11/2014	0.337972332
22/11/2014	0.16898188
23/11/2014	0.084489866
24/11/2014	0.119522269
25/11/2014	0.206177606
26/11/2014	0.170631692
27/11/2014	0.08531475
28/11/2014	0.042657101
29/11/2014	0.021328481
30/11/2014	0.010664224
01/12/2014	0.005332107
02/12/2014	0.002666053
03/12/2014	0.015642374
04/12/2014	0.019187788
05/12/2014	0.045628607
06/12/2014	0.051438287
07/12/2014	0.200098156
08/12/2014	0.441991807
09/12/2014	0.382578094
10/12/2014	0.853780262
11/12/2014	0.996857142
12/12/2014	0.94793366
13/12/2014	0.990816717
14/12/2014	0.644251816
15/12/2014	0.819871483
16/12/2014	1.01122777
17/12/2014	0.913948697
18/12/2014	0.851143486
19/12/2014	1.45165824
20/12/2014	1.41474816
21/12/2014	0.70731313
22/12/2014	0.353637799
23/12/2014	0.176814199
24/12/2014	0.707986041
25/12/2014	0.846104791
26/12/2014	1.179028597
27/12/2014	1.189941055
28/12/2014	0.594917416
29/12/2014	0.297445423
30/12/2014	0.148719394
31/12/2014	0.074358866
01/01/2015	0.037179225
02/01/2015	0.531761242
03/01/2015	1.38599424
04/01/2015	1.25886998
05/01/2015	0.629375547
06/01/2015	0.651982999
07/01/2015	0.656635756
08/01/2015	0.778159858
09/01/2015	1.42013952
10/01/2015	2.79880704
11/01/2015	2.60817408
12/01/2015	1.303820361
13/01/2015	3.22265088
14/01/2015	4.05402624
15/01/2015	4.90364928
16/01/2015	4.62606336
17/01/2015	2.42625024
18/01/2015	1.48870656
19/01/2015	1.090324772
20/01/2015	0.646017085
21/01/2015	0.331747398
22/01/2015	0.172823667
23/01/2015	0.086410712
24/01/2015	0.41923225
25/01/2015	0.508294615
26/01/2015	0.7049855
27/01/2015	0.710586529
28/01/2015	1.04357694
29/01/2015	4.38580224
30/01/2015	4.95742464
31/01/2015	2.58190848
01/02/2015	1.290676143
02/02/2015	0.64527558
03/02/2015	0.322622176
04/02/2015	0.161307183
05/02/2015	0.080652613
06/02/2015	0.040326061
07/02/2015	0.020162969
08/02/2015	0.010081469
09/02/2015	0.005040731
10/02/2015	0.002520364
11/02/2015	0.001260182
12/02/2015	0.000630091
13/02/2015	1.97835264
14/02/2015	2.99068416
15/02/2015	1.8372096
16/02/2015	2.76466176
17/02/2015	2.84829696
18/02/2015	1.423872
19/02/2015	0.711843158
20/02/2015	3.02220288
21/02/2015	3.62824704
22/02/2015	3.010176
23/02/2015	3.37222656
24/02/2015	2.41408512
25/02/2015	2.18709504
26/02/2015	2.61425664
27/02/2015	1.89651456
28/02/2015	2.42970624
01/03/2015	2.9196288
02/03/2015	1.87909632
03/03/2015	1.064010595
04/03/2015	0.630915651
05/03/2015	0.315442889
06/03/2015	0.157717712
07/03/2015	0.07885792
08/03/2015	0.039428726
09/03/2015	0.019714304
10/03/2015	0.009857138
11/03/2015	0.004928565
12/03/2015	0.002464282
13/03/2015	0.246370803
14/03/2015	0.317903934
15/03/2015	0.158948172
16/03/2015	0.079473138
17/03/2015	0.039736332
18/03/2015	0.019868106
19/03/2015	0.009934038
20/03/2015	0.394568423
21/03/2015	0.506745483
22/03/2015	0.253363106
23/03/2015	0.126679142
24/03/2015	0.934310951
25/03/2015	1.158915147
26/03/2015	0.820259523
27/03/2015	0.918882552
28/03/2015	0.711575885
29/03/2015	0.88392449
30/03/2015	0.924674918
31/03/2015	0.512529099
01/04/2015	0.2562547
02/04/2015	0.128124882
03/04/2015	0.073172786
04/04/2015	0.043823468
05/04/2015	0.021911662
06/04/2015	0.010955813
07/04/2015	0.005477902
08/04/2015	0.00273895
09/04/2015	0.001369475
10/04/2015	0.000684737
11/04/2015	0.000342369
12/04/2015	0.000171184
13/04/2015	8.55921E-05
14/04/2015	4.27961E-05
15/04/2015	2.1398E-05
16/04/2015	0.055288429
17/04/2015	0.071553693
18/04/2015	0.035776654
19/04/2015	0.017888278
20/04/2015	0.008944127
21/04/2015	0.00447206
22/04/2015	0.002236029
23/04/2015	0.001118015
24/04/2015	0.000559007
25/04/2015	0.0311054
26/04/2015	0.07200674
27/04/2015	0.061396537
28/04/2015	0.030698126
29/04/2015	0.015349028
30/04/2015	2.49896448
01/05/2015	4.74453504
02/05/2015	7.93829376
03/05/2015	7.7836032
04/05/2015	4.43971584
05/05/2015	2.43316224
06/05/2015	1.216376511
07/05/2015	0.608132759
08/05/2015	0.49671678
09/05/2015	0.401388051
10/05/2015	0.200687985
11/05/2015	0.100342479
12/05/2015	0.050170861
13/05/2015	0.025085336
14/05/2015	0.485017044
15/05/2015	0.617790938
16/05/2015	0.308881147
17/05/2015	0.154436986
18/05/2015	0.0772176
19/05/2015	0.038608575
20/05/2015	0.019304232
21/05/2015	0.009652102
22/05/2015	0.004826047
23/05/2015	0.002413023
24/05/2015	0.001206511
25/05/2015	0.000603255
26/05/2015	0.000301628
27/05/2015	0.000150814
28/05/2015	7.54069E-05
29/05/2015	3.77035E-05
30/05/2015	1.88517E-05
31/05/2015	0.025408093
01/06/2015	0.032879393
02/06/2015	0.016439656
03/06/2015	0.008219817
04/06/2015	0.004109906
05/06/2015	0.002054952
06/06/2015	0.001027476
07/06/2015	0.000513738
08/06/2015	0.000256869
09/06/2015	0.000128434
10/06/2015	0.009943334
11/06/2015	0.168382333
12/06/2015	0.305138659
13/06/2015	0.511290331
14/06/2015	1.244453014
15/06/2015	1.230043954
16/06/2015	0.61496523
17/06/2015	0.307468418
18/06/2015	0.153730663
19/06/2015	0.076864444
20/06/2015	0.038432
21/06/2015	0.019215945
22/06/2015	0.009607958
23/06/2015	0.004803975
24/06/2015	0.002401987
25/06/2015	0.001200993
26/06/2015	0.000600497
27/06/2015	0.000300248
28/06/2015	0.000150124
29/06/2015	7.50621E-05
30/06/2015	3.7531E-05
01/07/2015	1.87655E-05
02/07/2015	9.38276E-06
03/07/2015	4.69138E-06
04/07/2015	2.34569E-06
05/07/2015	1.17284E-06
06/07/2015	5.86423E-07
07/07/2015	0
08/07/2015	0
09/07/2015	0
10/07/2015	0
11/07/2015	0
12/07/2015	0
13/07/2015	0
14/07/2015	0
15/07/2015	0
16/07/2015	0
17/07/2015	0
18/07/2015	0
19/07/2015	0
20/07/2015	0
21/07/2015	0
22/07/2015	0
23/07/2015	0
24/07/2015	0
25/07/2015	0
26/07/2015	5.48575E-06
27/07/2015	7.10048E-06
28/07/2015	0.005246424
29/07/2015	0.006787883
30/07/2015	0.00339394
31/07/2015	0.001696969
01/08/2015	0.000848485
02/08/2015	0.000424242
03/08/2015	0.000212121
04/08/2015	0.000106061
05/08/2015	5.30303E-05
06/08/2015	2.65151E-05
07/08/2015	1.32576E-05
08/08/2015	0.242167947
09/08/2015	0.313437662
10/08/2015	0.156715154
11/08/2015	0.078356651
12/08/2015	0.359935792
13/08/2015	0.493908503
14/08/2015	0.557645755
15/08/2015	0.488280158
16/08/2015	0.244131135
17/08/2015	0.122063328
18/08/2015	0.061031103
19/08/2015	0.030515411
20/08/2015	0.01525767
21/08/2015	0.007628826
22/08/2015	0.693079566
23/08/2015	1.48013568
24/08/2015	1.205606509
25/08/2015	0.60274874
26/08/2015	0.301360739
27/08/2015	0.240164642
28/08/2015	0.191163815
29/08/2015	0.095580535
30/08/2015	0.047789925
31/08/2015	1.49589504
01/09/2015	1.91697408
02/09/2015	0.958315761
03/09/2015	0.479123431
04/09/2015	0.239553096
05/09/2015	0.119774397
06/09/2015	0.059886659
07/09/2015	0.029943195
08/09/2015	0.014971563
09/09/2015	0.007485773
10/09/2015	0.003742884
11/09/2015	0.194317001
12/09/2015	1.204501446
13/09/2015	2.72208384
14/09/2015	3.65769216
15/09/2015	3.76800768
16/09/2015	7.3073664
17/09/2015	7.64066304
18/09/2015	4.83024384
19/09/2015	3.03049728
20/09/2015	1.51497216
21/09/2015	0.757381294
22/09/2015	0.497087194
23/09/2015	0.342597897
24/09/2015	0.171294553
25/09/2015	0.08564617
26/09/2015	0.042822809
27/09/2015	0.021411336
28/09/2015	0.01070565
29/09/2015	0.005352821
30/09/2015	0.002676409
01/10/2015	0.001338204
02/10/2015	0.062007793
03/10/2015	0.079727809
04/10/2015	0.234164639
05/10/2015	1.43990784
06/10/2015	1.88199936
07/10/2015	1.126880115
08/10/2015	0.563392434
09/10/2015	0.281684307
10/10/2015	0.140839175
11/10/2015	0.070418842
12/10/2015	0.035209234
13/10/2015	0.017604571
14/10/2015	0.008802273
15/10/2015	0.004401134
16/10/2015	0.002200566
17/10/2015	0.001100283
18/10/2015	0.000550141
19/10/2015	0.000275071
20/10/2015	0.000137535
21/10/2015	6.87677E-05
22/10/2015	3.43838E-05
23/10/2015	1.71919E-05
24/10/2015	8.59596E-06
25/10/2015	4.29798E-06
26/10/2015	2.14899E-06
27/10/2015	0.255455535
28/10/2015	0.330640054
29/10/2015	0.165315921
30/10/2015	0.082656936
31/10/2015	0.041328211
01/11/2015	0.020664041
02/11/2015	0.010332004
03/11/2015	0.168148542
04/11/2015	0.213536121
05/11/2015	0.20970737
06/11/2015	0.186622175
07/11/2015	0.093309777
08/11/2015	0.046654561
09/11/2015	0.023327198
10/11/2015	0.011663579
11/11/2015	0.005831784
12/11/2015	0.002915891
13/11/2015	0.001457945
14/11/2015	0.000728972
15/11/2015	0.000364486
16/11/2015	0.013992505
17/11/2015	0.48933739
18/11/2015	0.843641492
19/11/2015	0.871348963
20/11/2015	2.4592896
21/11/2015	2.66554368
22/11/2015	1.332516815
23/11/2015	0.666191803
24/11/2015	0.589679848
25/11/2015	0.659291485
26/11/2015	0.457231039
27/11/2015	0.499635358
28/11/2015	0.556621314
29/11/2015	0.456515482
30/11/2015	0.312061552
01/12/2015	0.15602712
02/12/2015	0.078012647
03/12/2015	0.039006094
04/12/2015	0.01950299
05/12/2015	0.00975148
06/12/2015	0.004875737
07/12/2015	0.002437867
08/12/2015	0.126542645
09/12/2015	0.162820261
10/12/2015	0.081409138
11/12/2015	0.040704319
12/12/2015	0.020352096
13/12/2015	0.010176033
14/12/2015	0.005088012
15/12/2015	0.381316239
16/12/2015	0.491518333
17/12/2015	0.245750105
18/12/2015	0.122872783
19/12/2015	0.061435823
20/12/2015	0.06063495
21/12/2015	0.054081954
22/12/2015	0.08566831
23/12/2015	0.123512777
24/12/2015	0.097049194
25/12/2015	0.055037441
26/12/2015	0.027518607
27/12/2015	0.013759275
28/12/2015	0.409803881
29/12/2015	0.524944848
30/12/2015	0.356302444
31/12/2015	0.252687458
01/01/2016	0.145281835
02/01/2016	0.41135434
03/01/2016	3.61746432
04/01/2016	5.4335232
05/01/2016	5.45135616
06/01/2016	9.72407808
07/01/2016	9.7231104
08/01/2016	5.45052672
09/01/2016	4.3034112
10/01/2016	6.24941568
11/01/2016	7.05535488
12/01/2016	5.27302656
13/01/2016	3.05773056
14/01/2016	1.54566144
15/01/2016	0.772712152
16/01/2016	0.386333674
17/01/2016	0.217352734
18/01/2016	0.911427905
19/01/2016	1.078032637
20/01/2016	0.538972725
21/01/2016	0.269475462
22/01/2016	2.05410816
23/01/2016	2.5512192
24/01/2016	1.275376375
25/01/2016	0.637627175
26/01/2016	0.318798333
27/01/2016	0.159395351
28/01/2016	1.32415035
29/01/2016	1.65044736
30/01/2016	5.79184128
31/01/2016	7.33307904
01/02/2016	4.05789696
02/02/2016	2.77737984
03/02/2016	1.98346752
04/02/2016	1.092967313
05/02/2016	0.626993354
06/02/2016	2.10567168
07/02/2016	3.908736
08/02/2016	6.11076096
09/02/2016	8.21062656
10/02/2016	6.61934592
11/02/2016	7.52661504
12/02/2016	9.41359104
13/02/2016	10.55642112
14/02/2016	8.33960448
15/02/2016	4.1672448
16/02/2016	2.08300032
17/02/2016	1.265599559
18/02/2016	1.375765724
19/02/2016	1.23237869
20/02/2016	1.232124259
21/02/2016	1.123668108
22/02/2016	1.249792727
23/02/2016	4.0303872
24/02/2016	8.15090688
25/02/2016	7.11092736
26/02/2016	3.55359744
27/02/2016	1.776384
28/02/2016	0.888040655
29/02/2016	0.443990744
01/03/2016	2.19608064
02/03/2016	2.66568192
03/03/2016	3.53700864
04/03/2016	5.63493888
05/03/2016	4.49680896
06/03/2016	2.24764416
07/03/2016	1.12364375
08/03/2016	2.62877184
09/03/2016	4.82582016
10/03/2016	3.89740032
11/03/2016	1.94807808
12/03/2016	0.973914251
13/03/2016	0.486921549
14/03/2016	0.243451879
15/03/2016	0.121723714
16/03/2016	0.0608613
17/03/2016	0.03043051
18/03/2016	0.01521522
19/03/2016	0.007607601
20/03/2016	0.003803798
21/03/2016	0.001901899
22/03/2016	0.000950949
23/03/2016	0.000475475
24/03/2016	0.000237737
25/03/2016	0.093383579
26/03/2016	0.816966467
27/03/2016	1.53349632
28/03/2016	1.332270278
29/03/2016	1.12259144
30/03/2016	1.71320832
31/03/2016	3.10307328
01/04/2016	2.7931392
02/04/2016	1.396224
03/04/2016	0.793856844
04/04/2016	0.472989086
05/04/2016	0.236486145
06/04/2016	0.118240975
07/04/2016	0.127947838
08/04/2016	0.253498001
09/04/2016	0.665211267
10/04/2016	1.266567059
11/04/2016	1.102931168
12/04/2016	0.551419951
13/04/2016	0.406268822
14/04/2016	0.917015151
15/04/2016	1.369472321
16/04/2016	1.39580928
17/04/2016	0.993626998
18/04/2016	0.496776458
19/04/2016	0.248378974
20/04/2016	0.12418717
21/04/2016	0.69937702
22/04/2016	0.855862184
23/04/2016	0.427903617
24/04/2016	0.213944938
25/04/2016	0.106970751
26/04/2016	0.053484945
27/04/2016	0.026742365
28/04/2016	0.013371155
29/04/2016	0.038415068
30/04/2016	0.06619214
01/05/2016	0.050397131
02/05/2016	0.02519847
03/05/2016	0.012599211
04/05/2016	0.006299599
05/05/2016	0.003149798
06/05/2016	0.001574899
07/05/2016	0.000787449
08/05/2016	0.000393725
09/05/2016	0.391269533
10/05/2016	0.506264754
11/05/2016	0.47068804
12/05/2016	0.582293491
13/05/2016	0.440609725
14/05/2016	0.229155679
15/05/2016	0.114575867
16/05/2016	0.05728744
17/05/2016	0.028643596
18/05/2016	0.155293687
19/05/2016	0.189625273
20/05/2016	0.094811283
21/05/2016	0.280450737
22/05/2016	0.859852897
23/05/2016	0.854464868
24/05/2016	0.427205049
25/05/2016	0.213595675
26/05/2016	0.106796123
27/05/2016	0.053397633
28/05/2016	0.283899963
29/05/2016	1.506816
30/05/2016	2.32409088
31/05/2016	1.75094784
01/06/2016	0.933799989
02/06/2016	0.46686728
03/06/2016	0.23342547
04/06/2016	0.116710686
05/06/2016	0.058354831
06/06/2016	0.029177287
07/06/2016	0.014588611
08/06/2016	0.007294298
09/06/2016	0.003647147
10/06/2016	0.505471823
11/06/2016	0.652778031
12/06/2016	0.419605056
13/06/2016	0.451468229
14/06/2016	0.672242278
15/06/2016	0.720042504
16/06/2016	0.935603938
17/06/2016	1.58976
18/06/2016	1.39041792
19/06/2016	0.695123514
20/06/2016	0.347543627
21/06/2016	0.173767279
22/06/2016	0.086882507
23/06/2016	0.04344097
24/06/2016	0.021720414
25/06/2016	0.010860189
26/06/2016	0.00543009
27/06/2016	0.002715044
28/06/2016	0.037623057
29/06/2016	0.047618883
30/06/2016	0.023809356
01/07/2016	0.011904656
02/07/2016	0.005952323
03/07/2016	0.00297616
04/07/2016	0.00148808
05/07/2016	0.00074404
06/07/2016	0.00037202
07/07/2016	0.00018601
08/07/2016	9.30049E-05
09/07/2016	4.65025E-05
10/07/2016	2.32512E-05
11/07/2016	1.16256E-05
12/07/2016	5.81281E-06
13/07/2016	2.9064E-06
14/07/2016	1.4532E-06
15/07/2016	7.26602E-07
16/07/2016	0
17/07/2016	0
18/07/2016	0
19/07/2016	0
20/07/2016	0
21/07/2016	0
22/07/2016	0
23/07/2016	0
24/07/2016	0
25/07/2016	0
26/07/2016	0
27/07/2016	0
28/07/2016	0
29/07/2016	0
30/07/2016	0
31/07/2016	0
01/08/2016	0
02/08/2016	0
03/08/2016	9.66638E-05
04/08/2016	0.008608902
05/08/2016	0.011043535
06/08/2016	0.005521763
07/08/2016	0.00276088
08/08/2016	0.00138044
09/08/2016	0.00069022
10/08/2016	0.00034511
11/08/2016	0.000172555
12/08/2016	8.62775E-05
13/08/2016	4.31387E-05
14/08/2016	2.15694E-05
15/08/2016	1.07847E-05
16/08/2016	5.39234E-06
17/08/2016	2.69617E-06
18/08/2016	1.34808E-06
19/08/2016	0.000192171
20/08/2016	0.000248202
21/08/2016	0.000124101
22/08/2016	6.20504E-05
23/08/2016	3.10252E-05
24/08/2016	1.55126E-05
25/08/2016	7.7563E-06
26/08/2016	3.87815E-06
27/08/2016	1.93907E-06
28/08/2016	9.69536E-07
29/08/2016	0
30/08/2016	0
31/08/2016	0
01/09/2016	0
02/09/2016	0
03/09/2016	0
04/09/2016	0
05/09/2016	0
06/09/2016	0
07/09/2016	0
08/09/2016	0
09/09/2016	0
10/09/2016	0
11/09/2016	0
12/09/2016	0
13/09/2016	0.065390733
14/09/2016	0.086182901
15/09/2016	0.044318392
16/09/2016	0.100787867
17/09/2016	0.112851733
18/09/2016	0.056425388
19/09/2016	0.028212574
20/09/2016	0.014106257
21/09/2016	0.007053121
22/09/2016	0.003526559
23/09/2016	0.001763279
24/09/2016	0.000881639
25/09/2016	0.00044082
26/09/2016	0.00022041
27/09/2016	0.000110205
28/09/2016	5.51024E-05
29/09/2016	2.75512E-05
30/09/2016	0.00118668
01/10/2016	0.001525035
02/10/2016	0.000762518
03/10/2016	0.000381259
04/10/2016	0.000190629
05/10/2016	9.53147E-05
06/10/2016	4.76573E-05
07/10/2016	2.38287E-05
08/10/2016	1.19143E-05
09/10/2016	5.95717E-06
10/10/2016	2.97858E-06
11/10/2016	1.48929E-06
12/10/2016	7.44648E-07
13/10/2016	0.000739918
14/10/2016	0.000957713
15/10/2016	0.000478856
16/10/2016	0.001918368
17/10/2016	0.002292849
18/10/2016	0.001146424
19/10/2016	0.000573212
20/10/2016	0.000286606
21/10/2016	0.000143303
22/10/2016	7.16515E-05
23/10/2016	0.015788204
24/10/2016	0.020974041
25/10/2016	0.010937458
26/10/2016	0.005468724
27/10/2016	0.002734361
28/10/2016	0.00136718
29/10/2016	0.00068359
30/10/2016	0.000341795
31/10/2016	0.000170897
01/11/2016	8.54487E-05
02/11/2016	4.27244E-05
03/11/2016	2.13622E-05
04/11/2016	0.190645042
05/11/2016	0.246748488
06/11/2016	0.123371959
07/11/2016	0.061685407
08/11/2016	0.458211479
09/11/2016	0.568562845
10/11/2016	0.362672792
11/11/2016	0.24361044
12/11/2016	0.385056903
13/11/2016	0.401632363
14/11/2016	0.200810134
15/11/2016	0.100403549
16/11/2016	0.186732574
17/11/2016	1.037380608
18/11/2016	1.84011264
19/11/2016	1.6284672
20/11/2016	1.4625792
21/11/2016	1.222499244
22/11/2016	1.38834432
23/11/2016	1.65252096
24/11/2016	1.354267538
25/11/2016	0.975821576
26/11/2016	0.592463601
27/11/2016	0.296218626
28/11/2016	0.148106023
29/11/2016	0.074052186
30/11/2016	0.037025886
01/12/2016	0.018512892
02/12/2016	0.009256433
03/12/2016	0.004628213
04/12/2016	0.002314106
05/12/2016	0.001157053
06/12/2016	0.000578526
07/12/2016	0.000289263
08/12/2016	0.000144632
09/12/2016	7.23158E-05
10/12/2016	3.61579E-05
11/12/2016	1.80789E-05
12/12/2016	9.03947E-06
13/12/2016	4.51974E-06
14/12/2016	2.25987E-06
15/12/2016	1.12993E-06
16/12/2016	5.64967E-07
17/12/2016	0
18/12/2016	0
19/12/2016	0
20/12/2016	0
21/12/2016	1.074063864
22/12/2016	2.0411136
23/12/2016	1.69108992
24/12/2016	1.086652869
25/12/2016	0.738977624
26/12/2016	0.463936564
27/12/2016	0.243255633
28/12/2016	0.121625595
29/12/2016	0.060812242
30/12/2016	0.030405982
31/12/2016	0.015202956
01/01/2017	0.007601469
02/01/2017	0.003800732
03/01/2017	0.001900366
04/01/2017	0.000950183
05/01/2017	0.000475091
06/01/2017	0.000237546
07/01/2017	0.000118773
08/01/2017	0.007464103
09/01/2017	0.809174306
10/01/2017	1.039639781
11/01/2017	0.550902491
12/01/2017	1.120391101
13/01/2017	1.211637685
14/01/2017	0.605763782
15/01/2017	1.139561506
16/01/2017	1.234297475
17/01/2017	0.617091596
18/01/2017	0.308531511
19/01/2017	0.154262182
20/01/2017	0.077130197
21/01/2017	0.038564875
22/01/2017	0.019282382
23/01/2017	0.009641177
24/01/2017	0.004820585
25/01/2017	0.002410291
26/01/2017	0.001205145
27/01/2017	0.000602573
28/01/2017	0.045867541
29/01/2017	0.163637812
30/01/2017	0.868564712
31/01/2017	0.993220006
01/02/2017	0.496572996
02/02/2017	0.716895636
03/02/2017	2.41132032
04/02/2017	3.38840064
05/02/2017	2.76369408
06/02/2017	2.33791488
07/02/2017	1.8793728
08/02/2017	1.099218567
09/02/2017	0.549563969
10/02/2017	0.274770649
11/02/2017	0.13738249
12/02/2017	0.068690537
13/02/2017	0.584148921
14/02/2017	0.728772747
15/02/2017	0.364366453
16/02/2017	0.182178243
17/02/2017	0.091087875
18/02/2017	0.045543626
19/02/2017	0.022771735
20/02/2017	0.217787125
21/02/2017	0.272843002
22/02/2017	0.136418707
23/02/2017	0.247520973
24/02/2017	0.266192027
25/02/2017	0.133093354
26/02/2017	0.216091943
27/02/2017	2.37662208
28/02/2017	3.41604864
01/03/2017	5.55890688
02/03/2017	5.50803456
03/03/2017	4.68965376
04/03/2017	4.74467328
05/03/2017	6.528384
06/03/2017	6.1288704
07/03/2017	4.61403648
08/03/2017	3.57792768
09/03/2017	1.87508736
10/03/2017	0.937406864
11/03/2017	0.468670469
12/03/2017	1.43797248
13/03/2017	1.67491584
14/03/2017	0.837365368
15/03/2017	0.418656384
16/03/2017	0.209321612
17/03/2017	0.104659162
18/03/2017	0.052329169
19/03/2017	0.026164482
20/03/2017	0.853351663
21/03/2017	2.06032896
22/03/2017	3.55014144
23/03/2017	3.78542592
24/03/2017	2.38381056
25/03/2017	1.191660333
26/03/2017	0.595776895
27/03/2017	0.297875128
28/03/2017	0.148934233
29/03/2017	0.074466285
30/03/2017	0.037232934
31/03/2017	0.086537166
01/04/2017	0.23952531
02/04/2017	0.232798234
03/04/2017	0.116397081
04/04/2017	0.058198031
05/04/2017	0.029098888
06/04/2017	0.014549412
07/04/2017	0.007274698
08/04/2017	0.003637347
09/04/2017	0.001818673
10/04/2017	0.000909336
11/04/2017	0.000454668
12/04/2017	0.000227334
13/04/2017	0.000113667
14/04/2017	5.68335E-05
15/04/2017	2.84168E-05
16/04/2017	1.42084E-05
17/04/2017	7.10419E-06
18/04/2017	3.55209E-06
19/04/2017	1.77605E-06
20/04/2017	8.88025E-07
21/04/2017	0
22/04/2017	0
23/04/2017	0
24/04/2017	0
25/04/2017	0.058098628
26/04/2017	0.075199534
27/04/2017	0.037599553
28/04/2017	0.018799723
29/04/2017	0.009399848
30/04/2017	0.212997552
01/05/2017	0.432702024
02/05/2017	0.344030893
03/05/2017	0.172011009
04/05/2017	0.086004392
05/05/2017	0.288399578
06/05/2017	0.339123069
07/05/2017	0.169557221
08/05/2017	0.084777528
09/05/2017	0.042388494
10/05/2017	0.021194179
11/05/2017	0.058323813
12/05/2017	0.067073306
13/05/2017	0.033536483
14/05/2017	0.0167682
15/05/2017	0.008384089
16/05/2017	0.004192042
17/05/2017	0.049890462
18/05/2017	0.593567558
19/05/2017	0.867064919
20/05/2017	0.551693003
21/05/2017	0.275835083
22/05/2017	0.137914684
23/05/2017	0.068956628
24/05/2017	0.034478134
25/05/2017	0.017239023
26/05/2017	0.0086195
27/05/2017	0.004309747
28/05/2017	0.002154873
29/05/2017	0.014656745
30/05/2017	0.018115071
31/05/2017	0.009057523
01/06/2017	0.004528758
02/06/2017	0.002264378
03/06/2017	0.039182538
04/06/2017	0.049816374
05/06/2017	0.089251539
06/06/2017	0.095736301
07/06/2017	0.047867806
08/06/2017	0.063092771
09/06/2017	0.062651999
10/06/2017	0.031325852
11/06/2017	0.015662889
12/06/2017	0.007831435
13/06/2017	0.003915715
14/06/2017	0.001957857
15/06/2017	0.000978928
16/06/2017	0.000489464
17/06/2017	0.000244732
18/06/2017	0.000122366
19/06/2017	6.1183E-05
20/06/2017	3.05915E-05
21/06/2017	1.52958E-05
22/06/2017	7.64788E-06
23/06/2017	3.82394E-06
24/06/2017	1.91197E-06
25/06/2017	9.55986E-07
26/06/2017	0
27/06/2017	0.040278321
28/06/2017	0.151984595
29/06/2017	0.975943655
30/06/2017	1.264172092
01/07/2017	0.730856798
02/07/2017	0.365408354
03/07/2017	0.182699173
04/07/2017	0.09134833
05/07/2017	0.045673852
06/07/2017	0.022836847
07/07/2017	0.011418404
08/07/2017	0.005709197
09/07/2017	0.463087715
10/07/2017	0.597104193
11/07/2017	0.298538722
12/07/2017	0.149266009
13/07/2017	0.074632171
14/07/2017	0.037315875
15/07/2017	0.018657885
16/07/2017	0.009328929
17/07/2017	0.004664461
18/07/2017	0.00233223
19/07/2017	0.001166115
20/07/2017	0.000583057
21/07/2017	0.01541705
22/07/2017	0.019723451
23/07/2017	0.030620013
24/07/2017	0.031799285
25/07/2017	0.015899604
26/07/2017	0.036951374
27/07/2017	0.041512961
28/07/2017	0.020756415
29/07/2017	0.010378191
30/07/2017	0.005189091
31/07/2017	0.002594545
01/08/2017	0.001297272
02/08/2017	0.000648636
03/08/2017	0.000324318
04/08/2017	0.000162159
05/08/2017	8.10795E-05
06/08/2017	4.05397E-05
07/08/2017	2.02699E-05
08/08/2017	1.01349E-05
09/08/2017	0.00285568
10/08/2017	0.041556736
11/08/2017	0.050855847
12/08/2017	0.025427826
13/08/2017	0.012713888
14/08/2017	0.006356938
15/08/2017	0.003178467
16/08/2017	0.001589233
17/08/2017	0.000794617
18/08/2017	0.039887875
19/08/2017	0.051313066
20/08/2017	0.025656434
21/08/2017	0.012828192
22/08/2017	0.00641409
23/08/2017	0.003207043
24/08/2017	0.001603521
25/08/2017	0.00080176
26/08/2017	0.00040088
27/08/2017	0.00020044
28/08/2017	0.00010022
29/08/2017	5.011E-05
30/08/2017	0.00469036
31/08/2017	0.006051061
01/09/2017	0.02995996
02/09/2017	0.036375242
03/09/2017	0.031272853
04/09/2017	0.026030663
05/09/2017	0.013015306
06/09/2017	0.006507646
07/09/2017	0.003253822
08/09/2017	0.217823068
09/09/2017	0.305826237
10/09/2017	0.172915182
11/09/2017	0.086456468
12/09/2017	0.108950545
13/09/2017	0.421620098
14/09/2017	0.460966326
15/09/2017	0.230475193
16/09/2017	0.202092268
17/09/2017	0.230587085
18/09/2017	0.16338793
19/09/2017	0.081692964
20/09/2017	0.04084623
21/09/2017	0.020423052
22/09/2017	0.01021151
23/09/2017	0.005105751
24/09/2017	0.002552875
25/09/2017	0.001478353
26/09/2017	0.000899569
27/09/2017	0.000449784
28/09/2017	0.000224892
29/09/2017	0.066737858
30/09/2017	0.08629227
01/10/2017	0.155140103
02/10/2017	0.191908127
03/10/2017	0.116111173
04/10/2017	0.05805508
05/10/2017	0.029027413
06/10/2017	0.014513675
07/10/2017	0.007256829
08/10/2017	0.019837291
09/10/2017	0.022794125
10/10/2017	0.011397043
11/10/2017	0.005698516
12/10/2017	0.002849257
13/10/2017	0.001424628
14/10/2017	0.000712314
15/10/2017	0.000356157
16/10/2017	0.000178078
17/10/2017	8.90392E-05
18/10/2017	0.019369654
19/10/2017	0.033910412
20/10/2017	0.02400478
21/10/2017	0.041747526
22/10/2017	0.044501676
23/10/2017	0.022250763
24/10/2017	0.011125363
25/10/2017	0.005562677
26/10/2017	0.002781337
27/10/2017	0.001390668
28/10/2017	0.000695334
29/10/2017	0.007369925
30/10/2017	0.009263085
31/10/2017	0.004631539
01/11/2017	0.002315769
02/11/2017	0.001157884
03/11/2017	0.000578942
04/11/2017	0.005119842
05/11/2017	0.006396922
06/11/2017	0.003198459
07/11/2017	0.009488068
08/11/2017	0.031124218
09/11/2017	0.031714874
10/11/2017	0.015996831
11/11/2017	0.026192696
12/11/2017	0.027548922
13/11/2017	0.013774432
14/11/2017	0.006887209
15/11/2017	0.003443603
16/11/2017	0.001721801
17/11/2017	0.0008609
18/11/2017	0.00043045
19/11/2017	0.000215225
20/11/2017	0.000107613
21/11/2017	5.38063E-05
22/11/2017	2.69031E-05
23/11/2017	1.34516E-05
24/11/2017	0.11207158
25/11/2017	0.145052951
26/11/2017	0.072525688
27/11/2017	0.047046948
28/11/2017	0.214018979
29/11/2017	0.25152027
30/11/2017	0.150578196
01/12/2017	0.095004261
02/12/2017	0.047501791
03/12/2017	0.02375081
04/12/2017	0.011875384
05/12/2017	0.005937687
06/12/2017	0.002968842
07/12/2017	0.554608968
08/12/2017	0.716641786
09/12/2017	0.861104646
10/12/2017	3.08302848
11/12/2017	3.33047808
12/12/2017	1.6775424
13/12/2017	1.91780352
14/12/2017	2.75069952
15/12/2017	2.21197824
16/12/2017	1.195928437
17/12/2017	0.68036609
18/12/2017	0.438775129
19/12/2017	0.255908395
20/12/2017	0.127951738
21/12/2017	0.063975253
22/12/2017	0.205612868
23/12/2017	0.240721556
24/12/2017	0.120358599
25/12/2017	0.060178756
26/12/2017	2.93386752
27/12/2017	3.7725696
28/12/2017	1.94116608
29/12/2017	4.06024704
30/12/2017	4.44801024
31/12/2017	2.47988736
01/01/2018	4.43321856
02/01/2018	5.87160576
03/01/2018	6.03237888
04/01/2018	7.44436224
05/01/2018	7.52537088
06/01/2018	7.42307328
07/01/2018	6.75288576
08/01/2018	4.28322816
09/01/2018	3.1926528
10/01/2018	3.3232896
11/01/2018	2.36971008
12/01/2018	1.184650956
13/01/2018	0.624830409
14/01/2018	0.338262304
15/01/2018	2.6224128
16/01/2018	4.85650944
17/01/2018	3.69612288
18/01/2018	3.49152768
19/01/2018	5.19754752
20/01/2018	8.67538944
21/01/2018	8.23924224
22/01/2018	4.7195136
23/01/2018	3.13929216
24/01/2018	3.21850368
25/01/2018	7.09765632
26/01/2018	7.1525376
27/01/2018	3.57433344
28/01/2018	1.79518464
29/01/2018	0.96211143
30/01/2018	0.527064399
31/01/2018	3.04915968
01/02/2018	3.73635072
02/02/2018	1.8676224
03/02/2018	1.7466624
04/02/2018	1.56888576
05/02/2018	0.823952466
06/02/2018	0.411950762
07/02/2018	0.205969015
08/02/2018	0.102982914
09/02/2018	0.734784224
10/02/2018	1.77679872
11/02/2018	1.7148672
12/02/2018	0.967132639
13/02/2018	1.38228656
14/02/2018	4.80784896
15/02/2018	5.34546432
16/02/2018	5.38665984
17/02/2018	5.1881472
18/02/2018	3.81888
19/02/2018	2.77696512
20/02/2018	1.55063808
21/02/2018	0.775232156
22/02/2018	0.387593524
23/02/2018	0.193791122
24/02/2018	0.096894154
25/02/2018	0.048446724
26/02/2018	0.024223273
27/02/2018	0.012111614
28/02/2018	0.471960912
01/03/2018	1.45594368
02/03/2018	1.6284672
03/03/2018	1.62819072
04/03/2018	2.45016576
05/03/2018	2.12378112
06/03/2018	3.75819264
07/03/2018	4.01988096
08/03/2018	2.0093184
09/03/2018	1.004499519
10/03/2018	0.502211916
11/03/2018	0.282559726
12/03/2018	0.753260622
13/03/2018	0.842855252
14/03/2018	1.48760064
15/03/2018	3.70732032
16/03/2018	4.13047296
17/03/2018	4.39796736
18/03/2018	3.6751104
19/03/2018	2.35118592
20/03/2018	1.58381568
21/03/2018	0.791801368
22/03/2018	0.395877155
23/03/2018	0.918238713
24/03/2018	1.031217482
25/03/2018	0.515568845
26/03/2018	0.771317697
27/03/2018	2.09461248
28/03/2018	4.022784
29/03/2018	4.77868032
30/03/2018	4.35442176
31/03/2018	3.52968192
01/04/2018	2.21280768
02/04/2018	1.106228165
03/04/2018	2.13815808
04/04/2018	3.33407232
05/04/2018	2.46578688
06/04/2018	1.232649806
07/04/2018	1.94337792
08/04/2018	2.02549248
09/04/2018	1.46797056
10/04/2018	1.78011648
11/04/2018	1.43368704
12/04/2018	3.5057664
13/04/2018	4.68039168
14/04/2018	2.9058048
15/04/2018	1.45262592
16/04/2018	0.726205188
17/04/2018	0.363082812
18/04/2018	0.181536464
19/04/2018	0.090766991
20/04/2018	0.045383186
21/04/2018	0.022691515
22/04/2018	0.011345738
23/04/2018	0.005672864
24/04/2018	0.002836431
25/04/2018	0.001418215
26/04/2018	0.000709107
27/04/2018	0.000354554
28/04/2018	0.000177277
29/04/2018	0.272374963
30/04/2018	0.35246909
01/05/2018	0.176229886
02/05/2018	0.120800004
03/05/2018	0.086363622
04/05/2018	0.043181531
05/05/2018	0.021590695
06/05/2018	0.01079533
07/05/2018	0.00539766
08/05/2018	0.158327101
09/05/2018	0.202783869
10/05/2018	0.101390388
11/05/2018	0.050694807
12/05/2018	0.531608708
13/05/2018	0.667920826
14/05/2018	0.358003059
15/05/2018	0.198108136
16/05/2018	0.099052592
17/05/2018	0.049525927
18/05/2018	0.02476287
19/05/2018	0.012381412
20/05/2018	0.0061907
21/05/2018	0.003095349
22/05/2018	0.001547674
23/05/2018	0.000773837
24/05/2018	0.000386918
25/05/2018	0.123174509
26/05/2018	0.393866316
27/05/2018	0.413879584
28/05/2018	0.450037693
29/05/2018	0.517777436
30/05/2018	0.353385013
31/05/2018	0.272710831
01/06/2018	0.212627483
02/06/2018	0.106312043
03/06/2018	0.115235755
04/06/2018	0.261477656
05/06/2018	0.462524664
06/06/2018	0.517972299
07/06/2018	0.354838413
08/06/2018	0.177414479
09/06/2018	1.50460416
10/06/2018	3.78210816
11/06/2018	3.69902592
12/06/2018	2.20672512
13/06/2018	1.201050824
14/06/2018	2.40938496
15/06/2018	2.6873856
16/06/2018	1.380137882
17/06/2018	0.689997506
18/06/2018	0.344980892
19/06/2018	0.172485974
20/06/2018	0.086241871
21/06/2018	0.043120656
22/06/2018	0.021560257
23/06/2018	0.010780111
24/06/2018	0.005390051
25/06/2018	0.002695024
26/06/2018	0.001347512
27/06/2018	0.000673756
28/06/2018	0.000336878
29/06/2018	0.000168439
30/06/2018	8.42195E-05
01/07/2018	0.074580642
02/07/2018	0.096499311
03/07/2018	0.048249306
04/07/2018	0.070688594
05/07/2018	0.07818018
06/07/2018	0.043735322
07/07/2018	0.021867588
08/07/2018	0.010933776
09/07/2018	0.005466884
10/07/2018	0.002733441
11/07/2018	0.00136672
12/07/2018	0.00068336
13/07/2018	0.00034168
14/07/2018	0.00017084
15/07/2018	8.542E-05
16/07/2018	4.271E-05
17/07/2018	2.1355E-05
18/07/2018	1.06775E-05
19/07/2018	0.018762057
20/07/2018	0.024280381
21/07/2018	0.012140168
22/07/2018	0.006070078
23/07/2018	0.003035038
24/07/2018	0.001517519
25/07/2018	0.000758759
26/07/2018	0.00037938
27/07/2018	0.00018969
28/07/2018	9.48449E-05
29/07/2018	4.74224E-05
30/07/2018	2.37112E-05
31/07/2018	1.18556E-05
01/08/2018	5.9278E-06
02/08/2018	2.9639E-06
03/08/2018	1.48195E-06
04/08/2018	7.40975E-07
05/08/2018	0
06/08/2018	0
07/08/2018	0
08/08/2018	0.004727344
09/08/2018	0.006118833
10/08/2018	0.003059415
11/08/2018	0.001529707
12/08/2018	0.000764853
13/08/2018	0.000924299
14/08/2018	0.000892586
15/08/2018	0.000446293
16/08/2018	0.000223146
17/08/2018	0.000111573
18/08/2018	5.57866E-05
19/08/2018	2.78933E-05
20/08/2018	1.39467E-05
21/08/2018	6.97333E-06
22/08/2018	3.48666E-06
23/08/2018	1.74333E-06
24/08/2018	8.71667E-07
25/08/2018	0
26/08/2018	0
27/08/2018	0
28/08/2018	0.001994233
29/08/2018	0.002581234
30/08/2018	0.001290617
31/08/2018	0.000645308
01/09/2018	0.000322654
02/09/2018	0.000161327
03/09/2018	8.06635E-05
04/09/2018	4.03318E-05
05/09/2018	2.01659E-05
06/09/2018	1.00829E-05
07/09/2018	5.04147E-06
08/09/2018	2.52074E-06
09/09/2018	1.26037E-06
10/09/2018	6.30184E-07
11/09/2018	0
12/09/2018	0
13/09/2018	0
14/09/2018	0
15/09/2018	0
16/09/2018	0
17/09/2018	0
18/09/2018	0
19/09/2018	0
20/09/2018	0
21/09/2018	0.002224514
22/09/2018	0.002879298
23/09/2018	0.00155857
24/09/2018	0.000873749
25/09/2018	0.000436875
26/09/2018	0.000218437
27/09/2018	0.000109219
28/09/2018	5.46093E-05
29/09/2018	2.73047E-05
30/09/2018	1.36523E-05
01/10/2018	6.82617E-06
02/10/2018	3.41308E-06
03/10/2018	1.70654E-06
04/10/2018	8.5327E-07
05/10/2018	0
06/10/2018	0.013969359
07/10/2018	0.029752674
08/10/2018	0.02414751
09/10/2018	0.012073733
10/10/2018	0.013617855
11/10/2018	0.035461294
12/10/2018	0.03570702
13/10/2018	0.017853462
14/10/2018	0.286714239
15/10/2018	0.447139533
16/10/2018	0.289596778
17/10/2018	0.144795244
18/10/2018	0.072396831
19/10/2018	0.036198219
20/10/2018	0.01809906
21/10/2018	0.009049517
22/10/2018	0.004524756
23/10/2018	0.002262377
24/10/2018	0.001131188
25/10/2018	0.000565594
26/10/2018	0.000282797
27/10/2018	0.000141399
28/10/2018	0.319965618
29/10/2018	0.414078871
30/10/2018	0.207033007
31/10/2018	0.393005219
01/11/2018	1.109155604
02/11/2018	1.096799091
03/11/2018	0.548354424
04/11/2018	0.274165932
05/11/2018	0.446699529
06/11/2018	1.89997056
07/11/2018	2.56974336
08/11/2018	1.66883328
09/11/2018	1.46907648
10/11/2018	1.956096
11/11/2018	3.75418368
12/11/2018	3.98006784
13/11/2018	2.26865664
14/11/2018	1.134101883
15/11/2018	0.567002696
16/11/2018	0.283489293
17/11/2018	0.141741633
18/11/2018	0.070870059
19/11/2018	0.035434841
20/11/2018	0.017717373
21/11/2018	0.008858674
22/11/2018	0.004429334
23/11/2018	0.834066381
24/11/2018	2.37731328
25/11/2018	2.73466368
26/11/2018	1.77527808
27/11/2018	1.204911687
28/11/2018	0.854515768
29/11/2018	0.490887351
30/11/2018	0.545397733
01/12/2018	6.74832384
02/12/2018	13.30822656
03/12/2018	11.07454464
04/12/2018	5.9263488
05/12/2018	4.6614528
06/12/2018	3.742848
07/12/2018	3.47300352
08/12/2018	3.60101376
09/12/2018	2.30224896
10/12/2018	1.150936833
11/12/2018	0.575418733
12/12/2018	0.326686197
13/12/2018	0.194309923
14/12/2018	0.097153543
15/12/2018	1.98706176
16/12/2018	3.2265216
17/12/2018	2.16373248
18/12/2018	2.71185408
19/12/2018	4.45810176
20/12/2018	7.2417024
21/12/2018	12.60914688
22/12/2018	11.17988352
23/12/2018	5.58531072
24/12/2018	2.79148032
25/12/2018	1.39539456
26/12/2018	0.697645011
27/12/2018	0.348804251
28/12/2018	0.174397557
29/12/2018	0.087197635
30/12/2018	0.043598532
31/12/2018	0.021799194
01/01/2019	0.010899579
02/01/2019	0.005449785
03/01/2019	0.002724891
04/01/2019	0.001362445
05/01/2019	0.000681223
06/01/2019	0.000340611
07/01/2019	0.000170306
08/01/2019	0.135621461
09/01/2019	0.175471737
10/01/2019	0.087734713
11/01/2019	0.093353097
12/01/2019	0.085985203
13/01/2019	0.042992323
14/01/2019	0.021496092
15/01/2019	0.010748028
16/01/2019	0.365842898
17/01/2019	0.46924393
18/01/2019	1.033820665
19/01/2019	2.14493184
20/01/2019	1.86112512
21/01/2019	0.930461133
22/01/2019	1.219971304
23/01/2019	1.209431527
24/01/2019	0.823020065
25/01/2019	0.630914144
26/01/2019	2.10276864
27/01/2019	4.08540672
28/01/2019	3.5064576
29/01/2019	3.56700672
30/01/2019	4.05222912
31/01/2019	3.98532096
01/02/2019	3.500928
02/02/2019	2.17741824
03/02/2019	1.088523367
04/02/2019	2.53449216
05/02/2019	2.9113344
06/02/2019	1.95803136
07/02/2019	1.337977903
08/02/2019	1.045175837
09/02/2019	1.76850432
10/02/2019	3.25776384
11/02/2019	2.91603456
12/02/2019	1.4577408
13/02/2019	0.728782604
14/02/2019	0.364371375
15/02/2019	0.182180704
16/02/2019	0.091089106
17/02/2019	0.045544241
18/02/2019	0.022772043
19/02/2019	0.011386001
20/02/2019	0.005692996
21/02/2019	0.002846497
22/02/2019	0.001423248
23/02/2019	0.000711624
24/02/2019	0.000355812
25/02/2019	0.000177906
26/02/2019	8.8953E-05
27/02/2019	4.44765E-05
28/02/2019	2.22382E-05
01/03/2019	0.368571133
02/03/2019	0.477034707
03/03/2019	0.304293211
04/03/2019	0.231826918
05/03/2019	0.146868996
06/03/2019	2.7869184
07/03/2019	4.17249792
08/03/2019	3.0468096
09/03/2019	2.72553984
10/03/2019	2.02701312
11/03/2019	1.01335545
12/03/2019	0.540542357
13/03/2019	0.297190854
14/03/2019	0.229092102
15/03/2019	0.300054689
16/03/2019	0.367143487
17/03/2019	0.350250103
18/03/2019	0.617315987
19/03/2019	0.615137228
20/03/2019	0.307554417
21/03/2019	0.153773656
22/03/2019	0.076885942
23/03/2019	0.038442748
24/03/2019	0.019221318
25/03/2019	0.009610645
26/03/2019	0.004805319
27/03/2019	0.002402659
28/03/2019	0.001201329
29/03/2019	0.000600664
30/03/2019	0.000300332
31/03/2019	0.000150166
01/04/2019	7.5083E-05
02/04/2019	0.313403489
03/04/2019	0.405612044
04/04/2019	0.202799849
05/04/2019	0.101398378
06/04/2019	0.371778813
07/04/2019	0.440925231
08/04/2019	0.220455323
09/04/2019	0.110225835
10/04/2019	0.055112462
11/04/2019	0.027556116
12/04/2019	0.013778029
13/04/2019	0.006889007
14/04/2019	0.003444502
15/04/2019	0.00172225
16/04/2019	0.000861125
17/04/2019	0.000430563
18/04/2019	0.000215281
19/04/2019	0.000107641
20/04/2019	5.38203E-05
21/04/2019	2.69102E-05
22/04/2019	1.34551E-05
23/04/2019	0.697501933
24/04/2019	2.12696064
25/04/2019	2.49772032
26/04/2019	2.01678336
27/04/2019	1.326957079
28/04/2019	0.663412502
29/04/2019	0.331689738
30/04/2019	0.165840736
01/05/2019	0.620742487
02/05/2019	0.737551775
03/05/2019	0.368755476
04/05/2019	0.184372637
05/05/2019	0.092185041
06/05/2019	0.046092201
07/05/2019	0.046331757
08/05/2019	1.00035966
09/05/2019	1.261605833
10/05/2019	0.63074321
11/05/2019	0.444797278
12/05/2019	0.32521036
13/05/2019	0.162601206
14/05/2019	0.081299613
15/05/2019	0.040649558
16/05/2019	0.020324717
17/05/2019	0.14331045
18/05/2019	0.329071044
19/05/2019	0.323976513
20/05/2019	0.192949918
21/05/2019	0.096473561
22/05/2019	0.04823643
23/05/2019	0.024118127
24/05/2019	0.012059042
25/05/2019	0.006029515
26/05/2019	0.003014756
27/05/2019	0.006103956
28/05/2019	0.006703266
29/05/2019	0.003351631
30/05/2019	0.001675815
31/05/2019	0.000837907
01/06/2019	0.000418954
02/06/2019	0.000209477
03/06/2019	0.000104738
04/06/2019	5.23692E-05
05/06/2019	0.187543172
06/06/2019	0.542903137
07/06/2019	0.724795389
08/06/2019	0.62786862
09/06/2019	0.389205776
10/06/2019	0.194597199
11/06/2019	0.351579571
12/06/2019	0.465408751
13/06/2019	0.487834307
14/06/2019	0.391274095
15/06/2019	0.195631304
16/06/2019	0.097814214
17/06/2019	0.048906748
18/06/2019	0.024453283
19/06/2019	0.012226619
20/06/2019	0.006113304
21/06/2019	0.00305665
22/06/2019	0.001528325
23/06/2019	0.000764162
24/06/2019	0.000382081
25/06/2019	0.000191041
26/06/2019	9.55203E-05
27/06/2019	4.77601E-05
28/06/2019	2.38801E-05
29/06/2019	1.194E-05
30/06/2019	5.97002E-06
01/07/2019	2.98501E-06
02/07/2019	1.4925E-06
03/07/2019	7.46253E-07
04/07/2019	0
05/07/2019	0
06/07/2019	0
07/07/2019	0
08/07/2019	0
09/07/2019	0
10/07/2019	0
11/07/2019	0
12/07/2019	0
13/07/2019	0
14/07/2019	0
15/07/2019	0
16/07/2019	0
17/07/2019	0
18/07/2019	0
19/07/2019	0
20/07/2019	0
21/07/2019	0
22/07/2019	0
23/07/2019	0
24/07/2019	0
25/07/2019	7.04214E-05
26/07/2019	0.04551356
27/07/2019	0.108658533
28/07/2019	0.093903653
29/07/2019	0.046951495
30/07/2019	0.023475665
31/07/2019	0.011737811
01/08/2019	0.009315252
02/08/2019	0.00739523
03/08/2019	0.003697613
04/08/2019	0.001848806
05/08/2019	0.000924403
06/08/2019	0.038224091
07/08/2019	0.049108018
08/08/2019	0.024553918
09/08/2019	0.012276936
10/08/2019	0.006138462
11/08/2019	0.058436929
12/08/2019	0.073199395
13/08/2019	0.036599496
14/08/2019	0.018299697
15/08/2019	0.009149836
16/08/2019	0.004574915
17/08/2019	0.008137792
18/08/2019	0.020814183
19/08/2019	0.020017167
20/08/2019	0.010008569
21/08/2019	0.00500428
22/08/2019	0.002502139
23/08/2019	0.001251069
24/08/2019	0.000625535
25/08/2019	0.000312767
26/08/2019	0.000156384
27/08/2019	7.81918E-05
28/08/2019	3.90959E-05
29/08/2019	1.9548E-05
30/08/2019	9.77398E-06
31/08/2019	4.88699E-06
01/09/2019	2.44349E-06
02/09/2019	1.22175E-06
03/09/2019	6.10875E-07
04/09/2019	0
05/09/2019	0
06/09/2019	0
07/09/2019	0
08/09/2019	0
09/09/2019	0.009067475
10/09/2019	0.011736474
11/09/2019	0.005868232
12/09/2019	0.002934115
13/09/2019	0.001467057
14/09/2019	0.000733528
15/09/2019	0.000366764
16/09/2019	0.000183382
17/09/2019	9.1691E-05
18/09/2019	4.58455E-05
19/09/2019	2.29228E-05
20/09/2019	1.14614E-05
21/09/2019	0.00061371
22/09/2019	0.001203411
23/09/2019	0.174916344
24/09/2019	0.242193342
25/09/2019	0.592424935
26/09/2019	1.173813839
27/09/2019	0.994857362
28/09/2019	0.497391557
29/09/2019	0.495551859
30/09/2019	0.443858255
01/10/2019	0.497863038
02/10/2019	0.468108952
03/10/2019	0.281538492
04/10/2019	0.178491382
05/10/2019	0.089244494
06/10/2019	0.044621948
07/10/2019	0.022310898
08/10/2019	0.36789196
09/10/2019	0.698842059
10/10/2019	0.600673785
11/10/2019	0.353825653
12/10/2019	0.176908133
13/10/2019	0.088452888
14/10/2019	1.66662144
15/10/2019	2.55108096
16/10/2019	4.21452288
17/10/2019	5.76059904
18/10/2019	5.80967424
19/10/2019	10.8435456
20/10/2019	13.81211136
21/10/2019	9.39465216
22/10/2019	4.69407744
23/10/2019	2.34620928
24/10/2019	1.44764928
25/10/2019	0.941954739
26/10/2019	0.470944088
27/10/2019	0.298047527
28/10/2019	0.19873334
29/10/2019	0.099365185
30/10/2019	2.2795776
31/10/2019	2.9500416
01/11/2019	7.22221056
02/11/2019	17.483904
03/11/2019	19.0584576
04/11/2019	14.92383744
05/11/2019	11.23255296
06/11/2019	9.72186624
07/11/2019	10.050048
08/11/2019	7.21640448
09/11/2019	5.78244096
10/11/2019	4.61804544
11/11/2019	3.32453376
12/11/2019	2.4689664
13/11/2019	4.65564672
14/11/2019	5.57259264
15/11/2019	4.17263616
16/11/2019	4.02859008
17/11/2019	2.94630912
18/11/2019	1.47280896
19/11/2019	0.736348023
20/11/2019	0.556303846
21/11/2019	3.60640512
22/11/2019	4.8169728
23/11/2019	2.92529664
24/11/2019	1.95996672
25/11/2019	2.32823808
26/11/2019	5.00345856
27/11/2019	7.05811968
28/11/2019	6.58450944
29/11/2019	4.3559424
30/11/2019	5.97514752
01/12/2019	6.25287168
02/12/2019	3.32439552
03/12/2019	1.66178304
04/12/2019	0.830776836
05/12/2019	0.415362526
06/12/2019	0.890038956
07/12/2019	1.231118176
08/12/2019	4.084992
09/12/2019	4.64292864
10/12/2019	3.60336384
11/12/2019	4.56026112
12/12/2019	8.543232
13/12/2019	9.7383168
14/12/2019	12.3552
15/12/2019	12.210048
16/12/2019	6.97116672
17/12/2019	3.48378624
18/12/2019	1.74140928
19/12/2019	5.08612608
20/12/2019	8.63225856
21/12/2019	9.65081088
22/12/2019	9.01587456
23/12/2019	9.81808128
24/12/2019	8.39752704
25/12/2019	4.46321664
26/12/2019	2.23091712
27/12/2019	1.115258831
28/12/2019	0.557582759
29/12/2019	0.278779719
30/12/2019	0.139386936
31/12/2019	0.069692739
