timestamp,variable_name,row,col,daisy_source_id,interval_start_time,interval_end_time,source_depth_mm,interval_seconds,target_value,storage_correction,residual,sign_convention,lower_boundary_case,metadata
2020-08-01 00:04:00,runoff,76,86,default,2020-08-01,2020-09-01,62.0,2678400.0,5.925925925925926e-06,-0.0,-5.555555555555556e-06,positive_daisy_runoff_to_positive_oldr_in_flo_and_negative_storage_sink,,"{""bookkeeping_after_m"": 0.0, ""bookkeeping_before_m"": 0.0, ""bookkeeping_mode"": ""virtual_ol_d_snapshot"", ""bookkeeping_source"": ""OL_D read-only snapshot"", ""observed_ol_d_before_m"": 0.0, ""observed_ol_d_time"": ""2020-08-01T00:04:00"", ""requested_step_depth_m"": 5.555555555555556e-06, ""step_volume_m3"": 0.0014222222222222223, ""storage_units"": ""m"", ""target_units"": ""m3/s""}"
2020-08-01 00:04:00,runoff,76,87,default,2020-08-01,2020-09-01,62.0,2678400.0,5.925925925925926e-06,-0.0,-5.555555555555556e-06,positive_daisy_runoff_to_positive_oldr_in_flo_and_negative_storage_sink,,"{""bookkeeping_after_m"": 0.0, ""bookkeeping_before_m"": 0.0, ""bookkeeping_mode"": ""virtual_ol_d_snapshot"", ""bookkeeping_source"": ""OL_D read-only snapshot"", ""observed_ol_d_before_m"": 0.0, ""observed_ol_d_time"": ""2020-08-01T00:04:00"", ""requested_step_depth_m"": 5.555555555555556e-06, ""step_volume_m3"": 0.0014222222222222223, ""storage_units"": ""m"", ""target_units"": ""m3/s""}"
2020-08-01 00:04:00,runoff,76,88,default,2020-08-01,2020-09-01,62.0,2678400.0,5.925925925925926e-06,-0.0,-5.555555555555556e-06,positive_daisy_runoff_to_positive_oldr_in_flo_and_negative_storage_sink,,"{""bookkeeping_after_m"": 0.0, ""bookkeeping_before_m"": 0.0, ""bookkeeping_mode"": ""virtual_ol_d_snapshot"", ""bookkeeping_source"": ""OL_D read-only snapshot"", ""observed_ol_d_before_m"": 0.0, ""observed_ol_d_time"": ""2020-08-01T00:04:00"", ""requested_step_depth_m"": 5.555555555555556e-06, ""step_volume_m3"": 0.0014222222222222223, ""storage_units"": ""m"", ""target_units"": ""m3/s""}"
2020-08-01 00:04:00,runoff,76,89,default,2020-08-01,2020-09-01,62.0,2678400.0,5.925925925925926e-06,-0.0,-5.555555555555556e-06,positive_daisy_runoff_to_positive_oldr_in_flo_and_negative_storage_sink,,"{""bookkeeping_after_m"": 0.0, ""bookkeeping_before_m"": 0.0, ""bookkeeping_mode"": ""virtual_ol_d_snapshot"", ""bookkeeping_source"": ""OL_D read-only snapshot"", ""observed_ol_d_before_m"": 0.0, ""observed_ol_d_time"": ""2020-08-01T00:04:00"", ""requested_step_depth_m"": 5.555555555555556e-06, ""step_volume_m3"": 0.0014222222222222223, ""storage_units"": ""m"", ""target_units"": ""m3/s""}"
2020-08-01 00:04:00,runoff,77,84,default,2020-08-01,2020-09-01,62.0,2678400.0,5.925925925925926e-06,-0.0,-5.555555555555556e-06,positive_daisy_runoff_to_positive_oldr_in_flo_and_negative_storage_sink,,"{""bookkeeping_after_m"": 0.0, ""bookkeeping_before_m"": 0.0, ""bookkeeping_mode"": ""virtual_ol_d_snapshot"", ""bookkeeping_source"": ""OL_D read-only snapshot"", ""observed_ol_d_before_m"": 0.0, ""observed_ol_d_time"": ""2020-08-01T00:04:00"", ""requested_step_depth_m"": 5.555555555555556e-06, ""step_volume_m3"": 0.0014222222222222223, ""storage_units"": ""m"", ""target_units"": ""m3/s""}"
2020-08-01 00:04:00,runoff,77,85,default,2020-08-01,2020-09-01,62.0,2678400.0,5.925925925925926e-06,-0.0,-5.555555555555556e-06,positive_daisy_runoff_to_positive_oldr_in_flo_and_negative_storage_sink,,"{""bookkeeping_after_m"": 0.0, ""bookkeeping_before_m"": 0.0, ""bookkeeping_mode"": ""virtual_ol_d_snapshot"", ""bookkeeping_source"": ""OL_D read-only snapshot"", ""observed_ol_d_before_m"": 0.0, ""observed_ol_d_time"": ""2020-08-01T00:04:00"", ""requested_step_depth_m"": 5.555555555555556e-06, ""step_volume_m3"": 0.0014222222222222223, ""storage_units"": ""m"", ""target_units"": ""m3/s""}"
2020-08-01 00:04:00,runoff,77,86,default,2020-08-01,2020-09-01,62.0,2678400.0,5.925925925925926e-06,-0.0,-5.555555555555556e-06,positive_daisy_runoff_to_positive_oldr_in_flo_and_negative_storage_sink,,"{""bookkeeping_after_m"": 0.0, ""bookkeeping_before_m"": 0.0, ""bookkeeping_mode"": ""virtual_ol_d_snapshot"", ""bookkeeping_source"": ""OL_D read-only snapshot"", ""observed_ol_d_before_m"": 0.0, ""observed_ol_d_time"": ""2020-08-01T00:04:00"", ""requested_step_depth_m"": 5.555555555555556e-06, ""step_volume_m3"": 0.0014222222222222223, ""storage_units"": ""m"", ""target_units"": ""m3/s""}"
2020-08-01 00:04:00,runoff,77,87,default,2020-08-01,2020-09-01,62.0,2678400.0,5.925925925925926e-06,3.1036506698001176e-10,-5.555245190488576e-06,positive_daisy_runoff_to_positive_oldr_in_flo_and_negative_storage_sink,,"{""bookkeeping_after_m"": 0.0, ""bookkeeping_before_m"": 3.1036506698001176e-10, ""bookkeeping_mode"": ""virtual_ol_d_snapshot"", ""bookkeeping_source"": ""OL_D read-only snapshot"", ""observed_ol_d_before_m"": 3.1036506698001176e-10, ""observed_ol_d_time"": ""2020-08-01T00:04:00"", ""requested_step_depth_m"": 5.555555555555556e-06, ""step_volume_m3"": 0.0014222222222222223, ""storage_units"": ""m"", ""target_units"": ""m3/s""}"
2020-08-01 00:04:00,runoff,77,88,default,2020-08-01,2020-09-01,62.0,2678400.0,5.925925925925926e-06,2.9962166081531905e-10,-5.5552559338947405e-06,positive_daisy_runoff_to_positive_oldr_in_flo_and_negative_storage_sink,,"{""bookkeeping_after_m"": 0.0, ""bookkeeping_before_m"": 2.9962166081531905e-10, ""bookkeeping_mode"": ""virtual_ol_d_snapshot"", ""bookkeeping_source"": ""OL_D read-only snapshot"", ""observed_ol_d_before_m"": 2.9962166081531905e-10, ""observed_ol_d_time"": ""2020-08-01T00:04:00"", ""requested_step_depth_m"": 5.555555555555556e-06, ""step_volume_m3"": 0.0014222222222222223, ""storage_units"": ""m"", ""target_units"": ""m3/s""}"
2020-08-01 00:04:00,runoff,77,89,default,2020-08-01,2020-09-01,62.0,2678400.0,5.925925925925926e-06,2.999058779096231e-10,-5.555255649677646e-06,positive_daisy_runoff_to_positive_oldr_in_flo_and_negative_storage_sink,,"{""bookkeeping_after_m"": 0.0, ""bookkeeping_before_m"": 2.999058779096231e-10, ""bookkeeping_mode"": ""virtual_ol_d_snapshot"", ""bookkeeping_source"": ""OL_D read-only snapshot"", ""observed_ol_d_before_m"": 2.999058779096231e-10, ""observed_ol_d_time"": ""2020-08-01T00:04:00"", ""requested_step_depth_m"": 5.555555555555556e-06, ""step_volume_m3"": 0.0014222222222222223, ""storage_units"": ""m"", ""target_units"": ""m3/s""}"
2020-08-01 00:04:00,runoff,77,90,default,2020-08-01,2020-09-01,62.0,2678400.0,5.925925925925926e-06,-0.0,-5.555555555555556e-06,positive_daisy_runoff_to_positive_oldr_in_flo_and_negative_storage_sink,,"{""bookkeeping_after_m"": 0.0, ""bookkeeping_before_m"": 0.0, ""bookkeeping_mode"": ""virtual_ol_d_snapshot"", ""bookkeeping_source"": ""OL_D read-only snapshot"", ""observed_ol_d_before_m"": 0.0, ""observed_ol_d_time"": ""2020-08-01T00:04:00"", ""requested_step_depth_m"": 5.555555555555556e-06, ""step_volume_m3"": 0.0014222222222222223, ""storage_units"": ""m"", ""target_units"": ""m3/s""}"
2020-08-01 00:04:00,runoff,77,94,default,2020-08-01,2020-09-01,62.0,2678400.0,5.925925925925926e-06,-0.0,-5.555555555555556e-06,positive_daisy_runoff_to_positive_oldr_in_flo_and_negative_storage_sink,,"{""bookkeeping_after_m"": 0.0, ""bookkeeping_before_m"": 0.0, ""bookkeeping_mode"": ""virtual_ol_d_snapshot"", ""bookkeeping_source"": ""OL_D read-only snapshot"", ""observed_ol_d_before_m"": 0.0, ""observed_ol_d_time"": ""2020-08-01T00:04:00"", ""requested_step_depth_m"": 5.555555555555556e-06, ""step_volume_m3"": 0.0014222222222222223, ""storage_units"": ""m"", ""target_units"": ""m3/s""}"
2020-08-01 00:04:00,runoff,77,95,default,2020-08-01,2020-09-01,62.0,2678400.0,5.925925925925926e-06,-0.0,-5.555555555555556e-06,positive_daisy_runoff_to_positive_oldr_in_flo_and_negative_storage_sink,,"{""bookkeeping_after_m"": 0.0, ""bookkeeping_before_m"": 0.0, ""bookkeeping_mode"": ""virtual_ol_d_snapshot"", ""bookkeeping_source"": ""OL_D read-only snapshot"", ""observed_ol_d_before_m"": 0.0, ""observed_ol_d_time"": ""2020-08-01T00:04:00"", ""requested_step_depth_m"": 5.555555555555556e-06, ""step_volume_m3"": 0.0014222222222222223, ""storage_units"": ""m"", ""target_units"": ""m3/s""}"
2020-08-01 00:04:00,runoff,77,96,default,2020-08-01,2020-09-01,62.0,2678400.0,5.925925925925926e-06,2.9979219107190147e-10,-5.555255763364484e-06,positive_daisy_runoff_to_positive_oldr_in_flo_and_negative_storage_sink,,"{""bookkeeping_after_m"": 0.0, ""bookkeeping_before_m"": 2.9979219107190147e-10, ""bookkeeping_mode"": ""virtual_ol_d_snapshot"", ""bookkeeping_source"": ""OL_D read-only snapshot"", ""observed_ol_d_before_m"": 2.9979219107190147e-10, ""observed_ol_d_time"": ""2020-08-01T00:04:00"", ""requested_step_depth_m"": 5.555555555555556e-06, ""step_volume_m3"": 0.0014222222222222223, ""storage_units"": ""m"", ""target_units"": ""m3/s""}"
2020-08-01 00:04:00,runoff,77,97,default,2020-08-01,2020-09-01,62.0,2678400.0,5.925925925925926e-06,2.9899638320785016e-10,-5.555256559172348e-06,positive_daisy_runoff_to_positive_oldr_in_flo_and_negative_storage_sink,,"{""bookkeeping_after_m"": 0.0, ""bookkeeping_before_m"": 2.9899638320785016e-10, ""bookkeeping_mode"": ""virtual_ol_d_snapshot"", ""bookkeeping_source"": ""OL_D read-only snapshot"", ""observed_ol_d_before_m"": 2.9899638320785016e-10, ""observed_ol_d_time"": ""2020-08-01T00:04:00"", ""requested_step_depth_m"": 5.555555555555556e-06, ""step_volume_m3"": 0.0014222222222222223, ""storage_units"": ""m"", ""target_units"": ""m3/s""}"
2020-08-01 00:04:00,runoff,77,98,default,2020-08-01,2020-09-01,62.0,2678400.0,5.925925925925926e-06,3.000195647473447e-10,-5.5552555359908085e-06,positive_daisy_runoff_to_positive_oldr_in_flo_and_negative_storage_sink,,"{""bookkeeping_after_m"": 0.0, ""bookkeeping_before_m"": 3.000195647473447e-10, ""bookkeeping_mode"": ""virtual_ol_d_snapshot"", ""bookkeeping_source"": ""OL_D read-only snapshot"", ""observed_ol_d_before_m"": 3.000195647473447e-10, ""observed_ol_d_time"": ""2020-08-01T00:04:00"", ""requested_step_depth_m"": 5.555555555555556e-06, ""step_volume_m3"": 0.0014222222222222223, ""storage_units"": ""m"", ""target_units"": ""m3/s""}"
2020-08-01 00:04:00,runoff,77,99,default,2020-08-01,2020-09-01,62.0,2678400.0,5.925925925925926e-06,3.000195647473447e-10,-5.5552555359908085e-06,positive_daisy_runoff_to_positive_oldr_in_flo_and_negative_storage_sink,,"{""bookkeeping_after_m"": 0.0, ""bookkeeping_before_m"": 3.000195647473447e-10, ""bookkeeping_mode"": ""virtual_ol_d_snapshot"", ""bookkeeping_source"": ""OL_D read-only snapshot"", ""observed_ol_d_before_m"": 3.000195647473447e-10, ""observed_ol_d_time"": ""2020-08-01T00:04:00"", ""requested_step_depth_m"": 5.555555555555556e-06, ""step_volume_m3"": 0.0014222222222222223, ""storage_units"": ""m"", ""target_units"": ""m3/s""}"
2020-08-01 00:04:00,runoff,77,100,default,2020-08-01,2020-09-01,62.0,2678400.0,5.925925925925926e-06,3.0468072509393096e-10,-5.555250874830462e-06,positive_daisy_runoff_to_positive_oldr_in_flo_and_negative_storage_sink,,"{""bookkeeping_after_m"": 0.0, ""bookkeeping_before_m"": 3.0468072509393096e-10, ""bookkeeping_mode"": ""virtual_ol_d_snapshot"", ""bookkeeping_source"": ""OL_D read-only snapshot"", ""observed_ol_d_before_m"": 3.0468072509393096e-10, ""observed_ol_d_time"": ""2020-08-01T00:04:00"", ""requested_step_depth_m"": 5.555555555555556e-06, ""step_volume_m3"": 0.0014222222222222223, ""storage_units"": ""m"", ""target_units"": ""m3/s""}"
2020-08-01 00:04:00,runoff,77,101,default,2020-08-01,2020-09-01,62.0,2678400.0,5.925925925925926e-06,3.1241143005900085e-10,-5.555243144125497e-06,positive_daisy_runoff_to_positive_oldr_in_flo_and_negative_storage_sink,,"{""bookkeeping_after_m"": 0.0, ""bookkeeping_before_m"": 3.1241143005900085e-10, ""bookkeeping_mode"": ""virtual_ol_d_snapshot"", ""bookkeeping_source"": ""OL_D read-only snapshot"", ""observed_ol_d_before_m"": 3.1241143005900085e-10, ""observed_ol_d_time"": ""2020-08-01T00:04:00"", ""requested_step_depth_m"": 5.555555555555556e-06, ""step_volume_m3"": 0.0014222222222222223, ""storage_units"": ""m"", ""target_units"": ""m3/s""}"
2020-08-01 00:04:00,runoff,77,102,default,2020-08-01,2020-09-01,62.0,2678400.0,5.925925925925926e-06,3.133777681796346e-10,-5.555242177787376e-06,positive_daisy_runoff_to_positive_oldr_in_flo_and_negative_storage_sink,,"{""bookkeeping_after_m"": 0.0, ""bookkeeping_before_m"": 3.133777681796346e-10, ""bookkeeping_mode"": ""virtual_ol_d_snapshot"", ""bookkeeping_source"": ""OL_D read-only snapshot"", ""observed_ol_d_before_m"": 3.133777681796346e-10, ""observed_ol_d_time"": ""2020-08-01T00:04:00"", ""requested_step_depth_m"": 5.555555555555556e-06, ""step_volume_m3"": 0.0014222222222222223, ""storage_units"": ""m"", ""target_units"": ""m3/s""}"
2020-08-01 00:04:00,runoff,77,103,default,2020-08-01,2020-09-01,62.0,2678400.0,5.925925925925926e-06,3.1042191039887257e-10,-5.555245133645157e-06,positive_daisy_runoff_to_positive_oldr_in_flo_and_negative_storage_sink,,"{""bookkeeping_after_m"": 0.0, ""bookkeeping_before_m"": 3.1042191039887257e-10, ""bookkeeping_mode"": ""virtual_ol_d_snapshot"", ""bookkeeping_source"": ""OL_D read-only snapshot"", ""observed_ol_d_before_m"": 3.1042191039887257e-10, ""observed_ol_d_time"": ""2020-08-01T00:04:00"", ""requested_step_depth_m"": 5.555555555555556e-06, ""step_volume_m3"": 0.0014222222222222223, ""storage_units"": ""m"", ""target_units"": ""m3/s""}"
2020-08-01 00:04:00,runoff,77,104,default,2020-08-01,2020-09-01,62.0,2678400.0,5.925925925925926e-06,3.03487013297854e-10,-5.555252068542258e-06,positive_daisy_runoff_to_positive_oldr_in_flo_and_negative_storage_sink,,"{""bookkeeping_after_m"": 0.0, ""bookkeeping_before_m"": 3.03487013297854e-10, ""bookkeeping_mode"": ""virtual_ol_d_snapshot"", ""bookkeeping_source"": ""OL_D read-only snapshot"", ""observed_ol_d_before_m"": 3.03487013297854e-10, ""observed_ol_d_time"": ""2020-08-01T00:04:00"", ""requested_step_depth_m"": 5.555555555555556e-06, ""step_volume_m3"": 0.0014222222222222223, ""storage_units"": ""m"", ""target_units"": ""m3/s""}"
2020-08-01 00:04:00,runoff,78,83,default,2020-08-01,2020-09-01,62.0,2678400.0,5.925925925925926e-06,-0.0,-5.555555555555556e-06,positive_daisy_runoff_to_positive_oldr_in_flo_and_negative_storage_sink,,"{""bookkeeping_after_m"": 0.0, ""bookkeeping_before_m"": 0.0, ""bookkeeping_mode"": ""virtual_ol_d_snapshot"", ""bookkeeping_source"": ""OL_D read-only snapshot"", ""observed_ol_d_before_m"": 0.0, ""observed_ol_d_time"": ""2020-08-01T00:04:00"", ""requested_step_depth_m"": 5.555555555555556e-06, ""step_volume_m3"": 0.0014222222222222223, ""storage_units"": ""m"", ""target_units"": ""m3/s""}"
2020-08-01 00:04:00,runoff,78,84,default,2020-08-01,2020-09-01,62.0,2678400.0,5.925925925925926e-06,-0.0,-5.555555555555556e-06,positive_daisy_runoff_to_positive_oldr_in_flo_and_negative_storage_sink,,"{""bookkeeping_after_m"": 0.0, ""bookkeeping_before_m"": 0.0, ""bookkeeping_mode"": ""virtual_ol_d_snapshot"", ""bookkeeping_source"": ""OL_D read-only snapshot"", ""observed_ol_d_before_m"": 0.0, ""observed_ol_d_time"": ""2020-08-01T00:04:00"", ""requested_step_depth_m"": 5.555555555555556e-06, ""step_volume_m3"": 0.0014222222222222223, ""storage_units"": ""m"", ""target_units"": ""m3/s""}"
2020-08-01 00:04:00,runoff,78,85,default,2020-08-01,2020-09-01,62.0,2678400.0,5.925925925925926e-06,3.1241143005900085e-10,-5.555243144125497e-06,positive_daisy_runoff_to_positive_oldr_in_flo_and_negative_storage_sink,,"{""bookkeeping_after_m"": 0.0, ""bookkeeping_before_m"": 3.1241143005900085e-10, ""bookkeeping_mode"": ""virtual_ol_d_snapshot"", ""bookkeeping_source"": ""OL_D read-only snapshot"", ""observed_ol_d_before_m"": 3.1241143005900085e-10, ""observed_ol_d_time"": ""2020-08-01T00:04:00"", ""requested_step_depth_m"": 5.555555555555556e-06, ""step_volume_m3"": 0.0014222222222222223, ""storage_units"": ""m"", ""target_units"": ""m3/s""}"
2020-08-01 00:04:00,runoff,78,86,default,2020-08-01,2020-09-01,62.0,2678400.0,5.925925925925926e-06,3.1093350116861984e-10,-5.555244622054387e-06,positive_daisy_runoff_to_positive_oldr_in_flo_and_negative_storage_sink,,"{""bookkeeping_after_m"": 0.0, ""bookkeeping_before_m"": 3.1093350116861984e-10, ""bookkeeping_mode"": ""virtual_ol_d_snapshot"", ""bookkeeping_source"": ""OL_D read-only snapshot"", ""observed_ol_d_before_m"": 3.1093350116861984e-10, ""observed_ol_d_time"": ""2020-08-01T00:04:00"", ""requested_step_depth_m"": 5.555555555555556e-06, ""step_volume_m3"": 0.0014222222222222223, ""storage_units"": ""m"", ""target_units"": ""m3/s""}"
2020-08-01 00:04:00,runoff,78,87,default,2020-08-01,2020-09-01,62.0,2678400.0,5.925925925925926e-06,3.1030822356115095e-10,-5.555245247331995e-06,positive_daisy_runoff_to_positive_oldr_in_flo_and_negative_storage_sink,,"{""bookkeeping_after_m"": 0.0, ""bookkeeping_before_m"": 3.1030822356115095e-10, ""bookkeeping_mode"": ""virtual_ol_d_snapshot"", ""bookkeeping_source"": ""OL_D read-only snapshot"", ""observed_ol_d_before_m"": 3.1030822356115095e-10, ""observed_ol_d_time"": ""2020-08-01T00:04:00"", ""requested_step_depth_m"": 5.555555555555556e-06, ""step_volume_m3"": 0.0014222222222222223, ""storage_units"": ""m"", ""target_units"": ""m3/s""}"
2020-08-01 00:04:00,runoff,78,88,default,2020-08-01,2020-09-01,62.0,2678400.0,5.925925925925926e-06,2.9905322662671097e-10,-5.555256502328929e-06,positive_daisy_runoff_to_positive_oldr_in_flo_and_negative_storage_sink,,"{""bookkeeping_after_m"": 0.0, ""bookkeeping_before_m"": 2.9905322662671097e-10, ""bookkeeping_mode"": ""virtual_ol_d_snapshot"", ""bookkeeping_source"": ""OL_D read-only snapshot"", ""observed_ol_d_before_m"": 2.9905322662671097e-10, ""observed_ol_d_time"": ""2020-08-01T00:04:00"", ""requested_step_depth_m"": 5.555555555555556e-06, ""step_volume_m3"": 0.0014222222222222223, ""storage_units"": ""m"", ""target_units"": ""m3/s""}"
2020-08-01 00:04:00,runoff,78,89,default,2020-08-01,2020-09-01,62.0,2678400.0,5.925925925925926e-06,2.994511305587366e-10,-5.555256104424997e-06,positive_daisy_runoff_to_positive_oldr_in_flo_and_negative_storage_sink,,"{""bookkeeping_after_m"": 0.0, ""bookkeeping_before_m"": 2.994511305587366e-10, ""bookkeeping_mode"": ""virtual_ol_d_snapshot"", ""bookkeeping_source"": ""OL_D read-only snapshot"", ""observed_ol_d_before_m"": 2.994511305587366e-10, ""observed_ol_d_time"": ""2020-08-01T00:04:00"", ""requested_step_depth_m"": 5.555555555555556e-06, ""step_volume_m3"": 0.0014222222222222223, ""storage_units"": ""m"", ""target_units"": ""m3/s""}"
2020-08-01 00:04:00,runoff,78,90,default,2020-08-01,2020-09-01,62.0,2678400.0,5.925925925925926e-06,3.154241312586237e-10,-5.555240131424297e-06,positive_daisy_runoff_to_positive_oldr_in_flo_and_negative_storage_sink,,"{""bookkeeping_after_m"": 0.0, ""bookkeeping_before_m"": 3.154241312586237e-10, ""bookkeeping_mode"": ""virtual_ol_d_snapshot"", ""bookkeeping_source"": ""OL_D read-only snapshot"", ""observed_ol_d_before_m"": 3.154241312586237e-10, ""observed_ol_d_time"": ""2020-08-01T00:04:00"", ""requested_step_depth_m"": 5.555555555555556e-06, ""step_volume_m3"": 0.0014222222222222223, ""storage_units"": ""m"", ""target_units"": ""m3/s""}"
2020-08-01 00:04:00,runoff,78,92,default,2020-08-01,2020-09-01,62.0,2678400.0,5.925925925925926e-06,-0.0,-5.555555555555556e-06,positive_daisy_runoff_to_positive_oldr_in_flo_and_negative_storage_sink,,"{""bookkeeping_after_m"": 0.0, ""bookkeeping_before_m"": 0.0, ""bookkeeping_mode"": ""virtual_ol_d_snapshot"", ""bookkeeping_source"": ""OL_D read-only snapshot"", ""observed_ol_d_before_m"": 0.0, ""observed_ol_d_time"": ""2020-08-01T00:04:00"", ""requested_step_depth_m"": 5.555555555555556e-06, ""step_volume_m3"": 0.0014222222222222223, ""storage_units"": ""m"", ""target_units"": ""m3/s""}"
2020-08-01 00:04:00,runoff,78,93,default,2020-08-01,2020-09-01,62.0,2678400.0,5.925925925925926e-06,-0.0,-5.555555555555556e-06,positive_daisy_runoff_to_positive_oldr_in_flo_and_negative_storage_sink,,"{""bookkeeping_after_m"": 0.0, ""bookkeeping_before_m"": 0.0, ""bookkeeping_mode"": ""virtual_ol_d_snapshot"", ""bookkeeping_source"": ""OL_D read-only snapshot"", ""observed_ol_d_before_m"": 0.0, ""observed_ol_d_time"": ""2020-08-01T00:04:00"", ""requested_step_depth_m"": 5.555555555555556e-06, ""step_volume_m3"": 0.0014222222222222223, ""storage_units"": ""m"", ""target_units"": ""m3/s""}"
2020-08-01 00:04:00,runoff,78,94,default,2020-08-01,2020-09-01,62.0,2678400.0,5.925925925925926e-06,3.014974936377257e-10,-5.555254058061918e-06,positive_daisy_runoff_to_positive_oldr_in_flo_and_negative_storage_sink,,"{""bookkeeping_after_m"": 0.0, ""bookkeeping_before_m"": 3.014974936377257e-10, ""bookkeeping_mode"": ""virtual_ol_d_snapshot"", ""bookkeeping_source"": ""OL_D read-only snapshot"", ""observed_ol_d_before_m"": 3.014974936377257e-10, ""observed_ol_d_time"": ""2020-08-01T00:04:00"", ""requested_step_depth_m"": 5.555555555555556e-06, ""step_volume_m3"": 0.0014222222222222223, ""storage_units"": ""m"", ""target_units"": ""m3/s""}"
2020-08-01 00:04:00,runoff,78,95,default,2020-08-01,2020-09-01,62.0,2678400.0,5.925925925925926e-06,3.014406502188649e-10,-5.555254114905337e-06,positive_daisy_runoff_to_positive_oldr_in_flo_and_negative_storage_sink,,"{""bookkeeping_after_m"": 0.0, ""bookkeeping_before_m"": 3.014406502188649e-10, ""bookkeeping_mode"": ""virtual_ol_d_snapshot"", ""bookkeeping_source"": ""OL_D read-only snapshot"", ""observed_ol_d_before_m"": 3.014406502188649e-10, ""observed_ol_d_time"": ""2020-08-01T00:04:00"", ""requested_step_depth_m"": 5.555555555555556e-06, ""step_volume_m3"": 0.0014222222222222223, ""storage_units"": ""m"", ""target_units"": ""m3/s""}"
2020-08-01 00:04:00,runoff,78,96,default,2020-08-01,2020-09-01,62.0,2678400.0,5.925925925925926e-06,3.015543370565865e-10,-5.555254001218499e-06,positive_daisy_runoff_to_positive_oldr_in_flo_and_negative_storage_sink,,"{""bookkeeping_after_m"": 0.0, ""bookkeeping_before_m"": 3.015543370565865e-10, ""bookkeeping_mode"": ""virtual_ol_d_snapshot"", ""bookkeeping_source"": ""OL_D read-only snapshot"", ""observed_ol_d_before_m"": 3.015543370565865e-10, ""observed_ol_d_time"": ""2020-08-01T00:04:00"", ""requested_step_depth_m"": 5.555555555555556e-06, ""step_volume_m3"": 0.0014222222222222223, ""storage_units"": ""m"", ""target_units"": ""m3/s""}"
2020-08-01 00:04:00,runoff,78,97,default,2020-08-01,2020-09-01,62.0,2678400.0,5.925925925925926e-06,2.992806003021542e-10,-5.555256274955254e-06,positive_daisy_runoff_to_positive_oldr_in_flo_and_negative_storage_sink,,"{""bookkeeping_after_m"": 0.0, ""bookkeeping_before_m"": 2.992806003021542e-10, ""bookkeeping_mode"": ""virtual_ol_d_snapshot"", ""bookkeeping_source"": ""OL_D read-only snapshot"", ""observed_ol_d_before_m"": 2.992806003021542e-10, ""observed_ol_d_time"": ""2020-08-01T00:04:00"", ""requested_step_depth_m"": 5.555555555555556e-06, ""step_volume_m3"": 0.0014222222222222223, ""storage_units"": ""m"", ""target_units"": ""m3/s""}"
2020-08-01 00:04:00,runoff,78,98,default,2020-08-01,2020-09-01,62.0,2678400.0,5.925925925925926e-06,3.100808498857077e-10,-5.55524547470567e-06,positive_daisy_runoff_to_positive_oldr_in_flo_and_negative_storage_sink,,"{""bookkeeping_after_m"": 0.0, ""bookkeeping_before_m"": 3.100808498857077e-10, ""bookkeeping_mode"": ""virtual_ol_d_snapshot"", ""bookkeeping_source"": ""OL_D read-only snapshot"", ""observed_ol_d_before_m"": 3.100808498857077e-10, ""observed_ol_d_time"": ""2020-08-01T00:04:00"", ""requested_step_depth_m"": 5.555555555555556e-06, ""step_volume_m3"": 0.0014222222222222223, ""storage_units"": ""m"", ""target_units"": ""m3/s""}"
2020-08-01 00:04:00,runoff,78,99,default,2020-08-01,2020-09-01,62.0,2678400.0,5.925925925925926e-06,3.006448423548136e-10,-5.555254910713201e-06,positive_daisy_runoff_to_positive_oldr_in_flo_and_negative_storage_sink,,"{""bookkeeping_after_m"": 0.0, ""bookkeeping_before_m"": 3.006448423548136e-10, ""bookkeeping_mode"": ""virtual_ol_d_snapshot"", ""bookkeeping_source"": ""OL_D read-only snapshot"", ""observed_ol_d_before_m"": 3.006448423548136e-10, ""observed_ol_d_time"": ""2020-08-01T00:04:00"", ""requested_step_depth_m"": 5.555555555555556e-06, ""step_volume_m3"": 0.0014222222222222223, ""storage_units"": ""m"", ""target_units"": ""m3/s""}"
2020-08-01 00:04:00,runoff,78,100,default,2020-08-01,2020-09-01,62.0,2678400.0,5.925925925925926e-06,3.0047431209823117e-10,-5.555255081243458e-06,positive_daisy_runoff_to_positive_oldr_in_flo_and_negative_storage_sink,,"{""bookkeeping_after_m"": 0.0, ""bookkeeping_before_m"": 3.0047431209823117e-10, ""bookkeeping_mode"": ""virtual_ol_d_snapshot"", ""bookkeeping_source"": ""OL_D read-only snapshot"", ""observed_ol_d_before_m"": 3.0047431209823117e-10, ""observed_ol_d_time"": ""2020-08-01T00:04:00"", ""requested_step_depth_m"": 5.555555555555556e-06, ""step_volume_m3"": 0.0014222222222222223, ""storage_units"": ""m"", ""target_units"": ""m3/s""}"
2020-08-01 00:04:00,runoff,78,101,default,2020-08-01,2020-09-01,62.0,2678400.0,5.925925925925926e-06,3.0047431209823117e-10,-5.555255081243458e-06,positive_daisy_runoff_to_positive_oldr_in_flo_and_negative_storage_sink,,"{""bookkeeping_after_m"": 0.0, ""bookkeeping_before_m"": 3.0047431209823117e-10, ""bookkeeping_mode"": ""virtual_ol_d_snapshot"", ""bookkeeping_source"": ""OL_D read-only snapshot"", ""observed_ol_d_before_m"": 3.0047431209823117e-10, ""observed_ol_d_time"": ""2020-08-01T00:04:00"", ""requested_step_depth_m"": 5.555555555555556e-06, ""step_volume_m3"": 0.0014222222222222223, ""storage_units"": ""m"", ""target_units"": ""m3/s""}"
2020-08-01 00:04:00,runoff,78,102,default,2020-08-01,2020-09-01,62.0,2678400.0,5.925925925925926e-06,3.1042191039887257e-10,-5.555245133645157e-06,positive_daisy_runoff_to_positive_oldr_in_flo_and_negative_storage_sink,,"{""bookkeeping_after_m"": 0.0, ""bookkeeping_before_m"": 3.1042191039887257e-10, ""bookkeeping_mode"": ""virtual_ol_d_snapshot"", ""bookkeeping_source"": ""OL_D read-only snapshot"", ""observed_ol_d_before_m"": 3.1042191039887257e-10, ""observed_ol_d_time"": ""2020-08-01T00:04:00"", ""requested_step_depth_m"": 5.555555555555556e-06, ""step_volume_m3"": 0.0014222222222222223, ""storage_units"": ""m"", ""target_units"": ""m3/s""}"
2020-08-01 00:04:00,runoff,78,103,default,2020-08-01,2020-09-01,62.0,2678400.0,5.925925925925926e-06,3.1161562219494954e-10,-5.555243939933361e-06,positive_daisy_runoff_to_positive_oldr_in_flo_and_negative_storage_sink,,"{""bookkeeping_after_m"": 0.0, ""bookkeeping_before_m"": 3.1161562219494954e-10, ""bookkeeping_mode"": ""virtual_ol_d_snapshot"", ""bookkeeping_source"": ""OL_D read-only snapshot"", ""observed_ol_d_before_m"": 3.1161562219494954e-10, ""observed_ol_d_time"": ""2020-08-01T00:04:00"", ""requested_step_depth_m"": 5.555555555555556e-06, ""step_volume_m3"": 0.0014222222222222223, ""storage_units"": ""m"", ""target_units"": ""m3/s""}"
2020-08-01 00:04:00,runoff,78,104,default,2020-08-01,2020-09-01,62.0,2678400.0,5.925925925925926e-06,2.9950797397759743e-10,-5.555256047581578e-06,positive_daisy_runoff_to_positive_oldr_in_flo_and_negative_storage_sink,,"{""bookkeeping_after_m"": 0.0, ""bookkeeping_before_m"": 2.9950797397759743e-10, ""bookkeeping_mode"": ""virtual_ol_d_snapshot"", ""bookkeeping_source"": ""OL_D read-only snapshot"", ""observed_ol_d_before_m"": 2.9950797397759743e-10, ""observed_ol_d_time"": ""2020-08-01T00:04:00"", ""requested_step_depth_m"": 5.555555555555556e-06, ""step_volume_m3"": 0.0014222222222222223, ""storage_units"": ""m"", ""target_units"": ""m3/s""}"
2020-08-01 00:04:00,runoff,78,105,default,2020-08-01,2020-09-01,62.0,2678400.0,5.925925925925926e-06,3.057607500522863e-10,-5.5552497948055035e-06,positive_daisy_runoff_to_positive_oldr_in_flo_and_negative_storage_sink,,"{""bookkeeping_after_m"": 0.0, ""bookkeeping_before_m"": 3.057607500522863e-10, ""bookkeeping_mode"": ""virtual_ol_d_snapshot"", ""bookkeeping_source"": ""OL_D read-only snapshot"", ""observed_ol_d_before_m"": 3.057607500522863e-10, ""observed_ol_d_time"": ""2020-08-01T00:04:00"", ""requested_step_depth_m"": 5.555555555555556e-06, ""step_volume_m3"": 0.0014222222222222223, ""storage_units"": ""m"", ""target_units"": ""m3/s""}"
2020-08-01 00:04:00,runoff,78,106,default,2020-08-01,2020-09-01,62.0,2678400.0,5.925925925925926e-06,3.1667468647356145e-10,-5.555238880869082e-06,positive_daisy_runoff_to_positive_oldr_in_flo_and_negative_storage_sink,,"{""bookkeeping_after_m"": 0.0, ""bookkeeping_before_m"": 3.1667468647356145e-10, ""bookkeeping_mode"": ""virtual_ol_d_snapshot"", ""bookkeeping_source"": ""OL_D read-only snapshot"", ""observed_ol_d_before_m"": 3.1667468647356145e-10, ""observed_ol_d_time"": ""2020-08-01T00:04:00"", ""requested_step_depth_m"": 5.555555555555556e-06, ""step_volume_m3"": 0.0014222222222222223, ""storage_units"": ""m"", ""target_units"": ""m3/s""}"
2020-08-01 00:04:00,runoff,78,107,default,2020-08-01,2020-09-01,62.0,2678400.0,5.925925925925926e-06,3.163904693792574e-10,-5.5552391650861766e-06,positive_daisy_runoff_to_positive_oldr_in_flo_and_negative_storage_sink,,"{""bookkeeping_after_m"": 0.0, ""bookkeeping_before_m"": 3.163904693792574e-10, ""bookkeeping_mode"": ""virtual_ol_d_snapshot"", ""bookkeeping_source"": ""OL_D read-only snapshot"", ""observed_ol_d_before_m"": 3.163904693792574e-10, ""observed_ol_d_time"": ""2020-08-01T00:04:00"", ""requested_step_depth_m"": 5.555555555555556e-06, ""step_volume_m3"": 0.0014222222222222223, ""storage_units"": ""m"", ""target_units"": ""m3/s""}"
2020-08-01 00:04:00,runoff,78,108,default,2020-08-01,2020-09-01,62.0,2678400.0,5.925925925925926e-06,3.184936758771073e-10,-5.555237061879679e-06,positive_daisy_runoff_to_positive_oldr_in_flo_and_negative_storage_sink,,"{""bookkeeping_after_m"": 0.0, ""bookkeeping_before_m"": 3.184936758771073e-10, ""bookkeeping_mode"": ""virtual_ol_d_snapshot"", ""bookkeeping_source"": ""OL_D read-only snapshot"", ""observed_ol_d_before_m"": 3.184936758771073e-10, ""observed_ol_d_time"": ""2020-08-01T00:04:00"", ""requested_step_depth_m"": 5.555555555555556e-06, ""step_volume_m3"": 0.0014222222222222223, ""storage_units"": ""m"", ""target_units"": ""m3/s""}"
2020-08-01 00:04:00,runoff,78,109,default,2020-08-01,2020-09-01,62.0,2678400.0,5.925925925925926e-06,3.205400389560964e-10,-5.5552350155166e-06,positive_daisy_runoff_to_positive_oldr_in_flo_and_negative_storage_sink,,"{""bookkeeping_after_m"": 0.0, ""bookkeeping_before_m"": 3.205400389560964e-10, ""bookkeeping_mode"": ""virtual_ol_d_snapshot"", ""bookkeeping_source"": ""OL_D read-only snapshot"", ""observed_ol_d_before_m"": 3.205400389560964e-10, ""observed_ol_d_time"": ""2020-08-01T00:04:00"", ""requested_step_depth_m"": 5.555555555555556e-06, ""step_volume_m3"": 0.0014222222222222223, ""storage_units"": ""m"", ""target_units"": ""m3/s""}"
2020-08-01 00:04:00,runoff,78,110,default,2020-08-01,2020-09-01,62.0,2678400.0,5.925925925925926e-06,3.3435298973927274e-10,-5.5552212025658165e-06,positive_daisy_runoff_to_positive_oldr_in_flo_and_negative_storage_sink,,"{""bookkeeping_after_m"": 0.0, ""bookkeeping_before_m"": 3.3435298973927274e-10, ""bookkeeping_mode"": ""virtual_ol_d_snapshot"", ""bookkeeping_source"": ""OL_D read-only snapshot"", ""observed_ol_d_before_m"": 3.3435298973927274e-10, ""observed_ol_d_time"": ""2020-08-01T00:04:00"", ""requested_step_depth_m"": 5.555555555555556e-06, ""step_volume_m3"": 0.0014222222222222223, ""storage_units"": ""m"", ""target_units"": ""m3/s""}"
2020-08-01 00:04:00,runoff,79,81,default,2020-08-01,2020-09-01,62.0,2678400.0,5.925925925925926e-06,-0.0,-5.555555555555556e-06,positive_daisy_runoff_to_positive_oldr_in_flo_and_negative_storage_sink,,"{""bookkeeping_after_m"": 0.0, ""bookkeeping_before_m"": 0.0, ""bookkeeping_mode"": ""virtual_ol_d_snapshot"", ""bookkeeping_source"": ""OL_D read-only snapshot"", ""observed_ol_d_before_m"": 0.0, ""observed_ol_d_time"": ""2020-08-01T00:04:00"", ""requested_step_depth_m"": 5.555555555555556e-06, ""step_volume_m3"": 0.0014222222222222223, ""storage_units"": ""m"", ""target_units"": ""m3/s""}"
2020-08-01 00:04:00,runoff,79,82,default,2020-08-01,2020-09-01,62.0,2678400.0,5.925925925925926e-06,-0.0,-5.555555555555556e-06,positive_daisy_runoff_to_positive_oldr_in_flo_and_negative_storage_sink,,"{""bookkeeping_after_m"": 0.0, ""bookkeeping_before_m"": 0.0, ""bookkeeping_mode"": ""virtual_ol_d_snapshot"", ""bookkeeping_source"": ""OL_D read-only snapshot"", ""observed_ol_d_before_m"": 0.0, ""observed_ol_d_time"": ""2020-08-01T00:04:00"", ""requested_step_depth_m"": 5.555555555555556e-06, ""step_volume_m3"": 0.0014222222222222223, ""storage_units"": ""m"", ""target_units"": ""m3/s""}"
2020-08-01 00:04:00,runoff,79,83,default,2020-08-01,2020-09-01,62.0,2678400.0,5.925925925925926e-06,3.1309355108533055e-10,-5.5552424620044705e-06,positive_daisy_runoff_to_positive_oldr_in_flo_and_negative_storage_sink,,"{""bookkeeping_after_m"": 0.0, ""bookkeeping_before_m"": 3.1309355108533055e-10, ""bookkeeping_mode"": ""virtual_ol_d_snapshot"", ""bookkeeping_source"": ""OL_D read-only snapshot"", ""observed_ol_d_before_m"": 3.1309355108533055e-10, ""observed_ol_d_time"": ""2020-08-01T00:04:00"", ""requested_step_depth_m"": 5.555555555555556e-06, ""step_volume_m3"": 0.0014222222222222223, ""storage_units"": ""m"", ""target_units"": ""m3/s""}"
2020-08-01 00:04:00,runoff,79,84,default,2020-08-01,2020-09-01,62.0,2678400.0,5.925925925925926e-06,3.1229774322127923e-10,-5.5552432578123345e-06,positive_daisy_runoff_to_positive_oldr_in_flo_and_negative_storage_sink,,"{""bookkeeping_after_m"": 0.0, ""bookkeeping_before_m"": 3.1229774322127923e-10, ""bookkeeping_mode"": ""virtual_ol_d_snapshot"", ""bookkeeping_source"": ""OL_D read-only snapshot"", ""observed_ol_d_before_m"": 3.1229774322127923e-10, ""observed_ol_d_time"": ""2020-08-01T00:04:00"", ""requested_step_depth_m"": 5.555555555555556e-06, ""step_volume_m3"": 0.0014222222222222223, ""storage_units"": ""m"", ""target_units"": ""m3/s""}"
2020-08-01 00:04:00,runoff,79,85,default,2020-08-01,2020-09-01,62.0,2678400.0,5.925925925925926e-06,3.118998392892536e-10,-5.5552436557162666e-06,positive_daisy_runoff_to_positive_oldr_in_flo_and_negative_storage_sink,,"{""bookkeeping_after_m"": 0.0, ""bookkeeping_before_m"": 3.118998392892536e-10, ""bookkeeping_mode"": ""virtual_ol_d_snapshot"", ""bookkeeping_source"": ""OL_D read-only snapshot"", ""observed_ol_d_before_m"": 3.118998392892536e-10, ""observed_ol_d_time"": ""2020-08-01T00:04:00"", ""requested_step_depth_m"": 5.555555555555556e-06, ""step_volume_m3"": 0.0014222222222222223, ""storage_units"": ""m"", ""target_units"": ""m3/s""}"
2020-08-01 00:04:00,runoff,79,86,default,2020-08-01,2020-09-01,62.0,2678400.0,5.925925925925926e-06,3.1019453672342934e-10,-5.555245361018832e-06,positive_daisy_runoff_to_positive_oldr_in_flo_and_negative_storage_sink,,"{""bookkeeping_after_m"": 0.0, ""bookkeeping_before_m"": 3.1019453672342934e-10, ""bookkeeping_mode"": ""virtual_ol_d_snapshot"", ""bookkeeping_source"": ""OL_D read-only snapshot"", ""observed_ol_d_before_m"": 3.1019453672342934e-10, ""observed_ol_d_time"": ""2020-08-01T00:04:00"", ""requested_step_depth_m"": 5.555555555555556e-06, ""step_volume_m3"": 0.0014222222222222223, ""storage_units"": ""m"", ""target_units"": ""m3/s""}"
2020-08-01 00:04:00,runoff,79,87,default,2020-08-01,2020-09-01,62.0,2678400.0,5.925925925925926e-06,3.005879989359528e-10,-5.55525496755662e-06,positive_daisy_runoff_to_positive_oldr_in_flo_and_negative_storage_sink,,"{""bookkeeping_after_m"": 0.0, ""bookkeeping_before_m"": 3.005879989359528e-10, ""bookkeeping_mode"": ""virtual_ol_d_snapshot"", ""bookkeeping_source"": ""OL_D read-only snapshot"", ""observed_ol_d_before_m"": 3.005879989359528e-10, ""observed_ol_d_time"": ""2020-08-01T00:04:00"", ""requested_step_depth_m"": 5.555555555555556e-06, ""step_volume_m3"": 0.0014222222222222223, ""storage_units"": ""m"", ""target_units"": ""m3/s""}"
2020-08-01 00:04:00,runoff,79,88,default,2020-08-01,2020-09-01,62.0,2678400.0,5.925925925925926e-06,2.994511305587366e-10,-5.555256104424997e-06,positive_daisy_runoff_to_positive_oldr_in_flo_and_negative_storage_sink,,"{""bookkeeping_after_m"": 0.0, ""bookkeeping_before_m"": 2.994511305587366e-10, ""bookkeeping_mode"": ""virtual_ol_d_snapshot"", ""bookkeeping_source"": ""OL_D read-only snapshot"", ""observed_ol_d_before_m"": 2.994511305587366e-10, ""observed_ol_d_time"": ""2020-08-01T00:04:00"", ""requested_step_depth_m"": 5.555555555555556e-06, ""step_volume_m3"": 0.0014222222222222223, ""storage_units"": ""m"", ""target_units"": ""m3/s""}"
2020-08-01 00:04:00,runoff,79,89,default,2020-08-01,2020-09-01,62.0,2678400.0,5.925925925925926e-06,3.0092905944911763e-10,-5.555254626496107e-06,positive_daisy_runoff_to_positive_oldr_in_flo_and_negative_storage_sink,,"{""bookkeeping_after_m"": 0.0, ""bookkeeping_before_m"": 3.0092905944911763e-10, ""bookkeeping_mode"": ""virtual_ol_d_snapshot"", ""bookkeeping_source"": ""OL_D read-only snapshot"", ""observed_ol_d_before_m"": 3.0092905944911763e-10, ""observed_ol_d_time"": ""2020-08-01T00:04:00"", ""requested_step_depth_m"": 5.555555555555556e-06, ""step_volume_m3"": 0.0014222222222222223, ""storage_units"": ""m"", ""target_units"": ""m3/s""}"
2020-08-01 00:04:00,runoff,79,90,default,2020-08-01,2020-09-01,62.0,2678400.0,5.925925925925926e-06,3.065565579163376e-10,-5.5552489989976395e-06,positive_daisy_runoff_to_positive_oldr_in_flo_and_negative_storage_sink,,"{""bookkeeping_after_m"": 0.0, ""bookkeeping_before_m"": 3.065565579163376e-10, ""bookkeeping_mode"": ""virtual_ol_d_snapshot"", ""bookkeeping_source"": ""OL_D read-only snapshot"", ""observed_ol_d_before_m"": 3.065565579163376e-10, ""observed_ol_d_time"": ""2020-08-01T00:04:00"", ""requested_step_depth_m"": 5.555555555555556e-06, ""step_volume_m3"": 0.0014222222222222223, ""storage_units"": ""m"", ""target_units"": ""m3/s""}"
2020-08-01 00:04:00,runoff,79,92,default,2020-08-01,2020-09-01,62.0,2678400.0,5.925925925925926e-06,-0.0,-5.555555555555556e-06,positive_daisy_runoff_to_positive_oldr_in_flo_and_negative_storage_sink,,"{""bookkeeping_after_m"": 0.0, ""bookkeeping_before_m"": 0.0, ""bookkeeping_mode"": ""virtual_ol_d_snapshot"", ""bookkeeping_source"": ""OL_D read-only snapshot"", ""observed_ol_d_before_m"": 0.0, ""observed_ol_d_time"": ""2020-08-01T00:04:00"", ""requested_step_depth_m"": 5.555555555555556e-06, ""step_volume_m3"": 0.0014222222222222223, ""storage_units"": ""m"", ""target_units"": ""m3/s""}"
2020-08-01 00:04:00,runoff,79,93,default,2020-08-01,2020-09-01,62.0,2678400.0,5.925925925925926e-06,2.9888269637012854e-10,-5.555256672859186e-06,positive_daisy_runoff_to_positive_oldr_in_flo_and_negative_storage_sink,,"{""bookkeeping_after_m"": 0.0, ""bookkeeping_before_m"": 2.9888269637012854e-10, ""bookkeeping_mode"": ""virtual_ol_d_snapshot"", ""bookkeeping_source"": ""OL_D read-only snapshot"", ""observed_ol_d_before_m"": 2.9888269637012854e-10, ""observed_ol_d_time"": ""2020-08-01T00:04:00"", ""requested_step_depth_m"": 5.555555555555556e-06, ""step_volume_m3"": 0.0014222222222222223, ""storage_units"": ""m"", ""target_units"": ""m3/s""}"
2020-08-01 00:04:00,runoff,79,94,default,2020-08-01,2020-09-01,62.0,2678400.0,5.925925925925926e-06,2.9950797397759743e-10,-5.555256047581578e-06,positive_daisy_runoff_to_positive_oldr_in_flo_and_negative_storage_sink,,"{""bookkeeping_after_m"": 0.0, ""bookkeeping_before_m"": 2.9950797397759743e-10, ""bookkeeping_mode"": ""virtual_ol_d_snapshot"", ""bookkeeping_source"": ""OL_D read-only snapshot"", ""observed_ol_d_before_m"": 2.9950797397759743e-10, ""observed_ol_d_time"": ""2020-08-01T00:04:00"", ""requested_step_depth_m"": 5.555555555555556e-06, ""step_volume_m3"": 0.0014222222222222223, ""storage_units"": ""m"", ""target_units"": ""m3/s""}"
2020-08-01 00:04:00,runoff,79,95,default,2020-08-01,2020-09-01,62.0,2678400.0,5.925925925925926e-06,2.991669134644326e-10,-5.555256388642091e-06,positive_daisy_runoff_to_positive_oldr_in_flo_and_negative_storage_sink,,"{""bookkeeping_after_m"": 0.0, ""bookkeeping_before_m"": 2.991669134644326e-10, ""bookkeeping_mode"": ""virtual_ol_d_snapshot"", ""bookkeeping_source"": ""OL_D read-only snapshot"", ""observed_ol_d_before_m"": 2.991669134644326e-10, ""observed_ol_d_time"": ""2020-08-01T00:04:00"", ""requested_step_depth_m"": 5.555555555555556e-06, ""step_volume_m3"": 0.0014222222222222223, ""storage_units"": ""m"", ""target_units"": ""m3/s""}"
2020-08-01 00:04:00,runoff,79,96,default,2020-08-01,2020-09-01,62.0,2678400.0,5.925925925925926e-06,2.999627213284839e-10,-5.555255592834227e-06,positive_daisy_runoff_to_positive_oldr_in_flo_and_negative_storage_sink,,"{""bookkeeping_after_m"": 0.0, ""bookkeeping_before_m"": 2.999627213284839e-10, ""bookkeeping_mode"": ""virtual_ol_d_snapshot"", ""bookkeeping_source"": ""OL_D read-only snapshot"", ""observed_ol_d_before_m"": 2.999627213284839e-10, ""observed_ol_d_time"": ""2020-08-01T00:04:00"", ""requested_step_depth_m"": 5.555555555555556e-06, ""step_volume_m3"": 0.0014222222222222223, ""storage_units"": ""m"", ""target_units"": ""m3/s""}"
2020-08-01 00:04:00,runoff,79,97,default,2020-08-01,2020-09-01,62.0,2678400.0,5.925925925925926e-06,2.99337443721015e-10,-5.555256218111835e-06,positive_daisy_runoff_to_positive_oldr_in_flo_and_negative_storage_sink,,"{""bookkeeping_after_m"": 0.0, ""bookkeeping_before_m"": 2.99337443721015e-10, ""bookkeeping_mode"": ""virtual_ol_d_snapshot"", ""bookkeeping_source"": ""OL_D read-only snapshot"", ""observed_ol_d_before_m"": 2.99337443721015e-10, ""observed_ol_d_time"": ""2020-08-01T00:04:00"", ""requested_step_depth_m"": 5.555555555555556e-06, ""step_volume_m3"": 0.0014222222222222223, ""storage_units"": ""m"", ""target_units"": ""m3/s""}"
2020-08-01 00:04:00,runoff,79,98,default,2020-08-01,2020-09-01,62.0,2678400.0,5.925925925925926e-06,2.9979219107190147e-10,-5.555255763364484e-06,positive_daisy_runoff_to_positive_oldr_in_flo_and_negative_storage_sink,,"{""bookkeeping_after_m"": 0.0, ""bookkeeping_before_m"": 2.9979219107190147e-10, ""bookkeeping_mode"": ""virtual_ol_d_snapshot"", ""bookkeeping_source"": ""OL_D read-only snapshot"", ""observed_ol_d_before_m"": 2.9979219107190147e-10, ""observed_ol_d_time"": ""2020-08-01T00:04:00"", ""requested_step_depth_m"": 5.555555555555556e-06, ""step_volume_m3"": 0.0014222222222222223, ""storage_units"": ""m"", ""target_units"": ""m3/s""}"
2020-08-01 00:04:00,runoff,79,99,default,2020-08-01,2020-09-01,62.0,2678400.0,5.925925925925926e-06,2.9950797397759743e-10,-5.555256047581578e-06,positive_daisy_runoff_to_positive_oldr_in_flo_and_negative_storage_sink,,"{""bookkeeping_after_m"": 0.0, ""bookkeeping_before_m"": 2.9950797397759743e-10, ""bookkeeping_mode"": ""virtual_ol_d_snapshot"", ""bookkeeping_source"": ""OL_D read-only snapshot"", ""observed_ol_d_before_m"": 2.9950797397759743e-10, ""observed_ol_d_time"": ""2020-08-01T00:04:00"", ""requested_step_depth_m"": 5.555555555555556e-06, ""step_volume_m3"": 0.0014222222222222223, ""storage_units"": ""m"", ""target_units"": ""m3/s""}"
2020-08-01 00:04:00,runoff,79,100,default,2020-08-01,2020-09-01,62.0,2678400.0,5.925925925925926e-06,2.9973534765304066e-10,-5.555255820207903e-06,positive_daisy_runoff_to_positive_oldr_in_flo_and_negative_storage_sink,,"{""bookkeeping_after_m"": 0.0, ""bookkeeping_before_m"": 2.9973534765304066e-10, ""bookkeeping_mode"": ""virtual_ol_d_snapshot"", ""bookkeeping_source"": ""OL_D read-only snapshot"", ""observed_ol_d_before_m"": 2.9973534765304066e-10, ""observed_ol_d_time"": ""2020-08-01T00:04:00"", ""requested_step_depth_m"": 5.555555555555556e-06, ""step_volume_m3"": 0.0014222222222222223, ""storage_units"": ""m"", ""target_units"": ""m3/s""}"
2020-08-01 00:04:00,runoff,79,101,default,2020-08-01,2020-09-01,62.0,2678400.0,5.925925925925926e-06,2.9893953978898935e-10,-5.555256616015767e-06,positive_daisy_runoff_to_positive_oldr_in_flo_and_negative_storage_sink,,"{""bookkeeping_after_m"": 0.0, ""bookkeeping_before_m"": 2.9893953978898935e-10, ""bookkeeping_mode"": ""virtual_ol_d_snapshot"", ""bookkeeping_source"": ""OL_D read-only snapshot"", ""observed_ol_d_before_m"": 2.9893953978898935e-10, ""observed_ol_d_time"": ""2020-08-01T00:04:00"", ""requested_step_depth_m"": 5.555555555555556e-06, ""step_volume_m3"": 0.0014222222222222223, ""storage_units"": ""m"", ""target_units"": ""m3/s""}"
2020-08-01 00:04:00,runoff,79,102,default,2020-08-01,2020-09-01,62.0,2678400.0,5.925925925925926e-06,2.9888269637012854e-10,-5.555256672859186e-06,positive_daisy_runoff_to_positive_oldr_in_flo_and_negative_storage_sink,,"{""bookkeeping_after_m"": 0.0, ""bookkeeping_before_m"": 2.9888269637012854e-10, ""bookkeeping_mode"": ""virtual_ol_d_snapshot"", ""bookkeeping_source"": ""OL_D read-only snapshot"", ""observed_ol_d_before_m"": 2.9888269637012854e-10, ""observed_ol_d_time"": ""2020-08-01T00:04:00"", ""requested_step_depth_m"": 5.555555555555556e-06, ""step_volume_m3"": 0.0014222222222222223, ""storage_units"": ""m"", ""target_units"": ""m3/s""}"
2020-08-01 00:04:00,runoff,79,103,default,2020-08-01,2020-09-01,62.0,2678400.0,5.925925925925926e-06,3.113882485195063e-10,-5.555244167307036e-06,positive_daisy_runoff_to_positive_oldr_in_flo_and_negative_storage_sink,,"{""bookkeeping_after_m"": 0.0, ""bookkeeping_before_m"": 3.113882485195063e-10, ""bookkeeping_mode"": ""virtual_ol_d_snapshot"", ""bookkeeping_source"": ""OL_D read-only snapshot"", ""observed_ol_d_before_m"": 3.113882485195063e-10, ""observed_ol_d_time"": ""2020-08-01T00:04:00"", ""requested_step_depth_m"": 5.555555555555556e-06, ""step_volume_m3"": 0.0014222222222222223, ""storage_units"": ""m"", ""target_units"": ""m3/s""}"
2020-08-01 00:04:00,runoff,79,104,default,2020-08-01,2020-09-01,62.0,2678400.0,5.925925925925926e-06,3.100808498857077e-10,-5.55524547470567e-06,positive_daisy_runoff_to_positive_oldr_in_flo_and_negative_storage_sink,,"{""bookkeeping_after_m"": 0.0, ""bookkeeping_before_m"": 3.100808498857077e-10, ""bookkeeping_mode"": ""virtual_ol_d_snapshot"", ""bookkeeping_source"": ""OL_D read-only snapshot"", ""observed_ol_d_before_m"": 3.100808498857077e-10, ""observed_ol_d_time"": ""2020-08-01T00:04:00"", ""requested_step_depth_m"": 5.555555555555556e-06, ""step_volume_m3"": 0.0014222222222222223, ""storage_units"": ""m"", ""target_units"": ""m3/s""}"
2020-08-01 00:04:00,runoff,79,105,default,2020-08-01,2020-09-01,62.0,2678400.0,5.925925925925926e-06,2.9899638320785016e-10,-5.555256559172348e-06,positive_daisy_runoff_to_positive_oldr_in_flo_and_negative_storage_sink,,"{""bookkeeping_after_m"": 0.0, ""bookkeeping_before_m"": 2.9899638320785016e-10, ""bookkeeping_mode"": ""virtual_ol_d_snapshot"", ""bookkeeping_source"": ""OL_D read-only snapshot"", ""observed_ol_d_before_m"": 2.9899638320785016e-10, ""observed_ol_d_time"": ""2020-08-01T00:04:00"", ""requested_step_depth_m"": 5.555555555555556e-06, ""step_volume_m3"": 0.0014222222222222223, ""storage_units"": ""m"", ""target_units"": ""m3/s""}"
2020-08-01 00:04:00,runoff,79,106,default,2020-08-01,2020-09-01,62.0,2678400.0,5.925925925925926e-06,3.199147613486275e-10,-5.555235640794207e-06,positive_daisy_runoff_to_positive_oldr_in_flo_and_negative_storage_sink,,"{""bookkeeping_after_m"": 0.0, ""bookkeeping_before_m"": 3.199147613486275e-10, ""bookkeeping_mode"": ""virtual_ol_d_snapshot"", ""bookkeeping_source"": ""OL_D read-only snapshot"", ""observed_ol_d_before_m"": 3.199147613486275e-10, ""observed_ol_d_time"": ""2020-08-01T00:04:00"", ""requested_step_depth_m"": 5.555555555555556e-06, ""step_volume_m3"": 0.0014222222222222223, ""storage_units"": ""m"", ""target_units"": ""m3/s""}"
2020-08-01 00:04:00,runoff,79,107,default,2020-08-01,2020-09-01,62.0,2678400.0,5.925925925925926e-06,3.2304114938597195e-10,-5.55523251440617e-06,positive_daisy_runoff_to_positive_oldr_in_flo_and_negative_storage_sink,,"{""bookkeeping_after_m"": 0.0, ""bookkeeping_before_m"": 3.2304114938597195e-10, ""bookkeeping_mode"": ""virtual_ol_d_snapshot"", ""bookkeeping_source"": ""OL_D read-only snapshot"", ""observed_ol_d_before_m"": 3.2304114938597195e-10, ""observed_ol_d_time"": ""2020-08-01T00:04:00"", ""requested_step_depth_m"": 5.555555555555556e-06, ""step_volume_m3"": 0.0014222222222222223, ""storage_units"": ""m"", ""target_units"": ""m3/s""}"
2020-08-01 00:04:00,runoff,79,108,default,2020-08-01,2020-09-01,62.0,2678400.0,5.925925925925926e-06,3.298055162304081e-10,-5.555225750039325e-06,positive_daisy_runoff_to_positive_oldr_in_flo_and_negative_storage_sink,,"{""bookkeeping_after_m"": 0.0, ""bookkeeping_before_m"": 3.298055162304081e-10, ""bookkeeping_mode"": ""virtual_ol_d_snapshot"", ""bookkeeping_source"": ""OL_D read-only snapshot"", ""observed_ol_d_before_m"": 3.298055162304081e-10, ""observed_ol_d_time"": ""2020-08-01T00:04:00"", ""requested_step_depth_m"": 5.555555555555556e-06, ""step_volume_m3"": 0.0014222222222222223, ""storage_units"": ""m"", ""target_units"": ""m3/s""}"
2020-08-01 00:04:00,runoff,79,109,default,2020-08-01,2020-09-01,62.0,2678400.0,5.925925925925926e-06,3.326476871734485e-10,-5.555222907868382e-06,positive_daisy_runoff_to_positive_oldr_in_flo_and_negative_storage_sink,,"{""bookkeeping_after_m"": 0.0, ""bookkeeping_before_m"": 3.326476871734485e-10, ""bookkeeping_mode"": ""virtual_ol_d_snapshot"", ""bookkeeping_source"": ""OL_D read-only snapshot"", ""observed_ol_d_before_m"": 3.326476871734485e-10, ""observed_ol_d_time"": ""2020-08-01T00:04:00"", ""requested_step_depth_m"": 5.555555555555556e-06, ""step_volume_m3"": 0.0014222222222222223, ""storage_units"": ""m"", ""target_units"": ""m3/s""}"
2020-08-01 00:04:00,runoff,79,110,default,2020-08-01,2020-09-01,62.0,2678400.0,5.925925925925926e-06,3.1599256544723175e-10,-5.555239562990109e-06,positive_daisy_runoff_to_positive_oldr_in_flo_and_negative_storage_sink,,"{""bookkeeping_after_m"": 0.0, ""bookkeeping_before_m"": 3.1599256544723175e-10, ""bookkeeping_mode"": ""virtual_ol_d_snapshot"", ""bookkeeping_source"": ""OL_D read-only snapshot"", ""observed_ol_d_before_m"": 3.1599256544723175e-10, ""observed_ol_d_time"": ""2020-08-01T00:04:00"", ""requested_step_depth_m"": 5.555555555555556e-06, ""step_volume_m3"": 0.0014222222222222223, ""storage_units"": ""m"", ""target_units"": ""m3/s""}"
2020-08-01 00:04:00,runoff,79,111,default,2020-08-01,2020-09-01,62.0,2678400.0,5.925925925925926e-06,3.047944119316526e-10,-5.555250761143624e-06,positive_daisy_runoff_to_positive_oldr_in_flo_and_negative_storage_sink,,"{""bookkeeping_after_m"": 0.0, ""bookkeeping_before_m"": 3.047944119316526e-10, ""bookkeeping_mode"": ""virtual_ol_d_snapshot"", ""bookkeeping_source"": ""OL_D read-only snapshot"", ""observed_ol_d_before_m"": 3.047944119316526e-10, ""observed_ol_d_time"": ""2020-08-01T00:04:00"", ""requested_step_depth_m"": 5.555555555555556e-06, ""step_volume_m3"": 0.0014222222222222223, ""storage_units"": ""m"", ""target_units"": ""m3/s""}"
2020-08-01 00:04:00,runoff,79,112,default,2020-08-01,2020-09-01,62.0,2678400.0,5.925925925925926e-06,3.2582647691015154e-10,-5.555229729078646e-06,positive_daisy_runoff_to_positive_oldr_in_flo_and_negative_storage_sink,,"{""bookkeeping_after_m"": 0.0, ""bookkeeping_before_m"": 3.2582647691015154e-10, ""bookkeeping_mode"": ""virtual_ol_d_snapshot"", ""bookkeeping_source"": ""OL_D read-only snapshot"", ""observed_ol_d_before_m"": 3.2582647691015154e-10, ""observed_ol_d_time"": ""2020-08-01T00:04:00"", ""requested_step_depth_m"": 5.555555555555556e-06, ""step_volume_m3"": 0.0014222222222222223, ""storage_units"": ""m"", ""target_units"": ""m3/s""}"
2020-08-01 00:04:00,runoff,79,113,default,2020-08-01,2020-09-01,62.0,2678400.0,5.925925925925926e-06,3.154241312586237e-10,-5.555240131424297e-06,positive_daisy_runoff_to_positive_oldr_in_flo_and_negative_storage_sink,,"{""bookkeeping_after_m"": 0.0, ""bookkeeping_before_m"": 3.154241312586237e-10, ""bookkeeping_mode"": ""virtual_ol_d_snapshot"", ""bookkeeping_source"": ""OL_D read-only snapshot"", ""observed_ol_d_before_m"": 3.154241312586237e-10, ""observed_ol_d_time"": ""2020-08-01T00:04:00"", ""requested_step_depth_m"": 5.555555555555556e-06, ""step_volume_m3"": 0.0014222222222222223, ""storage_units"": ""m"", ""target_units"": ""m3/s""}"
2020-08-01 00:04:00,runoff,80,80,default,2020-08-01,2020-09-01,62.0,2678400.0,5.925925925925926e-06,-0.0,-5.555555555555556e-06,positive_daisy_runoff_to_positive_oldr_in_flo_and_negative_storage_sink,,"{""bookkeeping_after_m"": 0.0, ""bookkeeping_before_m"": 0.0, ""bookkeeping_mode"": ""virtual_ol_d_snapshot"", ""bookkeeping_source"": ""OL_D read-only snapshot"", ""observed_ol_d_before_m"": 0.0, ""observed_ol_d_time"": ""2020-08-01T00:04:00"", ""requested_step_depth_m"": 5.555555555555556e-06, ""step_volume_m3"": 0.0014222222222222223, ""storage_units"": ""m"", ""target_units"": ""m3/s""}"
2020-08-01 00:04:00,runoff,80,81,default,2020-08-01,2020-09-01,62.0,2678400.0,5.925925925925926e-06,-0.0,-5.555555555555556e-06,positive_daisy_runoff_to_positive_oldr_in_flo_and_negative_storage_sink,,"{""bookkeeping_after_m"": 0.0, ""bookkeeping_before_m"": 0.0, ""bookkeeping_mode"": ""virtual_ol_d_snapshot"", ""bookkeeping_source"": ""OL_D read-only snapshot"", ""observed_ol_d_before_m"": 0.0, ""observed_ol_d_time"": ""2020-08-01T00:04:00"", ""requested_step_depth_m"": 5.555555555555556e-06, ""step_volume_m3"": 0.0014222222222222223, ""storage_units"": ""m"", ""target_units"": ""m3/s""}"
2020-08-01 00:04:00,runoff,80,82,default,2020-08-01,2020-09-01,62.0,2678400.0,5.925925925925926e-06,3.1326408134191297e-10,-5.555242291474214e-06,positive_daisy_runoff_to_positive_oldr_in_flo_and_negative_storage_sink,,"{""bookkeeping_after_m"": 0.0, ""bookkeeping_before_m"": 3.1326408134191297e-10, ""bookkeeping_mode"": ""virtual_ol_d_snapshot"", ""bookkeeping_source"": ""OL_D read-only snapshot"", ""observed_ol_d_before_m"": 3.1326408134191297e-10, ""observed_ol_d_time"": ""2020-08-01T00:04:00"", ""requested_step_depth_m"": 5.555555555555556e-06, ""step_volume_m3"": 0.0014222222222222223, ""storage_units"": ""m"", ""target_units"": ""m3/s""}"
2020-08-01 00:04:00,runoff,80,83,default,2020-08-01,2020-09-01,62.0,2678400.0,5.925925925925926e-06,3.122408998024184e-10,-5.555243314655753e-06,positive_daisy_runoff_to_positive_oldr_in_flo_and_negative_storage_sink,,"{""bookkeeping_after_m"": 0.0, ""bookkeeping_before_m"": 3.122408998024184e-10, ""bookkeeping_mode"": ""virtual_ol_d_snapshot"", ""bookkeeping_source"": ""OL_D read-only snapshot"", ""observed_ol_d_before_m"": 3.122408998024184e-10, ""observed_ol_d_time"": ""2020-08-01T00:04:00"", ""requested_step_depth_m"": 5.555555555555556e-06, ""step_volume_m3"": 0.0014222222222222223, ""storage_units"": ""m"", ""target_units"": ""m3/s""}"
2020-08-01 00:04:00,runoff,80,84,default,2020-08-01,2020-09-01,62.0,2678400.0,5.925925925925926e-06,3.118998392892536e-10,-5.5552436557162666e-06,positive_daisy_runoff_to_positive_oldr_in_flo_and_negative_storage_sink,,"{""bookkeeping_after_m"": 0.0, ""bookkeeping_before_m"": 3.118998392892536e-10, ""bookkeeping_mode"": ""virtual_ol_d_snapshot"", ""bookkeeping_source"": ""OL_D read-only snapshot"", ""observed_ol_d_before_m"": 3.118998392892536e-10, ""observed_ol_d_time"": ""2020-08-01T00:04:00"", ""requested_step_depth_m"": 5.555555555555556e-06, ""step_volume_m3"": 0.0014222222222222223, ""storage_units"": ""m"", ""target_units"": ""m3/s""}"
2020-08-01 00:04:00,runoff,80,85,default,2020-08-01,2020-09-01,62.0,2678400.0,5.925925925925926e-06,3.034301698789932e-10,-5.555252125385677e-06,positive_daisy_runoff_to_positive_oldr_in_flo_and_negative_storage_sink,,"{""bookkeeping_after_m"": 0.0, ""bookkeeping_before_m"": 3.034301698789932e-10, ""bookkeeping_mode"": ""virtual_ol_d_snapshot"", ""bookkeeping_source"": ""OL_D read-only snapshot"", ""observed_ol_d_before_m"": 3.034301698789932e-10, ""observed_ol_d_time"": ""2020-08-01T00:04:00"", ""requested_step_depth_m"": 5.555555555555556e-06, ""step_volume_m3"": 0.0014222222222222223, ""storage_units"": ""m"", ""target_units"": ""m3/s""}"
2020-08-01 00:04:00,runoff,80,86,default,2020-08-01,2020-09-01,62.0,2678400.0,5.925925925925926e-06,2.993942871398758e-10,-5.555256161268416e-06,positive_daisy_runoff_to_positive_oldr_in_flo_and_negative_storage_sink,,"{""bookkeeping_after_m"": 0.0, ""bookkeeping_before_m"": 2.993942871398758e-10, ""bookkeeping_mode"": ""virtual_ol_d_snapshot"", ""bookkeeping_source"": ""OL_D read-only snapshot"", ""observed_ol_d_before_m"": 2.993942871398758e-10, ""observed_ol_d_time"": ""2020-08-01T00:04:00"", ""requested_step_depth_m"": 5.555555555555556e-06, ""step_volume_m3"": 0.0014222222222222223, ""storage_units"": ""m"", ""target_units"": ""m3/s""}"
2020-08-01 00:04:00,runoff,80,87,default,2020-08-01,2020-09-01,62.0,2678400.0,5.925925925925926e-06,2.9893953978898935e-10,-5.555256616015767e-06,positive_daisy_runoff_to_positive_oldr_in_flo_and_negative_storage_sink,,"{""bookkeeping_after_m"": 0.0, ""bookkeeping_before_m"": 2.9893953978898935e-10, ""bookkeeping_mode"": ""virtual_ol_d_snapshot"", ""bookkeeping_source"": ""OL_D read-only snapshot"", ""observed_ol_d_before_m"": 2.9893953978898935e-10, ""observed_ol_d_time"": ""2020-08-01T00:04:00"", ""requested_step_depth_m"": 5.555555555555556e-06, ""step_volume_m3"": 0.0014222222222222223, ""storage_units"": ""m"", ""target_units"": ""m3/s""}"
2020-08-01 00:04:00,runoff,80,88,default,2020-08-01,2020-09-01,62.0,2678400.0,5.925925925925926e-06,3.000764081662055e-10,-5.55525547914739e-06,positive_daisy_runoff_to_positive_oldr_in_flo_and_negative_storage_sink,,"{""bookkeeping_after_m"": 0.0, ""bookkeeping_before_m"": 3.000764081662055e-10, ""bookkeeping_mode"": ""virtual_ol_d_snapshot"", ""bookkeeping_source"": ""OL_D read-only snapshot"", ""observed_ol_d_before_m"": 3.000764081662055e-10, ""observed_ol_d_time"": ""2020-08-01T00:04:00"", ""requested_step_depth_m"": 5.555555555555556e-06, ""step_volume_m3"": 0.0014222222222222223, ""storage_units"": ""m"", ""target_units"": ""m3/s""}"
2020-08-01 00:04:00,runoff,80,89,default,2020-08-01,2020-09-01,62.0,2678400.0,5.925925925925926e-06,3.0189539756975137e-10,-5.555253660157986e-06,positive_daisy_runoff_to_positive_oldr_in_flo_and_negative_storage_sink,,"{""bookkeeping_after_m"": 0.0, ""bookkeeping_before_m"": 3.0189539756975137e-10, ""bookkeeping_mode"": ""virtual_ol_d_snapshot"", ""bookkeeping_source"": ""OL_D read-only snapshot"", ""observed_ol_d_before_m"": 3.0189539756975137e-10, ""observed_ol_d_time"": ""2020-08-01T00:04:00"", ""requested_step_depth_m"": 5.555555555555556e-06, ""step_volume_m3"": 0.0014222222222222223, ""storage_units"": ""m"", ""target_units"": ""m3/s""}"
2020-08-01 00:04:00,runoff,80,90,default,2020-08-01,2020-09-01,62.0,2678400.0,5.925925925925926e-06,3.069544618483633e-10,-5.5552486010937075e-06,positive_daisy_runoff_to_positive_oldr_in_flo_and_negative_storage_sink,,"{""bookkeeping_after_m"": 0.0, ""bookkeeping_before_m"": 3.069544618483633e-10, ""bookkeeping_mode"": ""virtual_ol_d_snapshot"", ""bookkeeping_source"": ""OL_D read-only snapshot"", ""observed_ol_d_before_m"": 3.069544618483633e-10, ""observed_ol_d_time"": ""2020-08-01T00:04:00"", ""requested_step_depth_m"": 5.555555555555556e-06, ""step_volume_m3"": 0.0014222222222222223, ""storage_units"": ""m"", ""target_units"": ""m3/s""}"
2020-08-01 00:04:00,runoff,80,92,default,2020-08-01,2020-09-01,62.0,2678400.0,5.925925925925926e-06,-0.0,-5.555555555555556e-06,positive_daisy_runoff_to_positive_oldr_in_flo_and_negative_storage_sink,,"{""bookkeeping_after_m"": 0.0, ""bookkeeping_before_m"": 0.0, ""bookkeeping_mode"": ""virtual_ol_d_snapshot"", ""bookkeeping_source"": ""OL_D read-only snapshot"", ""observed_ol_d_before_m"": 0.0, ""observed_ol_d_time"": ""2020-08-01T00:04:00"", ""requested_step_depth_m"": 5.555555555555556e-06, ""step_volume_m3"": 0.0014222222222222223, ""storage_units"": ""m"", ""target_units"": ""m3/s""}"
2020-08-01 00:04:00,runoff,80,93,default,2020-08-01,2020-09-01,62.0,2678400.0,5.925925925925926e-06,2.9967850423417985e-10,-5.555255877051322e-06,positive_daisy_runoff_to_positive_oldr_in_flo_and_negative_storage_sink,,"{""bookkeeping_after_m"": 0.0, ""bookkeeping_before_m"": 2.9967850423417985e-10, ""bookkeeping_mode"": ""virtual_ol_d_snapshot"", ""bookkeeping_source"": ""OL_D read-only snapshot"", ""observed_ol_d_before_m"": 2.9967850423417985e-10, ""observed_ol_d_time"": ""2020-08-01T00:04:00"", ""requested_step_depth_m"": 5.555555555555556e-06, ""step_volume_m3"": 0.0014222222222222223, ""storage_units"": ""m"", ""target_units"": ""m3/s""}"
2020-08-01 00:04:00,runoff,80,94,default,2020-08-01,2020-09-01,62.0,2678400.0,5.925925925925926e-06,3.0019009500392713e-10,-5.555255365460552e-06,positive_daisy_runoff_to_positive_oldr_in_flo_and_negative_storage_sink,,"{""bookkeeping_after_m"": 0.0, ""bookkeeping_before_m"": 3.0019009500392713e-10, ""bookkeeping_mode"": ""virtual_ol_d_snapshot"", ""bookkeeping_source"": ""OL_D read-only snapshot"", ""observed_ol_d_before_m"": 3.0019009500392713e-10, ""observed_ol_d_time"": ""2020-08-01T00:04:00"", ""requested_step_depth_m"": 5.555555555555556e-06, ""step_volume_m3"": 0.0014222222222222223, ""storage_units"": ""m"", ""target_units"": ""m3/s""}"
2020-08-01 00:04:00,runoff,80,95,default,2020-08-01,2020-09-01,62.0,2678400.0,5.925925925925926e-06,2.992237568832934e-10,-5.5552563317986725e-06,positive_daisy_runoff_to_positive_oldr_in_flo_and_negative_storage_sink,,"{""bookkeeping_after_m"": 0.0, ""bookkeeping_before_m"": 2.992237568832934e-10, ""bookkeeping_mode"": ""virtual_ol_d_snapshot"", ""bookkeeping_source"": ""OL_D read-only snapshot"", ""observed_ol_d_before_m"": 2.992237568832934e-10, ""observed_ol_d_time"": ""2020-08-01T00:04:00"", ""requested_step_depth_m"": 5.555555555555556e-06, ""step_volume_m3"": 0.0014222222222222223, ""storage_units"": ""m"", ""target_units"": ""m3/s""}"
2020-08-01 00:04:00,runoff,80,96,default,2020-08-01,2020-09-01,62.0,2678400.0,5.925925925925926e-06,3.006448423548136e-10,-5.555254910713201e-06,positive_daisy_runoff_to_positive_oldr_in_flo_and_negative_storage_sink,,"{""bookkeeping_after_m"": 0.0, ""bookkeeping_before_m"": 3.006448423548136e-10, ""bookkeeping_mode"": ""virtual_ol_d_snapshot"", ""bookkeeping_source"": ""OL_D read-only snapshot"", ""observed_ol_d_before_m"": 3.006448423548136e-10, ""observed_ol_d_time"": ""2020-08-01T00:04:00"", ""requested_step_depth_m"": 5.555555555555556e-06, ""step_volume_m3"": 0.0014222222222222223, ""storage_units"": ""m"", ""target_units"": ""m3/s""}"
2020-08-01 00:04:00,runoff,80,97,default,2020-08-01,2020-09-01,62.0,2678400.0,5.925925925925926e-06,2.999058779096231e-10,-5.555255649677646e-06,positive_daisy_runoff_to_positive_oldr_in_flo_and_negative_storage_sink,,"{""bookkeeping_after_m"": 0.0, ""bookkeeping_before_m"": 2.999058779096231e-10, ""bookkeeping_mode"": ""virtual_ol_d_snapshot"", ""bookkeeping_source"": ""OL_D read-only snapshot"", ""observed_ol_d_before_m"": 2.999058779096231e-10, ""observed_ol_d_time"": ""2020-08-01T00:04:00"", ""requested_step_depth_m"": 5.555555555555556e-06, ""step_volume_m3"": 0.0014222222222222223, ""storage_units"": ""m"", ""target_units"": ""m3/s""}"
2020-08-01 00:04:00,runoff,80,98,default,2020-08-01,2020-09-01,62.0,2678400.0,5.925925925925926e-06,3.000195647473447e-10,-5.5552555359908085e-06,positive_daisy_runoff_to_positive_oldr_in_flo_and_negative_storage_sink,,"{""bookkeeping_after_m"": 0.0, ""bookkeeping_before_m"": 3.000195647473447e-10, ""bookkeeping_mode"": ""virtual_ol_d_snapshot"", ""bookkeeping_source"": ""OL_D read-only snapshot"", ""observed_ol_d_before_m"": 3.000195647473447e-10, ""observed_ol_d_time"": ""2020-08-01T00:04:00"", ""requested_step_depth_m"": 5.555555555555556e-06, ""step_volume_m3"": 0.0014222222222222223, ""storage_units"": ""m"", ""target_units"": ""m3/s""}"
2020-08-01 00:04:00,runoff,80,99,default,2020-08-01,2020-09-01,62.0,2678400.0,5.925925925925926e-06,2.999058779096231e-10,-5.555255649677646e-06,positive_daisy_runoff_to_positive_oldr_in_flo_and_negative_storage_sink,,"{""bookkeeping_after_m"": 0.0, ""bookkeeping_before_m"": 2.999058779096231e-10, ""bookkeeping_mode"": ""virtual_ol_d_snapshot"", ""bookkeeping_source"": ""OL_D read-only snapshot"", ""observed_ol_d_before_m"": 2.999058779096231e-10, ""observed_ol_d_time"": ""2020-08-01T00:04:00"", ""requested_step_depth_m"": 5.555555555555556e-06, ""step_volume_m3"": 0.0014222222222222223, ""storage_units"": ""m"", ""target_units"": ""m3/s""}"
2020-08-01 00:04:00,runoff,80,100,default,2020-08-01,2020-09-01,62.0,2678400.0,5.925925925925926e-06,3.001332515850663e-10,-5.555255422303971e-06,positive_daisy_runoff_to_positive_oldr_in_flo_and_negative_storage_sink,,"{""bookkeeping_after_m"": 0.0, ""bookkeeping_before_m"": 3.001332515850663e-10, ""bookkeeping_mode"": ""virtual_ol_d_snapshot"", ""bookkeeping_source"": ""OL_D read-only snapshot"", ""observed_ol_d_before_m"": 3.001332515850663e-10, ""observed_ol_d_time"": ""2020-08-01T00:04:00"", ""requested_step_depth_m"": 5.555555555555556e-06, ""step_volume_m3"": 0.0014222222222222223, ""storage_units"": ""m"", ""target_units"": ""m3/s""}"
2020-08-01 00:04:00,runoff,80,101,default,2020-08-01,2020-09-01,62.0,2678400.0,5.925925925925926e-06,3.122408998024184e-10,-5.555243314655753e-06,positive_daisy_runoff_to_positive_oldr_in_flo_and_negative_storage_sink,,"{""bookkeeping_after_m"": 0.0, ""bookkeeping_before_m"": 3.122408998024184e-10, ""bookkeeping_mode"": ""virtual_ol_d_snapshot"", ""bookkeeping_source"": ""OL_D read-only snapshot"", ""observed_ol_d_before_m"": 3.122408998024184e-10, ""observed_ol_d_time"": ""2020-08-01T00:04:00"", ""requested_step_depth_m"": 5.555555555555556e-06, ""step_volume_m3"": 0.0014222222222222223, ""storage_units"": ""m"", ""target_units"": ""m3/s""}"
2020-08-01 00:04:00,runoff,80,102,default,2020-08-01,2020-09-01,62.0,2678400.0,5.925925925925926e-06,3.0121327654342167e-10,-5.555254342279012e-06,positive_daisy_runoff_to_positive_oldr_in_flo_and_negative_storage_sink,,"{""bookkeeping_after_m"": 0.0, ""bookkeeping_before_m"": 3.0121327654342167e-10, ""bookkeeping_mode"": ""virtual_ol_d_snapshot"", ""bookkeeping_source"": ""OL_D read-only snapshot"", ""observed_ol_d_before_m"": 3.0121327654342167e-10, ""observed_ol_d_time"": ""2020-08-01T00:04:00"", ""requested_step_depth_m"": 5.555555555555556e-06, ""step_volume_m3"": 0.0014222222222222223, ""storage_units"": ""m"", ""target_units"": ""m3/s""}"
2020-08-01 00:04:00,runoff,80,103,default,2020-08-01,2020-09-01,62.0,2678400.0,5.925925925925926e-06,3.115019353572279e-10,-5.555244053620199e-06,positive_daisy_runoff_to_positive_oldr_in_flo_and_negative_storage_sink,,"{""bookkeeping_after_m"": 0.0, ""bookkeeping_before_m"": 3.115019353572279e-10, ""bookkeeping_mode"": ""virtual_ol_d_snapshot"", ""bookkeeping_source"": ""OL_D read-only snapshot"", ""observed_ol_d_before_m"": 3.115019353572279e-10, ""observed_ol_d_time"": ""2020-08-01T00:04:00"", ""requested_step_depth_m"": 5.555555555555556e-06, ""step_volume_m3"": 0.0014222222222222223, ""storage_units"": ""m"", ""target_units"": ""m3/s""}"
2020-08-01 00:04:00,runoff,80,104,default,2020-08-01,2020-09-01,62.0,2678400.0,5.925925925925926e-06,3.1303670766646974e-10,-5.555242518847889e-06,positive_daisy_runoff_to_positive_oldr_in_flo_and_negative_storage_sink,,"{""bookkeeping_after_m"": 0.0, ""bookkeeping_before_m"": 3.1303670766646974e-10, ""bookkeeping_mode"": ""virtual_ol_d_snapshot"", ""bookkeeping_source"": ""OL_D read-only snapshot"", ""observed_ol_d_before_m"": 3.1303670766646974e-10, ""observed_ol_d_time"": ""2020-08-01T00:04:00"", ""requested_step_depth_m"": 5.555555555555556e-06, ""step_volume_m3"": 0.0014222222222222223, ""storage_units"": ""m"", ""target_units"": ""m3/s""}"
2020-08-01 00:04:00,runoff,80,105,default,2020-08-01,2020-09-01,62.0,2678400.0,5.925925925925926e-06,3.033733264601324e-10,-5.555252182229096e-06,positive_daisy_runoff_to_positive_oldr_in_flo_and_negative_storage_sink,,"{""bookkeeping_after_m"": 0.0, ""bookkeeping_before_m"": 3.033733264601324e-10, ""bookkeeping_mode"": ""virtual_ol_d_snapshot"", ""bookkeeping_source"": ""OL_D read-only snapshot"", ""observed_ol_d_before_m"": 3.033733264601324e-10, ""observed_ol_d_time"": ""2020-08-01T00:04:00"", ""requested_step_depth_m"": 5.555555555555556e-06, ""step_volume_m3"": 0.0014222222222222223, ""storage_units"": ""m"", ""target_units"": ""m3/s""}"
2020-08-01 00:04:00,runoff,80,106,default,2020-08-01,2020-09-01,62.0,2678400.0,5.925925925925926e-06,3.014406502188649e-10,-5.555254114905337e-06,positive_daisy_runoff_to_positive_oldr_in_flo_and_negative_storage_sink,,"{""bookkeeping_after_m"": 0.0, ""bookkeeping_before_m"": 3.014406502188649e-10, ""bookkeeping_mode"": ""virtual_ol_d_snapshot"", ""bookkeeping_source"": ""OL_D read-only snapshot"", ""observed_ol_d_before_m"": 3.014406502188649e-10, ""observed_ol_d_time"": ""2020-08-01T00:04:00"", ""requested_step_depth_m"": 5.555555555555556e-06, ""step_volume_m3"": 0.0014222222222222223, ""storage_units"": ""m"", ""target_units"": ""m3/s""}"
2020-08-01 00:04:00,runoff,80,107,default,2020-08-01,2020-09-01,62.0,2678400.0,5.925925925925926e-06,3.0667024475405924e-10,-5.555248885310802e-06,positive_daisy_runoff_to_positive_oldr_in_flo_and_negative_storage_sink,,"{""bookkeeping_after_m"": 0.0, ""bookkeeping_before_m"": 3.0667024475405924e-10, ""bookkeeping_mode"": ""virtual_ol_d_snapshot"", ""bookkeeping_source"": ""OL_D read-only snapshot"", ""observed_ol_d_before_m"": 3.0667024475405924e-10, ""observed_ol_d_time"": ""2020-08-01T00:04:00"", ""requested_step_depth_m"": 5.555555555555556e-06, ""step_volume_m3"": 0.0014222222222222223, ""storage_units"": ""m"", ""target_units"": ""m3/s""}"
2020-08-01 00:04:00,runoff,80,108,default,2020-08-01,2020-09-01,62.0,2678400.0,5.925925925925926e-06,3.3941205401788466e-10,-5.555216143501538e-06,positive_daisy_runoff_to_positive_oldr_in_flo_and_negative_storage_sink,,"{""bookkeeping_after_m"": 0.0, ""bookkeeping_before_m"": 3.3941205401788466e-10, ""bookkeeping_mode"": ""virtual_ol_d_snapshot"", ""bookkeeping_source"": ""OL_D read-only snapshot"", ""observed_ol_d_before_m"": 3.3941205401788466e-10, ""observed_ol_d_time"": ""2020-08-01T00:04:00"", ""requested_step_depth_m"": 5.555555555555556e-06, ""step_volume_m3"": 0.0014222222222222223, ""storage_units"": ""m"", ""target_units"": ""m3/s""}"
2020-08-01 00:04:00,runoff,80,109,default,2020-08-01,2020-09-01,62.0,2678400.0,5.925925925925926e-06,3.2929392546066083e-10,-5.555226261630095e-06,positive_daisy_runoff_to_positive_oldr_in_flo_and_negative_storage_sink,,"{""bookkeeping_after_m"": 0.0, ""bookkeeping_before_m"": 3.2929392546066083e-10, ""bookkeeping_mode"": ""virtual_ol_d_snapshot"", ""bookkeeping_source"": ""OL_D read-only snapshot"", ""observed_ol_d_before_m"": 3.2929392546066083e-10, ""observed_ol_d_time"": ""2020-08-01T00:04:00"", ""requested_step_depth_m"": 5.555555555555556e-06, ""step_volume_m3"": 0.0014222222222222223, ""storage_units"": ""m"", ""target_units"": ""m3/s""}"
2020-08-01 00:04:00,runoff,80,110,default,2020-08-01,2020-09-01,62.0,2678400.0,5.925925925925926e-06,2.99337443721015e-10,-5.555256218111835e-06,positive_daisy_runoff_to_positive_oldr_in_flo_and_negative_storage_sink,,"{""bookkeeping_after_m"": 0.0, ""bookkeeping_before_m"": 2.99337443721015e-10, ""bookkeeping_mode"": ""virtual_ol_d_snapshot"", ""bookkeeping_source"": ""OL_D read-only snapshot"", ""observed_ol_d_before_m"": 2.99337443721015e-10, ""observed_ol_d_time"": ""2020-08-01T00:04:00"", ""requested_step_depth_m"": 5.555555555555556e-06, ""step_volume_m3"": 0.0014222222222222223, ""storage_units"": ""m"", ""target_units"": ""m3/s""}"
2020-08-01 00:04:00,runoff,80,111,default,2020-08-01,2020-09-01,62.0,2678400.0,5.925925925925926e-06,3.0092905944911763e-10,-5.555254626496107e-06,positive_daisy_runoff_to_positive_oldr_in_flo_and_negative_storage_sink,,"{""bookkeeping_after_m"": 0.0, ""bookkeeping_before_m"": 3.0092905944911763e-10, ""bookkeeping_mode"": ""virtual_ol_d_snapshot"", ""bookkeeping_source"": ""OL_D read-only snapshot"", ""observed_ol_d_before_m"": 3.0092905944911763e-10, ""observed_ol_d_time"": ""2020-08-01T00:04:00"", ""requested_step_depth_m"": 5.555555555555556e-06, ""step_volume_m3"": 0.0014222222222222223, ""storage_units"": ""m"", ""target_units"": ""m3/s""}"
2020-08-01 00:04:00,runoff,80,112,default,2020-08-01,2020-09-01,62.0,2678400.0,5.925925925925926e-06,3.19175796903437e-10,-5.555236379758652e-06,positive_daisy_runoff_to_positive_oldr_in_flo_and_negative_storage_sink,,"{""bookkeeping_after_m"": 0.0, ""bookkeeping_before_m"": 3.19175796903437e-10, ""bookkeeping_mode"": ""virtual_ol_d_snapshot"", ""bookkeeping_source"": ""OL_D read-only snapshot"", ""observed_ol_d_before_m"": 3.19175796903437e-10, ""observed_ol_d_time"": ""2020-08-01T00:04:00"", ""requested_step_depth_m"": 5.555555555555556e-06, ""step_volume_m3"": 0.0014222222222222223, ""storage_units"": ""m"", ""target_units"": ""m3/s""}"
2020-08-01 00:04:00,runoff,80,113,default,2020-08-01,2020-09-01,62.0,2678400.0,5.925925925925926e-06,3.3850255931611173e-10,-5.55521705299624e-06,positive_daisy_runoff_to_positive_oldr_in_flo_and_negative_storage_sink,,"{""bookkeeping_after_m"": 0.0, ""bookkeeping_before_m"": 3.3850255931611173e-10, ""bookkeeping_mode"": ""virtual_ol_d_snapshot"", ""bookkeeping_source"": ""OL_D read-only snapshot"", ""observed_ol_d_before_m"": 3.3850255931611173e-10, ""observed_ol_d_time"": ""2020-08-01T00:04:00"", ""requested_step_depth_m"": 5.555555555555556e-06, ""step_volume_m3"": 0.0014222222222222223, ""storage_units"": ""m"", ""target_units"": ""m3/s""}"
2020-08-01 00:04:00,runoff,80,114,default,2020-08-01,2020-09-01,62.0,2678400.0,5.925925925925926e-06,3.44641648553079e-10,-5.555210913907003e-06,positive_daisy_runoff_to_positive_oldr_in_flo_and_negative_storage_sink,,"{""bookkeeping_after_m"": 0.0, ""bookkeeping_before_m"": 3.44641648553079e-10, ""bookkeeping_mode"": ""virtual_ol_d_snapshot"", ""bookkeeping_source"": ""OL_D read-only snapshot"", ""observed_ol_d_before_m"": 3.44641648553079e-10, ""observed_ol_d_time"": ""2020-08-01T00:04:00"", ""requested_step_depth_m"": 5.555555555555556e-06, ""step_volume_m3"": 0.0014222222222222223, ""storage_units"": ""m"", ""target_units"": ""m3/s""}"
2020-08-01 00:04:00,runoff,80,115,default,2020-08-01,2020-09-01,62.0,2678400.0,5.925925925925926e-06,2.999627213284839e-10,-5.555255592834227e-06,positive_daisy_runoff_to_positive_oldr_in_flo_and_negative_storage_sink,,"{""bookkeeping_after_m"": 0.0, ""bookkeeping_before_m"": 2.999627213284839e-10, ""bookkeeping_mode"": ""virtual_ol_d_snapshot"", ""bookkeeping_source"": ""OL_D read-only snapshot"", ""observed_ol_d_before_m"": 2.999627213284839e-10, ""observed_ol_d_time"": ""2020-08-01T00:04:00"", ""requested_step_depth_m"": 5.555555555555556e-06, ""step_volume_m3"": 0.0014222222222222223, ""storage_units"": ""m"", ""target_units"": ""m3/s""}"
2020-08-01 00:04:00,runoff,81,78,default,2020-08-01,2020-09-01,62.0,2678400.0,5.925925925925926e-06,-0.0,-5.555555555555556e-06,positive_daisy_runoff_to_positive_oldr_in_flo_and_negative_storage_sink,,"{""bookkeeping_after_m"": 0.0, ""bookkeeping_before_m"": 0.0, ""bookkeeping_mode"": ""virtual_ol_d_snapshot"", ""bookkeeping_source"": ""OL_D read-only snapshot"", ""observed_ol_d_before_m"": 0.0, ""observed_ol_d_time"": ""2020-08-01T00:04:00"", ""requested_step_depth_m"": 5.555555555555556e-06, ""step_volume_m3"": 0.0014222222222222223, ""storage_units"": ""m"", ""target_units"": ""m3/s""}"
2020-08-01 00:04:00,runoff,81,79,default,2020-08-01,2020-09-01,62.0,2678400.0,5.925925925925926e-06,-0.0,-5.555555555555556e-06,positive_daisy_runoff_to_positive_oldr_in_flo_and_negative_storage_sink,,"{""bookkeeping_after_m"": 0.0, ""bookkeeping_before_m"": 0.0, ""bookkeeping_mode"": ""virtual_ol_d_snapshot"", ""bookkeeping_source"": ""OL_D read-only snapshot"", ""observed_ol_d_before_m"": 0.0, ""observed_ol_d_time"": ""2020-08-01T00:04:00"", ""requested_step_depth_m"": 5.555555555555556e-06, ""step_volume_m3"": 0.0014222222222222223, ""storage_units"": ""m"", ""target_units"": ""m3/s""}"
2020-08-01 00:04:00,runoff,81,80,default,2020-08-01,2020-09-01,62.0,2678400.0,5.925925925925926e-06,3.1320723792305216e-10,-5.555242348317633e-06,positive_daisy_runoff_to_positive_oldr_in_flo_and_negative_storage_sink,,"{""bookkeeping_after_m"": 0.0, ""bookkeeping_before_m"": 3.1320723792305216e-10, ""bookkeeping_mode"": ""virtual_ol_d_snapshot"", ""bookkeeping_source"": ""OL_D read-only snapshot"", ""observed_ol_d_before_m"": 3.1320723792305216e-10, ""observed_ol_d_time"": ""2020-08-01T00:04:00"", ""requested_step_depth_m"": 5.555555555555556e-06, ""step_volume_m3"": 0.0014222222222222223, ""storage_units"": ""m"", ""target_units"": ""m3/s""}"
2020-08-01 00:04:00,runoff,81,81,default,2020-08-01,2020-09-01,62.0,2678400.0,5.925925925925926e-06,3.1013769330456853e-10,-5.555245417862251e-06,positive_daisy_runoff_to_positive_oldr_in_flo_and_negative_storage_sink,,"{""bookkeeping_after_m"": 0.0, ""bookkeeping_before_m"": 3.1013769330456853e-10, ""bookkeeping_mode"": ""virtual_ol_d_snapshot"", ""bookkeeping_source"": ""OL_D read-only snapshot"", ""observed_ol_d_before_m"": 3.1013769330456853e-10, ""observed_ol_d_time"": ""2020-08-01T00:04:00"", ""requested_step_depth_m"": 5.555555555555556e-06, ""step_volume_m3"": 0.0014222222222222223, ""storage_units"": ""m"", ""target_units"": ""m3/s""}"
2020-08-01 00:04:00,runoff,81,82,default,2020-08-01,2020-09-01,62.0,2678400.0,5.925925925925926e-06,3.1161562219494954e-10,-5.555243939933361e-06,positive_daisy_runoff_to_positive_oldr_in_flo_and_negative_storage_sink,,"{""bookkeeping_after_m"": 0.0, ""bookkeeping_before_m"": 3.1161562219494954e-10, ""bookkeeping_mode"": ""virtual_ol_d_snapshot"", ""bookkeeping_source"": ""OL_D read-only snapshot"", ""observed_ol_d_before_m"": 3.1161562219494954e-10, ""observed_ol_d_time"": ""2020-08-01T00:04:00"", ""requested_step_depth_m"": 5.555555555555556e-06, ""step_volume_m3"": 0.0014222222222222223, ""storage_units"": ""m"", ""target_units"": ""m3/s""}"
2020-08-01 00:04:00,runoff,81,83,default,2020-08-01,2020-09-01,62.0,2678400.0,5.925925925925926e-06,3.1155877877608873e-10,-5.55524399677678e-06,positive_daisy_runoff_to_positive_oldr_in_flo_and_negative_storage_sink,,"{""bookkeeping_after_m"": 0.0, ""bookkeeping_before_m"": 3.1155877877608873e-10, ""bookkeeping_mode"": ""virtual_ol_d_snapshot"", ""bookkeeping_source"": ""OL_D read-only snapshot"", ""observed_ol_d_before_m"": 3.1155877877608873e-10, ""observed_ol_d_time"": ""2020-08-01T00:04:00"", ""requested_step_depth_m"": 5.555555555555556e-06, ""step_volume_m3"": 0.0014222222222222223, ""storage_units"": ""m"", ""target_units"": ""m3/s""}"
2020-08-01 00:04:00,runoff,81,84,default,2020-08-01,2020-09-01,62.0,2678400.0,5.925925925925926e-06,3.1104718800634146e-10,-5.5552445083675495e-06,positive_daisy_runoff_to_positive_oldr_in_flo_and_negative_storage_sink,,"{""bookkeeping_after_m"": 0.0, ""bookkeeping_before_m"": 3.1104718800634146e-10, ""bookkeeping_mode"": ""virtual_ol_d_snapshot"", ""bookkeeping_source"": ""OL_D read-only snapshot"", ""observed_ol_d_before_m"": 3.1104718800634146e-10, ""observed_ol_d_time"": ""2020-08-01T00:04:00"", ""requested_step_depth_m"": 5.555555555555556e-06, ""step_volume_m3"": 0.0014222222222222223, ""storage_units"": ""m"", ""target_units"": ""m3/s""}"
2020-08-01 00:04:00,runoff,81,85,default,2020-08-01,2020-09-01,62.0,2678400.0,5.925925925925926e-06,3.0047431209823117e-10,-5.555255081243458e-06,positive_daisy_runoff_to_positive_oldr_in_flo_and_negative_storage_sink,,"{""bookkeeping_after_m"": 0.0, ""bookkeeping_before_m"": 3.0047431209823117e-10, ""bookkeeping_mode"": ""virtual_ol_d_snapshot"", ""bookkeeping_source"": ""OL_D read-only snapshot"", ""observed_ol_d_before_m"": 3.0047431209823117e-10, ""observed_ol_d_time"": ""2020-08-01T00:04:00"", ""requested_step_depth_m"": 5.555555555555556e-06, ""step_volume_m3"": 0.0014222222222222223, ""storage_units"": ""m"", ""target_units"": ""m3/s""}"
2020-08-01 00:04:00,runoff,81,86,default,2020-08-01,2020-09-01,62.0,2678400.0,5.925925925925926e-06,3.005879989359528e-10,-5.55525496755662e-06,positive_daisy_runoff_to_positive_oldr_in_flo_and_negative_storage_sink,,"{""bookkeeping_after_m"": 0.0, ""bookkeeping_before_m"": 3.005879989359528e-10, ""bookkeeping_mode"": ""virtual_ol_d_snapshot"", ""bookkeeping_source"": ""OL_D read-only snapshot"", ""observed_ol_d_before_m"": 3.005879989359528e-10, ""observed_ol_d_time"": ""2020-08-01T00:04:00"", ""requested_step_depth_m"": 5.555555555555556e-06, ""step_volume_m3"": 0.0014222222222222223, ""storage_units"": ""m"", ""target_units"": ""m3/s""}"
2020-08-01 00:04:00,runoff,81,87,default,2020-08-01,2020-09-01,62.0,2678400.0,5.925925925925926e-06,2.992237568832934e-10,-5.5552563317986725e-06,positive_daisy_runoff_to_positive_oldr_in_flo_and_negative_storage_sink,,"{""bookkeeping_after_m"": 0.0, ""bookkeeping_before_m"": 2.992237568832934e-10, ""bookkeeping_mode"": ""virtual_ol_d_snapshot"", ""bookkeeping_source"": ""OL_D read-only snapshot"", ""observed_ol_d_before_m"": 2.992237568832934e-10, ""observed_ol_d_time"": ""2020-08-01T00:04:00"", ""requested_step_depth_m"": 5.555555555555556e-06, ""step_volume_m3"": 0.0014222222222222223, ""storage_units"": ""m"", ""target_units"": ""m3/s""}"
2020-08-01 00:04:00,runoff,81,88,default,2020-08-01,2020-09-01,62.0,2678400.0,5.925925925925926e-06,2.9967850423417985e-10,-5.555255877051322e-06,positive_daisy_runoff_to_positive_oldr_in_flo_and_negative_storage_sink,,"{""bookkeeping_after_m"": 0.0, ""bookkeeping_before_m"": 2.9967850423417985e-10, ""bookkeeping_mode"": ""virtual_ol_d_snapshot"", ""bookkeeping_source"": ""OL_D read-only snapshot"", ""observed_ol_d_before_m"": 2.9967850423417985e-10, ""observed_ol_d_time"": ""2020-08-01T00:04:00"", ""requested_step_depth_m"": 5.555555555555556e-06, ""step_volume_m3"": 0.0014222222222222223, ""storage_units"": ""m"", ""target_units"": ""m3/s""}"
2020-08-01 00:04:00,runoff,81,89,default,2020-08-01,2020-09-01,62.0,2678400.0,5.925925925925926e-06,3.0172486731316894e-10,-5.555253830688243e-06,positive_daisy_runoff_to_positive_oldr_in_flo_and_negative_storage_sink,,"{""bookkeeping_after_m"": 0.0, ""bookkeeping_before_m"": 3.0172486731316894e-10, ""bookkeeping_mode"": ""virtual_ol_d_snapshot"", ""bookkeeping_source"": ""OL_D read-only snapshot"", ""observed_ol_d_before_m"": 3.0172486731316894e-10, ""observed_ol_d_time"": ""2020-08-01T00:04:00"", ""requested_step_depth_m"": 5.555555555555556e-06, ""step_volume_m3"": 0.0014222222222222223, ""storage_units"": ""m"", ""target_units"": ""m3/s""}"
2020-08-01 00:04:00,runoff,81,90,default,2020-08-01,2020-09-01,62.0,2678400.0,5.925925925925926e-06,3.1104718800634146e-10,-5.5552445083675495e-06,positive_daisy_runoff_to_positive_oldr_in_flo_and_negative_storage_sink,,"{""bookkeeping_after_m"": 0.0, ""bookkeeping_before_m"": 3.1104718800634146e-10, ""bookkeeping_mode"": ""virtual_ol_d_snapshot"", ""bookkeeping_source"": ""OL_D read-only snapshot"", ""observed_ol_d_before_m"": 3.1104718800634146e-10, ""observed_ol_d_time"": ""2020-08-01T00:04:00"", ""requested_step_depth_m"": 5.555555555555556e-06, ""step_volume_m3"": 0.0014222222222222223, ""storage_units"": ""m"", ""target_units"": ""m3/s""}"
2020-08-01 00:04:00,runoff,81,91,default,2020-08-01,2020-09-01,62.0,2678400.0,5.925925925925926e-06,-0.0,-5.555555555555556e-06,positive_daisy_runoff_to_positive_oldr_in_flo_and_negative_storage_sink,,"{""bookkeeping_after_m"": 0.0, ""bookkeeping_before_m"": 0.0, ""bookkeeping_mode"": ""virtual_ol_d_snapshot"", ""bookkeeping_source"": ""OL_D read-only snapshot"", ""observed_ol_d_before_m"": 0.0, ""observed_ol_d_time"": ""2020-08-01T00:04:00"", ""requested_step_depth_m"": 5.555555555555556e-06, ""step_volume_m3"": 0.0014222222222222223, ""storage_units"": ""m"", ""target_units"": ""m3/s""}"
2020-08-01 00:04:00,runoff,81,92,default,2020-08-01,2020-09-01,62.0,2678400.0,5.925925925925926e-06,-0.0,-5.555555555555556e-06,positive_daisy_runoff_to_positive_oldr_in_flo_and_negative_storage_sink,,"{""bookkeeping_after_m"": 0.0, ""bookkeeping_before_m"": 0.0, ""bookkeeping_mode"": ""virtual_ol_d_snapshot"", ""bookkeeping_source"": ""OL_D read-only snapshot"", ""observed_ol_d_before_m"": 0.0, ""observed_ol_d_time"": ""2020-08-01T00:04:00"", ""requested_step_depth_m"": 5.555555555555556e-06, ""step_volume_m3"": 0.0014222222222222223, ""storage_units"": ""m"", ""target_units"": ""m3/s""}"
2020-08-01 00:04:00,runoff,81,93,default,2020-08-01,2020-09-01,62.0,2678400.0,5.925925925925926e-06,2.9893953978898935e-10,-5.555256616015767e-06,positive_daisy_runoff_to_positive_oldr_in_flo_and_negative_storage_sink,,"{""bookkeeping_after_m"": 0.0, ""bookkeeping_before_m"": 2.9893953978898935e-10, ""bookkeeping_mode"": ""virtual_ol_d_snapshot"", ""bookkeeping_source"": ""OL_D read-only snapshot"", ""observed_ol_d_before_m"": 2.9893953978898935e-10, ""observed_ol_d_time"": ""2020-08-01T00:04:00"", ""requested_step_depth_m"": 5.555555555555556e-06, ""step_volume_m3"": 0.0014222222222222223, ""storage_units"": ""m"", ""target_units"": ""m3/s""}"
2020-08-01 00:04:00,runoff,81,94,default,2020-08-01,2020-09-01,62.0,2678400.0,5.925925925925926e-06,2.9888269637012854e-10,-5.555256672859186e-06,positive_daisy_runoff_to_positive_oldr_in_flo_and_negative_storage_sink,,"{""bookkeeping_after_m"": 0.0, ""bookkeeping_before_m"": 2.9888269637012854e-10, ""bookkeeping_mode"": ""virtual_ol_d_snapshot"", ""bookkeeping_source"": ""OL_D read-only snapshot"", ""observed_ol_d_before_m"": 2.9888269637012854e-10, ""observed_ol_d_time"": ""2020-08-01T00:04:00"", ""requested_step_depth_m"": 5.555555555555556e-06, ""step_volume_m3"": 0.0014222222222222223, ""storage_units"": ""m"", ""target_units"": ""m3/s""}"
2020-08-01 00:04:00,runoff,81,95,default,2020-08-01,2020-09-01,62.0,2678400.0,5.925925925925926e-06,3.0047431209823117e-10,-5.555255081243458e-06,positive_daisy_runoff_to_positive_oldr_in_flo_and_negative_storage_sink,,"{""bookkeeping_after_m"": 0.0, ""bookkeeping_before_m"": 3.0047431209823117e-10, ""bookkeeping_mode"": ""virtual_ol_d_snapshot"", ""bookkeeping_source"": ""OL_D read-only snapshot"", ""observed_ol_d_before_m"": 3.0047431209823117e-10, ""observed_ol_d_time"": ""2020-08-01T00:04:00"", ""requested_step_depth_m"": 5.555555555555556e-06, ""step_volume_m3"": 0.0014222222222222223, ""storage_units"": ""m"", ""target_units"": ""m3/s""}"
2020-08-01 00:04:00,runoff,81,96,default,2020-08-01,2020-09-01,62.0,2678400.0,5.925925925925926e-06,3.013838068000041e-10,-5.555254171748756e-06,positive_daisy_runoff_to_positive_oldr_in_flo_and_negative_storage_sink,,"{""bookkeeping_after_m"": 0.0, ""bookkeeping_before_m"": 3.013838068000041e-10, ""bookkeeping_mode"": ""virtual_ol_d_snapshot"", ""bookkeeping_source"": ""OL_D read-only snapshot"", ""observed_ol_d_before_m"": 3.013838068000041e-10, ""observed_ol_d_time"": ""2020-08-01T00:04:00"", ""requested_step_depth_m"": 5.555555555555556e-06, ""step_volume_m3"": 0.0014222222222222223, ""storage_units"": ""m"", ""target_units"": ""m3/s""}"
2020-08-01 00:04:00,runoff,81,97,default,2020-08-01,2020-09-01,62.0,2678400.0,5.925925925925926e-06,3.021227712451946e-10,-5.555253432784311e-06,positive_daisy_runoff_to_positive_oldr_in_flo_and_negative_storage_sink,,"{""bookkeeping_after_m"": 0.0, ""bookkeeping_before_m"": 3.021227712451946e-10, ""bookkeeping_mode"": ""virtual_ol_d_snapshot"", ""bookkeeping_source"": ""OL_D read-only snapshot"", ""observed_ol_d_before_m"": 3.021227712451946e-10, ""observed_ol_d_time"": ""2020-08-01T00:04:00"", ""requested_step_depth_m"": 5.555555555555556e-06, ""step_volume_m3"": 0.0014222222222222223, ""storage_units"": ""m"", ""target_units"": ""m3/s""}"
2020-08-01 00:04:00,runoff,81,98,default,2020-08-01,2020-09-01,62.0,2678400.0,5.925925925925926e-06,3.015543370565865e-10,-5.555254001218499e-06,positive_daisy_runoff_to_positive_oldr_in_flo_and_negative_storage_sink,,"{""bookkeeping_after_m"": 0.0, ""bookkeeping_before_m"": 3.015543370565865e-10, ""bookkeeping_mode"": ""virtual_ol_d_snapshot"", ""bookkeeping_source"": ""OL_D read-only snapshot"", ""observed_ol_d_before_m"": 3.015543370565865e-10, ""observed_ol_d_time"": ""2020-08-01T00:04:00"", ""requested_step_depth_m"": 5.555555555555556e-06, ""step_volume_m3"": 0.0014222222222222223, ""storage_units"": ""m"", ""target_units"": ""m3/s""}"
2020-08-01 00:04:00,runoff,81,99,default,2020-08-01,2020-09-01,62.0,2678400.0,5.925925925925926e-06,2.991669134644326e-10,-5.555256388642091e-06,positive_daisy_runoff_to_positive_oldr_in_flo_and_negative_storage_sink,,"{""bookkeeping_after_m"": 0.0, ""bookkeeping_before_m"": 2.991669134644326e-10, ""bookkeeping_mode"": ""virtual_ol_d_snapshot"", ""bookkeeping_source"": ""OL_D read-only snapshot"", ""observed_ol_d_before_m"": 2.991669134644326e-10, ""observed_ol_d_time"": ""2020-08-01T00:04:00"", ""requested_step_depth_m"": 5.555555555555556e-06, ""step_volume_m3"": 0.0014222222222222223, ""storage_units"": ""m"", ""target_units"": ""m3/s""}"
2020-08-01 00:04:00,runoff,81,100,default,2020-08-01,2020-09-01,62.0,2678400.0,5.925925925925926e-06,2.9956481739645824e-10,-5.555255990738159e-06,positive_daisy_runoff_to_positive_oldr_in_flo_and_negative_storage_sink,,"{""bookkeeping_after_m"": 0.0, ""bookkeeping_before_m"": 2.9956481739645824e-10, ""bookkeeping_mode"": ""virtual_ol_d_snapshot"", ""bookkeeping_source"": ""OL_D read-only snapshot"", ""observed_ol_d_before_m"": 2.9956481739645824e-10, ""observed_ol_d_time"": ""2020-08-01T00:04:00"", ""requested_step_depth_m"": 5.555555555555556e-06, ""step_volume_m3"": 0.0014222222222222223, ""storage_units"": ""m"", ""target_units"": ""m3/s""}"
2020-08-01 00:04:00,runoff,81,101,default,2020-08-01,2020-09-01,62.0,2678400.0,5.925925925925926e-06,3.1172930903267115e-10,-5.555243826246523e-06,positive_daisy_runoff_to_positive_oldr_in_flo_and_negative_storage_sink,,"{""bookkeeping_after_m"": 0.0, ""bookkeeping_before_m"": 3.1172930903267115e-10, ""bookkeeping_mode"": ""virtual_ol_d_snapshot"", ""bookkeeping_source"": ""OL_D read-only snapshot"", ""observed_ol_d_before_m"": 3.1172930903267115e-10, ""observed_ol_d_time"": ""2020-08-01T00:04:00"", ""requested_step_depth_m"": 5.555555555555556e-06, ""step_volume_m3"": 0.0014222222222222223, ""storage_units"": ""m"", ""target_units"": ""m3/s""}"
2020-08-01 00:04:00,runoff,81,102,default,2020-08-01,2020-09-01,62.0,2678400.0,5.925925925925926e-06,2.9979219107190147e-10,-5.555255763364484e-06,positive_daisy_runoff_to_positive_oldr_in_flo_and_negative_storage_sink,,"{""bookkeeping_after_m"": 0.0, ""bookkeeping_before_m"": 2.9979219107190147e-10, ""bookkeeping_mode"": ""virtual_ol_d_snapshot"", ""bookkeeping_source"": ""OL_D read-only snapshot"", ""observed_ol_d_before_m"": 2.9979219107190147e-10, ""observed_ol_d_time"": ""2020-08-01T00:04:00"", ""requested_step_depth_m"": 5.555555555555556e-06, ""step_volume_m3"": 0.0014222222222222223, ""storage_units"": ""m"", ""target_units"": ""m3/s""}"
2020-08-01 00:04:00,runoff,81,103,default,2020-08-01,2020-09-01,62.0,2678400.0,5.925925925925926e-06,3.119566827081144e-10,-5.555243598872848e-06,positive_daisy_runoff_to_positive_oldr_in_flo_and_negative_storage_sink,,"{""bookkeeping_after_m"": 0.0, ""bookkeeping_before_m"": 3.119566827081144e-10, ""bookkeeping_mode"": ""virtual_ol_d_snapshot"", ""bookkeeping_source"": ""OL_D read-only snapshot"", ""observed_ol_d_before_m"": 3.119566827081144e-10, ""observed_ol_d_time"": ""2020-08-01T00:04:00"", ""requested_step_depth_m"": 5.555555555555556e-06, ""step_volume_m3"": 0.0014222222222222223, ""storage_units"": ""m"", ""target_units"": ""m3/s""}"
2020-08-01 00:04:00,runoff,81,104,default,2020-08-01,2020-09-01,62.0,2678400.0,5.925925925925926e-06,3.122408998024184e-10,-5.555243314655753e-06,positive_daisy_runoff_to_positive_oldr_in_flo_and_negative_storage_sink,,"{""bookkeeping_after_m"": 0.0, ""bookkeeping_before_m"": 3.122408998024184e-10, ""bookkeeping_mode"": ""virtual_ol_d_snapshot"", ""bookkeeping_source"": ""OL_D read-only snapshot"", ""observed_ol_d_before_m"": 3.122408998024184e-10, ""observed_ol_d_time"": ""2020-08-01T00:04:00"", ""requested_step_depth_m"": 5.555555555555556e-06, ""step_volume_m3"": 0.0014222222222222223, ""storage_units"": ""m"", ""target_units"": ""m3/s""}"
2020-08-01 00:04:00,runoff,81,105,default,2020-08-01,2020-09-01,62.0,2678400.0,5.925925925925926e-06,3.107629709120374e-10,-5.555244792584644e-06,positive_daisy_runoff_to_positive_oldr_in_flo_and_negative_storage_sink,,"{""bookkeeping_after_m"": 0.0, ""bookkeeping_before_m"": 3.107629709120374e-10, ""bookkeeping_mode"": ""virtual_ol_d_snapshot"", ""bookkeeping_source"": ""OL_D read-only snapshot"", ""observed_ol_d_before_m"": 3.107629709120374e-10, ""observed_ol_d_time"": ""2020-08-01T00:04:00"", ""requested_step_depth_m"": 5.555555555555556e-06, ""step_volume_m3"": 0.0014222222222222223, ""storage_units"": ""m"", ""target_units"": ""m3/s""}"
2020-08-01 00:04:00,runoff,81,106,default,2020-08-01,2020-09-01,62.0,2678400.0,5.925925925925926e-06,2.9956481739645824e-10,-5.555255990738159e-06,positive_daisy_runoff_to_positive_oldr_in_flo_and_negative_storage_sink,,"{""bookkeeping_after_m"": 0.0, ""bookkeeping_before_m"": 2.9956481739645824e-10, ""bookkeeping_mode"": ""virtual_ol_d_snapshot"", ""bookkeeping_source"": ""OL_D read-only snapshot"", ""observed_ol_d_before_m"": 2.9956481739645824e-10, ""observed_ol_d_time"": ""2020-08-01T00:04:00"", ""requested_step_depth_m"": 5.555555555555556e-06, ""step_volume_m3"": 0.0014222222222222223, ""storage_units"": ""m"", ""target_units"": ""m3/s""}"
2020-08-01 00:04:00,runoff,81,107,default,2020-08-01,2020-09-01,62.0,2678400.0,5.925925925925926e-06,3.14742010232294e-10,-5.5552408135453235e-06,positive_daisy_runoff_to_positive_oldr_in_flo_and_negative_storage_sink,,"{""bookkeeping_after_m"": 0.0, ""bookkeeping_before_m"": 3.14742010232294e-10, ""bookkeeping_mode"": ""virtual_ol_d_snapshot"", ""bookkeeping_source"": ""OL_D read-only snapshot"", ""observed_ol_d_before_m"": 3.14742010232294e-10, ""observed_ol_d_time"": ""2020-08-01T00:04:00"", ""requested_step_depth_m"": 5.555555555555556e-06, ""step_volume_m3"": 0.0014222222222222223, ""storage_units"": ""m"", ""target_units"": ""m3/s""}"
2020-08-01 00:04:00,runoff,81,108,default,2020-08-01,2020-09-01,62.0,2678400.0,5.925925925925926e-06,3.2815705708344467e-10,-5.555227398498472e-06,positive_daisy_runoff_to_positive_oldr_in_flo_and_negative_storage_sink,,"{""bookkeeping_after_m"": 0.0, ""bookkeeping_before_m"": 3.2815705708344467e-10, ""bookkeeping_mode"": ""virtual_ol_d_snapshot"", ""bookkeeping_source"": ""OL_D read-only snapshot"", ""observed_ol_d_before_m"": 3.2815705708344467e-10, ""observed_ol_d_time"": ""2020-08-01T00:04:00"", ""requested_step_depth_m"": 5.555555555555556e-06, ""step_volume_m3"": 0.0014222222222222223, ""storage_units"": ""m"", ""target_units"": ""m3/s""}"
2020-08-01 00:04:00,runoff,81,109,default,2020-08-01,2020-09-01,62.0,2678400.0,5.925925925925926e-06,3.2667912819306366e-10,-5.555228876427363e-06,positive_daisy_runoff_to_positive_oldr_in_flo_and_negative_storage_sink,,"{""bookkeeping_after_m"": 0.0, ""bookkeeping_before_m"": 3.2667912819306366e-10, ""bookkeeping_mode"": ""virtual_ol_d_snapshot"", ""bookkeeping_source"": ""OL_D read-only snapshot"", ""observed_ol_d_before_m"": 3.2667912819306366e-10, ""observed_ol_d_time"": ""2020-08-01T00:04:00"", ""requested_step_depth_m"": 5.555555555555556e-06, ""step_volume_m3"": 0.0014222222222222223, ""storage_units"": ""m"", ""target_units"": ""m3/s""}"
2020-08-01 00:04:00,runoff,81,110,default,2020-08-01,2020-09-01,62.0,2678400.0,5.925925925925926e-06,3.271338755439501e-10,-5.555228421680012e-06,positive_daisy_runoff_to_positive_oldr_in_flo_and_negative_storage_sink,,"{""bookkeeping_after_m"": 0.0, ""bookkeeping_before_m"": 3.271338755439501e-10, ""bookkeeping_mode"": ""virtual_ol_d_snapshot"", ""bookkeeping_source"": ""OL_D read-only snapshot"", ""observed_ol_d_before_m"": 3.271338755439501e-10, ""observed_ol_d_time"": ""2020-08-01T00:04:00"", ""requested_step_depth_m"": 5.555555555555556e-06, ""step_volume_m3"": 0.0014222222222222223, ""storage_units"": ""m"", ""target_units"": ""m3/s""}"
2020-08-01 00:04:00,runoff,81,111,default,2020-08-01,2020-09-01,62.0,2678400.0,5.925925925925926e-06,2.993942871398758e-10,-5.555256161268416e-06,positive_daisy_runoff_to_positive_oldr_in_flo_and_negative_storage_sink,,"{""bookkeeping_after_m"": 0.0, ""bookkeeping_before_m"": 2.993942871398758e-10, ""bookkeeping_mode"": ""virtual_ol_d_snapshot"", ""bookkeeping_source"": ""OL_D read-only snapshot"", ""observed_ol_d_before_m"": 2.993942871398758e-10, ""observed_ol_d_time"": ""2020-08-01T00:04:00"", ""requested_step_depth_m"": 5.555555555555556e-06, ""step_volume_m3"": 0.0014222222222222223, ""storage_units"": ""m"", ""target_units"": ""m3/s""}"
2020-08-01 00:04:00,runoff,81,112,default,2020-08-01,2020-09-01,62.0,2678400.0,5.925925925925926e-06,2.9899638320785016e-10,-5.555256559172348e-06,positive_daisy_runoff_to_positive_oldr_in_flo_and_negative_storage_sink,,"{""bookkeeping_after_m"": 0.0, ""bookkeeping_before_m"": 2.9899638320785016e-10, ""bookkeeping_mode"": ""virtual_ol_d_snapshot"", ""bookkeeping_source"": ""OL_D read-only snapshot"", ""observed_ol_d_before_m"": 2.9899638320785016e-10, ""observed_ol_d_time"": ""2020-08-01T00:04:00"", ""requested_step_depth_m"": 5.555555555555556e-06, ""step_volume_m3"": 0.0014222222222222223, ""storage_units"": ""m"", ""target_units"": ""m3/s""}"
2020-08-01 00:04:00,runoff,81,113,default,2020-08-01,2020-09-01,62.0,2678400.0,5.925925925925926e-06,3.2383695725002326e-10,-5.555231718598306e-06,positive_daisy_runoff_to_positive_oldr_in_flo_and_negative_storage_sink,,"{""bookkeeping_after_m"": 0.0, ""bookkeeping_before_m"": 3.2383695725002326e-10, ""bookkeeping_mode"": ""virtual_ol_d_snapshot"", ""bookkeeping_source"": ""OL_D read-only snapshot"", ""observed_ol_d_before_m"": 3.2383695725002326e-10, ""observed_ol_d_time"": ""2020-08-01T00:04:00"", ""requested_step_depth_m"": 5.555555555555556e-06, ""step_volume_m3"": 0.0014222222222222223, ""storage_units"": ""m"", ""target_units"": ""m3/s""}"
2020-08-01 00:04:00,runoff,81,114,default,2020-08-01,2020-09-01,62.0,2678400.0,5.925925925925926e-06,3.0092905944911763e-10,-5.555254626496107e-06,positive_daisy_runoff_to_positive_oldr_in_flo_and_negative_storage_sink,,"{""bookkeeping_after_m"": 0.0, ""bookkeeping_before_m"": 3.0092905944911763e-10, ""bookkeeping_mode"": ""virtual_ol_d_snapshot"", ""bookkeeping_source"": ""OL_D read-only snapshot"", ""observed_ol_d_before_m"": 3.0092905944911763e-10, ""observed_ol_d_time"": ""2020-08-01T00:04:00"", ""requested_step_depth_m"": 5.555555555555556e-06, ""step_volume_m3"": 0.0014222222222222223, ""storage_units"": ""m"", ""target_units"": ""m3/s""}"
2020-08-01 00:04:00,runoff,81,115,default,2020-08-01,2020-09-01,62.0,2678400.0,5.925925925925926e-06,3.0667024475405924e-10,-5.555248885310802e-06,positive_daisy_runoff_to_positive_oldr_in_flo_and_negative_storage_sink,,"{""bookkeeping_after_m"": 0.0, ""bookkeeping_before_m"": 3.0667024475405924e-10, ""bookkeeping_mode"": ""virtual_ol_d_snapshot"", ""bookkeeping_source"": ""OL_D read-only snapshot"", ""observed_ol_d_before_m"": 3.0667024475405924e-10, ""observed_ol_d_time"": ""2020-08-01T00:04:00"", ""requested_step_depth_m"": 5.555555555555556e-06, ""step_volume_m3"": 0.0014222222222222223, ""storage_units"": ""m"", ""target_units"": ""m3/s""}"
2020-08-01 00:04:00,runoff,81,116,default,2020-08-01,2020-09-01,62.0,2678400.0,5.925925925925926e-06,3.306581675133202e-10,-5.5552248973880425e-06,positive_daisy_runoff_to_positive_oldr_in_flo_and_negative_storage_sink,,"{""bookkeeping_after_m"": 0.0, ""bookkeeping_before_m"": 3.306581675133202e-10, ""bookkeeping_mode"": ""virtual_ol_d_snapshot"", ""bookkeeping_source"": ""OL_D read-only snapshot"", ""observed_ol_d_before_m"": 3.306581675133202e-10, ""observed_ol_d_time"": ""2020-08-01T00:04:00"", ""requested_step_depth_m"": 5.555555555555556e-06, ""step_volume_m3"": 0.0014222222222222223, ""storage_units"": ""m"", ""target_units"": ""m3/s""}"
2020-08-01 00:04:00,runoff,82,76,default,2020-08-01,2020-09-01,62.0,2678400.0,5.925925925925926e-06,-0.0,-5.555555555555556e-06,positive_daisy_runoff_to_positive_oldr_in_flo_and_negative_storage_sink,,"{""bookkeeping_after_m"": 0.0, ""bookkeeping_before_m"": 0.0, ""bookkeeping_mode"": ""virtual_ol_d_snapshot"", ""bookkeeping_source"": ""OL_D read-only snapshot"", ""observed_ol_d_before_m"": 0.0, ""observed_ol_d_time"": ""2020-08-01T00:04:00"", ""requested_step_depth_m"": 5.555555555555556e-06, ""step_volume_m3"": 0.0014222222222222223, ""storage_units"": ""m"", ""target_units"": ""m3/s""}"
2020-08-01 00:04:00,runoff,82,77,default,2020-08-01,2020-09-01,62.0,2678400.0,5.925925925925926e-06,3.0462388167507015e-10,-5.555250931673881e-06,positive_daisy_runoff_to_positive_oldr_in_flo_and_negative_storage_sink,,"{""bookkeeping_after_m"": 0.0, ""bookkeeping_before_m"": 3.0462388167507015e-10, ""bookkeeping_mode"": ""virtual_ol_d_snapshot"", ""bookkeeping_source"": ""OL_D read-only snapshot"", ""observed_ol_d_before_m"": 3.0462388167507015e-10, ""observed_ol_d_time"": ""2020-08-01T00:04:00"", ""requested_step_depth_m"": 5.555555555555556e-06, ""step_volume_m3"": 0.0014222222222222223, ""storage_units"": ""m"", ""target_units"": ""m3/s""}"
2020-08-01 00:04:00,runoff,82,78,default,2020-08-01,2020-09-01,62.0,2678400.0,5.925925925925926e-06,3.043396645807661e-10,-5.555251215890975e-06,positive_daisy_runoff_to_positive_oldr_in_flo_and_negative_storage_sink,,"{""bookkeeping_after_m"": 0.0, ""bookkeeping_before_m"": 3.043396645807661e-10, ""bookkeeping_mode"": ""virtual_ol_d_snapshot"", ""bookkeeping_source"": ""OL_D read-only snapshot"", ""observed_ol_d_before_m"": 3.043396645807661e-10, ""observed_ol_d_time"": ""2020-08-01T00:04:00"", ""requested_step_depth_m"": 5.555555555555556e-06, ""step_volume_m3"": 0.0014222222222222223, ""storage_units"": ""m"", ""target_units"": ""m3/s""}"
2020-08-01 00:04:00,runoff,82,79,default,2020-08-01,2020-09-01,62.0,2678400.0,5.925925925925926e-06,3.119566827081144e-10,-5.555243598872848e-06,positive_daisy_runoff_to_positive_oldr_in_flo_and_negative_storage_sink,,"{""bookkeeping_after_m"": 0.0, ""bookkeeping_before_m"": 3.119566827081144e-10, ""bookkeeping_mode"": ""virtual_ol_d_snapshot"", ""bookkeeping_source"": ""OL_D read-only snapshot"", ""observed_ol_d_before_m"": 3.119566827081144e-10, ""observed_ol_d_time"": ""2020-08-01T00:04:00"", ""requested_step_depth_m"": 5.555555555555556e-06, ""step_volume_m3"": 0.0014222222222222223, ""storage_units"": ""m"", ""target_units"": ""m3/s""}"
2020-08-01 00:04:00,runoff,82,80,default,2020-08-01,2020-09-01,62.0,2678400.0,5.925925925925926e-06,3.1252511689672247e-10,-5.555243030438659e-06,positive_daisy_runoff_to_positive_oldr_in_flo_and_negative_storage_sink,,"{""bookkeeping_after_m"": 0.0, ""bookkeeping_before_m"": 3.1252511689672247e-10, ""bookkeeping_mode"": ""virtual_ol_d_snapshot"", ""bookkeeping_source"": ""OL_D read-only snapshot"", ""observed_ol_d_before_m"": 3.1252511689672247e-10, ""observed_ol_d_time"": ""2020-08-01T00:04:00"", ""requested_step_depth_m"": 5.555555555555556e-06, ""step_volume_m3"": 0.0014222222222222223, ""storage_units"": ""m"", ""target_units"": ""m3/s""}"
2020-08-01 00:04:00,runoff,82,81,default,2020-08-01,2020-09-01,62.0,2678400.0,5.925925925925926e-06,3.115019353572279e-10,-5.555244053620199e-06,positive_daisy_runoff_to_positive_oldr_in_flo_and_negative_storage_sink,,"{""bookkeeping_after_m"": 0.0, ""bookkeeping_before_m"": 3.115019353572279e-10, ""bookkeeping_mode"": ""virtual_ol_d_snapshot"", ""bookkeeping_source"": ""OL_D read-only snapshot"", ""observed_ol_d_before_m"": 3.115019353572279e-10, ""observed_ol_d_time"": ""2020-08-01T00:04:00"", ""requested_step_depth_m"": 5.555555555555556e-06, ""step_volume_m3"": 0.0014222222222222223, ""storage_units"": ""m"", ""target_units"": ""m3/s""}"
2020-08-01 00:04:00,runoff,82,82,default,2020-08-01,2020-09-01,62.0,2678400.0,5.925925925925926e-06,3.115019353572279e-10,-5.555244053620199e-06,positive_daisy_runoff_to_positive_oldr_in_flo_and_negative_storage_sink,,"{""bookkeeping_after_m"": 0.0, ""bookkeeping_before_m"": 3.115019353572279e-10, ""bookkeeping_mode"": ""virtual_ol_d_snapshot"", ""bookkeeping_source"": ""OL_D read-only snapshot"", ""observed_ol_d_before_m"": 3.115019353572279e-10, ""observed_ol_d_time"": ""2020-08-01T00:04:00"", ""requested_step_depth_m"": 5.555555555555556e-06, ""step_volume_m3"": 0.0014222222222222223, ""storage_units"": ""m"", ""target_units"": ""m3/s""}"
2020-08-01 00:04:00,runoff,82,83,default,2020-08-01,2020-09-01,62.0,2678400.0,5.925925925925926e-06,3.121272129646968e-10,-5.555243428342591e-06,positive_daisy_runoff_to_positive_oldr_in_flo_and_negative_storage_sink,,"{""bookkeeping_after_m"": 0.0, ""bookkeeping_before_m"": 3.121272129646968e-10, ""bookkeeping_mode"": ""virtual_ol_d_snapshot"", ""bookkeeping_source"": ""OL_D read-only snapshot"", ""observed_ol_d_before_m"": 3.121272129646968e-10, ""observed_ol_d_time"": ""2020-08-01T00:04:00"", ""requested_step_depth_m"": 5.555555555555556e-06, ""step_volume_m3"": 0.0014222222222222223, ""storage_units"": ""m"", ""target_units"": ""m3/s""}"
2020-08-01 00:04:00,runoff,82,84,default,2020-08-01,2020-09-01,62.0,2678400.0,5.925925925925926e-06,3.050217856070958e-10,-5.555250533769949e-06,positive_daisy_runoff_to_positive_oldr_in_flo_and_negative_storage_sink,,"{""bookkeeping_after_m"": 0.0, ""bookkeeping_before_m"": 3.050217856070958e-10, ""bookkeeping_mode"": ""virtual_ol_d_snapshot"", ""bookkeeping_source"": ""OL_D read-only snapshot"", ""observed_ol_d_before_m"": 3.050217856070958e-10, ""observed_ol_d_time"": ""2020-08-01T00:04:00"", ""requested_step_depth_m"": 5.555555555555556e-06, ""step_volume_m3"": 0.0014222222222222223, ""storage_units"": ""m"", ""target_units"": ""m3/s""}"
2020-08-01 00:04:00,runoff,82,85,default,2020-08-01,2020-09-01,62.0,2678400.0,5.925925925925926e-06,2.9950797397759743e-10,-5.555256047581578e-06,positive_daisy_runoff_to_positive_oldr_in_flo_and_negative_storage_sink,,"{""bookkeeping_after_m"": 0.0, ""bookkeeping_before_m"": 2.9950797397759743e-10, ""bookkeeping_mode"": ""virtual_ol_d_snapshot"", ""bookkeeping_source"": ""OL_D read-only snapshot"", ""observed_ol_d_before_m"": 2.9950797397759743e-10, ""observed_ol_d_time"": ""2020-08-01T00:04:00"", ""requested_step_depth_m"": 5.555555555555556e-06, ""step_volume_m3"": 0.0014222222222222223, ""storage_units"": ""m"", ""target_units"": ""m3/s""}"
2020-08-01 00:04:00,runoff,82,86,default,2020-08-01,2020-09-01,62.0,2678400.0,5.925925925925926e-06,2.9893953978898935e-10,-5.555256616015767e-06,positive_daisy_runoff_to_positive_oldr_in_flo_and_negative_storage_sink,,"{""bookkeeping_after_m"": 0.0, ""bookkeeping_before_m"": 2.9893953978898935e-10, ""bookkeeping_mode"": ""virtual_ol_d_snapshot"", ""bookkeeping_source"": ""OL_D read-only snapshot"", ""observed_ol_d_before_m"": 2.9893953978898935e-10, ""observed_ol_d_time"": ""2020-08-01T00:04:00"", ""requested_step_depth_m"": 5.555555555555556e-06, ""step_volume_m3"": 0.0014222222222222223, ""storage_units"": ""m"", ""target_units"": ""m3/s""}"
2020-08-01 00:04:00,runoff,82,87,default,2020-08-01,2020-09-01,62.0,2678400.0,5.925925925925926e-06,2.992237568832934e-10,-5.5552563317986725e-06,positive_daisy_runoff_to_positive_oldr_in_flo_and_negative_storage_sink,,"{""bookkeeping_after_m"": 0.0, ""bookkeeping_before_m"": 2.992237568832934e-10, ""bookkeeping_mode"": ""virtual_ol_d_snapshot"", ""bookkeeping_source"": ""OL_D read-only snapshot"", ""observed_ol_d_before_m"": 2.992237568832934e-10, ""observed_ol_d_time"": ""2020-08-01T00:04:00"", ""requested_step_depth_m"": 5.555555555555556e-06, ""step_volume_m3"": 0.0014222222222222223, ""storage_units"": ""m"", ""target_units"": ""m3/s""}"
2020-08-01 00:04:00,runoff,82,88,default,2020-08-01,2020-09-01,62.0,2678400.0,5.925925925925926e-06,3.000195647473447e-10,-5.5552555359908085e-06,positive_daisy_runoff_to_positive_oldr_in_flo_and_negative_storage_sink,,"{""bookkeeping_after_m"": 0.0, ""bookkeeping_before_m"": 3.000195647473447e-10, ""bookkeeping_mode"": ""virtual_ol_d_snapshot"", ""bookkeeping_source"": ""OL_D read-only snapshot"", ""observed_ol_d_before_m"": 3.000195647473447e-10, ""observed_ol_d_time"": ""2020-08-01T00:04:00"", ""requested_step_depth_m"": 5.555555555555556e-06, ""step_volume_m3"": 0.0014222222222222223, ""storage_units"": ""m"", ""target_units"": ""m3/s""}"
2020-08-01 00:04:00,runoff,82,89,default,2020-08-01,2020-09-01,62.0,2678400.0,5.925925925925926e-06,3.0183855415089056e-10,-5.555253717001405e-06,positive_daisy_runoff_to_positive_oldr_in_flo_and_negative_storage_sink,,"{""bookkeeping_after_m"": 0.0, ""bookkeeping_before_m"": 3.0183855415089056e-10, ""bookkeeping_mode"": ""virtual_ol_d_snapshot"", ""bookkeeping_source"": ""OL_D read-only snapshot"", ""observed_ol_d_before_m"": 3.0183855415089056e-10, ""observed_ol_d_time"": ""2020-08-01T00:04:00"", ""requested_step_depth_m"": 5.555555555555556e-06, ""step_volume_m3"": 0.0014222222222222223, ""storage_units"": ""m"", ""target_units"": ""m3/s""}"
2020-08-01 00:04:00,runoff,82,90,default,2020-08-01,2020-09-01,62.0,2678400.0,5.925925925925926e-06,3.1036506698001176e-10,-5.555245190488576e-06,positive_daisy_runoff_to_positive_oldr_in_flo_and_negative_storage_sink,,"{""bookkeeping_after_m"": 0.0, ""bookkeeping_before_m"": 3.1036506698001176e-10, ""bookkeeping_mode"": ""virtual_ol_d_snapshot"", ""bookkeeping_source"": ""OL_D read-only snapshot"", ""observed_ol_d_before_m"": 3.1036506698001176e-10, ""observed_ol_d_time"": ""2020-08-01T00:04:00"", ""requested_step_depth_m"": 5.555555555555556e-06, ""step_volume_m3"": 0.0014222222222222223, ""storage_units"": ""m"", ""target_units"": ""m3/s""}"
2020-08-01 00:04:00,runoff,82,91,default,2020-08-01,2020-09-01,62.0,2678400.0,5.925925925925926e-06,3.3719516068231314e-10,-5.5552183603948735e-06,positive_daisy_runoff_to_positive_oldr_in_flo_and_negative_storage_sink,,"{""bookkeeping_after_m"": 0.0, ""bookkeeping_before_m"": 3.3719516068231314e-10, ""bookkeeping_mode"": ""virtual_ol_d_snapshot"", ""bookkeeping_source"": ""OL_D read-only snapshot"", ""observed_ol_d_before_m"": 3.3719516068231314e-10, ""observed_ol_d_time"": ""2020-08-01T00:04:00"", ""requested_step_depth_m"": 5.555555555555556e-06, ""step_volume_m3"": 0.0014222222222222223, ""storage_units"": ""m"", ""target_units"": ""m3/s""}"
2020-08-01 00:04:00,runoff,82,93,default,2020-08-01,2020-09-01,62.0,2678400.0,5.925925925925926e-06,-0.0,-5.555555555555556e-06,positive_daisy_runoff_to_positive_oldr_in_flo_and_negative_storage_sink,,"{""bookkeeping_after_m"": 0.0, ""bookkeeping_before_m"": 0.0, ""bookkeeping_mode"": ""virtual_ol_d_snapshot"", ""bookkeeping_source"": ""OL_D read-only snapshot"", ""observed_ol_d_before_m"": 0.0, ""observed_ol_d_time"": ""2020-08-01T00:04:00"", ""requested_step_depth_m"": 5.555555555555556e-06, ""step_volume_m3"": 0.0014222222222222223, ""storage_units"": ""m"", ""target_units"": ""m3/s""}"
2020-08-01 00:04:00,runoff,82,94,default,2020-08-01,2020-09-01,62.0,2678400.0,5.925925925925926e-06,2.9967850423417985e-10,-5.555255877051322e-06,positive_daisy_runoff_to_positive_oldr_in_flo_and_negative_storage_sink,,"{""bookkeeping_after_m"": 0.0, ""bookkeeping_before_m"": 2.9967850423417985e-10, ""bookkeeping_mode"": ""virtual_ol_d_snapshot"", ""bookkeeping_source"": ""OL_D read-only snapshot"", ""observed_ol_d_before_m"": 2.9967850423417985e-10, ""observed_ol_d_time"": ""2020-08-01T00:04:00"", ""requested_step_depth_m"": 5.555555555555556e-06, ""step_volume_m3"": 0.0014222222222222223, ""storage_units"": ""m"", ""target_units"": ""m3/s""}"
2020-08-01 00:04:00,runoff,82,95,default,2020-08-01,2020-09-01,62.0,2678400.0,5.925925925925926e-06,2.999627213284839e-10,-5.555255592834227e-06,positive_daisy_runoff_to_positive_oldr_in_flo_and_negative_storage_sink,,"{""bookkeeping_after_m"": 0.0, ""bookkeeping_before_m"": 2.999627213284839e-10, ""bookkeeping_mode"": ""virtual_ol_d_snapshot"", ""bookkeeping_source"": ""OL_D read-only snapshot"", ""observed_ol_d_before_m"": 2.999627213284839e-10, ""observed_ol_d_time"": ""2020-08-01T00:04:00"", ""requested_step_depth_m"": 5.555555555555556e-06, ""step_volume_m3"": 0.0014222222222222223, ""storage_units"": ""m"", ""target_units"": ""m3/s""}"
2020-08-01 00:04:00,runoff,82,96,default,2020-08-01,2020-09-01,62.0,2678400.0,5.925925925925926e-06,3.021796146640554e-10,-5.555253375940892e-06,positive_daisy_runoff_to_positive_oldr_in_flo_and_negative_storage_sink,,"{""bookkeeping_after_m"": 0.0, ""bookkeeping_before_m"": 3.021796146640554e-10, ""bookkeeping_mode"": ""virtual_ol_d_snapshot"", ""bookkeeping_source"": ""OL_D read-only snapshot"", ""observed_ol_d_before_m"": 3.021796146640554e-10, ""observed_ol_d_time"": ""2020-08-01T00:04:00"", ""requested_step_depth_m"": 5.555555555555556e-06, ""step_volume_m3"": 0.0014222222222222223, ""storage_units"": ""m"", ""target_units"": ""m3/s""}"
2020-08-01 00:04:00,runoff,82,97,default,2020-08-01,2020-09-01,62.0,2678400.0,5.925925925925926e-06,3.0166802389430813e-10,-5.5552538875316615e-06,positive_daisy_runoff_to_positive_oldr_in_flo_and_negative_storage_sink,,"{""bookkeeping_after_m"": 0.0, ""bookkeeping_before_m"": 3.0166802389430813e-10, ""bookkeeping_mode"": ""virtual_ol_d_snapshot"", ""bookkeeping_source"": ""OL_D read-only snapshot"", ""observed_ol_d_before_m"": 3.0166802389430813e-10, ""observed_ol_d_time"": ""2020-08-01T00:04:00"", ""requested_step_depth_m"": 5.555555555555556e-06, ""step_volume_m3"": 0.0014222222222222223, ""storage_units"": ""m"", ""target_units"": ""m3/s""}"
2020-08-01 00:04:00,runoff,82,98,default,2020-08-01,2020-09-01,62.0,2678400.0,5.925925925925926e-06,3.0820501706330106e-10,-5.5552473505384925e-06,positive_daisy_runoff_to_positive_oldr_in_flo_and_negative_storage_sink,,"{""bookkeeping_after_m"": 0.0, ""bookkeeping_before_m"": 3.0820501706330106e-10, ""bookkeeping_mode"": ""virtual_ol_d_snapshot"", ""bookkeeping_source"": ""OL_D read-only snapshot"", ""observed_ol_d_before_m"": 3.0820501706330106e-10, ""observed_ol_d_time"": ""2020-08-01T00:04:00"", ""requested_step_depth_m"": 5.555555555555556e-06, ""step_volume_m3"": 0.0014222222222222223, ""storage_units"": ""m"", ""target_units"": ""m3/s""}"
2020-08-01 00:04:00,runoff,82,99,default,2020-08-01,2020-09-01,62.0,2678400.0,5.925925925925926e-06,3.022364580829162e-10,-5.555253319097473e-06,positive_daisy_runoff_to_positive_oldr_in_flo_and_negative_storage_sink,,"{""bookkeeping_after_m"": 0.0, ""bookkeeping_before_m"": 3.022364580829162e-10, ""bookkeeping_mode"": ""virtual_ol_d_snapshot"", ""bookkeeping_source"": ""OL_D read-only snapshot"", ""observed_ol_d_before_m"": 3.022364580829162e-10, ""observed_ol_d_time"": ""2020-08-01T00:04:00"", ""requested_step_depth_m"": 5.555555555555556e-06, ""step_volume_m3"": 0.0014222222222222223, ""storage_units"": ""m"", ""target_units"": ""m3/s""}"
2020-08-01 00:04:00,runoff,82,100,default,2020-08-01,2020-09-01,62.0,2678400.0,5.925925925925926e-06,3.000195647473447e-10,-5.5552555359908085e-06,positive_daisy_runoff_to_positive_oldr_in_flo_and_negative_storage_sink,,"{""bookkeeping_after_m"": 0.0, ""bookkeeping_before_m"": 3.000195647473447e-10, ""bookkeeping_mode"": ""virtual_ol_d_snapshot"", ""bookkeeping_source"": ""OL_D read-only snapshot"", ""observed_ol_d_before_m"": 3.000195647473447e-10, ""observed_ol_d_time"": ""2020-08-01T00:04:00"", ""requested_step_depth_m"": 5.555555555555556e-06, ""step_volume_m3"": 0.0014222222222222223, ""storage_units"": ""m"", ""target_units"": ""m3/s""}"
2020-08-01 00:04:00,runoff,82,101,default,2020-08-01,2020-09-01,62.0,2678400.0,5.925925925925926e-06,2.9979219107190147e-10,-5.555255763364484e-06,positive_daisy_runoff_to_positive_oldr_in_flo_and_negative_storage_sink,,"{""bookkeeping_after_m"": 0.0, ""bookkeeping_before_m"": 2.9979219107190147e-10, ""bookkeeping_mode"": ""virtual_ol_d_snapshot"", ""bookkeeping_source"": ""OL_D read-only snapshot"", ""observed_ol_d_before_m"": 2.9979219107190147e-10, ""observed_ol_d_time"": ""2020-08-01T00:04:00"", ""requested_step_depth_m"": 5.555555555555556e-06, ""step_volume_m3"": 0.0014222222222222223, ""storage_units"": ""m"", ""target_units"": ""m3/s""}"
2020-08-01 00:04:00,runoff,82,102,default,2020-08-01,2020-09-01,62.0,2678400.0,5.925925925925926e-06,3.00531155517092e-10,-5.555255024400039e-06,positive_daisy_runoff_to_positive_oldr_in_flo_and_negative_storage_sink,,"{""bookkeeping_after_m"": 0.0, ""bookkeeping_before_m"": 3.00531155517092e-10, ""bookkeeping_mode"": ""virtual_ol_d_snapshot"", ""bookkeeping_source"": ""OL_D read-only snapshot"", ""observed_ol_d_before_m"": 3.00531155517092e-10, ""observed_ol_d_time"": ""2020-08-01T00:04:00"", ""requested_step_depth_m"": 5.555555555555556e-06, ""step_volume_m3"": 0.0014222222222222223, ""storage_units"": ""m"", ""target_units"": ""m3/s""}"
2020-08-01 00:04:00,runoff,82,103,default,2020-08-01,2020-09-01,62.0,2678400.0,5.925925925925926e-06,3.104787538177334e-10,-5.555245076801738e-06,positive_daisy_runoff_to_positive_oldr_in_flo_and_negative_storage_sink,,"{""bookkeeping_after_m"": 0.0, ""bookkeeping_before_m"": 3.104787538177334e-10, ""bookkeeping_mode"": ""virtual_ol_d_snapshot"", ""bookkeeping_source"": ""OL_D read-only snapshot"", ""observed_ol_d_before_m"": 3.104787538177334e-10, ""observed_ol_d_time"": ""2020-08-01T00:04:00"", ""requested_step_depth_m"": 5.555555555555556e-06, ""step_volume_m3"": 0.0014222222222222223, ""storage_units"": ""m"", ""target_units"": ""m3/s""}"
2020-08-01 00:04:00,runoff,82,104,default,2020-08-01,2020-09-01,62.0,2678400.0,5.925925925925926e-06,3.1241143005900085e-10,-5.555243144125497e-06,positive_daisy_runoff_to_positive_oldr_in_flo_and_negative_storage_sink,,"{""bookkeeping_after_m"": 0.0, ""bookkeeping_before_m"": 3.1241143005900085e-10, ""bookkeeping_mode"": ""virtual_ol_d_snapshot"", ""bookkeeping_source"": ""OL_D read-only snapshot"", ""observed_ol_d_before_m"": 3.1241143005900085e-10, ""observed_ol_d_time"": ""2020-08-01T00:04:00"", ""requested_step_depth_m"": 5.555555555555556e-06, ""step_volume_m3"": 0.0014222222222222223, ""storage_units"": ""m"", ""target_units"": ""m3/s""}"
2020-08-01 00:04:00,runoff,82,105,default,2020-08-01,2020-09-01,62.0,2678400.0,5.925925925925926e-06,3.107061274931766e-10,-5.555244849428063e-06,positive_daisy_runoff_to_positive_oldr_in_flo_and_negative_storage_sink,,"{""bookkeeping_after_m"": 0.0, ""bookkeeping_before_m"": 3.107061274931766e-10, ""bookkeeping_mode"": ""virtual_ol_d_snapshot"", ""bookkeeping_source"": ""OL_D read-only snapshot"", ""observed_ol_d_before_m"": 3.107061274931766e-10, ""observed_ol_d_time"": ""2020-08-01T00:04:00"", ""requested_step_depth_m"": 5.555555555555556e-06, ""step_volume_m3"": 0.0014222222222222223, ""storage_units"": ""m"", ""target_units"": ""m3/s""}"
2020-08-01 00:04:00,runoff,82,106,default,2020-08-01,2020-09-01,62.0,2678400.0,5.925925925925926e-06,2.992237568832934e-10,-5.5552563317986725e-06,positive_daisy_runoff_to_positive_oldr_in_flo_and_negative_storage_sink,,"{""bookkeeping_after_m"": 0.0, ""bookkeeping_before_m"": 2.992237568832934e-10, ""bookkeeping_mode"": ""virtual_ol_d_snapshot"", ""bookkeeping_source"": ""OL_D read-only snapshot"", ""observed_ol_d_before_m"": 2.992237568832934e-10, ""observed_ol_d_time"": ""2020-08-01T00:04:00"", ""requested_step_depth_m"": 5.555555555555556e-06, ""step_volume_m3"": 0.0014222222222222223, ""storage_units"": ""m"", ""target_units"": ""m3/s""}"
2020-08-01 00:04:00,runoff,82,107,default,2020-08-01,2020-09-01,62.0,2678400.0,5.925925925925926e-06,3.0115643312456086e-10,-5.555254399122431e-06,positive_daisy_runoff_to_positive_oldr_in_flo_and_negative_storage_sink,,"{""bookkeeping_after_m"": 0.0, ""bookkeeping_before_m"": 3.0115643312456086e-10, ""bookkeeping_mode"": ""virtual_ol_d_snapshot"", ""bookkeeping_source"": ""OL_D read-only snapshot"", ""observed_ol_d_before_m"": 3.0115643312456086e-10, ""observed_ol_d_time"": ""2020-08-01T00:04:00"", ""requested_step_depth_m"": 5.555555555555556e-06, ""step_volume_m3"": 0.0014222222222222223, ""storage_units"": ""m"", ""target_units"": ""m3/s""}"
2020-08-01 00:04:00,runoff,82,108,default,2020-08-01,2020-09-01,62.0,2678400.0,5.925925925925926e-06,3.134346115984954e-10,-5.555242120943957e-06,positive_daisy_runoff_to_positive_oldr_in_flo_and_negative_storage_sink,,"{""bookkeeping_after_m"": 0.0, ""bookkeeping_before_m"": 3.134346115984954e-10, ""bookkeeping_mode"": ""virtual_ol_d_snapshot"", ""bookkeeping_source"": ""OL_D read-only snapshot"", ""observed_ol_d_before_m"": 3.134346115984954e-10, ""observed_ol_d_time"": ""2020-08-01T00:04:00"", ""requested_step_depth_m"": 5.555555555555556e-06, ""step_volume_m3"": 0.0014222222222222223, ""storage_units"": ""m"", ""target_units"": ""m3/s""}"
2020-08-01 00:04:00,runoff,82,109,default,2020-08-01,2020-09-01,62.0,2678400.0,5.925925925925926e-06,3.327613740111701e-10,-5.555222794181545e-06,positive_daisy_runoff_to_positive_oldr_in_flo_and_negative_storage_sink,,"{""bookkeeping_after_m"": 0.0, ""bookkeeping_before_m"": 3.327613740111701e-10, ""bookkeeping_mode"": ""virtual_ol_d_snapshot"", ""bookkeeping_source"": ""OL_D read-only snapshot"", ""observed_ol_d_before_m"": 3.327613740111701e-10, ""observed_ol_d_time"": ""2020-08-01T00:04:00"", ""requested_step_depth_m"": 5.555555555555556e-06, ""step_volume_m3"": 0.0014222222222222223, ""storage_units"": ""m"", ""target_units"": ""m3/s""}"
2020-08-01 00:04:00,runoff,82,110,default,2020-08-01,2020-09-01,62.0,2678400.0,5.925925925925926e-06,3.452669261605479e-10,-5.555210288629395e-06,positive_daisy_runoff_to_positive_oldr_in_flo_and_negative_storage_sink,,"{""bookkeeping_after_m"": 0.0, ""bookkeeping_before_m"": 3.452669261605479e-10, ""bookkeeping_mode"": ""virtual_ol_d_snapshot"", ""bookkeeping_source"": ""OL_D read-only snapshot"", ""observed_ol_d_before_m"": 3.452669261605479e-10, ""observed_ol_d_time"": ""2020-08-01T00:04:00"", ""requested_step_depth_m"": 5.555555555555556e-06, ""step_volume_m3"": 0.0014222222222222223, ""storage_units"": ""m"", ""target_units"": ""m3/s""}"
2020-08-01 00:04:00,runoff,82,111,default,2020-08-01,2020-09-01,62.0,2678400.0,5.925925925925926e-06,3.3071501093218103e-10,-5.555224840544624e-06,positive_daisy_runoff_to_positive_oldr_in_flo_and_negative_storage_sink,,"{""bookkeeping_after_m"": 0.0, ""bookkeeping_before_m"": 3.3071501093218103e-10, ""bookkeeping_mode"": ""virtual_ol_d_snapshot"", ""bookkeeping_source"": ""OL_D read-only snapshot"", ""observed_ol_d_before_m"": 3.3071501093218103e-10, ""observed_ol_d_time"": ""2020-08-01T00:04:00"", ""requested_step_depth_m"": 5.555555555555556e-06, ""step_volume_m3"": 0.0014222222222222223, ""storage_units"": ""m"", ""target_units"": ""m3/s""}"
2020-08-01 00:04:00,runoff,82,112,default,2020-08-01,2020-09-01,62.0,2678400.0,5.925925925925926e-06,3.133209247607738e-10,-5.555242234630795e-06,positive_daisy_runoff_to_positive_oldr_in_flo_and_negative_storage_sink,,"{""bookkeeping_after_m"": 0.0, ""bookkeeping_before_m"": 3.133209247607738e-10, ""bookkeeping_mode"": ""virtual_ol_d_snapshot"", ""bookkeeping_source"": ""OL_D read-only snapshot"", ""observed_ol_d_before_m"": 3.133209247607738e-10, ""observed_ol_d_time"": ""2020-08-01T00:04:00"", ""requested_step_depth_m"": 5.555555555555556e-06, ""step_volume_m3"": 0.0014222222222222223, ""storage_units"": ""m"", ""target_units"": ""m3/s""}"
2020-08-01 00:04:00,runoff,82,113,default,2020-08-01,2020-09-01,62.0,2678400.0,5.925925925925926e-06,3.427089723118115e-10,-5.555212846583244e-06,positive_daisy_runoff_to_positive_oldr_in_flo_and_negative_storage_sink,,"{""bookkeeping_after_m"": 0.0, ""bookkeeping_before_m"": 3.427089723118115e-10, ""bookkeeping_mode"": ""virtual_ol_d_snapshot"", ""bookkeeping_source"": ""OL_D read-only snapshot"", ""observed_ol_d_before_m"": 3.427089723118115e-10, ""observed_ol_d_time"": ""2020-08-01T00:04:00"", ""requested_step_depth_m"": 5.555555555555556e-06, ""step_volume_m3"": 0.0014222222222222223, ""storage_units"": ""m"", ""target_units"": ""m3/s""}"
2020-08-01 00:04:00,runoff,82,114,default,2020-08-01,2020-09-01,62.0,2678400.0,5.925925925925926e-06,2.9888269637012854e-10,-5.555256672859186e-06,positive_daisy_runoff_to_positive_oldr_in_flo_and_negative_storage_sink,,"{""bookkeeping_after_m"": 0.0, ""bookkeeping_before_m"": 2.9888269637012854e-10, ""bookkeeping_mode"": ""virtual_ol_d_snapshot"", ""bookkeeping_source"": ""OL_D read-only snapshot"", ""observed_ol_d_before_m"": 2.9888269637012854e-10, ""observed_ol_d_time"": ""2020-08-01T00:04:00"", ""requested_step_depth_m"": 5.555555555555556e-06, ""step_volume_m3"": 0.0014222222222222223, ""storage_units"": ""m"", ""target_units"": ""m3/s""}"
2020-08-01 00:04:00,runoff,82,115,default,2020-08-01,2020-09-01,62.0,2678400.0,5.925925925925926e-06,3.0729552236152813e-10,-5.555248260033194e-06,positive_daisy_runoff_to_positive_oldr_in_flo_and_negative_storage_sink,,"{""bookkeeping_after_m"": 0.0, ""bookkeeping_before_m"": 3.0729552236152813e-10, ""bookkeeping_mode"": ""virtual_ol_d_snapshot"", ""bookkeeping_source"": ""OL_D read-only snapshot"", ""observed_ol_d_before_m"": 3.0729552236152813e-10, ""observed_ol_d_time"": ""2020-08-01T00:04:00"", ""requested_step_depth_m"": 5.555555555555556e-06, ""step_volume_m3"": 0.0014222222222222223, ""storage_units"": ""m"", ""target_units"": ""m3/s""}"
2020-08-01 00:04:00,runoff,82,116,default,2020-08-01,2020-09-01,62.0,2678400.0,5.925925925925926e-06,3.3435298973927274e-10,-5.5552212025658165e-06,positive_daisy_runoff_to_positive_oldr_in_flo_and_negative_storage_sink,,"{""bookkeeping_after_m"": 0.0, ""bookkeeping_before_m"": 3.3435298973927274e-10, ""bookkeeping_mode"": ""virtual_ol_d_snapshot"", ""bookkeeping_source"": ""OL_D read-only snapshot"", ""observed_ol_d_before_m"": 3.3435298973927274e-10, ""observed_ol_d_time"": ""2020-08-01T00:04:00"", ""requested_step_depth_m"": 5.555555555555556e-06, ""step_volume_m3"": 0.0014222222222222223, ""storage_units"": ""m"", ""target_units"": ""m3/s""}"
2020-08-01 00:04:00,runoff,83,72,default,2020-08-01,2020-09-01,62.0,2678400.0,5.925925925925926e-06,-0.0,-5.555555555555556e-06,positive_daisy_runoff_to_positive_oldr_in_flo_and_negative_storage_sink,,"{""bookkeeping_after_m"": 0.0, ""bookkeeping_before_m"": 0.0, ""bookkeeping_mode"": ""virtual_ol_d_snapshot"", ""bookkeeping_source"": ""OL_D read-only snapshot"", ""observed_ol_d_before_m"": 0.0, ""observed_ol_d_time"": ""2020-08-01T00:04:00"", ""requested_step_depth_m"": 5.555555555555556e-06, ""step_volume_m3"": 0.0014222222222222223, ""storage_units"": ""m"", ""target_units"": ""m3/s""}"
2020-08-01 00:04:00,runoff,83,73,default,2020-08-01,2020-09-01,62.0,2678400.0,5.925925925925926e-06,3.0041746867937036e-10,-5.5552551380868765e-06,positive_daisy_runoff_to_positive_oldr_in_flo_and_negative_storage_sink,,"{""bookkeeping_after_m"": 0.0, ""bookkeeping_before_m"": 3.0041746867937036e-10, ""bookkeeping_mode"": ""virtual_ol_d_snapshot"", ""bookkeeping_source"": ""OL_D read-only snapshot"", ""observed_ol_d_before_m"": 3.0041746867937036e-10, ""observed_ol_d_time"": ""2020-08-01T00:04:00"", ""requested_step_depth_m"": 5.555555555555556e-06, ""step_volume_m3"": 0.0014222222222222223, ""storage_units"": ""m"", ""target_units"": ""m3/s""}"
2020-08-01 00:04:00,runoff,83,74,default,2020-08-01,2020-09-01,62.0,2678400.0,5.925925925925926e-06,3.036007001355756e-10,-5.55525195485542e-06,positive_daisy_runoff_to_positive_oldr_in_flo_and_negative_storage_sink,,"{""bookkeeping_after_m"": 0.0, ""bookkeeping_before_m"": 3.036007001355756e-10, ""bookkeeping_mode"": ""virtual_ol_d_snapshot"", ""bookkeeping_source"": ""OL_D read-only snapshot"", ""observed_ol_d_before_m"": 3.036007001355756e-10, ""observed_ol_d_time"": ""2020-08-01T00:04:00"", ""requested_step_depth_m"": 5.555555555555556e-06, ""step_volume_m3"": 0.0014222222222222223, ""storage_units"": ""m"", ""target_units"": ""m3/s""}"
2020-08-01 00:04:00,runoff,83,75,default,2020-08-01,2020-09-01,62.0,2678400.0,5.925925925925926e-06,3.051354724448174e-10,-5.555250420083111e-06,positive_daisy_runoff_to_positive_oldr_in_flo_and_negative_storage_sink,,"{""bookkeeping_after_m"": 0.0, ""bookkeeping_before_m"": 3.051354724448174e-10, ""bookkeeping_mode"": ""virtual_ol_d_snapshot"", ""bookkeeping_source"": ""OL_D read-only snapshot"", ""observed_ol_d_before_m"": 3.051354724448174e-10, ""observed_ol_d_time"": ""2020-08-01T00:04:00"", ""requested_step_depth_m"": 5.555555555555556e-06, ""step_volume_m3"": 0.0014222222222222223, ""storage_units"": ""m"", ""target_units"": ""m3/s""}"
2020-08-01 00:04:00,runoff,83,76,default,2020-08-01,2020-09-01,62.0,2678400.0,5.925925925925926e-06,3.099103196291253e-10,-5.555245645235927e-06,positive_daisy_runoff_to_positive_oldr_in_flo_and_negative_storage_sink,,"{""bookkeeping_after_m"": 0.0, ""bookkeeping_before_m"": 3.099103196291253e-10, ""bookkeeping_mode"": ""virtual_ol_d_snapshot"", ""bookkeeping_source"": ""OL_D read-only snapshot"", ""observed_ol_d_before_m"": 3.099103196291253e-10, ""observed_ol_d_time"": ""2020-08-01T00:04:00"", ""requested_step_depth_m"": 5.555555555555556e-06, ""step_volume_m3"": 0.0014222222222222223, ""storage_units"": ""m"", ""target_units"": ""m3/s""}"
2020-08-01 00:04:00,runoff,83,77,default,2020-08-01,2020-09-01,62.0,2678400.0,5.925925925925926e-06,3.1093350116861984e-10,-5.555244622054387e-06,positive_daisy_runoff_to_positive_oldr_in_flo_and_negative_storage_sink,,"{""bookkeeping_after_m"": 0.0, ""bookkeeping_before_m"": 3.1093350116861984e-10, ""bookkeeping_mode"": ""virtual_ol_d_snapshot"", ""bookkeeping_source"": ""OL_D read-only snapshot"", ""observed_ol_d_before_m"": 3.1093350116861984e-10, ""observed_ol_d_time"": ""2020-08-01T00:04:00"", ""requested_step_depth_m"": 5.555555555555556e-06, ""step_volume_m3"": 0.0014222222222222223, ""storage_units"": ""m"", ""target_units"": ""m3/s""}"
2020-08-01 00:04:00,runoff,83,78,default,2020-08-01,2020-09-01,62.0,2678400.0,5.925925925925926e-06,3.1104718800634146e-10,-5.5552445083675495e-06,positive_daisy_runoff_to_positive_oldr_in_flo_and_negative_storage_sink,,"{""bookkeeping_after_m"": 0.0, ""bookkeeping_before_m"": 3.1104718800634146e-10, ""bookkeeping_mode"": ""virtual_ol_d_snapshot"", ""bookkeeping_source"": ""OL_D read-only snapshot"", ""observed_ol_d_before_m"": 3.1104718800634146e-10, ""observed_ol_d_time"": ""2020-08-01T00:04:00"", ""requested_step_depth_m"": 5.555555555555556e-06, ""step_volume_m3"": 0.0014222222222222223, ""storage_units"": ""m"", ""target_units"": ""m3/s""}"
2020-08-01 00:04:00,runoff,83,79,default,2020-08-01,2020-09-01,62.0,2678400.0,5.925925925925926e-06,3.127524905721657e-10,-5.555242803064984e-06,positive_daisy_runoff_to_positive_oldr_in_flo_and_negative_storage_sink,,"{""bookkeeping_after_m"": 0.0, ""bookkeeping_before_m"": 3.127524905721657e-10, ""bookkeeping_mode"": ""virtual_ol_d_snapshot"", ""bookkeeping_source"": ""OL_D read-only snapshot"", ""observed_ol_d_before_m"": 3.127524905721657e-10, ""observed_ol_d_time"": ""2020-08-01T00:04:00"", ""requested_step_depth_m"": 5.555555555555556e-06, ""step_volume_m3"": 0.0014222222222222223, ""storage_units"": ""m"", ""target_units"": ""m3/s""}"
2020-08-01 00:04:00,runoff,83,80,default,2020-08-01,2020-09-01,62.0,2678400.0,5.925925925925926e-06,3.1252511689672247e-10,-5.555243030438659e-06,positive_daisy_runoff_to_positive_oldr_in_flo_and_negative_storage_sink,,"{""bookkeeping_after_m"": 0.0, ""bookkeeping_before_m"": 3.1252511689672247e-10, ""bookkeeping_mode"": ""virtual_ol_d_snapshot"", ""bookkeeping_source"": ""OL_D read-only snapshot"", ""observed_ol_d_before_m"": 3.1252511689672247e-10, ""observed_ol_d_time"": ""2020-08-01T00:04:00"", ""requested_step_depth_m"": 5.555555555555556e-06, ""step_volume_m3"": 0.0014222222222222223, ""storage_units"": ""m"", ""target_units"": ""m3/s""}"
2020-08-01 00:04:00,runoff,83,81,default,2020-08-01,2020-09-01,62.0,2678400.0,5.925925925925926e-06,3.1252511689672247e-10,-5.555243030438659e-06,positive_daisy_runoff_to_positive_oldr_in_flo_and_negative_storage_sink,,"{""bookkeeping_after_m"": 0.0, ""bookkeeping_before_m"": 3.1252511689672247e-10, ""bookkeeping_mode"": ""virtual_ol_d_snapshot"", ""bookkeeping_source"": ""OL_D read-only snapshot"", ""observed_ol_d_before_m"": 3.1252511689672247e-10, ""observed_ol_d_time"": ""2020-08-01T00:04:00"", ""requested_step_depth_m"": 5.555555555555556e-06, ""step_volume_m3"": 0.0014222222222222223, ""storage_units"": ""m"", ""target_units"": ""m3/s""}"
2020-08-01 00:04:00,runoff,83,82,default,2020-08-01,2020-09-01,62.0,2678400.0,5.925925925925926e-06,3.1036506698001176e-10,-5.555245190488576e-06,positive_daisy_runoff_to_positive_oldr_in_flo_and_negative_storage_sink,,"{""bookkeeping_after_m"": 0.0, ""bookkeeping_before_m"": 3.1036506698001176e-10, ""bookkeeping_mode"": ""virtual_ol_d_snapshot"", ""bookkeeping_source"": ""OL_D read-only snapshot"", ""observed_ol_d_before_m"": 3.1036506698001176e-10, ""observed_ol_d_time"": ""2020-08-01T00:04:00"", ""requested_step_depth_m"": 5.555555555555556e-06, ""step_volume_m3"": 0.0014222222222222223, ""storage_units"": ""m"", ""target_units"": ""m3/s""}"
2020-08-01 00:04:00,runoff,83,83,default,2020-08-01,2020-09-01,62.0,2678400.0,5.925925925925926e-06,3.0456703825620934e-10,-5.5552509885173e-06,positive_daisy_runoff_to_positive_oldr_in_flo_and_negative_storage_sink,,"{""bookkeeping_after_m"": 0.0, ""bookkeeping_before_m"": 3.0456703825620934e-10, ""bookkeeping_mode"": ""virtual_ol_d_snapshot"", ""bookkeeping_source"": ""OL_D read-only snapshot"", ""observed_ol_d_before_m"": 3.0456703825620934e-10, ""observed_ol_d_time"": ""2020-08-01T00:04:00"", ""requested_step_depth_m"": 5.555555555555556e-06, ""step_volume_m3"": 0.0014222222222222223, ""storage_units"": ""m"", ""target_units"": ""m3/s""}"
2020-08-01 00:04:00,runoff,83,84,default,2020-08-01,2020-09-01,62.0,2678400.0,5.925925925925926e-06,2.9956481739645824e-10,-5.555255990738159e-06,positive_daisy_runoff_to_positive_oldr_in_flo_and_negative_storage_sink,,"{""bookkeeping_after_m"": 0.0, ""bookkeeping_before_m"": 2.9956481739645824e-10, ""bookkeeping_mode"": ""virtual_ol_d_snapshot"", ""bookkeeping_source"": ""OL_D read-only snapshot"", ""observed_ol_d_before_m"": 2.9956481739645824e-10, ""observed_ol_d_time"": ""2020-08-01T00:04:00"", ""requested_step_depth_m"": 5.555555555555556e-06, ""step_volume_m3"": 0.0014222222222222223, ""storage_units"": ""m"", ""target_units"": ""m3/s""}"
2020-08-01 00:04:00,runoff,83,85,default,2020-08-01,2020-09-01,62.0,2678400.0,5.925925925925926e-06,2.9950797397759743e-10,-5.555256047581578e-06,positive_daisy_runoff_to_positive_oldr_in_flo_and_negative_storage_sink,,"{""bookkeeping_after_m"": 0.0, ""bookkeeping_before_m"": 2.9950797397759743e-10, ""bookkeeping_mode"": ""virtual_ol_d_snapshot"", ""bookkeeping_source"": ""OL_D read-only snapshot"", ""observed_ol_d_before_m"": 2.9950797397759743e-10, ""observed_ol_d_time"": ""2020-08-01T00:04:00"", ""requested_step_depth_m"": 5.555555555555556e-06, ""step_volume_m3"": 0.0014222222222222223, ""storage_units"": ""m"", ""target_units"": ""m3/s""}"
2020-08-01 00:04:00,runoff,83,86,default,2020-08-01,2020-09-01,62.0,2678400.0,5.925925925925926e-06,2.9888269637012854e-10,-5.555256672859186e-06,positive_daisy_runoff_to_positive_oldr_in_flo_and_negative_storage_sink,,"{""bookkeeping_after_m"": 0.0, ""bookkeeping_before_m"": 2.9888269637012854e-10, ""bookkeeping_mode"": ""virtual_ol_d_snapshot"", ""bookkeeping_source"": ""OL_D read-only snapshot"", ""observed_ol_d_before_m"": 2.9888269637012854e-10, ""observed_ol_d_time"": ""2020-08-01T00:04:00"", ""requested_step_depth_m"": 5.555555555555556e-06, ""step_volume_m3"": 0.0014222222222222223, ""storage_units"": ""m"", ""target_units"": ""m3/s""}"
2020-08-01 00:04:00,runoff,83,87,default,2020-08-01,2020-09-01,62.0,2678400.0,5.925925925925926e-06,2.9893953978898935e-10,-5.555256616015767e-06,positive_daisy_runoff_to_positive_oldr_in_flo_and_negative_storage_sink,,"{""bookkeeping_after_m"": 0.0, ""bookkeeping_before_m"": 2.9893953978898935e-10, ""bookkeeping_mode"": ""virtual_ol_d_snapshot"", ""bookkeeping_source"": ""OL_D read-only snapshot"", ""observed_ol_d_before_m"": 2.9893953978898935e-10, ""observed_ol_d_time"": ""2020-08-01T00:04:00"", ""requested_step_depth_m"": 5.555555555555556e-06, ""step_volume_m3"": 0.0014222222222222223, ""storage_units"": ""m"", ""target_units"": ""m3/s""}"
2020-08-01 00:04:00,runoff,83,88,default,2020-08-01,2020-09-01,62.0,2678400.0,5.925925925925926e-06,3.000764081662055e-10,-5.55525547914739e-06,positive_daisy_runoff_to_positive_oldr_in_flo_and_negative_storage_sink,,"{""bookkeeping_after_m"": 0.0, ""bookkeeping_before_m"": 3.000764081662055e-10, ""bookkeeping_mode"": ""virtual_ol_d_snapshot"", ""bookkeeping_source"": ""OL_D read-only snapshot"", ""observed_ol_d_before_m"": 3.000764081662055e-10, ""observed_ol_d_time"": ""2020-08-01T00:04:00"", ""requested_step_depth_m"": 5.555555555555556e-06, ""step_volume_m3"": 0.0014222222222222223, ""storage_units"": ""m"", ""target_units"": ""m3/s""}"
2020-08-01 00:04:00,runoff,83,89,default,2020-08-01,2020-09-01,62.0,2678400.0,5.925925925925926e-06,3.065565579163376e-10,-5.5552489989976395e-06,positive_daisy_runoff_to_positive_oldr_in_flo_and_negative_storage_sink,,"{""bookkeeping_after_m"": 0.0, ""bookkeeping_before_m"": 3.065565579163376e-10, ""bookkeeping_mode"": ""virtual_ol_d_snapshot"", ""bookkeeping_source"": ""OL_D read-only snapshot"", ""observed_ol_d_before_m"": 3.065565579163376e-10, ""observed_ol_d_time"": ""2020-08-01T00:04:00"", ""requested_step_depth_m"": 5.555555555555556e-06, ""step_volume_m3"": 0.0014222222222222223, ""storage_units"": ""m"", ""target_units"": ""m3/s""}"
2020-08-01 00:04:00,runoff,83,90,default,2020-08-01,2020-09-01,62.0,2678400.0,5.925925925925926e-06,3.1536728783976287e-10,-5.555240188267716e-06,positive_daisy_runoff_to_positive_oldr_in_flo_and_negative_storage_sink,,"{""bookkeeping_after_m"": 0.0, ""bookkeeping_before_m"": 3.1536728783976287e-10, ""bookkeeping_mode"": ""virtual_ol_d_snapshot"", ""bookkeeping_source"": ""OL_D read-only snapshot"", ""observed_ol_d_before_m"": 3.1536728783976287e-10, ""observed_ol_d_time"": ""2020-08-01T00:04:00"", ""requested_step_depth_m"": 5.555555555555556e-06, ""step_volume_m3"": 0.0014222222222222223, ""storage_units"": ""m"", ""target_units"": ""m3/s""}"
2020-08-01 00:04:00,runoff,83,91,default,2020-08-01,2020-09-01,62.0,2678400.0,5.925925925925926e-06,3.178115548507776e-10,-5.555237744000705e-06,positive_daisy_runoff_to_positive_oldr_in_flo_and_negative_storage_sink,,"{""bookkeeping_after_m"": 0.0, ""bookkeeping_before_m"": 3.178115548507776e-10, ""bookkeeping_mode"": ""virtual_ol_d_snapshot"", ""bookkeeping_source"": ""OL_D read-only snapshot"", ""observed_ol_d_before_m"": 3.178115548507776e-10, ""observed_ol_d_time"": ""2020-08-01T00:04:00"", ""requested_step_depth_m"": 5.555555555555556e-06, ""step_volume_m3"": 0.0014222222222222223, ""storage_units"": ""m"", ""target_units"": ""m3/s""}"
2020-08-01 00:04:00,runoff,83,93,default,2020-08-01,2020-09-01,62.0,2678400.0,5.925925925925926e-06,-0.0,-5.555555555555556e-06,positive_daisy_runoff_to_positive_oldr_in_flo_and_negative_storage_sink,,"{""bookkeeping_after_m"": 0.0, ""bookkeeping_before_m"": 0.0, ""bookkeeping_mode"": ""virtual_ol_d_snapshot"", ""bookkeeping_source"": ""OL_D read-only snapshot"", ""observed_ol_d_before_m"": 0.0, ""observed_ol_d_time"": ""2020-08-01T00:04:00"", ""requested_step_depth_m"": 5.555555555555556e-06, ""step_volume_m3"": 0.0014222222222222223, ""storage_units"": ""m"", ""target_units"": ""m3/s""}"
2020-08-01 00:04:00,runoff,83,94,default,2020-08-01,2020-09-01,62.0,2678400.0,5.925925925925926e-06,3.058175934711471e-10,-5.555249737962085e-06,positive_daisy_runoff_to_positive_oldr_in_flo_and_negative_storage_sink,,"{""bookkeeping_after_m"": 0.0, ""bookkeeping_before_m"": 3.058175934711471e-10, ""bookkeeping_mode"": ""virtual_ol_d_snapshot"", ""bookkeeping_source"": ""OL_D read-only snapshot"", ""observed_ol_d_before_m"": 3.058175934711471e-10, ""observed_ol_d_time"": ""2020-08-01T00:04:00"", ""requested_step_depth_m"": 5.555555555555556e-06, ""step_volume_m3"": 0.0014222222222222223, ""storage_units"": ""m"", ""target_units"": ""m3/s""}"
2020-08-01 00:04:00,runoff,83,95,default,2020-08-01,2020-09-01,62.0,2678400.0,5.925925925925926e-06,3.019522409886122e-10,-5.555253603314567e-06,positive_daisy_runoff_to_positive_oldr_in_flo_and_negative_storage_sink,,"{""bookkeeping_after_m"": 0.0, ""bookkeeping_before_m"": 3.019522409886122e-10, ""bookkeeping_mode"": ""virtual_ol_d_snapshot"", ""bookkeeping_source"": ""OL_D read-only snapshot"", ""observed_ol_d_before_m"": 3.019522409886122e-10, ""observed_ol_d_time"": ""2020-08-01T00:04:00"", ""requested_step_depth_m"": 5.555555555555556e-06, ""step_volume_m3"": 0.0014222222222222223, ""storage_units"": ""m"", ""target_units"": ""m3/s""}"
2020-08-01 00:04:00,runoff,83,96,default,2020-08-01,2020-09-01,62.0,2678400.0,5.925925925925926e-06,3.0468072509393096e-10,-5.555250874830462e-06,positive_daisy_runoff_to_positive_oldr_in_flo_and_negative_storage_sink,,"{""bookkeeping_after_m"": 0.0, ""bookkeeping_before_m"": 3.0468072509393096e-10, ""bookkeeping_mode"": ""virtual_ol_d_snapshot"", ""bookkeeping_source"": ""OL_D read-only snapshot"", ""observed_ol_d_before_m"": 3.0468072509393096e-10, ""observed_ol_d_time"": ""2020-08-01T00:04:00"", ""requested_step_depth_m"": 5.555555555555556e-06, ""step_volume_m3"": 0.0014222222222222223, ""storage_units"": ""m"", ""target_units"": ""m3/s""}"
2020-08-01 00:04:00,runoff,83,97,default,2020-08-01,2020-09-01,62.0,2678400.0,5.925925925925926e-06,3.1798208510736004e-10,-5.5552375734704485e-06,positive_daisy_runoff_to_positive_oldr_in_flo_and_negative_storage_sink,,"{""bookkeeping_after_m"": 0.0, ""bookkeeping_before_m"": 3.1798208510736004e-10, ""bookkeeping_mode"": ""virtual_ol_d_snapshot"", ""bookkeeping_source"": ""OL_D read-only snapshot"", ""observed_ol_d_before_m"": 3.1798208510736004e-10, ""observed_ol_d_time"": ""2020-08-01T00:04:00"", ""requested_step_depth_m"": 5.555555555555556e-06, ""step_volume_m3"": 0.0014222222222222223, ""storage_units"": ""m"", ""target_units"": ""m3/s""}"
2020-08-01 00:04:00,runoff,83,98,default,2020-08-01,2020-09-01,62.0,2678400.0,5.925925925925926e-06,3.0189539756975137e-10,-5.555253660157986e-06,positive_daisy_runoff_to_positive_oldr_in_flo_and_negative_storage_sink,,"{""bookkeeping_after_m"": 0.0, ""bookkeeping_before_m"": 3.0189539756975137e-10, ""bookkeeping_mode"": ""virtual_ol_d_snapshot"", ""bookkeeping_source"": ""OL_D read-only snapshot"", ""observed_ol_d_before_m"": 3.0189539756975137e-10, ""observed_ol_d_time"": ""2020-08-01T00:04:00"", ""requested_step_depth_m"": 5.555555555555556e-06, ""step_volume_m3"": 0.0014222222222222223, ""storage_units"": ""m"", ""target_units"": ""m3/s""}"
2020-08-01 00:04:00,runoff,83,99,default,2020-08-01,2020-09-01,62.0,2678400.0,5.925925925925926e-06,2.9950797397759743e-10,-5.555256047581578e-06,positive_daisy_runoff_to_positive_oldr_in_flo_and_negative_storage_sink,,"{""bookkeeping_after_m"": 0.0, ""bookkeeping_before_m"": 2.9950797397759743e-10, ""bookkeeping_mode"": ""virtual_ol_d_snapshot"", ""bookkeeping_source"": ""OL_D read-only snapshot"", ""observed_ol_d_before_m"": 2.9950797397759743e-10, ""observed_ol_d_time"": ""2020-08-01T00:04:00"", ""requested_step_depth_m"": 5.555555555555556e-06, ""step_volume_m3"": 0.0014222222222222223, ""storage_units"": ""m"", ""target_units"": ""m3/s""}"
2020-08-01 00:04:00,runoff,83,100,default,2020-08-01,2020-09-01,62.0,2678400.0,5.925925925925926e-06,2.9973534765304066e-10,-5.555255820207903e-06,positive_daisy_runoff_to_positive_oldr_in_flo_and_negative_storage_sink,,"{""bookkeeping_after_m"": 0.0, ""bookkeeping_before_m"": 2.9973534765304066e-10, ""bookkeeping_mode"": ""virtual_ol_d_snapshot"", ""bookkeeping_source"": ""OL_D read-only snapshot"", ""observed_ol_d_before_m"": 2.9973534765304066e-10, ""observed_ol_d_time"": ""2020-08-01T00:04:00"", ""requested_step_depth_m"": 5.555555555555556e-06, ""step_volume_m3"": 0.0014222222222222223, ""storage_units"": ""m"", ""target_units"": ""m3/s""}"
2020-08-01 00:04:00,runoff,83,101,default,2020-08-01,2020-09-01,62.0,2678400.0,5.925925925925926e-06,3.0468072509393096e-10,-5.555250874830462e-06,positive_daisy_runoff_to_positive_oldr_in_flo_and_negative_storage_sink,,"{""bookkeeping_after_m"": 0.0, ""bookkeeping_before_m"": 3.0468072509393096e-10, ""bookkeeping_mode"": ""virtual_ol_d_snapshot"", ""bookkeeping_source"": ""OL_D read-only snapshot"", ""observed_ol_d_before_m"": 3.0468072509393096e-10, ""observed_ol_d_time"": ""2020-08-01T00:04:00"", ""requested_step_depth_m"": 5.555555555555556e-06, ""step_volume_m3"": 0.0014222222222222223, ""storage_units"": ""m"", ""target_units"": ""m3/s""}"
2020-08-01 00:04:00,runoff,83,102,default,2020-08-01,2020-09-01,62.0,2678400.0,5.925925925925926e-06,3.1036506698001176e-10,-5.555245190488576e-06,positive_daisy_runoff_to_positive_oldr_in_flo_and_negative_storage_sink,,"{""bookkeeping_after_m"": 0.0, ""bookkeeping_before_m"": 3.1036506698001176e-10, ""bookkeeping_mode"": ""virtual_ol_d_snapshot"", ""bookkeeping_source"": ""OL_D read-only snapshot"", ""observed_ol_d_before_m"": 3.1036506698001176e-10, ""observed_ol_d_time"": ""2020-08-01T00:04:00"", ""requested_step_depth_m"": 5.555555555555556e-06, ""step_volume_m3"": 0.0014222222222222223, ""storage_units"": ""m"", ""target_units"": ""m3/s""}"
2020-08-01 00:04:00,runoff,83,103,default,2020-08-01,2020-09-01,62.0,2678400.0,5.925925925925926e-06,3.107629709120374e-10,-5.555244792584644e-06,positive_daisy_runoff_to_positive_oldr_in_flo_and_negative_storage_sink,,"{""bookkeeping_after_m"": 0.0, ""bookkeeping_before_m"": 3.107629709120374e-10, ""bookkeeping_mode"": ""virtual_ol_d_snapshot"", ""bookkeeping_source"": ""OL_D read-only snapshot"", ""observed_ol_d_before_m"": 3.107629709120374e-10, ""observed_ol_d_time"": ""2020-08-01T00:04:00"", ""requested_step_depth_m"": 5.555555555555556e-06, ""step_volume_m3"": 0.0014222222222222223, ""storage_units"": ""m"", ""target_units"": ""m3/s""}"
2020-08-01 00:04:00,runoff,83,104,default,2020-08-01,2020-09-01,62.0,2678400.0,5.925925925925926e-06,3.1246827347786166e-10,-5.555243087282078e-06,positive_daisy_runoff_to_positive_oldr_in_flo_and_negative_storage_sink,,"{""bookkeeping_after_m"": 0.0, ""bookkeeping_before_m"": 3.1246827347786166e-10, ""bookkeeping_mode"": ""virtual_ol_d_snapshot"", ""bookkeeping_source"": ""OL_D read-only snapshot"", ""observed_ol_d_before_m"": 3.1246827347786166e-10, ""observed_ol_d_time"": ""2020-08-01T00:04:00"", ""requested_step_depth_m"": 5.555555555555556e-06, ""step_volume_m3"": 0.0014222222222222223, ""storage_units"": ""m"", ""target_units"": ""m3/s""}"
2020-08-01 00:04:00,runoff,83,105,default,2020-08-01,2020-09-01,62.0,2678400.0,5.925925925925926e-06,3.118998392892536e-10,-5.5552436557162666e-06,positive_daisy_runoff_to_positive_oldr_in_flo_and_negative_storage_sink,,"{""bookkeeping_after_m"": 0.0, ""bookkeeping_before_m"": 3.118998392892536e-10, ""bookkeeping_mode"": ""virtual_ol_d_snapshot"", ""bookkeeping_source"": ""OL_D read-only snapshot"", ""observed_ol_d_before_m"": 3.118998392892536e-10, ""observed_ol_d_time"": ""2020-08-01T00:04:00"", ""requested_step_depth_m"": 5.555555555555556e-06, ""step_volume_m3"": 0.0014222222222222223, ""storage_units"": ""m"", ""target_units"": ""m3/s""}"
2020-08-01 00:04:00,runoff,83,106,default,2020-08-01,2020-09-01,62.0,2678400.0,5.925925925925926e-06,3.001332515850663e-10,-5.555255422303971e-06,positive_daisy_runoff_to_positive_oldr_in_flo_and_negative_storage_sink,,"{""bookkeeping_after_m"": 0.0, ""bookkeeping_before_m"": 3.001332515850663e-10, ""bookkeeping_mode"": ""virtual_ol_d_snapshot"", ""bookkeeping_source"": ""OL_D read-only snapshot"", ""observed_ol_d_before_m"": 3.001332515850663e-10, ""observed_ol_d_time"": ""2020-08-01T00:04:00"", ""requested_step_depth_m"": 5.555555555555556e-06, ""step_volume_m3"": 0.0014222222222222223, ""storage_units"": ""m"", ""target_units"": ""m3/s""}"
2020-08-01 00:04:00,runoff,83,107,default,2020-08-01,2020-09-01,62.0,2678400.0,5.925925925925926e-06,2.999058779096231e-10,-5.555255649677646e-06,positive_daisy_runoff_to_positive_oldr_in_flo_and_negative_storage_sink,,"{""bookkeeping_after_m"": 0.0, ""bookkeeping_before_m"": 2.999058779096231e-10, ""bookkeeping_mode"": ""virtual_ol_d_snapshot"", ""bookkeeping_source"": ""OL_D read-only snapshot"", ""observed_ol_d_before_m"": 2.999058779096231e-10, ""observed_ol_d_time"": ""2020-08-01T00:04:00"", ""requested_step_depth_m"": 5.555555555555556e-06, ""step_volume_m3"": 0.0014222222222222223, ""storage_units"": ""m"", ""target_units"": ""m3/s""}"
2020-08-01 00:04:00,runoff,83,108,default,2020-08-01,2020-09-01,62.0,2678400.0,5.925925925925926e-06,3.0757973945583217e-10,-5.5552479758161e-06,positive_daisy_runoff_to_positive_oldr_in_flo_and_negative_storage_sink,,"{""bookkeeping_after_m"": 0.0, ""bookkeeping_before_m"": 3.0757973945583217e-10, ""bookkeeping_mode"": ""virtual_ol_d_snapshot"", ""bookkeeping_source"": ""OL_D read-only snapshot"", ""observed_ol_d_before_m"": 3.0757973945583217e-10, ""observed_ol_d_time"": ""2020-08-01T00:04:00"", ""requested_step_depth_m"": 5.555555555555556e-06, ""step_volume_m3"": 0.0014222222222222223, ""storage_units"": ""m"", ""target_units"": ""m3/s""}"
2020-08-01 00:04:00,runoff,83,109,default,2020-08-01,2020-09-01,62.0,2678400.0,5.925925925925926e-06,3.2883917810977437e-10,-5.555226716377446e-06,positive_daisy_runoff_to_positive_oldr_in_flo_and_negative_storage_sink,,"{""bookkeeping_after_m"": 0.0, ""bookkeeping_before_m"": 3.2883917810977437e-10, ""bookkeeping_mode"": ""virtual_ol_d_snapshot"", ""bookkeeping_source"": ""OL_D read-only snapshot"", ""observed_ol_d_before_m"": 3.2883917810977437e-10, ""observed_ol_d_time"": ""2020-08-01T00:04:00"", ""requested_step_depth_m"": 5.555555555555556e-06, ""step_volume_m3"": 0.0014222222222222223, ""storage_units"": ""m"", ""target_units"": ""m3/s""}"
2020-08-01 00:04:00,runoff,83,110,default,2020-08-01,2020-09-01,62.0,2678400.0,5.925925925925926e-06,3.341256160638295e-10,-5.555221429939492e-06,positive_daisy_runoff_to_positive_oldr_in_flo_and_negative_storage_sink,,"{""bookkeeping_after_m"": 0.0, ""bookkeeping_before_m"": 3.341256160638295e-10, ""bookkeeping_mode"": ""virtual_ol_d_snapshot"", ""bookkeeping_source"": ""OL_D read-only snapshot"", ""observed_ol_d_before_m"": 3.341256160638295e-10, ""observed_ol_d_time"": ""2020-08-01T00:04:00"", ""requested_step_depth_m"": 5.555555555555556e-06, ""step_volume_m3"": 0.0014222222222222223, ""storage_units"": ""m"", ""target_units"": ""m3/s""}"
2020-08-01 00:04:00,runoff,83,111,default,2020-08-01,2020-09-01,62.0,2678400.0,5.925925925925926e-06,3.098534762102645e-10,-5.5552457020793456e-06,positive_daisy_runoff_to_positive_oldr_in_flo_and_negative_storage_sink,,"{""bookkeeping_after_m"": 0.0, ""bookkeeping_before_m"": 3.098534762102645e-10, ""bookkeeping_mode"": ""virtual_ol_d_snapshot"", ""bookkeeping_source"": ""OL_D read-only snapshot"", ""observed_ol_d_before_m"": 3.098534762102645e-10, ""observed_ol_d_time"": ""2020-08-01T00:04:00"", ""requested_step_depth_m"": 5.555555555555556e-06, ""step_volume_m3"": 0.0014222222222222223, ""storage_units"": ""m"", ""target_units"": ""m3/s""}"
2020-08-01 00:04:00,runoff,83,112,default,2020-08-01,2020-09-01,62.0,2678400.0,5.925925925925926e-06,2.992237568832934e-10,-5.5552563317986725e-06,positive_daisy_runoff_to_positive_oldr_in_flo_and_negative_storage_sink,,"{""bookkeeping_after_m"": 0.0, ""bookkeeping_before_m"": 2.992237568832934e-10, ""bookkeeping_mode"": ""virtual_ol_d_snapshot"", ""bookkeeping_source"": ""OL_D read-only snapshot"", ""observed_ol_d_before_m"": 2.992237568832934e-10, ""observed_ol_d_time"": ""2020-08-01T00:04:00"", ""requested_step_depth_m"": 5.555555555555556e-06, ""step_volume_m3"": 0.0014222222222222223, ""storage_units"": ""m"", ""target_units"": ""m3/s""}"
2020-08-01 00:04:00,runoff,83,113,default,2020-08-01,2020-09-01,62.0,2678400.0,5.925925925925926e-06,2.991100700455718e-10,-5.55525644548551e-06,positive_daisy_runoff_to_positive_oldr_in_flo_and_negative_storage_sink,,"{""bookkeeping_after_m"": 0.0, ""bookkeeping_before_m"": 2.991100700455718e-10, ""bookkeeping_mode"": ""virtual_ol_d_snapshot"", ""bookkeeping_source"": ""OL_D read-only snapshot"", ""observed_ol_d_before_m"": 2.991100700455718e-10, ""observed_ol_d_time"": ""2020-08-01T00:04:00"", ""requested_step_depth_m"": 5.555555555555556e-06, ""step_volume_m3"": 0.0014222222222222223, ""storage_units"": ""m"", ""target_units"": ""m3/s""}"
2020-08-01 00:04:00,runoff,83,114,default,2020-08-01,2020-09-01,62.0,2678400.0,5.925925925925926e-06,2.991100700455718e-10,-5.55525644548551e-06,positive_daisy_runoff_to_positive_oldr_in_flo_and_negative_storage_sink,,"{""bookkeeping_after_m"": 0.0, ""bookkeeping_before_m"": 2.991100700455718e-10, ""bookkeeping_mode"": ""virtual_ol_d_snapshot"", ""bookkeeping_source"": ""OL_D read-only snapshot"", ""observed_ol_d_before_m"": 2.991100700455718e-10, ""observed_ol_d_time"": ""2020-08-01T00:04:00"", ""requested_step_depth_m"": 5.555555555555556e-06, ""step_volume_m3"": 0.0014222222222222223, ""storage_units"": ""m"", ""target_units"": ""m3/s""}"
2020-08-01 00:04:00,runoff,83,115,default,2020-08-01,2020-09-01,62.0,2678400.0,5.925925925925926e-06,3.2787283998914063e-10,-5.555227682715567e-06,positive_daisy_runoff_to_positive_oldr_in_flo_and_negative_storage_sink,,"{""bookkeeping_after_m"": 0.0, ""bookkeeping_before_m"": 3.2787283998914063e-10, ""bookkeeping_mode"": ""virtual_ol_d_snapshot"", ""bookkeeping_source"": ""OL_D read-only snapshot"", ""observed_ol_d_before_m"": 3.2787283998914063e-10, ""observed_ol_d_time"": ""2020-08-01T00:04:00"", ""requested_step_depth_m"": 5.555555555555556e-06, ""step_volume_m3"": 0.0014222222222222223, ""storage_units"": ""m"", ""target_units"": ""m3/s""}"
2020-08-01 00:04:00,runoff,83,116,default,2020-08-01,2020-09-01,62.0,2678400.0,5.925925925925926e-06,3.128661774098873e-10,-5.555242689378146e-06,positive_daisy_runoff_to_positive_oldr_in_flo_and_negative_storage_sink,,"{""bookkeeping_after_m"": 0.0, ""bookkeeping_before_m"": 3.128661774098873e-10, ""bookkeeping_mode"": ""virtual_ol_d_snapshot"", ""bookkeeping_source"": ""OL_D read-only snapshot"", ""observed_ol_d_before_m"": 3.128661774098873e-10, ""observed_ol_d_time"": ""2020-08-01T00:04:00"", ""requested_step_depth_m"": 5.555555555555556e-06, ""step_volume_m3"": 0.0014222222222222223, ""storage_units"": ""m"", ""target_units"": ""m3/s""}"
2020-08-01 00:04:00,runoff,84,70,default,2020-08-01,2020-09-01,62.0,2678400.0,5.925925925925926e-06,3.298055162304081e-10,-5.555225750039325e-06,positive_daisy_runoff_to_positive_oldr_in_flo_and_negative_storage_sink,,"{""bookkeeping_after_m"": 0.0, ""bookkeeping_before_m"": 3.298055162304081e-10, ""bookkeeping_mode"": ""virtual_ol_d_snapshot"", ""bookkeeping_source"": ""OL_D read-only snapshot"", ""observed_ol_d_before_m"": 3.298055162304081e-10, ""observed_ol_d_time"": ""2020-08-01T00:04:00"", ""requested_step_depth_m"": 5.555555555555556e-06, ""step_volume_m3"": 0.0014222222222222223, ""storage_units"": ""m"", ""target_units"": ""m3/s""}"
2020-08-01 00:04:00,runoff,84,71,default,2020-08-01,2020-09-01,62.0,2678400.0,5.925925925925926e-06,3.1889157980913296e-10,-5.555236663975747e-06,positive_daisy_runoff_to_positive_oldr_in_flo_and_negative_storage_sink,,"{""bookkeeping_after_m"": 0.0, ""bookkeeping_before_m"": 3.1889157980913296e-10, ""bookkeeping_mode"": ""virtual_ol_d_snapshot"", ""bookkeeping_source"": ""OL_D read-only snapshot"", ""observed_ol_d_before_m"": 3.1889157980913296e-10, ""observed_ol_d_time"": ""2020-08-01T00:04:00"", ""requested_step_depth_m"": 5.555555555555556e-06, ""step_volume_m3"": 0.0014222222222222223, ""storage_units"": ""m"", ""target_units"": ""m3/s""}"
2020-08-01 00:04:00,runoff,84,72,default,2020-08-01,2020-09-01,62.0,2678400.0,5.925925925925926e-06,3.1820945878280327e-10,-5.555237346096773e-06,positive_daisy_runoff_to_positive_oldr_in_flo_and_negative_storage_sink,,"{""bookkeeping_after_m"": 0.0, ""bookkeeping_before_m"": 3.1820945878280327e-10, ""bookkeeping_mode"": ""virtual_ol_d_snapshot"", ""bookkeeping_source"": ""OL_D read-only snapshot"", ""observed_ol_d_before_m"": 3.1820945878280327e-10, ""observed_ol_d_time"": ""2020-08-01T00:04:00"", ""requested_step_depth_m"": 5.555555555555556e-06, ""step_volume_m3"": 0.0014222222222222223, ""storage_units"": ""m"", ""target_units"": ""m3/s""}"
2020-08-01 00:04:00,runoff,84,73,default,2020-08-01,2020-09-01,62.0,2678400.0,5.925925925925926e-06,3.0047431209823117e-10,-5.555255081243458e-06,positive_daisy_runoff_to_positive_oldr_in_flo_and_negative_storage_sink,,"{""bookkeeping_after_m"": 0.0, ""bookkeeping_before_m"": 3.0047431209823117e-10, ""bookkeeping_mode"": ""virtual_ol_d_snapshot"", ""bookkeeping_source"": ""OL_D read-only snapshot"", ""observed_ol_d_before_m"": 3.0047431209823117e-10, ""observed_ol_d_time"": ""2020-08-01T00:04:00"", ""requested_step_depth_m"": 5.555555555555556e-06, ""step_volume_m3"": 0.0014222222222222223, ""storage_units"": ""m"", ""target_units"": ""m3/s""}"
2020-08-01 00:04:00,runoff,84,74,default,2020-08-01,2020-09-01,62.0,2678400.0,5.925925925925926e-06,3.1172930903267115e-10,-5.555243826246523e-06,positive_daisy_runoff_to_positive_oldr_in_flo_and_negative_storage_sink,,"{""bookkeeping_after_m"": 0.0, ""bookkeeping_before_m"": 3.1172930903267115e-10, ""bookkeeping_mode"": ""virtual_ol_d_snapshot"", ""bookkeeping_source"": ""OL_D read-only snapshot"", ""observed_ol_d_before_m"": 3.1172930903267115e-10, ""observed_ol_d_time"": ""2020-08-01T00:04:00"", ""requested_step_depth_m"": 5.555555555555556e-06, ""step_volume_m3"": 0.0014222222222222223, ""storage_units"": ""m"", ""target_units"": ""m3/s""}"
2020-08-01 00:04:00,runoff,84,75,default,2020-08-01,2020-09-01,62.0,2678400.0,5.925925925925926e-06,3.113882485195063e-10,-5.555244167307036e-06,positive_daisy_runoff_to_positive_oldr_in_flo_and_negative_storage_sink,,"{""bookkeeping_after_m"": 0.0, ""bookkeeping_before_m"": 3.113882485195063e-10, ""bookkeeping_mode"": ""virtual_ol_d_snapshot"", ""bookkeeping_source"": ""OL_D read-only snapshot"", ""observed_ol_d_before_m"": 3.113882485195063e-10, ""observed_ol_d_time"": ""2020-08-01T00:04:00"", ""requested_step_depth_m"": 5.555555555555556e-06, ""step_volume_m3"": 0.0014222222222222223, ""storage_units"": ""m"", ""target_units"": ""m3/s""}"
2020-08-01 00:04:00,runoff,84,76,default,2020-08-01,2020-09-01,62.0,2678400.0,5.925925925925926e-06,3.107061274931766e-10,-5.555244849428063e-06,positive_daisy_runoff_to_positive_oldr_in_flo_and_negative_storage_sink,,"{""bookkeeping_after_m"": 0.0, ""bookkeeping_before_m"": 3.107061274931766e-10, ""bookkeeping_mode"": ""virtual_ol_d_snapshot"", ""bookkeeping_source"": ""OL_D read-only snapshot"", ""observed_ol_d_before_m"": 3.107061274931766e-10, ""observed_ol_d_time"": ""2020-08-01T00:04:00"", ""requested_step_depth_m"": 5.555555555555556e-06, ""step_volume_m3"": 0.0014222222222222223, ""storage_units"": ""m"", ""target_units"": ""m3/s""}"
2020-08-01 00:04:00,runoff,84,77,default,2020-08-01,2020-09-01,62.0,2678400.0,5.925925925925926e-06,3.1320723792305216e-10,-5.555242348317633e-06,positive_daisy_runoff_to_positive_oldr_in_flo_and_negative_storage_sink,,"{""bookkeeping_after_m"": 0.0, ""bookkeeping_before_m"": 3.1320723792305216e-10, ""bookkeeping_mode"": ""virtual_ol_d_snapshot"", ""bookkeeping_source"": ""OL_D read-only snapshot"", ""observed_ol_d_before_m"": 3.1320723792305216e-10, ""observed_ol_d_time"": ""2020-08-01T00:04:00"", ""requested_step_depth_m"": 5.555555555555556e-06, ""step_volume_m3"": 0.0014222222222222223, ""storage_units"": ""m"", ""target_units"": ""m3/s""}"
2020-08-01 00:04:00,runoff,84,78,default,2020-08-01,2020-09-01,62.0,2678400.0,5.925925925925926e-06,3.1297986424760893e-10,-5.555242575691308e-06,positive_daisy_runoff_to_positive_oldr_in_flo_and_negative_storage_sink,,"{""bookkeeping_after_m"": 0.0, ""bookkeeping_before_m"": 3.1297986424760893e-10, ""bookkeeping_mode"": ""virtual_ol_d_snapshot"", ""bookkeeping_source"": ""OL_D read-only snapshot"", ""observed_ol_d_before_m"": 3.1297986424760893e-10, ""observed_ol_d_time"": ""2020-08-01T00:04:00"", ""requested_step_depth_m"": 5.555555555555556e-06, ""step_volume_m3"": 0.0014222222222222223, ""storage_units"": ""m"", ""target_units"": ""m3/s""}"
2020-08-01 00:04:00,runoff,84,79,default,2020-08-01,2020-09-01,62.0,2678400.0,5.925925925925926e-06,3.1184299587039277e-10,-5.5552437125596854e-06,positive_daisy_runoff_to_positive_oldr_in_flo_and_negative_storage_sink,,"{""bookkeeping_after_m"": 0.0, ""bookkeeping_before_m"": 3.1184299587039277e-10, ""bookkeeping_mode"": ""virtual_ol_d_snapshot"", ""bookkeeping_source"": ""OL_D read-only snapshot"", ""observed_ol_d_before_m"": 3.1184299587039277e-10, ""observed_ol_d_time"": ""2020-08-01T00:04:00"", ""requested_step_depth_m"": 5.555555555555556e-06, ""step_volume_m3"": 0.0014222222222222223, ""storage_units"": ""m"", ""target_units"": ""m3/s""}"
2020-08-01 00:04:00,runoff,84,80,default,2020-08-01,2020-09-01,62.0,2678400.0,5.925925925925926e-06,3.1241143005900085e-10,-5.555243144125497e-06,positive_daisy_runoff_to_positive_oldr_in_flo_and_negative_storage_sink,,"{""bookkeeping_after_m"": 0.0, ""bookkeeping_before_m"": 3.1241143005900085e-10, ""bookkeeping_mode"": ""virtual_ol_d_snapshot"", ""bookkeeping_source"": ""OL_D read-only snapshot"", ""observed_ol_d_before_m"": 3.1241143005900085e-10, ""observed_ol_d_time"": ""2020-08-01T00:04:00"", ""requested_step_depth_m"": 5.555555555555556e-06, ""step_volume_m3"": 0.0014222222222222223, ""storage_units"": ""m"", ""target_units"": ""m3/s""}"
2020-08-01 00:04:00,runoff,84,81,default,2020-08-01,2020-09-01,62.0,2678400.0,5.925925925925926e-06,3.1025138014229015e-10,-5.5552453041754135e-06,positive_daisy_runoff_to_positive_oldr_in_flo_and_negative_storage_sink,,"{""bookkeeping_after_m"": 0.0, ""bookkeeping_before_m"": 3.1025138014229015e-10, ""bookkeeping_mode"": ""virtual_ol_d_snapshot"", ""bookkeeping_source"": ""OL_D read-only snapshot"", ""observed_ol_d_before_m"": 3.1025138014229015e-10, ""observed_ol_d_time"": ""2020-08-01T00:04:00"", ""requested_step_depth_m"": 5.555555555555556e-06, ""step_volume_m3"": 0.0014222222222222223, ""storage_units"": ""m"", ""target_units"": ""m3/s""}"
2020-08-01 00:04:00,runoff,84,82,default,2020-08-01,2020-09-01,62.0,2678400.0,5.925925925925926e-06,3.1036506698001176e-10,-5.555245190488576e-06,positive_daisy_runoff_to_positive_oldr_in_flo_and_negative_storage_sink,,"{""bookkeeping_after_m"": 0.0, ""bookkeeping_before_m"": 3.1036506698001176e-10, ""bookkeeping_mode"": ""virtual_ol_d_snapshot"", ""bookkeeping_source"": ""OL_D read-only snapshot"", ""observed_ol_d_before_m"": 3.1036506698001176e-10, ""observed_ol_d_time"": ""2020-08-01T00:04:00"", ""requested_step_depth_m"": 5.555555555555556e-06, ""step_volume_m3"": 0.0014222222222222223, ""storage_units"": ""m"", ""target_units"": ""m3/s""}"
2020-08-01 00:04:00,runoff,84,83,default,2020-08-01,2020-09-01,62.0,2678400.0,5.925925925925926e-06,3.0047431209823117e-10,-5.555255081243458e-06,positive_daisy_runoff_to_positive_oldr_in_flo_and_negative_storage_sink,,"{""bookkeeping_after_m"": 0.0, ""bookkeeping_before_m"": 3.0047431209823117e-10, ""bookkeeping_mode"": ""virtual_ol_d_snapshot"", ""bookkeeping_source"": ""OL_D read-only snapshot"", ""observed_ol_d_before_m"": 3.0047431209823117e-10, ""observed_ol_d_time"": ""2020-08-01T00:04:00"", ""requested_step_depth_m"": 5.555555555555556e-06, ""step_volume_m3"": 0.0014222222222222223, ""storage_units"": ""m"", ""target_units"": ""m3/s""}"
2020-08-01 00:04:00,runoff,84,84,default,2020-08-01,2020-09-01,62.0,2678400.0,5.925925925925926e-06,2.991100700455718e-10,-5.55525644548551e-06,positive_daisy_runoff_to_positive_oldr_in_flo_and_negative_storage_sink,,"{""bookkeeping_after_m"": 0.0, ""bookkeeping_before_m"": 2.991100700455718e-10, ""bookkeeping_mode"": ""virtual_ol_d_snapshot"", ""bookkeeping_source"": ""OL_D read-only snapshot"", ""observed_ol_d_before_m"": 2.991100700455718e-10, ""observed_ol_d_time"": ""2020-08-01T00:04:00"", ""requested_step_depth_m"": 5.555555555555556e-06, ""step_volume_m3"": 0.0014222222222222223, ""storage_units"": ""m"", ""target_units"": ""m3/s""}"
2020-08-01 00:04:00,runoff,84,85,default,2020-08-01,2020-09-01,62.0,2678400.0,5.925925925925926e-06,2.992237568832934e-10,-5.5552563317986725e-06,positive_daisy_runoff_to_positive_oldr_in_flo_and_negative_storage_sink,,"{""bookkeeping_after_m"": 0.0, ""bookkeeping_before_m"": 2.992237568832934e-10, ""bookkeeping_mode"": ""virtual_ol_d_snapshot"", ""bookkeeping_source"": ""OL_D read-only snapshot"", ""observed_ol_d_before_m"": 2.992237568832934e-10, ""observed_ol_d_time"": ""2020-08-01T00:04:00"", ""requested_step_depth_m"": 5.555555555555556e-06, ""step_volume_m3"": 0.0014222222222222223, ""storage_units"": ""m"", ""target_units"": ""m3/s""}"
2020-08-01 00:04:00,runoff,84,86,default,2020-08-01,2020-09-01,62.0,2678400.0,5.925925925925926e-06,2.998490344907623e-10,-5.555255706521065e-06,positive_daisy_runoff_to_positive_oldr_in_flo_and_negative_storage_sink,,"{""bookkeeping_after_m"": 0.0, ""bookkeeping_before_m"": 2.998490344907623e-10, ""bookkeeping_mode"": ""virtual_ol_d_snapshot"", ""bookkeeping_source"": ""OL_D read-only snapshot"", ""observed_ol_d_before_m"": 2.998490344907623e-10, ""observed_ol_d_time"": ""2020-08-01T00:04:00"", ""requested_step_depth_m"": 5.555555555555556e-06, ""step_volume_m3"": 0.0014222222222222223, ""storage_units"": ""m"", ""target_units"": ""m3/s""}"
2020-08-01 00:04:00,runoff,84,87,default,2020-08-01,2020-09-01,62.0,2678400.0,5.925925925925926e-06,2.99337443721015e-10,-5.555256218111835e-06,positive_daisy_runoff_to_positive_oldr_in_flo_and_negative_storage_sink,,"{""bookkeeping_after_m"": 0.0, ""bookkeeping_before_m"": 2.99337443721015e-10, ""bookkeeping_mode"": ""virtual_ol_d_snapshot"", ""bookkeeping_source"": ""OL_D read-only snapshot"", ""observed_ol_d_before_m"": 2.99337443721015e-10, ""observed_ol_d_time"": ""2020-08-01T00:04:00"", ""requested_step_depth_m"": 5.555555555555556e-06, ""step_volume_m3"": 0.0014222222222222223, ""storage_units"": ""m"", ""target_units"": ""m3/s""}"
2020-08-01 00:04:00,runoff,84,88,default,2020-08-01,2020-09-01,62.0,2678400.0,5.925925925925926e-06,3.0183855415089056e-10,-5.555253717001405e-06,positive_daisy_runoff_to_positive_oldr_in_flo_and_negative_storage_sink,,"{""bookkeeping_after_m"": 0.0, ""bookkeeping_before_m"": 3.0183855415089056e-10, ""bookkeeping_mode"": ""virtual_ol_d_snapshot"", ""bookkeeping_source"": ""OL_D read-only snapshot"", ""observed_ol_d_before_m"": 3.0183855415089056e-10, ""observed_ol_d_time"": ""2020-08-01T00:04:00"", ""requested_step_depth_m"": 5.555555555555556e-06, ""step_volume_m3"": 0.0014222222222222223, ""storage_units"": ""m"", ""target_units"": ""m3/s""}"
2020-08-01 00:04:00,runoff,84,89,default,2020-08-01,2020-09-01,62.0,2678400.0,5.925925925925926e-06,3.133209247607738e-10,-5.555242234630795e-06,positive_daisy_runoff_to_positive_oldr_in_flo_and_negative_storage_sink,,"{""bookkeeping_after_m"": 0.0, ""bookkeeping_before_m"": 3.133209247607738e-10, ""bookkeeping_mode"": ""virtual_ol_d_snapshot"", ""bookkeeping_source"": ""OL_D read-only snapshot"", ""observed_ol_d_before_m"": 3.133209247607738e-10, ""observed_ol_d_time"": ""2020-08-01T00:04:00"", ""requested_step_depth_m"": 5.555555555555556e-06, ""step_volume_m3"": 0.0014222222222222223, ""storage_units"": ""m"", ""target_units"": ""m3/s""}"
2020-08-01 00:04:00,runoff,84,90,default,2020-08-01,2020-09-01,62.0,2678400.0,5.925925925925926e-06,3.133777681796346e-10,-5.555242177787376e-06,positive_daisy_runoff_to_positive_oldr_in_flo_and_negative_storage_sink,,"{""bookkeeping_after_m"": 0.0, ""bookkeeping_before_m"": 3.133777681796346e-10, ""bookkeeping_mode"": ""virtual_ol_d_snapshot"", ""bookkeeping_source"": ""OL_D read-only snapshot"", ""observed_ol_d_before_m"": 3.133777681796346e-10, ""observed_ol_d_time"": ""2020-08-01T00:04:00"", ""requested_step_depth_m"": 5.555555555555556e-06, ""step_volume_m3"": 0.0014222222222222223, ""storage_units"": ""m"", ""target_units"": ""m3/s""}"
2020-08-01 00:04:00,runoff,84,91,default,2020-08-01,2020-09-01,62.0,2678400.0,5.925925925925926e-06,3.0189539756975137e-10,-5.555253660157986e-06,positive_daisy_runoff_to_positive_oldr_in_flo_and_negative_storage_sink,,"{""bookkeeping_after_m"": 0.0, ""bookkeeping_before_m"": 3.0189539756975137e-10, ""bookkeeping_mode"": ""virtual_ol_d_snapshot"", ""bookkeeping_source"": ""OL_D read-only snapshot"", ""observed_ol_d_before_m"": 3.0189539756975137e-10, ""observed_ol_d_time"": ""2020-08-01T00:04:00"", ""requested_step_depth_m"": 5.555555555555556e-06, ""step_volume_m3"": 0.0014222222222222223, ""storage_units"": ""m"", ""target_units"": ""m3/s""}"
2020-08-01 00:04:00,runoff,84,93,default,2020-08-01,2020-09-01,62.0,2678400.0,5.925925925925926e-06,-0.0,-5.555555555555556e-06,positive_daisy_runoff_to_positive_oldr_in_flo_and_negative_storage_sink,,"{""bookkeeping_after_m"": 0.0, ""bookkeeping_before_m"": 0.0, ""bookkeeping_mode"": ""virtual_ol_d_snapshot"", ""bookkeeping_source"": ""OL_D read-only snapshot"", ""observed_ol_d_before_m"": 0.0, ""observed_ol_d_time"": ""2020-08-01T00:04:00"", ""requested_step_depth_m"": 5.555555555555556e-06, ""step_volume_m3"": 0.0014222222222222223, ""storage_units"": ""m"", ""target_units"": ""m3/s""}"
2020-08-01 00:04:00,runoff,84,94,default,2020-08-01,2020-09-01,62.0,2678400.0,5.925925925925926e-06,3.1104718800634146e-10,-5.5552445083675495e-06,positive_daisy_runoff_to_positive_oldr_in_flo_and_negative_storage_sink,,"{""bookkeeping_after_m"": 0.0, ""bookkeeping_before_m"": 3.1104718800634146e-10, ""bookkeeping_mode"": ""virtual_ol_d_snapshot"", ""bookkeeping_source"": ""OL_D read-only snapshot"", ""observed_ol_d_before_m"": 3.1104718800634146e-10, ""observed_ol_d_time"": ""2020-08-01T00:04:00"", ""requested_step_depth_m"": 5.555555555555556e-06, ""step_volume_m3"": 0.0014222222222222223, ""storage_units"": ""m"", ""target_units"": ""m3/s""}"
2020-08-01 00:04:00,runoff,84,95,default,2020-08-01,2020-09-01,62.0,2678400.0,5.925925925925926e-06,3.0121327654342167e-10,-5.555254342279012e-06,positive_daisy_runoff_to_positive_oldr_in_flo_and_negative_storage_sink,,"{""bookkeeping_after_m"": 0.0, ""bookkeeping_before_m"": 3.0121327654342167e-10, ""bookkeeping_mode"": ""virtual_ol_d_snapshot"", ""bookkeeping_source"": ""OL_D read-only snapshot"", ""observed_ol_d_before_m"": 3.0121327654342167e-10, ""observed_ol_d_time"": ""2020-08-01T00:04:00"", ""requested_step_depth_m"": 5.555555555555556e-06, ""step_volume_m3"": 0.0014222222222222223, ""storage_units"": ""m"", ""target_units"": ""m3/s""}"
2020-08-01 00:04:00,runoff,84,96,default,2020-08-01,2020-09-01,62.0,2678400.0,5.925925925925926e-06,3.0900082492735237e-10,-5.5552465547306285e-06,positive_daisy_runoff_to_positive_oldr_in_flo_and_negative_storage_sink,,"{""bookkeeping_after_m"": 0.0, ""bookkeeping_before_m"": 3.0900082492735237e-10, ""bookkeeping_mode"": ""virtual_ol_d_snapshot"", ""bookkeeping_source"": ""OL_D read-only snapshot"", ""observed_ol_d_before_m"": 3.0900082492735237e-10, ""observed_ol_d_time"": ""2020-08-01T00:04:00"", ""requested_step_depth_m"": 5.555555555555556e-06, ""step_volume_m3"": 0.0014222222222222223, ""storage_units"": ""m"", ""target_units"": ""m3/s""}"
2020-08-01 00:04:00,runoff,84,97,default,2020-08-01,2020-09-01,62.0,2678400.0,5.925925925925926e-06,3.057607500522863e-10,-5.5552497948055035e-06,positive_daisy_runoff_to_positive_oldr_in_flo_and_negative_storage_sink,,"{""bookkeeping_after_m"": 0.0, ""bookkeeping_before_m"": 3.057607500522863e-10, ""bookkeeping_mode"": ""virtual_ol_d_snapshot"", ""bookkeeping_source"": ""OL_D read-only snapshot"", ""observed_ol_d_before_m"": 3.057607500522863e-10, ""observed_ol_d_time"": ""2020-08-01T00:04:00"", ""requested_step_depth_m"": 5.555555555555556e-06, ""step_volume_m3"": 0.0014222222222222223, ""storage_units"": ""m"", ""target_units"": ""m3/s""}"
2020-08-01 00:04:00,runoff,84,98,default,2020-08-01,2020-09-01,62.0,2678400.0,5.925925925925926e-06,3.0871660783304833e-10,-5.555246838947723e-06,positive_daisy_runoff_to_positive_oldr_in_flo_and_negative_storage_sink,,"{""bookkeeping_after_m"": 0.0, ""bookkeeping_before_m"": 3.0871660783304833e-10, ""bookkeeping_mode"": ""virtual_ol_d_snapshot"", ""bookkeeping_source"": ""OL_D read-only snapshot"", ""observed_ol_d_before_m"": 3.0871660783304833e-10, ""observed_ol_d_time"": ""2020-08-01T00:04:00"", ""requested_step_depth_m"": 5.555555555555556e-06, ""step_volume_m3"": 0.0014222222222222223, ""storage_units"": ""m"", ""target_units"": ""m3/s""}"
2020-08-01 00:04:00,runoff,84,99,default,2020-08-01,2020-09-01,62.0,2678400.0,5.925925925925926e-06,3.02009084407473e-10,-5.555253546471148e-06,positive_daisy_runoff_to_positive_oldr_in_flo_and_negative_storage_sink,,"{""bookkeeping_after_m"": 0.0, ""bookkeeping_before_m"": 3.02009084407473e-10, ""bookkeeping_mode"": ""virtual_ol_d_snapshot"", ""bookkeeping_source"": ""OL_D read-only snapshot"", ""observed_ol_d_before_m"": 3.02009084407473e-10, ""observed_ol_d_time"": ""2020-08-01T00:04:00"", ""requested_step_depth_m"": 5.555555555555556e-06, ""step_volume_m3"": 0.0014222222222222223, ""storage_units"": ""m"", ""target_units"": ""m3/s""}"
2020-08-01 00:04:00,runoff,84,100,default,2020-08-01,2020-09-01,62.0,2678400.0,5.925925925925926e-06,3.0109958970570005e-10,-5.55525445596585e-06,positive_daisy_runoff_to_positive_oldr_in_flo_and_negative_storage_sink,,"{""bookkeeping_after_m"": 0.0, ""bookkeeping_before_m"": 3.0109958970570005e-10, ""bookkeeping_mode"": ""virtual_ol_d_snapshot"", ""bookkeeping_source"": ""OL_D read-only snapshot"", ""observed_ol_d_before_m"": 3.0109958970570005e-10, ""observed_ol_d_time"": ""2020-08-01T00:04:00"", ""requested_step_depth_m"": 5.555555555555556e-06, ""step_volume_m3"": 0.0014222222222222223, ""storage_units"": ""m"", ""target_units"": ""m3/s""}"
2020-08-01 00:04:00,runoff,84,101,default,2020-08-01,2020-09-01,62.0,2678400.0,5.925925925925926e-06,2.9888269637012854e-10,-5.555256672859186e-06,positive_daisy_runoff_to_positive_oldr_in_flo_and_negative_storage_sink,,"{""bookkeeping_after_m"": 0.0, ""bookkeeping_before_m"": 2.9888269637012854e-10, ""bookkeeping_mode"": ""virtual_ol_d_snapshot"", ""bookkeeping_source"": ""OL_D read-only snapshot"", ""observed_ol_d_before_m"": 2.9888269637012854e-10, ""observed_ol_d_time"": ""2020-08-01T00:04:00"", ""requested_step_depth_m"": 5.555555555555556e-06, ""step_volume_m3"": 0.0014222222222222223, ""storage_units"": ""m"", ""target_units"": ""m3/s""}"
2020-08-01 00:04:00,runoff,84,102,default,2020-08-01,2020-09-01,62.0,2678400.0,5.925925925925926e-06,2.9956481739645824e-10,-5.555255990738159e-06,positive_daisy_runoff_to_positive_oldr_in_flo_and_negative_storage_sink,,"{""bookkeeping_after_m"": 0.0, ""bookkeeping_before_m"": 2.9956481739645824e-10, ""bookkeeping_mode"": ""virtual_ol_d_snapshot"", ""bookkeeping_source"": ""OL_D read-only snapshot"", ""observed_ol_d_before_m"": 2.9956481739645824e-10, ""observed_ol_d_time"": ""2020-08-01T00:04:00"", ""requested_step_depth_m"": 5.555555555555556e-06, ""step_volume_m3"": 0.0014222222222222223, ""storage_units"": ""m"", ""target_units"": ""m3/s""}"
2020-08-01 00:04:00,runoff,84,103,default,2020-08-01,2020-09-01,62.0,2678400.0,5.925925925925926e-06,3.1326408134191297e-10,-5.555242291474214e-06,positive_daisy_runoff_to_positive_oldr_in_flo_and_negative_storage_sink,,"{""bookkeeping_after_m"": 0.0, ""bookkeeping_before_m"": 3.1326408134191297e-10, ""bookkeeping_mode"": ""virtual_ol_d_snapshot"", ""bookkeeping_source"": ""OL_D read-only snapshot"", ""observed_ol_d_before_m"": 3.1326408134191297e-10, ""observed_ol_d_time"": ""2020-08-01T00:04:00"", ""requested_step_depth_m"": 5.555555555555556e-06, ""step_volume_m3"": 0.0014222222222222223, ""storage_units"": ""m"", ""target_units"": ""m3/s""}"
2020-08-01 00:04:00,runoff,84,104,default,2020-08-01,2020-09-01,62.0,2678400.0,5.925925925925926e-06,3.113314051006455e-10,-5.555244224150455e-06,positive_daisy_runoff_to_positive_oldr_in_flo_and_negative_storage_sink,,"{""bookkeeping_after_m"": 0.0, ""bookkeeping_before_m"": 3.113314051006455e-10, ""bookkeeping_mode"": ""virtual_ol_d_snapshot"", ""bookkeeping_source"": ""OL_D read-only snapshot"", ""observed_ol_d_before_m"": 3.113314051006455e-10, ""observed_ol_d_time"": ""2020-08-01T00:04:00"", ""requested_step_depth_m"": 5.555555555555556e-06, ""step_volume_m3"": 0.0014222222222222223, ""storage_units"": ""m"", ""target_units"": ""m3/s""}"
2020-08-01 00:04:00,runoff,84,105,default,2020-08-01,2020-09-01,62.0,2678400.0,5.925925925925926e-06,3.0462388167507015e-10,-5.555250931673881e-06,positive_daisy_runoff_to_positive_oldr_in_flo_and_negative_storage_sink,,"{""bookkeeping_after_m"": 0.0, ""bookkeeping_before_m"": 3.0462388167507015e-10, ""bookkeeping_mode"": ""virtual_ol_d_snapshot"", ""bookkeeping_source"": ""OL_D read-only snapshot"", ""observed_ol_d_before_m"": 3.0462388167507015e-10, ""observed_ol_d_time"": ""2020-08-01T00:04:00"", ""requested_step_depth_m"": 5.555555555555556e-06, ""step_volume_m3"": 0.0014222222222222223, ""storage_units"": ""m"", ""target_units"": ""m3/s""}"
2020-08-01 00:04:00,runoff,84,106,default,2020-08-01,2020-09-01,62.0,2678400.0,5.925925925925926e-06,3.00531155517092e-10,-5.555255024400039e-06,positive_daisy_runoff_to_positive_oldr_in_flo_and_negative_storage_sink,,"{""bookkeeping_after_m"": 0.0, ""bookkeeping_before_m"": 3.00531155517092e-10, ""bookkeeping_mode"": ""virtual_ol_d_snapshot"", ""bookkeeping_source"": ""OL_D read-only snapshot"", ""observed_ol_d_before_m"": 3.00531155517092e-10, ""observed_ol_d_time"": ""2020-08-01T00:04:00"", ""requested_step_depth_m"": 5.555555555555556e-06, ""step_volume_m3"": 0.0014222222222222223, ""storage_units"": ""m"", ""target_units"": ""m3/s""}"
2020-08-01 00:04:00,runoff,84,107,default,2020-08-01,2020-09-01,62.0,2678400.0,5.925925925925926e-06,2.991100700455718e-10,-5.55525644548551e-06,positive_daisy_runoff_to_positive_oldr_in_flo_and_negative_storage_sink,,"{""bookkeeping_after_m"": 0.0, ""bookkeeping_before_m"": 2.991100700455718e-10, ""bookkeeping_mode"": ""virtual_ol_d_snapshot"", ""bookkeeping_source"": ""OL_D read-only snapshot"", ""observed_ol_d_before_m"": 2.991100700455718e-10, ""observed_ol_d_time"": ""2020-08-01T00:04:00"", ""requested_step_depth_m"": 5.555555555555556e-06, ""step_volume_m3"": 0.0014222222222222223, ""storage_units"": ""m"", ""target_units"": ""m3/s""}"
2020-08-01 00:04:00,runoff,84,108,default,2020-08-01,2020-09-01,62.0,2678400.0,5.925925925925926e-06,3.1673152989242226e-10,-5.555238824025663e-06,positive_daisy_runoff_to_positive_oldr_in_flo_and_negative_storage_sink,,"{""bookkeeping_after_m"": 0.0, ""bookkeeping_before_m"": 3.1673152989242226e-10, ""bookkeeping_mode"": ""virtual_ol_d_snapshot"", ""bookkeeping_source"": ""OL_D read-only snapshot"", ""observed_ol_d_before_m"": 3.1673152989242226e-10, ""observed_ol_d_time"": ""2020-08-01T00:04:00"", ""requested_step_depth_m"": 5.555555555555556e-06, ""step_volume_m3"": 0.0014222222222222223, ""storage_units"": ""m"", ""target_units"": ""m3/s""}"
2020-08-01 00:04:00,runoff,84,109,default,2020-08-01,2020-09-01,62.0,2678400.0,5.925925925925926e-06,3.299192030681297e-10,-5.555225636352488e-06,positive_daisy_runoff_to_positive_oldr_in_flo_and_negative_storage_sink,,"{""bookkeeping_after_m"": 0.0, ""bookkeeping_before_m"": 3.299192030681297e-10, ""bookkeeping_mode"": ""virtual_ol_d_snapshot"", ""bookkeeping_source"": ""OL_D read-only snapshot"", ""observed_ol_d_before_m"": 3.299192030681297e-10, ""observed_ol_d_time"": ""2020-08-01T00:04:00"", ""requested_step_depth_m"": 5.555555555555556e-06, ""step_volume_m3"": 0.0014222222222222223, ""storage_units"": ""m"", ""target_units"": ""m3/s""}"
2020-08-01 00:04:00,runoff,84,110,default,2020-08-01,2020-09-01,62.0,2678400.0,5.925925925925926e-06,3.304876372567378e-10,-5.555225067918299e-06,positive_daisy_runoff_to_positive_oldr_in_flo_and_negative_storage_sink,,"{""bookkeeping_after_m"": 0.0, ""bookkeeping_before_m"": 3.304876372567378e-10, ""bookkeeping_mode"": ""virtual_ol_d_snapshot"", ""bookkeeping_source"": ""OL_D read-only snapshot"", ""observed_ol_d_before_m"": 3.304876372567378e-10, ""observed_ol_d_time"": ""2020-08-01T00:04:00"", ""requested_step_depth_m"": 5.555555555555556e-06, ""step_volume_m3"": 0.0014222222222222223, ""storage_units"": ""m"", ""target_units"": ""m3/s""}"
2020-08-01 00:04:00,runoff,84,111,default,2020-08-01,2020-09-01,62.0,2678400.0,5.925925925925926e-06,3.0672708817292005e-10,-5.555248828467383e-06,positive_daisy_runoff_to_positive_oldr_in_flo_and_negative_storage_sink,,"{""bookkeeping_after_m"": 0.0, ""bookkeeping_before_m"": 3.0672708817292005e-10, ""bookkeeping_mode"": ""virtual_ol_d_snapshot"", ""bookkeeping_source"": ""OL_D read-only snapshot"", ""observed_ol_d_before_m"": 3.0672708817292005e-10, ""observed_ol_d_time"": ""2020-08-01T00:04:00"", ""requested_step_depth_m"": 5.555555555555556e-06, ""step_volume_m3"": 0.0014222222222222223, ""storage_units"": ""m"", ""target_units"": ""m3/s""}"
2020-08-01 00:04:00,runoff,84,112,default,2020-08-01,2020-09-01,62.0,2678400.0,5.925925925925926e-06,3.2935076887952164e-10,-5.555226204786676e-06,positive_daisy_runoff_to_positive_oldr_in_flo_and_negative_storage_sink,,"{""bookkeeping_after_m"": 0.0, ""bookkeeping_before_m"": 3.2935076887952164e-10, ""bookkeeping_mode"": ""virtual_ol_d_snapshot"", ""bookkeeping_source"": ""OL_D read-only snapshot"", ""observed_ol_d_before_m"": 3.2935076887952164e-10, ""observed_ol_d_time"": ""2020-08-01T00:04:00"", ""requested_step_depth_m"": 5.555555555555556e-06, ""step_volume_m3"": 0.0014222222222222223, ""storage_units"": ""m"", ""target_units"": ""m3/s""}"
2020-08-01 00:04:00,runoff,84,113,default,2020-08-01,2020-09-01,62.0,2678400.0,5.925925925925926e-06,2.991100700455718e-10,-5.55525644548551e-06,positive_daisy_runoff_to_positive_oldr_in_flo_and_negative_storage_sink,,"{""bookkeeping_after_m"": 0.0, ""bookkeeping_before_m"": 2.991100700455718e-10, ""bookkeeping_mode"": ""virtual_ol_d_snapshot"", ""bookkeeping_source"": ""OL_D read-only snapshot"", ""observed_ol_d_before_m"": 2.991100700455718e-10, ""observed_ol_d_time"": ""2020-08-01T00:04:00"", ""requested_step_depth_m"": 5.555555555555556e-06, ""step_volume_m3"": 0.0014222222222222223, ""storage_units"": ""m"", ""target_units"": ""m3/s""}"
2020-08-01 00:04:00,runoff,84,114,default,2020-08-01,2020-09-01,62.0,2678400.0,5.925925925925926e-06,2.9888269637012854e-10,-5.555256672859186e-06,positive_daisy_runoff_to_positive_oldr_in_flo_and_negative_storage_sink,,"{""bookkeeping_after_m"": 0.0, ""bookkeeping_before_m"": 2.9888269637012854e-10, ""bookkeeping_mode"": ""virtual_ol_d_snapshot"", ""bookkeeping_source"": ""OL_D read-only snapshot"", ""observed_ol_d_before_m"": 2.9888269637012854e-10, ""observed_ol_d_time"": ""2020-08-01T00:04:00"", ""requested_step_depth_m"": 5.555555555555556e-06, ""step_volume_m3"": 0.0014222222222222223, ""storage_units"": ""m"", ""target_units"": ""m3/s""}"
2020-08-01 00:04:00,runoff,84,115,default,2020-08-01,2020-09-01,62.0,2678400.0,5.925925925925926e-06,2.9956481739645824e-10,-5.555255990738159e-06,positive_daisy_runoff_to_positive_oldr_in_flo_and_negative_storage_sink,,"{""bookkeeping_after_m"": 0.0, ""bookkeeping_before_m"": 2.9956481739645824e-10, ""bookkeeping_mode"": ""virtual_ol_d_snapshot"", ""bookkeeping_source"": ""OL_D read-only snapshot"", ""observed_ol_d_before_m"": 2.9956481739645824e-10, ""observed_ol_d_time"": ""2020-08-01T00:04:00"", ""requested_step_depth_m"": 5.555555555555556e-06, ""step_volume_m3"": 0.0014222222222222223, ""storage_units"": ""m"", ""target_units"": ""m3/s""}"
2020-08-01 00:04:00,runoff,84,116,default,2020-08-01,2020-09-01,62.0,2678400.0,5.925925925925926e-06,3.021796146640554e-10,-5.555253375940892e-06,positive_daisy_runoff_to_positive_oldr_in_flo_and_negative_storage_sink,,"{""bookkeeping_after_m"": 0.0, ""bookkeeping_before_m"": 3.021796146640554e-10, ""bookkeeping_mode"": ""virtual_ol_d_snapshot"", ""bookkeeping_source"": ""OL_D read-only snapshot"", ""observed_ol_d_before_m"": 3.021796146640554e-10, ""observed_ol_d_time"": ""2020-08-01T00:04:00"", ""requested_step_depth_m"": 5.555555555555556e-06, ""step_volume_m3"": 0.0014222222222222223, ""storage_units"": ""m"", ""target_units"": ""m3/s""}"
2020-08-01 00:04:00,runoff,85,65,default,2020-08-01,2020-09-01,62.0,2678400.0,5.925925925925926e-06,-0.0,-5.555555555555556e-06,positive_daisy_runoff_to_positive_oldr_in_flo_and_negative_storage_sink,,"{""bookkeeping_after_m"": 0.0, ""bookkeeping_before_m"": 0.0, ""bookkeeping_mode"": ""virtual_ol_d_snapshot"", ""bookkeeping_source"": ""OL_D read-only snapshot"", ""observed_ol_d_before_m"": 0.0, ""observed_ol_d_time"": ""2020-08-01T00:04:00"", ""requested_step_depth_m"": 5.555555555555556e-06, ""step_volume_m3"": 0.0014222222222222223, ""storage_units"": ""m"", ""target_units"": ""m3/s""}"
2020-08-01 00:04:00,runoff,85,66,default,2020-08-01,2020-09-01,62.0,2678400.0,5.925925925925926e-06,3.001332515850663e-10,-5.555255422303971e-06,positive_daisy_runoff_to_positive_oldr_in_flo_and_negative_storage_sink,,"{""bookkeeping_after_m"": 0.0, ""bookkeeping_before_m"": 3.001332515850663e-10, ""bookkeeping_mode"": ""virtual_ol_d_snapshot"", ""bookkeeping_source"": ""OL_D read-only snapshot"", ""observed_ol_d_before_m"": 3.001332515850663e-10, ""observed_ol_d_time"": ""2020-08-01T00:04:00"", ""requested_step_depth_m"": 5.555555555555556e-06, ""step_volume_m3"": 0.0014222222222222223, ""storage_units"": ""m"", ""target_units"": ""m3/s""}"
2020-08-01 00:04:00,runoff,85,67,default,2020-08-01,2020-09-01,62.0,2678400.0,5.925925925925926e-06,3.126388037344441e-10,-5.555242916751821e-06,positive_daisy_runoff_to_positive_oldr_in_flo_and_negative_storage_sink,,"{""bookkeeping_after_m"": 0.0, ""bookkeeping_before_m"": 3.126388037344441e-10, ""bookkeeping_mode"": ""virtual_ol_d_snapshot"", ""bookkeeping_source"": ""OL_D read-only snapshot"", ""observed_ol_d_before_m"": 3.126388037344441e-10, ""observed_ol_d_time"": ""2020-08-01T00:04:00"", ""requested_step_depth_m"": 5.555555555555556e-06, ""step_volume_m3"": 0.0014222222222222223, ""storage_units"": ""m"", ""target_units"": ""m3/s""}"
2020-08-01 00:04:00,runoff,85,68,default,2020-08-01,2020-09-01,62.0,2678400.0,5.925925925925926e-06,3.0536284612026066e-10,-5.5552501927094356e-06,positive_daisy_runoff_to_positive_oldr_in_flo_and_negative_storage_sink,,"{""bookkeeping_after_m"": 0.0, ""bookkeeping_before_m"": 3.0536284612026066e-10, ""bookkeeping_mode"": ""virtual_ol_d_snapshot"", ""bookkeeping_source"": ""OL_D read-only snapshot"", ""observed_ol_d_before_m"": 3.0536284612026066e-10, ""observed_ol_d_time"": ""2020-08-01T00:04:00"", ""requested_step_depth_m"": 5.555555555555556e-06, ""step_volume_m3"": 0.0014222222222222223, ""storage_units"": ""m"", ""target_units"": ""m3/s""}"
2020-08-01 00:04:00,runoff,85,69,default,2020-08-01,2020-09-01,62.0,2678400.0,5.925925925925926e-06,3.34580363414716e-10,-5.555220975192141e-06,positive_daisy_runoff_to_positive_oldr_in_flo_and_negative_storage_sink,,"{""bookkeeping_after_m"": 0.0, ""bookkeeping_before_m"": 3.34580363414716e-10, ""bookkeeping_mode"": ""virtual_ol_d_snapshot"", ""bookkeeping_source"": ""OL_D read-only snapshot"", ""observed_ol_d_before_m"": 3.34580363414716e-10, ""observed_ol_d_time"": ""2020-08-01T00:04:00"", ""requested_step_depth_m"": 5.555555555555556e-06, ""step_volume_m3"": 0.0014222222222222223, ""storage_units"": ""m"", ""target_units"": ""m3/s""}"
2020-08-01 00:04:00,runoff,85,70,default,2020-08-01,2020-09-01,62.0,2678400.0,5.925925925925926e-06,3.254854163969867e-10,-5.555230070139159e-06,positive_daisy_runoff_to_positive_oldr_in_flo_and_negative_storage_sink,,"{""bookkeeping_after_m"": 0.0, ""bookkeeping_before_m"": 3.254854163969867e-10, ""bookkeeping_mode"": ""virtual_ol_d_snapshot"", ""bookkeeping_source"": ""OL_D read-only snapshot"", ""observed_ol_d_before_m"": 3.254854163969867e-10, ""observed_ol_d_time"": ""2020-08-01T00:04:00"", ""requested_step_depth_m"": 5.555555555555556e-06, ""step_volume_m3"": 0.0014222222222222223, ""storage_units"": ""m"", ""target_units"": ""m3/s""}"
2020-08-01 00:04:00,runoff,85,71,default,2020-08-01,2020-09-01,62.0,2678400.0,5.925925925925926e-06,3.2650859793648124e-10,-5.555229046957619e-06,positive_daisy_runoff_to_positive_oldr_in_flo_and_negative_storage_sink,,"{""bookkeeping_after_m"": 0.0, ""bookkeeping_before_m"": 3.2650859793648124e-10, ""bookkeeping_mode"": ""virtual_ol_d_snapshot"", ""bookkeeping_source"": ""OL_D read-only snapshot"", ""observed_ol_d_before_m"": 3.2650859793648124e-10, ""observed_ol_d_time"": ""2020-08-01T00:04:00"", ""requested_step_depth_m"": 5.555555555555556e-06, ""step_volume_m3"": 0.0014222222222222223, ""storage_units"": ""m"", ""target_units"": ""m3/s""}"
2020-08-01 00:04:00,runoff,85,72,default,2020-08-01,2020-09-01,62.0,2678400.0,5.925925925925926e-06,2.9967850423417985e-10,-5.555255877051322e-06,positive_daisy_runoff_to_positive_oldr_in_flo_and_negative_storage_sink,,"{""bookkeeping_after_m"": 0.0, ""bookkeeping_before_m"": 2.9967850423417985e-10, ""bookkeeping_mode"": ""virtual_ol_d_snapshot"", ""bookkeeping_source"": ""OL_D read-only snapshot"", ""observed_ol_d_before_m"": 2.9967850423417985e-10, ""observed_ol_d_time"": ""2020-08-01T00:04:00"", ""requested_step_depth_m"": 5.555555555555556e-06, ""step_volume_m3"": 0.0014222222222222223, ""storage_units"": ""m"", ""target_units"": ""m3/s""}"
2020-08-01 00:04:00,runoff,85,73,default,2020-08-01,2020-09-01,62.0,2678400.0,5.925925925925926e-06,3.100240064668469e-10,-5.555245531549089e-06,positive_daisy_runoff_to_positive_oldr_in_flo_and_negative_storage_sink,,"{""bookkeeping_after_m"": 0.0, ""bookkeeping_before_m"": 3.100240064668469e-10, ""bookkeeping_mode"": ""virtual_ol_d_snapshot"", ""bookkeeping_source"": ""OL_D read-only snapshot"", ""observed_ol_d_before_m"": 3.100240064668469e-10, ""observed_ol_d_time"": ""2020-08-01T00:04:00"", ""requested_step_depth_m"": 5.555555555555556e-06, ""step_volume_m3"": 0.0014222222222222223, ""storage_units"": ""m"", ""target_units"": ""m3/s""}"
2020-08-01 00:04:00,runoff,85,74,default,2020-08-01,2020-09-01,62.0,2678400.0,5.925925925925926e-06,3.1093350116861984e-10,-5.555244622054387e-06,positive_daisy_runoff_to_positive_oldr_in_flo_and_negative_storage_sink,,"{""bookkeeping_after_m"": 0.0, ""bookkeeping_before_m"": 3.1093350116861984e-10, ""bookkeeping_mode"": ""virtual_ol_d_snapshot"", ""bookkeeping_source"": ""OL_D read-only snapshot"", ""observed_ol_d_before_m"": 3.1093350116861984e-10, ""observed_ol_d_time"": ""2020-08-01T00:04:00"", ""requested_step_depth_m"": 5.555555555555556e-06, ""step_volume_m3"": 0.0014222222222222223, ""storage_units"": ""m"", ""target_units"": ""m3/s""}"
2020-08-01 00:04:00,runoff,85,75,default,2020-08-01,2020-09-01,62.0,2678400.0,5.925925925925926e-06,3.126388037344441e-10,-5.555242916751821e-06,positive_daisy_runoff_to_positive_oldr_in_flo_and_negative_storage_sink,,"{""bookkeeping_after_m"": 0.0, ""bookkeeping_before_m"": 3.126388037344441e-10, ""bookkeeping_mode"": ""virtual_ol_d_snapshot"", ""bookkeeping_source"": ""OL_D read-only snapshot"", ""observed_ol_d_before_m"": 3.126388037344441e-10, ""observed_ol_d_time"": ""2020-08-01T00:04:00"", ""requested_step_depth_m"": 5.555555555555556e-06, ""step_volume_m3"": 0.0014222222222222223, ""storage_units"": ""m"", ""target_units"": ""m3/s""}"
2020-08-01 00:04:00,runoff,85,76,default,2020-08-01,2020-09-01,62.0,2678400.0,5.925925925925926e-06,3.126388037344441e-10,-5.555242916751821e-06,positive_daisy_runoff_to_positive_oldr_in_flo_and_negative_storage_sink,,"{""bookkeeping_after_m"": 0.0, ""bookkeeping_before_m"": 3.126388037344441e-10, ""bookkeeping_mode"": ""virtual_ol_d_snapshot"", ""bookkeeping_source"": ""OL_D read-only snapshot"", ""observed_ol_d_before_m"": 3.126388037344441e-10, ""observed_ol_d_time"": ""2020-08-01T00:04:00"", ""requested_step_depth_m"": 5.555555555555556e-06, ""step_volume_m3"": 0.0014222222222222223, ""storage_units"": ""m"", ""target_units"": ""m3/s""}"
2020-08-01 00:04:00,runoff,85,77,default,2020-08-01,2020-09-01,62.0,2678400.0,5.925925925925926e-06,3.1229774322127923e-10,-5.5552432578123345e-06,positive_daisy_runoff_to_positive_oldr_in_flo_and_negative_storage_sink,,"{""bookkeeping_after_m"": 0.0, ""bookkeeping_before_m"": 3.1229774322127923e-10, ""bookkeeping_mode"": ""virtual_ol_d_snapshot"", ""bookkeeping_source"": ""OL_D read-only snapshot"", ""observed_ol_d_before_m"": 3.1229774322127923e-10, ""observed_ol_d_time"": ""2020-08-01T00:04:00"", ""requested_step_depth_m"": 5.555555555555556e-06, ""step_volume_m3"": 0.0014222222222222223, ""storage_units"": ""m"", ""target_units"": ""m3/s""}"
2020-08-01 00:04:00,runoff,85,78,default,2020-08-01,2020-09-01,62.0,2678400.0,5.925925925925926e-06,3.1309355108533055e-10,-5.5552424620044705e-06,positive_daisy_runoff_to_positive_oldr_in_flo_and_negative_storage_sink,,"{""bookkeeping_after_m"": 0.0, ""bookkeeping_before_m"": 3.1309355108533055e-10, ""bookkeeping_mode"": ""virtual_ol_d_snapshot"", ""bookkeeping_source"": ""OL_D read-only snapshot"", ""observed_ol_d_before_m"": 3.1309355108533055e-10, ""observed_ol_d_time"": ""2020-08-01T00:04:00"", ""requested_step_depth_m"": 5.555555555555556e-06, ""step_volume_m3"": 0.0014222222222222223, ""storage_units"": ""m"", ""target_units"": ""m3/s""}"
2020-08-01 00:04:00,runoff,85,79,default,2020-08-01,2020-09-01,62.0,2678400.0,5.925925925925926e-06,3.134346115984954e-10,-5.555242120943957e-06,positive_daisy_runoff_to_positive_oldr_in_flo_and_negative_storage_sink,,"{""bookkeeping_after_m"": 0.0, ""bookkeeping_before_m"": 3.134346115984954e-10, ""bookkeeping_mode"": ""virtual_ol_d_snapshot"", ""bookkeeping_source"": ""OL_D read-only snapshot"", ""observed_ol_d_before_m"": 3.134346115984954e-10, ""observed_ol_d_time"": ""2020-08-01T00:04:00"", ""requested_step_depth_m"": 5.555555555555556e-06, ""step_volume_m3"": 0.0014222222222222223, ""storage_units"": ""m"", ""target_units"": ""m3/s""}"
2020-08-01 00:04:00,runoff,85,80,default,2020-08-01,2020-09-01,62.0,2678400.0,5.925925925925926e-06,3.1184299587039277e-10,-5.5552437125596854e-06,positive_daisy_runoff_to_positive_oldr_in_flo_and_negative_storage_sink,,"{""bookkeeping_after_m"": 0.0, ""bookkeeping_before_m"": 3.1184299587039277e-10, ""bookkeeping_mode"": ""virtual_ol_d_snapshot"", ""bookkeeping_source"": ""OL_D read-only snapshot"", ""observed_ol_d_before_m"": 3.1184299587039277e-10, ""observed_ol_d_time"": ""2020-08-01T00:04:00"", ""requested_step_depth_m"": 5.555555555555556e-06, ""step_volume_m3"": 0.0014222222222222223, ""storage_units"": ""m"", ""target_units"": ""m3/s""}"
2020-08-01 00:04:00,runoff,85,81,default,2020-08-01,2020-09-01,62.0,2678400.0,5.925925925925926e-06,3.1036506698001176e-10,-5.555245190488576e-06,positive_daisy_runoff_to_positive_oldr_in_flo_and_negative_storage_sink,,"{""bookkeeping_after_m"": 0.0, ""bookkeeping_before_m"": 3.1036506698001176e-10, ""bookkeeping_mode"": ""virtual_ol_d_snapshot"", ""bookkeeping_source"": ""OL_D read-only snapshot"", ""observed_ol_d_before_m"": 3.1036506698001176e-10, ""observed_ol_d_time"": ""2020-08-01T00:04:00"", ""requested_step_depth_m"": 5.555555555555556e-06, ""step_volume_m3"": 0.0014222222222222223, ""storage_units"": ""m"", ""target_units"": ""m3/s""}"
2020-08-01 00:04:00,runoff,85,82,default,2020-08-01,2020-09-01,62.0,2678400.0,5.925925925925926e-06,3.034301698789932e-10,-5.555252125385677e-06,positive_daisy_runoff_to_positive_oldr_in_flo_and_negative_storage_sink,,"{""bookkeeping_after_m"": 0.0, ""bookkeeping_before_m"": 3.034301698789932e-10, ""bookkeeping_mode"": ""virtual_ol_d_snapshot"", ""bookkeeping_source"": ""OL_D read-only snapshot"", ""observed_ol_d_before_m"": 3.034301698789932e-10, ""observed_ol_d_time"": ""2020-08-01T00:04:00"", ""requested_step_depth_m"": 5.555555555555556e-06, ""step_volume_m3"": 0.0014222222222222223, ""storage_units"": ""m"", ""target_units"": ""m3/s""}"
2020-08-01 00:04:00,runoff,85,83,default,2020-08-01,2020-09-01,62.0,2678400.0,5.925925925925926e-06,2.994511305587366e-10,-5.555256104424997e-06,positive_daisy_runoff_to_positive_oldr_in_flo_and_negative_storage_sink,,"{""bookkeeping_after_m"": 0.0, ""bookkeeping_before_m"": 2.994511305587366e-10, ""bookkeeping_mode"": ""virtual_ol_d_snapshot"", ""bookkeeping_source"": ""OL_D read-only snapshot"", ""observed_ol_d_before_m"": 2.994511305587366e-10, ""observed_ol_d_time"": ""2020-08-01T00:04:00"", ""requested_step_depth_m"": 5.555555555555556e-06, ""step_volume_m3"": 0.0014222222222222223, ""storage_units"": ""m"", ""target_units"": ""m3/s""}"
2020-08-01 00:04:00,runoff,85,84,default,2020-08-01,2020-09-01,62.0,2678400.0,5.925925925925926e-06,2.9888269637012854e-10,-5.555256672859186e-06,positive_daisy_runoff_to_positive_oldr_in_flo_and_negative_storage_sink,,"{""bookkeeping_after_m"": 0.0, ""bookkeeping_before_m"": 2.9888269637012854e-10, ""bookkeeping_mode"": ""virtual_ol_d_snapshot"", ""bookkeeping_source"": ""OL_D read-only snapshot"", ""observed_ol_d_before_m"": 2.9888269637012854e-10, ""observed_ol_d_time"": ""2020-08-01T00:04:00"", ""requested_step_depth_m"": 5.555555555555556e-06, ""step_volume_m3"": 0.0014222222222222223, ""storage_units"": ""m"", ""target_units"": ""m3/s""}"
2020-08-01 00:04:00,runoff,85,85,default,2020-08-01,2020-09-01,62.0,2678400.0,5.925925925925926e-06,2.991669134644326e-10,-5.555256388642091e-06,positive_daisy_runoff_to_positive_oldr_in_flo_and_negative_storage_sink,,"{""bookkeeping_after_m"": 0.0, ""bookkeeping_before_m"": 2.991669134644326e-10, ""bookkeeping_mode"": ""virtual_ol_d_snapshot"", ""bookkeeping_source"": ""OL_D read-only snapshot"", ""observed_ol_d_before_m"": 2.991669134644326e-10, ""observed_ol_d_time"": ""2020-08-01T00:04:00"", ""requested_step_depth_m"": 5.555555555555556e-06, ""step_volume_m3"": 0.0014222222222222223, ""storage_units"": ""m"", ""target_units"": ""m3/s""}"
2020-08-01 00:04:00,runoff,85,86,default,2020-08-01,2020-09-01,62.0,2678400.0,5.925925925925926e-06,2.9956481739645824e-10,-5.555255990738159e-06,positive_daisy_runoff_to_positive_oldr_in_flo_and_negative_storage_sink,,"{""bookkeeping_after_m"": 0.0, ""bookkeeping_before_m"": 2.9956481739645824e-10, ""bookkeeping_mode"": ""virtual_ol_d_snapshot"", ""bookkeeping_source"": ""OL_D read-only snapshot"", ""observed_ol_d_before_m"": 2.9956481739645824e-10, ""observed_ol_d_time"": ""2020-08-01T00:04:00"", ""requested_step_depth_m"": 5.555555555555556e-06, ""step_volume_m3"": 0.0014222222222222223, ""storage_units"": ""m"", ""target_units"": ""m3/s""}"
2020-08-01 00:04:00,runoff,85,87,default,2020-08-01,2020-09-01,62.0,2678400.0,5.925925925925926e-06,3.0104274628683925e-10,-5.555254512809269e-06,positive_daisy_runoff_to_positive_oldr_in_flo_and_negative_storage_sink,,"{""bookkeeping_after_m"": 0.0, ""bookkeeping_before_m"": 3.0104274628683925e-10, ""bookkeeping_mode"": ""virtual_ol_d_snapshot"", ""bookkeeping_source"": ""OL_D read-only snapshot"", ""observed_ol_d_before_m"": 3.0104274628683925e-10, ""observed_ol_d_time"": ""2020-08-01T00:04:00"", ""requested_step_depth_m"": 5.555555555555556e-06, ""step_volume_m3"": 0.0014222222222222223, ""storage_units"": ""m"", ""target_units"": ""m3/s""}"
2020-08-01 00:04:00,runoff,85,88,default,2020-08-01,2020-09-01,62.0,2678400.0,5.925925925925926e-06,3.014974936377257e-10,-5.555254058061918e-06,positive_daisy_runoff_to_positive_oldr_in_flo_and_negative_storage_sink,,"{""bookkeeping_after_m"": 0.0, ""bookkeeping_before_m"": 3.014974936377257e-10, ""bookkeeping_mode"": ""virtual_ol_d_snapshot"", ""bookkeeping_source"": ""OL_D read-only snapshot"", ""observed_ol_d_before_m"": 3.014974936377257e-10, ""observed_ol_d_time"": ""2020-08-01T00:04:00"", ""requested_step_depth_m"": 5.555555555555556e-06, ""step_volume_m3"": 0.0014222222222222223, ""storage_units"": ""m"", ""target_units"": ""m3/s""}"
2020-08-01 00:04:00,runoff,85,89,default,2020-08-01,2020-09-01,62.0,2678400.0,5.925925925925926e-06,3.1451463655685075e-10,-5.555241040918999e-06,positive_daisy_runoff_to_positive_oldr_in_flo_and_negative_storage_sink,,"{""bookkeeping_after_m"": 0.0, ""bookkeeping_before_m"": 3.1451463655685075e-10, ""bookkeeping_mode"": ""virtual_ol_d_snapshot"", ""bookkeeping_source"": ""OL_D read-only snapshot"", ""observed_ol_d_before_m"": 3.1451463655685075e-10, ""observed_ol_d_time"": ""2020-08-01T00:04:00"", ""requested_step_depth_m"": 5.555555555555556e-06, ""step_volume_m3"": 0.0014222222222222223, ""storage_units"": ""m"", ""target_units"": ""m3/s""}"
2020-08-01 00:04:00,runoff,85,90,default,2020-08-01,2020-09-01,62.0,2678400.0,5.925925925925926e-06,3.1297986424760893e-10,-5.555242575691308e-06,positive_daisy_runoff_to_positive_oldr_in_flo_and_negative_storage_sink,,"{""bookkeeping_after_m"": 0.0, ""bookkeeping_before_m"": 3.1297986424760893e-10, ""bookkeeping_mode"": ""virtual_ol_d_snapshot"", ""bookkeeping_source"": ""OL_D read-only snapshot"", ""observed_ol_d_before_m"": 3.1297986424760893e-10, ""observed_ol_d_time"": ""2020-08-01T00:04:00"", ""requested_step_depth_m"": 5.555555555555556e-06, ""step_volume_m3"": 0.0014222222222222223, ""storage_units"": ""m"", ""target_units"": ""m3/s""}"
2020-08-01 00:04:00,runoff,85,91,default,2020-08-01,2020-09-01,62.0,2678400.0,5.925925925925926e-06,3.1025138014229015e-10,-5.5552453041754135e-06,positive_daisy_runoff_to_positive_oldr_in_flo_and_negative_storage_sink,,"{""bookkeeping_after_m"": 0.0, ""bookkeeping_before_m"": 3.1025138014229015e-10, ""bookkeeping_mode"": ""virtual_ol_d_snapshot"", ""bookkeeping_source"": ""OL_D read-only snapshot"", ""observed_ol_d_before_m"": 3.1025138014229015e-10, ""observed_ol_d_time"": ""2020-08-01T00:04:00"", ""requested_step_depth_m"": 5.555555555555556e-06, ""step_volume_m3"": 0.0014222222222222223, ""storage_units"": ""m"", ""target_units"": ""m3/s""}"
2020-08-01 00:04:00,runoff,85,93,default,2020-08-01,2020-09-01,62.0,2678400.0,5.925925925925926e-06,-0.0,-5.555555555555556e-06,positive_daisy_runoff_to_positive_oldr_in_flo_and_negative_storage_sink,,"{""bookkeeping_after_m"": 0.0, ""bookkeeping_before_m"": 0.0, ""bookkeeping_mode"": ""virtual_ol_d_snapshot"", ""bookkeeping_source"": ""OL_D read-only snapshot"", ""observed_ol_d_before_m"": 0.0, ""observed_ol_d_time"": ""2020-08-01T00:04:00"", ""requested_step_depth_m"": 5.555555555555556e-06, ""step_volume_m3"": 0.0014222222222222223, ""storage_units"": ""m"", ""target_units"": ""m3/s""}"
2020-08-01 00:04:00,runoff,85,94,default,2020-08-01,2020-09-01,62.0,2678400.0,5.925925925925926e-06,3.1803892852622084e-10,-5.55523751662703e-06,positive_daisy_runoff_to_positive_oldr_in_flo_and_negative_storage_sink,,"{""bookkeeping_after_m"": 0.0, ""bookkeeping_before_m"": 3.1803892852622084e-10, ""bookkeeping_mode"": ""virtual_ol_d_snapshot"", ""bookkeeping_source"": ""OL_D read-only snapshot"", ""observed_ol_d_before_m"": 3.1803892852622084e-10, ""observed_ol_d_time"": ""2020-08-01T00:04:00"", ""requested_step_depth_m"": 5.555555555555556e-06, ""step_volume_m3"": 0.0014222222222222223, ""storage_units"": ""m"", ""target_units"": ""m3/s""}"
2020-08-01 00:04:00,runoff,85,95,default,2020-08-01,2020-09-01,62.0,2678400.0,5.925925925925926e-06,3.14742010232294e-10,-5.5552408135453235e-06,positive_daisy_runoff_to_positive_oldr_in_flo_and_negative_storage_sink,,"{""bookkeeping_after_m"": 0.0, ""bookkeeping_before_m"": 3.14742010232294e-10, ""bookkeeping_mode"": ""virtual_ol_d_snapshot"", ""bookkeeping_source"": ""OL_D read-only snapshot"", ""observed_ol_d_before_m"": 3.14742010232294e-10, ""observed_ol_d_time"": ""2020-08-01T00:04:00"", ""requested_step_depth_m"": 5.555555555555556e-06, ""step_volume_m3"": 0.0014222222222222223, ""storage_units"": ""m"", ""target_units"": ""m3/s""}"
2020-08-01 00:04:00,runoff,85,96,default,2020-08-01,2020-09-01,62.0,2678400.0,5.925925925925926e-06,3.1036506698001176e-10,-5.555245190488576e-06,positive_daisy_runoff_to_positive_oldr_in_flo_and_negative_storage_sink,,"{""bookkeeping_after_m"": 0.0, ""bookkeeping_before_m"": 3.1036506698001176e-10, ""bookkeeping_mode"": ""virtual_ol_d_snapshot"", ""bookkeeping_source"": ""OL_D read-only snapshot"", ""observed_ol_d_before_m"": 3.1036506698001176e-10, ""observed_ol_d_time"": ""2020-08-01T00:04:00"", ""requested_step_depth_m"": 5.555555555555556e-06, ""step_volume_m3"": 0.0014222222222222223, ""storage_units"": ""m"", ""target_units"": ""m3/s""}"
2020-08-01 00:04:00,runoff,85,97,default,2020-08-01,2020-09-01,62.0,2678400.0,5.925925925925926e-06,3.0894398150849156e-10,-5.555246611574047e-06,positive_daisy_runoff_to_positive_oldr_in_flo_and_negative_storage_sink,,"{""bookkeeping_after_m"": 0.0, ""bookkeeping_before_m"": 3.0894398150849156e-10, ""bookkeeping_mode"": ""virtual_ol_d_snapshot"", ""bookkeeping_source"": ""OL_D read-only snapshot"", ""observed_ol_d_before_m"": 3.0894398150849156e-10, ""observed_ol_d_time"": ""2020-08-01T00:04:00"", ""requested_step_depth_m"": 5.555555555555556e-06, ""step_volume_m3"": 0.0014222222222222223, ""storage_units"": ""m"", ""target_units"": ""m3/s""}"
2020-08-01 00:04:00,runoff,85,98,default,2020-08-01,2020-09-01,62.0,2678400.0,5.925925925925926e-06,3.0240698833949864e-10,-5.555253148567216e-06,positive_daisy_runoff_to_positive_oldr_in_flo_and_negative_storage_sink,,"{""bookkeeping_after_m"": 0.0, ""bookkeeping_before_m"": 3.0240698833949864e-10, ""bookkeeping_mode"": ""virtual_ol_d_snapshot"", ""bookkeeping_source"": ""OL_D read-only snapshot"", ""observed_ol_d_before_m"": 3.0240698833949864e-10, ""observed_ol_d_time"": ""2020-08-01T00:04:00"", ""requested_step_depth_m"": 5.555555555555556e-06, ""step_volume_m3"": 0.0014222222222222223, ""storage_units"": ""m"", ""target_units"": ""m3/s""}"
2020-08-01 00:04:00,runoff,85,99,default,2020-08-01,2020-09-01,62.0,2678400.0,5.925925925925926e-06,3.00531155517092e-10,-5.555255024400039e-06,positive_daisy_runoff_to_positive_oldr_in_flo_and_negative_storage_sink,,"{""bookkeeping_after_m"": 0.0, ""bookkeeping_before_m"": 3.00531155517092e-10, ""bookkeeping_mode"": ""virtual_ol_d_snapshot"", ""bookkeeping_source"": ""OL_D read-only snapshot"", ""observed_ol_d_before_m"": 3.00531155517092e-10, ""observed_ol_d_time"": ""2020-08-01T00:04:00"", ""requested_step_depth_m"": 5.555555555555556e-06, ""step_volume_m3"": 0.0014222222222222223, ""storage_units"": ""m"", ""target_units"": ""m3/s""}"
2020-08-01 00:04:00,runoff,85,100,default,2020-08-01,2020-09-01,62.0,2678400.0,5.925925925925926e-06,3.000764081662055e-10,-5.55525547914739e-06,positive_daisy_runoff_to_positive_oldr_in_flo_and_negative_storage_sink,,"{""bookkeeping_after_m"": 0.0, ""bookkeeping_before_m"": 3.000764081662055e-10, ""bookkeeping_mode"": ""virtual_ol_d_snapshot"", ""bookkeeping_source"": ""OL_D read-only snapshot"", ""observed_ol_d_before_m"": 3.000764081662055e-10, ""observed_ol_d_time"": ""2020-08-01T00:04:00"", ""requested_step_depth_m"": 5.555555555555556e-06, ""step_volume_m3"": 0.0014222222222222223, ""storage_units"": ""m"", ""target_units"": ""m3/s""}"
2020-08-01 00:04:00,runoff,85,101,default,2020-08-01,2020-09-01,62.0,2678400.0,5.925925925925926e-06,2.9979219107190147e-10,-5.555255763364484e-06,positive_daisy_runoff_to_positive_oldr_in_flo_and_negative_storage_sink,,"{""bookkeeping_after_m"": 0.0, ""bookkeeping_before_m"": 2.9979219107190147e-10, ""bookkeeping_mode"": ""virtual_ol_d_snapshot"", ""bookkeeping_source"": ""OL_D read-only snapshot"", ""observed_ol_d_before_m"": 2.9979219107190147e-10, ""observed_ol_d_time"": ""2020-08-01T00:04:00"", ""requested_step_depth_m"": 5.555555555555556e-06, ""step_volume_m3"": 0.0014222222222222223, ""storage_units"": ""m"", ""target_units"": ""m3/s""}"
2020-08-01 00:04:00,runoff,85,102,default,2020-08-01,2020-09-01,62.0,2678400.0,5.925925925925926e-06,3.107629709120374e-10,-5.555244792584644e-06,positive_daisy_runoff_to_positive_oldr_in_flo_and_negative_storage_sink,,"{""bookkeeping_after_m"": 0.0, ""bookkeeping_before_m"": 3.107629709120374e-10, ""bookkeeping_mode"": ""virtual_ol_d_snapshot"", ""bookkeeping_source"": ""OL_D read-only snapshot"", ""observed_ol_d_before_m"": 3.107629709120374e-10, ""observed_ol_d_time"": ""2020-08-01T00:04:00"", ""requested_step_depth_m"": 5.555555555555556e-06, ""step_volume_m3"": 0.0014222222222222223, ""storage_units"": ""m"", ""target_units"": ""m3/s""}"
2020-08-01 00:04:00,runoff,85,103,default,2020-08-01,2020-09-01,62.0,2678400.0,5.925925925925926e-06,3.107629709120374e-10,-5.555244792584644e-06,positive_daisy_runoff_to_positive_oldr_in_flo_and_negative_storage_sink,,"{""bookkeeping_after_m"": 0.0, ""bookkeeping_before_m"": 3.107629709120374e-10, ""bookkeeping_mode"": ""virtual_ol_d_snapshot"", ""bookkeeping_source"": ""OL_D read-only snapshot"", ""observed_ol_d_before_m"": 3.107629709120374e-10, ""observed_ol_d_time"": ""2020-08-01T00:04:00"", ""requested_step_depth_m"": 5.555555555555556e-06, ""step_volume_m3"": 0.0014222222222222223, ""storage_units"": ""m"", ""target_units"": ""m3/s""}"
2020-08-01 00:04:00,runoff,85,104,default,2020-08-01,2020-09-01,62.0,2678400.0,5.925925925925926e-06,3.1104718800634146e-10,-5.5552445083675495e-06,positive_daisy_runoff_to_positive_oldr_in_flo_and_negative_storage_sink,,"{""bookkeeping_after_m"": 0.0, ""bookkeeping_before_m"": 3.1104718800634146e-10, ""bookkeeping_mode"": ""virtual_ol_d_snapshot"", ""bookkeeping_source"": ""OL_D read-only snapshot"", ""observed_ol_d_before_m"": 3.1104718800634146e-10, ""observed_ol_d_time"": ""2020-08-01T00:04:00"", ""requested_step_depth_m"": 5.555555555555556e-06, ""step_volume_m3"": 0.0014222222222222223, ""storage_units"": ""m"", ""target_units"": ""m3/s""}"
2020-08-01 00:04:00,runoff,85,105,default,2020-08-01,2020-09-01,62.0,2678400.0,5.925925925925926e-06,2.994511305587366e-10,-5.555256104424997e-06,positive_daisy_runoff_to_positive_oldr_in_flo_and_negative_storage_sink,,"{""bookkeeping_after_m"": 0.0, ""bookkeeping_before_m"": 2.994511305587366e-10, ""bookkeeping_mode"": ""virtual_ol_d_snapshot"", ""bookkeeping_source"": ""OL_D read-only snapshot"", ""observed_ol_d_before_m"": 2.994511305587366e-10, ""observed_ol_d_time"": ""2020-08-01T00:04:00"", ""requested_step_depth_m"": 5.555555555555556e-06, ""step_volume_m3"": 0.0014222222222222223, ""storage_units"": ""m"", ""target_units"": ""m3/s""}"
2020-08-01 00:04:00,runoff,85,106,default,2020-08-01,2020-09-01,62.0,2678400.0,5.925925925925926e-06,2.99337443721015e-10,-5.555256218111835e-06,positive_daisy_runoff_to_positive_oldr_in_flo_and_negative_storage_sink,,"{""bookkeeping_after_m"": 0.0, ""bookkeeping_before_m"": 2.99337443721015e-10, ""bookkeeping_mode"": ""virtual_ol_d_snapshot"", ""bookkeeping_source"": ""OL_D read-only snapshot"", ""observed_ol_d_before_m"": 2.99337443721015e-10, ""observed_ol_d_time"": ""2020-08-01T00:04:00"", ""requested_step_depth_m"": 5.555555555555556e-06, ""step_volume_m3"": 0.0014222222222222223, ""storage_units"": ""m"", ""target_units"": ""m3/s""}"
2020-08-01 00:04:00,runoff,85,107,default,2020-08-01,2020-09-01,62.0,2678400.0,5.925925925925926e-06,3.164473127981182e-10,-5.555239108242758e-06,positive_daisy_runoff_to_positive_oldr_in_flo_and_negative_storage_sink,,"{""bookkeeping_after_m"": 0.0, ""bookkeeping_before_m"": 3.164473127981182e-10, ""bookkeeping_mode"": ""virtual_ol_d_snapshot"", ""bookkeeping_source"": ""OL_D read-only snapshot"", ""observed_ol_d_before_m"": 3.164473127981182e-10, ""observed_ol_d_time"": ""2020-08-01T00:04:00"", ""requested_step_depth_m"": 5.555555555555556e-06, ""step_volume_m3"": 0.0014222222222222223, ""storage_units"": ""m"", ""target_units"": ""m3/s""}"
2020-08-01 00:04:00,runoff,85,108,default,2020-08-01,2020-09-01,62.0,2678400.0,5.925925925925926e-06,3.204263521183748e-10,-5.5552351292034374e-06,positive_daisy_runoff_to_positive_oldr_in_flo_and_negative_storage_sink,,"{""bookkeeping_after_m"": 0.0, ""bookkeeping_before_m"": 3.204263521183748e-10, ""bookkeeping_mode"": ""virtual_ol_d_snapshot"", ""bookkeeping_source"": ""OL_D read-only snapshot"", ""observed_ol_d_before_m"": 3.204263521183748e-10, ""observed_ol_d_time"": ""2020-08-01T00:04:00"", ""requested_step_depth_m"": 5.555555555555556e-06, ""step_volume_m3"": 0.0014222222222222223, ""storage_units"": ""m"", ""target_units"": ""m3/s""}"
2020-08-01 00:04:00,runoff,85,109,default,2020-08-01,2020-09-01,62.0,2678400.0,5.925925925925926e-06,3.388436198292766e-10,-5.5552167119357265e-06,positive_daisy_runoff_to_positive_oldr_in_flo_and_negative_storage_sink,,"{""bookkeeping_after_m"": 0.0, ""bookkeeping_before_m"": 3.388436198292766e-10, ""bookkeeping_mode"": ""virtual_ol_d_snapshot"", ""bookkeeping_source"": ""OL_D read-only snapshot"", ""observed_ol_d_before_m"": 3.388436198292766e-10, ""observed_ol_d_time"": ""2020-08-01T00:04:00"", ""requested_step_depth_m"": 5.555555555555556e-06, ""step_volume_m3"": 0.0014222222222222223, ""storage_units"": ""m"", ""target_units"": ""m3/s""}"
2020-08-01 00:04:00,runoff,85,110,default,2020-08-01,2020-09-01,62.0,2678400.0,5.925925925925926e-06,3.2787283998914063e-10,-5.555227682715567e-06,positive_daisy_runoff_to_positive_oldr_in_flo_and_negative_storage_sink,,"{""bookkeeping_after_m"": 0.0, ""bookkeeping_before_m"": 3.2787283998914063e-10, ""bookkeeping_mode"": ""virtual_ol_d_snapshot"", ""bookkeeping_source"": ""OL_D read-only snapshot"", ""observed_ol_d_before_m"": 3.2787283998914063e-10, ""observed_ol_d_time"": ""2020-08-01T00:04:00"", ""requested_step_depth_m"": 5.555555555555556e-06, ""step_volume_m3"": 0.0014222222222222223, ""storage_units"": ""m"", ""target_units"": ""m3/s""}"
2020-08-01 00:04:00,runoff,85,111,default,2020-08-01,2020-09-01,62.0,2678400.0,5.925925925925926e-06,3.3298874768661335e-10,-5.555222566807869e-06,positive_daisy_runoff_to_positive_oldr_in_flo_and_negative_storage_sink,,"{""bookkeeping_after_m"": 0.0, ""bookkeeping_before_m"": 3.3298874768661335e-10, ""bookkeeping_mode"": ""virtual_ol_d_snapshot"", ""bookkeeping_source"": ""OL_D read-only snapshot"", ""observed_ol_d_before_m"": 3.3298874768661335e-10, ""observed_ol_d_time"": ""2020-08-01T00:04:00"", ""requested_step_depth_m"": 5.555555555555556e-06, ""step_volume_m3"": 0.0014222222222222223, ""storage_units"": ""m"", ""target_units"": ""m3/s""}"
2020-08-01 00:04:00,runoff,85,112,default,2020-08-01,2020-09-01,62.0,2678400.0,5.925925925925926e-06,3.1110403142520227e-10,-5.555244451524131e-06,positive_daisy_runoff_to_positive_oldr_in_flo_and_negative_storage_sink,,"{""bookkeeping_after_m"": 0.0, ""bookkeeping_before_m"": 3.1110403142520227e-10, ""bookkeeping_mode"": ""virtual_ol_d_snapshot"", ""bookkeeping_source"": ""OL_D read-only snapshot"", ""observed_ol_d_before_m"": 3.1110403142520227e-10, ""observed_ol_d_time"": ""2020-08-01T00:04:00"", ""requested_step_depth_m"": 5.555555555555556e-06, ""step_volume_m3"": 0.0014222222222222223, ""storage_units"": ""m"", ""target_units"": ""m3/s""}"
2020-08-01 00:04:00,runoff,85,113,default,2020-08-01,2020-09-01,62.0,2678400.0,5.925925925925926e-06,3.4560798667371273e-10,-5.555209947568882e-06,positive_daisy_runoff_to_positive_oldr_in_flo_and_negative_storage_sink,,"{""bookkeeping_after_m"": 0.0, ""bookkeeping_before_m"": 3.4560798667371273e-10, ""bookkeeping_mode"": ""virtual_ol_d_snapshot"", ""bookkeeping_source"": ""OL_D read-only snapshot"", ""observed_ol_d_before_m"": 3.4560798667371273e-10, ""observed_ol_d_time"": ""2020-08-01T00:04:00"", ""requested_step_depth_m"": 5.555555555555556e-06, ""step_volume_m3"": 0.0014222222222222223, ""storage_units"": ""m"", ""target_units"": ""m3/s""}"
2020-08-01 00:04:00,runoff,85,114,default,2020-08-01,2020-09-01,62.0,2678400.0,5.925925925925926e-06,2.9967850423417985e-10,-5.555255877051322e-06,positive_daisy_runoff_to_positive_oldr_in_flo_and_negative_storage_sink,,"{""bookkeeping_after_m"": 0.0, ""bookkeeping_before_m"": 2.9967850423417985e-10, ""bookkeeping_mode"": ""virtual_ol_d_snapshot"", ""bookkeeping_source"": ""OL_D read-only snapshot"", ""observed_ol_d_before_m"": 2.9967850423417985e-10, ""observed_ol_d_time"": ""2020-08-01T00:04:00"", ""requested_step_depth_m"": 5.555555555555556e-06, ""step_volume_m3"": 0.0014222222222222223, ""storage_units"": ""m"", ""target_units"": ""m3/s""}"
2020-08-01 00:04:00,runoff,85,115,default,2020-08-01,2020-09-01,62.0,2678400.0,5.925925925925926e-06,3.3588776204851456e-10,-5.555219667793507e-06,positive_daisy_runoff_to_positive_oldr_in_flo_and_negative_storage_sink,,"{""bookkeeping_after_m"": 0.0, ""bookkeeping_before_m"": 3.3588776204851456e-10, ""bookkeeping_mode"": ""virtual_ol_d_snapshot"", ""bookkeeping_source"": ""OL_D read-only snapshot"", ""observed_ol_d_before_m"": 3.3588776204851456e-10, ""observed_ol_d_time"": ""2020-08-01T00:04:00"", ""requested_step_depth_m"": 5.555555555555556e-06, ""step_volume_m3"": 0.0014222222222222223, ""storage_units"": ""m"", ""target_units"": ""m3/s""}"
2020-08-01 00:04:00,runoff,85,116,default,2020-08-01,2020-09-01,62.0,2678400.0,5.925925925925926e-06,3.1946001399774104e-10,-5.555236095541558e-06,positive_daisy_runoff_to_positive_oldr_in_flo_and_negative_storage_sink,,"{""bookkeeping_after_m"": 0.0, ""bookkeeping_before_m"": 3.1946001399774104e-10, ""bookkeeping_mode"": ""virtual_ol_d_snapshot"", ""bookkeeping_source"": ""OL_D read-only snapshot"", ""observed_ol_d_before_m"": 3.1946001399774104e-10, ""observed_ol_d_time"": ""2020-08-01T00:04:00"", ""requested_step_depth_m"": 5.555555555555556e-06, ""step_volume_m3"": 0.0014222222222222223, ""storage_units"": ""m"", ""target_units"": ""m3/s""}"
2020-08-01 00:04:00,runoff,86,63,default,2020-08-01,2020-09-01,62.0,2678400.0,5.925925925925926e-06,3.1309355108533055e-10,-5.5552424620044705e-06,positive_daisy_runoff_to_positive_oldr_in_flo_and_negative_storage_sink,,"{""bookkeeping_after_m"": 0.0, ""bookkeeping_before_m"": 3.1309355108533055e-10, ""bookkeeping_mode"": ""virtual_ol_d_snapshot"", ""bookkeeping_source"": ""OL_D read-only snapshot"", ""observed_ol_d_before_m"": 3.1309355108533055e-10, ""observed_ol_d_time"": ""2020-08-01T00:04:00"", ""requested_step_depth_m"": 5.555555555555556e-06, ""step_volume_m3"": 0.0014222222222222223, ""storage_units"": ""m"", ""target_units"": ""m3/s""}"
2020-08-01 00:04:00,runoff,86,64,default,2020-08-01,2020-09-01,62.0,2678400.0,5.925925925925926e-06,3.104787538177334e-10,-5.555245076801738e-06,positive_daisy_runoff_to_positive_oldr_in_flo_and_negative_storage_sink,,"{""bookkeeping_after_m"": 0.0, ""bookkeeping_before_m"": 3.104787538177334e-10, ""bookkeeping_mode"": ""virtual_ol_d_snapshot"", ""bookkeeping_source"": ""OL_D read-only snapshot"", ""observed_ol_d_before_m"": 3.104787538177334e-10, ""observed_ol_d_time"": ""2020-08-01T00:04:00"", ""requested_step_depth_m"": 5.555555555555556e-06, ""step_volume_m3"": 0.0014222222222222223, ""storage_units"": ""m"", ""target_units"": ""m3/s""}"
2020-08-01 00:04:00,runoff,86,65,default,2020-08-01,2020-09-01,62.0,2678400.0,5.925925925925926e-06,3.051354724448174e-10,-5.555250420083111e-06,positive_daisy_runoff_to_positive_oldr_in_flo_and_negative_storage_sink,,"{""bookkeeping_after_m"": 0.0, ""bookkeeping_before_m"": 3.051354724448174e-10, ""bookkeeping_mode"": ""virtual_ol_d_snapshot"", ""bookkeeping_source"": ""OL_D read-only snapshot"", ""observed_ol_d_before_m"": 3.051354724448174e-10, ""observed_ol_d_time"": ""2020-08-01T00:04:00"", ""requested_step_depth_m"": 5.555555555555556e-06, ""step_volume_m3"": 0.0014222222222222223, ""storage_units"": ""m"", ""target_units"": ""m3/s""}"
2020-08-01 00:04:00,runoff,86,66,default,2020-08-01,2020-09-01,62.0,2678400.0,5.925925925925926e-06,2.9979219107190147e-10,-5.555255763364484e-06,positive_daisy_runoff_to_positive_oldr_in_flo_and_negative_storage_sink,,"{""bookkeeping_after_m"": 0.0, ""bookkeeping_before_m"": 2.9979219107190147e-10, ""bookkeeping_mode"": ""virtual_ol_d_snapshot"", ""bookkeeping_source"": ""OL_D read-only snapshot"", ""observed_ol_d_before_m"": 2.9979219107190147e-10, ""observed_ol_d_time"": ""2020-08-01T00:04:00"", ""requested_step_depth_m"": 5.555555555555556e-06, ""step_volume_m3"": 0.0014222222222222223, ""storage_units"": ""m"", ""target_units"": ""m3/s""}"
2020-08-01 00:04:00,runoff,86,67,default,2020-08-01,2020-09-01,62.0,2678400.0,5.925925925925926e-06,3.085460775764659e-10,-5.555247009477979e-06,positive_daisy_runoff_to_positive_oldr_in_flo_and_negative_storage_sink,,"{""bookkeeping_after_m"": 0.0, ""bookkeeping_before_m"": 3.085460775764659e-10, ""bookkeeping_mode"": ""virtual_ol_d_snapshot"", ""bookkeeping_source"": ""OL_D read-only snapshot"", ""observed_ol_d_before_m"": 3.085460775764659e-10, ""observed_ol_d_time"": ""2020-08-01T00:04:00"", ""requested_step_depth_m"": 5.555555555555556e-06, ""step_volume_m3"": 0.0014222222222222223, ""storage_units"": ""m"", ""target_units"": ""m3/s""}"
2020-08-01 00:04:00,runoff,86,68,default,2020-08-01,2020-09-01,62.0,2678400.0,5.925925925925926e-06,3.3287506084889174e-10,-5.555222680494707e-06,positive_daisy_runoff_to_positive_oldr_in_flo_and_negative_storage_sink,,"{""bookkeeping_after_m"": 0.0, ""bookkeeping_before_m"": 3.3287506084889174e-10, ""bookkeeping_mode"": ""virtual_ol_d_snapshot"", ""bookkeeping_source"": ""OL_D read-only snapshot"", ""observed_ol_d_before_m"": 3.3287506084889174e-10, ""observed_ol_d_time"": ""2020-08-01T00:04:00"", ""requested_step_depth_m"": 5.555555555555556e-06, ""step_volume_m3"": 0.0014222222222222223, ""storage_units"": ""m"", ""target_units"": ""m3/s""}"
2020-08-01 00:04:00,runoff,86,69,default,2020-08-01,2020-09-01,62.0,2678400.0,5.925925925925926e-06,3.362856659805402e-10,-5.555219269889575e-06,positive_daisy_runoff_to_positive_oldr_in_flo_and_negative_storage_sink,,"{""bookkeeping_after_m"": 0.0, ""bookkeeping_before_m"": 3.362856659805402e-10, ""bookkeeping_mode"": ""virtual_ol_d_snapshot"", ""bookkeeping_source"": ""OL_D read-only snapshot"", ""observed_ol_d_before_m"": 3.362856659805402e-10, ""observed_ol_d_time"": ""2020-08-01T00:04:00"", ""requested_step_depth_m"": 5.555555555555556e-06, ""step_volume_m3"": 0.0014222222222222223, ""storage_units"": ""m"", ""target_units"": ""m3/s""}"
2020-08-01 00:04:00,runoff,86,70,default,2020-08-01,2020-09-01,62.0,2678400.0,5.925925925925926e-06,2.9888269637012854e-10,-5.555256672859186e-06,positive_daisy_runoff_to_positive_oldr_in_flo_and_negative_storage_sink,,"{""bookkeeping_after_m"": 0.0, ""bookkeeping_before_m"": 2.9888269637012854e-10, ""bookkeeping_mode"": ""virtual_ol_d_snapshot"", ""bookkeeping_source"": ""OL_D read-only snapshot"", ""observed_ol_d_before_m"": 2.9888269637012854e-10, ""observed_ol_d_time"": ""2020-08-01T00:04:00"", ""requested_step_depth_m"": 5.555555555555556e-06, ""step_volume_m3"": 0.0014222222222222223, ""storage_units"": ""m"", ""target_units"": ""m3/s""}"
2020-08-01 00:04:00,runoff,86,71,default,2020-08-01,2020-09-01,62.0,2678400.0,5.925925925925926e-06,3.1445779313798994e-10,-5.555241097762418e-06,positive_daisy_runoff_to_positive_oldr_in_flo_and_negative_storage_sink,,"{""bookkeeping_after_m"": 0.0, ""bookkeeping_before_m"": 3.1445779313798994e-10, ""bookkeeping_mode"": ""virtual_ol_d_snapshot"", ""bookkeeping_source"": ""OL_D read-only snapshot"", ""observed_ol_d_before_m"": 3.1445779313798994e-10, ""observed_ol_d_time"": ""2020-08-01T00:04:00"", ""requested_step_depth_m"": 5.555555555555556e-06, ""step_volume_m3"": 0.0014222222222222223, ""storage_units"": ""m"", ""target_units"": ""m3/s""}"
2020-08-01 00:04:00,runoff,86,72,default,2020-08-01,2020-09-01,62.0,2678400.0,5.925925925925926e-06,2.9888269637012854e-10,-5.555256672859186e-06,positive_daisy_runoff_to_positive_oldr_in_flo_and_negative_storage_sink,,"{""bookkeeping_after_m"": 0.0, ""bookkeeping_before_m"": 2.9888269637012854e-10, ""bookkeeping_mode"": ""virtual_ol_d_snapshot"", ""bookkeeping_source"": ""OL_D read-only snapshot"", ""observed_ol_d_before_m"": 2.9888269637012854e-10, ""observed_ol_d_time"": ""2020-08-01T00:04:00"", ""requested_step_depth_m"": 5.555555555555556e-06, ""step_volume_m3"": 0.0014222222222222223, ""storage_units"": ""m"", ""target_units"": ""m3/s""}"
2020-08-01 00:04:00,runoff,86,73,default,2020-08-01,2020-09-01,62.0,2678400.0,5.925925925925926e-06,3.1093350116861984e-10,-5.555244622054387e-06,positive_daisy_runoff_to_positive_oldr_in_flo_and_negative_storage_sink,,"{""bookkeeping_after_m"": 0.0, ""bookkeeping_before_m"": 3.1093350116861984e-10, ""bookkeeping_mode"": ""virtual_ol_d_snapshot"", ""bookkeeping_source"": ""OL_D read-only snapshot"", ""observed_ol_d_before_m"": 3.1093350116861984e-10, ""observed_ol_d_time"": ""2020-08-01T00:04:00"", ""requested_step_depth_m"": 5.555555555555556e-06, ""step_volume_m3"": 0.0014222222222222223, ""storage_units"": ""m"", ""target_units"": ""m3/s""}"
2020-08-01 00:04:00,runoff,86,74,default,2020-08-01,2020-09-01,62.0,2678400.0,5.925925925925926e-06,3.1093350116861984e-10,-5.555244622054387e-06,positive_daisy_runoff_to_positive_oldr_in_flo_and_negative_storage_sink,,"{""bookkeeping_after_m"": 0.0, ""bookkeeping_before_m"": 3.1093350116861984e-10, ""bookkeeping_mode"": ""virtual_ol_d_snapshot"", ""bookkeeping_source"": ""OL_D read-only snapshot"", ""observed_ol_d_before_m"": 3.1093350116861984e-10, ""observed_ol_d_time"": ""2020-08-01T00:04:00"", ""requested_step_depth_m"": 5.555555555555556e-06, ""step_volume_m3"": 0.0014222222222222223, ""storage_units"": ""m"", ""target_units"": ""m3/s""}"
2020-08-01 00:04:00,runoff,86,75,default,2020-08-01,2020-09-01,62.0,2678400.0,5.925925925925926e-06,3.1297986424760893e-10,-5.555242575691308e-06,positive_daisy_runoff_to_positive_oldr_in_flo_and_negative_storage_sink,,"{""bookkeeping_after_m"": 0.0, ""bookkeeping_before_m"": 3.1297986424760893e-10, ""bookkeeping_mode"": ""virtual_ol_d_snapshot"", ""bookkeeping_source"": ""OL_D read-only snapshot"", ""observed_ol_d_before_m"": 3.1297986424760893e-10, ""observed_ol_d_time"": ""2020-08-01T00:04:00"", ""requested_step_depth_m"": 5.555555555555556e-06, ""step_volume_m3"": 0.0014222222222222223, ""storage_units"": ""m"", ""target_units"": ""m3/s""}"
2020-08-01 00:04:00,runoff,86,76,default,2020-08-01,2020-09-01,62.0,2678400.0,5.925925925925926e-06,3.115019353572279e-10,-5.555244053620199e-06,positive_daisy_runoff_to_positive_oldr_in_flo_and_negative_storage_sink,,"{""bookkeeping_after_m"": 0.0, ""bookkeeping_before_m"": 3.115019353572279e-10, ""bookkeeping_mode"": ""virtual_ol_d_snapshot"", ""bookkeeping_source"": ""OL_D read-only snapshot"", ""observed_ol_d_before_m"": 3.115019353572279e-10, ""observed_ol_d_time"": ""2020-08-01T00:04:00"", ""requested_step_depth_m"": 5.555555555555556e-06, ""step_volume_m3"": 0.0014222222222222223, ""storage_units"": ""m"", ""target_units"": ""m3/s""}"
2020-08-01 00:04:00,runoff,86,77,default,2020-08-01,2020-09-01,62.0,2678400.0,5.925925925925926e-06,3.128661774098873e-10,-5.555242689378146e-06,positive_daisy_runoff_to_positive_oldr_in_flo_and_negative_storage_sink,,"{""bookkeeping_after_m"": 0.0, ""bookkeeping_before_m"": 3.128661774098873e-10, ""bookkeeping_mode"": ""virtual_ol_d_snapshot"", ""bookkeeping_source"": ""OL_D read-only snapshot"", ""observed_ol_d_before_m"": 3.128661774098873e-10, ""observed_ol_d_time"": ""2020-08-01T00:04:00"", ""requested_step_depth_m"": 5.555555555555556e-06, ""step_volume_m3"": 0.0014222222222222223, ""storage_units"": ""m"", ""target_units"": ""m3/s""}"
2020-08-01 00:04:00,runoff,86,78,default,2020-08-01,2020-09-01,62.0,2678400.0,5.925925925925926e-06,3.1229774322127923e-10,-5.5552432578123345e-06,positive_daisy_runoff_to_positive_oldr_in_flo_and_negative_storage_sink,,"{""bookkeeping_after_m"": 0.0, ""bookkeeping_before_m"": 3.1229774322127923e-10, ""bookkeeping_mode"": ""virtual_ol_d_snapshot"", ""bookkeeping_source"": ""OL_D read-only snapshot"", ""observed_ol_d_before_m"": 3.1229774322127923e-10, ""observed_ol_d_time"": ""2020-08-01T00:04:00"", ""requested_step_depth_m"": 5.555555555555556e-06, ""step_volume_m3"": 0.0014222222222222223, ""storage_units"": ""m"", ""target_units"": ""m3/s""}"
2020-08-01 00:04:00,runoff,86,79,default,2020-08-01,2020-09-01,62.0,2678400.0,5.925925925925926e-06,3.1184299587039277e-10,-5.5552437125596854e-06,positive_daisy_runoff_to_positive_oldr_in_flo_and_negative_storage_sink,,"{""bookkeeping_after_m"": 0.0, ""bookkeeping_before_m"": 3.1184299587039277e-10, ""bookkeeping_mode"": ""virtual_ol_d_snapshot"", ""bookkeeping_source"": ""OL_D read-only snapshot"", ""observed_ol_d_before_m"": 3.1184299587039277e-10, ""observed_ol_d_time"": ""2020-08-01T00:04:00"", ""requested_step_depth_m"": 5.555555555555556e-06, ""step_volume_m3"": 0.0014222222222222223, ""storage_units"": ""m"", ""target_units"": ""m3/s""}"
2020-08-01 00:04:00,runoff,86,80,default,2020-08-01,2020-09-01,62.0,2678400.0,5.925925925925926e-06,3.112745616817847e-10,-5.555244280993874e-06,positive_daisy_runoff_to_positive_oldr_in_flo_and_negative_storage_sink,,"{""bookkeeping_after_m"": 0.0, ""bookkeeping_before_m"": 3.112745616817847e-10, ""bookkeeping_mode"": ""virtual_ol_d_snapshot"", ""bookkeeping_source"": ""OL_D read-only snapshot"", ""observed_ol_d_before_m"": 3.112745616817847e-10, ""observed_ol_d_time"": ""2020-08-01T00:04:00"", ""requested_step_depth_m"": 5.555555555555556e-06, ""step_volume_m3"": 0.0014222222222222223, ""storage_units"": ""m"", ""target_units"": ""m3/s""}"
2020-08-01 00:04:00,runoff,86,81,default,2020-08-01,2020-09-01,62.0,2678400.0,5.925925925925926e-06,3.104787538177334e-10,-5.555245076801738e-06,positive_daisy_runoff_to_positive_oldr_in_flo_and_negative_storage_sink,,"{""bookkeeping_after_m"": 0.0, ""bookkeeping_before_m"": 3.104787538177334e-10, ""bookkeeping_mode"": ""virtual_ol_d_snapshot"", ""bookkeeping_source"": ""OL_D read-only snapshot"", ""observed_ol_d_before_m"": 3.104787538177334e-10, ""observed_ol_d_time"": ""2020-08-01T00:04:00"", ""requested_step_depth_m"": 5.555555555555556e-06, ""step_volume_m3"": 0.0014222222222222223, ""storage_units"": ""m"", ""target_units"": ""m3/s""}"
2020-08-01 00:04:00,runoff,86,82,default,2020-08-01,2020-09-01,62.0,2678400.0,5.925925925925926e-06,3.005879989359528e-10,-5.55525496755662e-06,positive_daisy_runoff_to_positive_oldr_in_flo_and_negative_storage_sink,,"{""bookkeeping_after_m"": 0.0, ""bookkeeping_before_m"": 3.005879989359528e-10, ""bookkeeping_mode"": ""virtual_ol_d_snapshot"", ""bookkeeping_source"": ""OL_D read-only snapshot"", ""observed_ol_d_before_m"": 3.005879989359528e-10, ""observed_ol_d_time"": ""2020-08-01T00:04:00"", ""requested_step_depth_m"": 5.555555555555556e-06, ""step_volume_m3"": 0.0014222222222222223, ""storage_units"": ""m"", ""target_units"": ""m3/s""}"
2020-08-01 00:04:00,runoff,86,83,default,2020-08-01,2020-09-01,62.0,2678400.0,5.925925925925926e-06,2.9967850423417985e-10,-5.555255877051322e-06,positive_daisy_runoff_to_positive_oldr_in_flo_and_negative_storage_sink,,"{""bookkeeping_after_m"": 0.0, ""bookkeeping_before_m"": 2.9967850423417985e-10, ""bookkeeping_mode"": ""virtual_ol_d_snapshot"", ""bookkeeping_source"": ""OL_D read-only snapshot"", ""observed_ol_d_before_m"": 2.9967850423417985e-10, ""observed_ol_d_time"": ""2020-08-01T00:04:00"", ""requested_step_depth_m"": 5.555555555555556e-06, ""step_volume_m3"": 0.0014222222222222223, ""storage_units"": ""m"", ""target_units"": ""m3/s""}"
2020-08-01 00:04:00,runoff,86,84,default,2020-08-01,2020-09-01,62.0,2678400.0,5.925925925925926e-06,2.9888269637012854e-10,-5.555256672859186e-06,positive_daisy_runoff_to_positive_oldr_in_flo_and_negative_storage_sink,,"{""bookkeeping_after_m"": 0.0, ""bookkeeping_before_m"": 2.9888269637012854e-10, ""bookkeeping_mode"": ""virtual_ol_d_snapshot"", ""bookkeeping_source"": ""OL_D read-only snapshot"", ""observed_ol_d_before_m"": 2.9888269637012854e-10, ""observed_ol_d_time"": ""2020-08-01T00:04:00"", ""requested_step_depth_m"": 5.555555555555556e-06, ""step_volume_m3"": 0.0014222222222222223, ""storage_units"": ""m"", ""target_units"": ""m3/s""}"
2020-08-01 00:04:00,runoff,86,85,default,2020-08-01,2020-09-01,62.0,2678400.0,5.925925925925926e-06,2.9893953978898935e-10,-5.555256616015767e-06,positive_daisy_runoff_to_positive_oldr_in_flo_and_negative_storage_sink,,"{""bookkeeping_after_m"": 0.0, ""bookkeeping_before_m"": 2.9893953978898935e-10, ""bookkeeping_mode"": ""virtual_ol_d_snapshot"", ""bookkeeping_source"": ""OL_D read-only snapshot"", ""observed_ol_d_before_m"": 2.9893953978898935e-10, ""observed_ol_d_time"": ""2020-08-01T00:04:00"", ""requested_step_depth_m"": 5.555555555555556e-06, ""step_volume_m3"": 0.0014222222222222223, ""storage_units"": ""m"", ""target_units"": ""m3/s""}"
2020-08-01 00:04:00,runoff,86,86,default,2020-08-01,2020-09-01,62.0,2678400.0,5.925925925925926e-06,2.9893953978898935e-10,-5.555256616015767e-06,positive_daisy_runoff_to_positive_oldr_in_flo_and_negative_storage_sink,,"{""bookkeeping_after_m"": 0.0, ""bookkeeping_before_m"": 2.9893953978898935e-10, ""bookkeeping_mode"": ""virtual_ol_d_snapshot"", ""bookkeeping_source"": ""OL_D read-only snapshot"", ""observed_ol_d_before_m"": 2.9893953978898935e-10, ""observed_ol_d_time"": ""2020-08-01T00:04:00"", ""requested_step_depth_m"": 5.555555555555556e-06, ""step_volume_m3"": 0.0014222222222222223, ""storage_units"": ""m"", ""target_units"": ""m3/s""}"
2020-08-01 00:04:00,runoff,86,87,default,2020-08-01,2020-09-01,62.0,2678400.0,5.925925925925926e-06,3.015543370565865e-10,-5.555254001218499e-06,positive_daisy_runoff_to_positive_oldr_in_flo_and_negative_storage_sink,,"{""bookkeeping_after_m"": 0.0, ""bookkeeping_before_m"": 3.015543370565865e-10, ""bookkeeping_mode"": ""virtual_ol_d_snapshot"", ""bookkeeping_source"": ""OL_D read-only snapshot"", ""observed_ol_d_before_m"": 3.015543370565865e-10, ""observed_ol_d_time"": ""2020-08-01T00:04:00"", ""requested_step_depth_m"": 5.555555555555556e-06, ""step_volume_m3"": 0.0014222222222222223, ""storage_units"": ""m"", ""target_units"": ""m3/s""}"
2020-08-01 00:04:00,runoff,86,88,default,2020-08-01,2020-09-01,62.0,2678400.0,5.925925925925926e-06,3.0178171073202975e-10,-5.555253773844824e-06,positive_daisy_runoff_to_positive_oldr_in_flo_and_negative_storage_sink,,"{""bookkeeping_after_m"": 0.0, ""bookkeeping_before_m"": 3.0178171073202975e-10, ""bookkeeping_mode"": ""virtual_ol_d_snapshot"", ""bookkeeping_source"": ""OL_D read-only snapshot"", ""observed_ol_d_before_m"": 3.0178171073202975e-10, ""observed_ol_d_time"": ""2020-08-01T00:04:00"", ""requested_step_depth_m"": 5.555555555555556e-06, ""step_volume_m3"": 0.0014222222222222223, ""storage_units"": ""m"", ""target_units"": ""m3/s""}"
2020-08-01 00:04:00,runoff,86,89,default,2020-08-01,2020-09-01,62.0,2678400.0,5.925925925925926e-06,3.1440094971912913e-10,-5.555241154605837e-06,positive_daisy_runoff_to_positive_oldr_in_flo_and_negative_storage_sink,,"{""bookkeeping_after_m"": 0.0, ""bookkeeping_before_m"": 3.1440094971912913e-10, ""bookkeeping_mode"": ""virtual_ol_d_snapshot"", ""bookkeeping_source"": ""OL_D read-only snapshot"", ""observed_ol_d_before_m"": 3.1440094971912913e-10, ""observed_ol_d_time"": ""2020-08-01T00:04:00"", ""requested_step_depth_m"": 5.555555555555556e-06, ""step_volume_m3"": 0.0014222222222222223, ""storage_units"": ""m"", ""target_units"": ""m3/s""}"
2020-08-01 00:04:00,runoff,86,90,default,2020-08-01,2020-09-01,62.0,2678400.0,5.925925925925926e-06,3.198010745109059e-10,-5.555235754481045e-06,positive_daisy_runoff_to_positive_oldr_in_flo_and_negative_storage_sink,,"{""bookkeeping_after_m"": 0.0, ""bookkeeping_before_m"": 3.198010745109059e-10, ""bookkeeping_mode"": ""virtual_ol_d_snapshot"", ""bookkeeping_source"": ""OL_D read-only snapshot"", ""observed_ol_d_before_m"": 3.198010745109059e-10, ""observed_ol_d_time"": ""2020-08-01T00:04:00"", ""requested_step_depth_m"": 5.555555555555556e-06, ""step_volume_m3"": 0.0014222222222222223, ""storage_units"": ""m"", ""target_units"": ""m3/s""}"
2020-08-01 00:04:00,runoff,86,91,default,2020-08-01,2020-09-01,62.0,2678400.0,5.925925925925926e-06,3.16219939122675e-10,-5.555239335616433e-06,positive_daisy_runoff_to_positive_oldr_in_flo_and_negative_storage_sink,,"{""bookkeeping_after_m"": 0.0, ""bookkeeping_before_m"": 3.16219939122675e-10, ""bookkeeping_mode"": ""virtual_ol_d_snapshot"", ""bookkeeping_source"": ""OL_D read-only snapshot"", ""observed_ol_d_before_m"": 3.16219939122675e-10, ""observed_ol_d_time"": ""2020-08-01T00:04:00"", ""requested_step_depth_m"": 5.555555555555556e-06, ""step_volume_m3"": 0.0014222222222222223, ""storage_units"": ""m"", ""target_units"": ""m3/s""}"
2020-08-01 00:04:00,runoff,86,92,default,2020-08-01,2020-09-01,62.0,2678400.0,5.925925925925926e-06,-0.0,-5.555555555555556e-06,positive_daisy_runoff_to_positive_oldr_in_flo_and_negative_storage_sink,,"{""bookkeeping_after_m"": 0.0, ""bookkeeping_before_m"": 0.0, ""bookkeeping_mode"": ""virtual_ol_d_snapshot"", ""bookkeeping_source"": ""OL_D read-only snapshot"", ""observed_ol_d_before_m"": 0.0, ""observed_ol_d_time"": ""2020-08-01T00:04:00"", ""requested_step_depth_m"": 5.555555555555556e-06, ""step_volume_m3"": 0.0014222222222222223, ""storage_units"": ""m"", ""target_units"": ""m3/s""}"
2020-08-01 00:04:00,runoff,86,94,default,2020-08-01,2020-09-01,62.0,2678400.0,5.925925925925926e-06,-0.0,-5.555555555555556e-06,positive_daisy_runoff_to_positive_oldr_in_flo_and_negative_storage_sink,,"{""bookkeeping_after_m"": 0.0, ""bookkeeping_before_m"": 0.0, ""bookkeeping_mode"": ""virtual_ol_d_snapshot"", ""bookkeeping_source"": ""OL_D read-only snapshot"", ""observed_ol_d_before_m"": 0.0, ""observed_ol_d_time"": ""2020-08-01T00:04:00"", ""requested_step_depth_m"": 5.555555555555556e-06, ""step_volume_m3"": 0.0014222222222222223, ""storage_units"": ""m"", ""target_units"": ""m3/s""}"
2020-08-01 00:04:00,runoff,86,95,default,2020-08-01,2020-09-01,62.0,2678400.0,5.925925925925926e-06,3.0820501706330106e-10,-5.5552473505384925e-06,positive_daisy_runoff_to_positive_oldr_in_flo_and_negative_storage_sink,,"{""bookkeeping_after_m"": 0.0, ""bookkeeping_before_m"": 3.0820501706330106e-10, ""bookkeeping_mode"": ""virtual_ol_d_snapshot"", ""bookkeeping_source"": ""OL_D read-only snapshot"", ""observed_ol_d_before_m"": 3.0820501706330106e-10, ""observed_ol_d_time"": ""2020-08-01T00:04:00"", ""requested_step_depth_m"": 5.555555555555556e-06, ""step_volume_m3"": 0.0014222222222222223, ""storage_units"": ""m"", ""target_units"": ""m3/s""}"
2020-08-01 00:04:00,runoff,86,96,default,2020-08-01,2020-09-01,62.0,2678400.0,5.925925925925926e-06,3.0024693842278793e-10,-5.555255308617133e-06,positive_daisy_runoff_to_positive_oldr_in_flo_and_negative_storage_sink,,"{""bookkeeping_after_m"": 0.0, ""bookkeeping_before_m"": 3.0024693842278793e-10, ""bookkeeping_mode"": ""virtual_ol_d_snapshot"", ""bookkeeping_source"": ""OL_D read-only snapshot"", ""observed_ol_d_before_m"": 3.0024693842278793e-10, ""observed_ol_d_time"": ""2020-08-01T00:04:00"", ""requested_step_depth_m"": 5.555555555555556e-06, ""step_volume_m3"": 0.0014222222222222223, ""storage_units"": ""m"", ""target_units"": ""m3/s""}"
2020-08-01 00:04:00,runoff,86,97,default,2020-08-01,2020-09-01,62.0,2678400.0,5.925925925925926e-06,3.0092905944911763e-10,-5.555254626496107e-06,positive_daisy_runoff_to_positive_oldr_in_flo_and_negative_storage_sink,,"{""bookkeeping_after_m"": 0.0, ""bookkeeping_before_m"": 3.0092905944911763e-10, ""bookkeeping_mode"": ""virtual_ol_d_snapshot"", ""bookkeeping_source"": ""OL_D read-only snapshot"", ""observed_ol_d_before_m"": 3.0092905944911763e-10, ""observed_ol_d_time"": ""2020-08-01T00:04:00"", ""requested_step_depth_m"": 5.555555555555556e-06, ""step_volume_m3"": 0.0014222222222222223, ""storage_units"": ""m"", ""target_units"": ""m3/s""}"
2020-08-01 00:04:00,runoff,86,98,default,2020-08-01,2020-09-01,62.0,2678400.0,5.925925925925926e-06,2.992237568832934e-10,-5.5552563317986725e-06,positive_daisy_runoff_to_positive_oldr_in_flo_and_negative_storage_sink,,"{""bookkeeping_after_m"": 0.0, ""bookkeeping_before_m"": 2.992237568832934e-10, ""bookkeeping_mode"": ""virtual_ol_d_snapshot"", ""bookkeeping_source"": ""OL_D read-only snapshot"", ""observed_ol_d_before_m"": 2.992237568832934e-10, ""observed_ol_d_time"": ""2020-08-01T00:04:00"", ""requested_step_depth_m"": 5.555555555555556e-06, ""step_volume_m3"": 0.0014222222222222223, ""storage_units"": ""m"", ""target_units"": ""m3/s""}"
2020-08-01 00:04:00,runoff,86,99,default,2020-08-01,2020-09-01,62.0,2678400.0,5.925925925925926e-06,3.0019009500392713e-10,-5.555255365460552e-06,positive_daisy_runoff_to_positive_oldr_in_flo_and_negative_storage_sink,,"{""bookkeeping_after_m"": 0.0, ""bookkeeping_before_m"": 3.0019009500392713e-10, ""bookkeeping_mode"": ""virtual_ol_d_snapshot"", ""bookkeeping_source"": ""OL_D read-only snapshot"", ""observed_ol_d_before_m"": 3.0019009500392713e-10, ""observed_ol_d_time"": ""2020-08-01T00:04:00"", ""requested_step_depth_m"": 5.555555555555556e-06, ""step_volume_m3"": 0.0014222222222222223, ""storage_units"": ""m"", ""target_units"": ""m3/s""}"
2020-08-01 00:04:00,runoff,86,100,default,2020-08-01,2020-09-01,62.0,2678400.0,5.925925925925926e-06,3.000195647473447e-10,-5.5552555359908085e-06,positive_daisy_runoff_to_positive_oldr_in_flo_and_negative_storage_sink,,"{""bookkeeping_after_m"": 0.0, ""bookkeeping_before_m"": 3.000195647473447e-10, ""bookkeeping_mode"": ""virtual_ol_d_snapshot"", ""bookkeeping_source"": ""OL_D read-only snapshot"", ""observed_ol_d_before_m"": 3.000195647473447e-10, ""observed_ol_d_time"": ""2020-08-01T00:04:00"", ""requested_step_depth_m"": 5.555555555555556e-06, ""step_volume_m3"": 0.0014222222222222223, ""storage_units"": ""m"", ""target_units"": ""m3/s""}"
2020-08-01 00:04:00,runoff,86,101,default,2020-08-01,2020-09-01,62.0,2678400.0,5.925925925925926e-06,2.9893953978898935e-10,-5.555256616015767e-06,positive_daisy_runoff_to_positive_oldr_in_flo_and_negative_storage_sink,,"{""bookkeeping_after_m"": 0.0, ""bookkeeping_before_m"": 2.9893953978898935e-10, ""bookkeeping_mode"": ""virtual_ol_d_snapshot"", ""bookkeeping_source"": ""OL_D read-only snapshot"", ""observed_ol_d_before_m"": 2.9893953978898935e-10, ""observed_ol_d_time"": ""2020-08-01T00:04:00"", ""requested_step_depth_m"": 5.555555555555556e-06, ""step_volume_m3"": 0.0014222222222222223, ""storage_units"": ""m"", ""target_units"": ""m3/s""}"
2020-08-01 00:04:00,runoff,86,102,default,2020-08-01,2020-09-01,62.0,2678400.0,5.925925925925926e-06,3.1104718800634146e-10,-5.5552445083675495e-06,positive_daisy_runoff_to_positive_oldr_in_flo_and_negative_storage_sink,,"{""bookkeeping_after_m"": 0.0, ""bookkeeping_before_m"": 3.1104718800634146e-10, ""bookkeeping_mode"": ""virtual_ol_d_snapshot"", ""bookkeeping_source"": ""OL_D read-only snapshot"", ""observed_ol_d_before_m"": 3.1104718800634146e-10, ""observed_ol_d_time"": ""2020-08-01T00:04:00"", ""requested_step_depth_m"": 5.555555555555556e-06, ""step_volume_m3"": 0.0014222222222222223, ""storage_units"": ""m"", ""target_units"": ""m3/s""}"
2020-08-01 00:04:00,runoff,86,103,default,2020-08-01,2020-09-01,62.0,2678400.0,5.925925925925926e-06,3.119566827081144e-10,-5.555243598872848e-06,positive_daisy_runoff_to_positive_oldr_in_flo_and_negative_storage_sink,,"{""bookkeeping_after_m"": 0.0, ""bookkeeping_before_m"": 3.119566827081144e-10, ""bookkeeping_mode"": ""virtual_ol_d_snapshot"", ""bookkeeping_source"": ""OL_D read-only snapshot"", ""observed_ol_d_before_m"": 3.119566827081144e-10, ""observed_ol_d_time"": ""2020-08-01T00:04:00"", ""requested_step_depth_m"": 5.555555555555556e-06, ""step_volume_m3"": 0.0014222222222222223, ""storage_units"": ""m"", ""target_units"": ""m3/s""}"
2020-08-01 00:04:00,runoff,86,104,default,2020-08-01,2020-09-01,62.0,2678400.0,5.925925925925926e-06,3.105355972365942e-10,-5.555245019958319e-06,positive_daisy_runoff_to_positive_oldr_in_flo_and_negative_storage_sink,,"{""bookkeeping_after_m"": 0.0, ""bookkeeping_before_m"": 3.105355972365942e-10, ""bookkeeping_mode"": ""virtual_ol_d_snapshot"", ""bookkeeping_source"": ""OL_D read-only snapshot"", ""observed_ol_d_before_m"": 3.105355972365942e-10, ""observed_ol_d_time"": ""2020-08-01T00:04:00"", ""requested_step_depth_m"": 5.555555555555556e-06, ""step_volume_m3"": 0.0014222222222222223, ""storage_units"": ""m"", ""target_units"": ""m3/s""}"
2020-08-01 00:04:00,runoff,86,105,default,2020-08-01,2020-09-01,62.0,2678400.0,5.925925925925926e-06,2.9888269637012854e-10,-5.555256672859186e-06,positive_daisy_runoff_to_positive_oldr_in_flo_and_negative_storage_sink,,"{""bookkeeping_after_m"": 0.0, ""bookkeeping_before_m"": 2.9888269637012854e-10, ""bookkeeping_mode"": ""virtual_ol_d_snapshot"", ""bookkeeping_source"": ""OL_D read-only snapshot"", ""observed_ol_d_before_m"": 2.9888269637012854e-10, ""observed_ol_d_time"": ""2020-08-01T00:04:00"", ""requested_step_depth_m"": 5.555555555555556e-06, ""step_volume_m3"": 0.0014222222222222223, ""storage_units"": ""m"", ""target_units"": ""m3/s""}"
2020-08-01 00:04:00,runoff,86,106,default,2020-08-01,2020-09-01,62.0,2678400.0,5.925925925925926e-06,3.029185791092459e-10,-5.5552526369764466e-06,positive_daisy_runoff_to_positive_oldr_in_flo_and_negative_storage_sink,,"{""bookkeeping_after_m"": 0.0, ""bookkeeping_before_m"": 3.029185791092459e-10, ""bookkeeping_mode"": ""virtual_ol_d_snapshot"", ""bookkeeping_source"": ""OL_D read-only snapshot"", ""observed_ol_d_before_m"": 3.029185791092459e-10, ""observed_ol_d_time"": ""2020-08-01T00:04:00"", ""requested_step_depth_m"": 5.555555555555556e-06, ""step_volume_m3"": 0.0014222222222222223, ""storage_units"": ""m"", ""target_units"": ""m3/s""}"
2020-08-01 00:04:00,runoff,86,107,default,2020-08-01,2020-09-01,62.0,2678400.0,5.925925925925926e-06,3.204831955372356e-10,-5.555235072360019e-06,positive_daisy_runoff_to_positive_oldr_in_flo_and_negative_storage_sink,,"{""bookkeeping_after_m"": 0.0, ""bookkeeping_before_m"": 3.204831955372356e-10, ""bookkeeping_mode"": ""virtual_ol_d_snapshot"", ""bookkeeping_source"": ""OL_D read-only snapshot"", ""observed_ol_d_before_m"": 3.204831955372356e-10, ""observed_ol_d_time"": ""2020-08-01T00:04:00"", ""requested_step_depth_m"": 5.555555555555556e-06, ""step_volume_m3"": 0.0014222222222222223, ""storage_units"": ""m"", ""target_units"": ""m3/s""}"
2020-08-01 00:04:00,runoff,86,108,default,2020-08-01,2020-09-01,62.0,2678400.0,5.925925925925926e-06,3.3429614632041194e-10,-5.555221259409235e-06,positive_daisy_runoff_to_positive_oldr_in_flo_and_negative_storage_sink,,"{""bookkeeping_after_m"": 0.0, ""bookkeeping_before_m"": 3.3429614632041194e-10, ""bookkeeping_mode"": ""virtual_ol_d_snapshot"", ""bookkeeping_source"": ""OL_D read-only snapshot"", ""observed_ol_d_before_m"": 3.3429614632041194e-10, ""observed_ol_d_time"": ""2020-08-01T00:04:00"", ""requested_step_depth_m"": 5.555555555555556e-06, ""step_volume_m3"": 0.0014222222222222223, ""storage_units"": ""m"", ""target_units"": ""m3/s""}"
2020-08-01 00:04:00,runoff,86,109,default,2020-08-01,2020-09-01,62.0,2678400.0,5.925925925925926e-06,3.211653165635653e-10,-5.555234390238992e-06,positive_daisy_runoff_to_positive_oldr_in_flo_and_negative_storage_sink,,"{""bookkeeping_after_m"": 0.0, ""bookkeeping_before_m"": 3.211653165635653e-10, ""bookkeeping_mode"": ""virtual_ol_d_snapshot"", ""bookkeeping_source"": ""OL_D read-only snapshot"", ""observed_ol_d_before_m"": 3.211653165635653e-10, ""observed_ol_d_time"": ""2020-08-01T00:04:00"", ""requested_step_depth_m"": 5.555555555555556e-06, ""step_volume_m3"": 0.0014222222222222223, ""storage_units"": ""m"", ""target_units"": ""m3/s""}"
2020-08-01 00:04:00,runoff,86,110,default,2020-08-01,2020-09-01,62.0,2678400.0,5.925925925925926e-06,3.078071131312754e-10,-5.5552477484424245e-06,positive_daisy_runoff_to_positive_oldr_in_flo_and_negative_storage_sink,,"{""bookkeeping_after_m"": 0.0, ""bookkeeping_before_m"": 3.078071131312754e-10, ""bookkeeping_mode"": ""virtual_ol_d_snapshot"", ""bookkeeping_source"": ""OL_D read-only snapshot"", ""observed_ol_d_before_m"": 3.078071131312754e-10, ""observed_ol_d_time"": ""2020-08-01T00:04:00"", ""requested_step_depth_m"": 5.555555555555556e-06, ""step_volume_m3"": 0.0014222222222222223, ""storage_units"": ""m"", ""target_units"": ""m3/s""}"
2020-08-01 00:04:00,runoff,86,111,default,2020-08-01,2020-09-01,62.0,2678400.0,5.925925925925926e-06,3.390709935047198e-10,-5.555216484562051e-06,positive_daisy_runoff_to_positive_oldr_in_flo_and_negative_storage_sink,,"{""bookkeeping_after_m"": 0.0, ""bookkeeping_before_m"": 3.390709935047198e-10, ""bookkeeping_mode"": ""virtual_ol_d_snapshot"", ""bookkeeping_source"": ""OL_D read-only snapshot"", ""observed_ol_d_before_m"": 3.390709935047198e-10, ""observed_ol_d_time"": ""2020-08-01T00:04:00"", ""requested_step_depth_m"": 5.555555555555556e-06, ""step_volume_m3"": 0.0014222222222222223, ""storage_units"": ""m"", ""target_units"": ""m3/s""}"
2020-08-01 00:04:00,runoff,86,112,default,2020-08-01,2020-09-01,62.0,2678400.0,5.925925925925926e-06,3.319655661471188e-10,-5.555223589989409e-06,positive_daisy_runoff_to_positive_oldr_in_flo_and_negative_storage_sink,,"{""bookkeeping_after_m"": 0.0, ""bookkeeping_before_m"": 3.319655661471188e-10, ""bookkeeping_mode"": ""virtual_ol_d_snapshot"", ""bookkeeping_source"": ""OL_D read-only snapshot"", ""observed_ol_d_before_m"": 3.319655661471188e-10, ""observed_ol_d_time"": ""2020-08-01T00:04:00"", ""requested_step_depth_m"": 5.555555555555556e-06, ""step_volume_m3"": 0.0014222222222222223, ""storage_units"": ""m"", ""target_units"": ""m3/s""}"
2020-08-01 00:04:00,runoff,86,113,default,2020-08-01,2020-09-01,62.0,2678400.0,5.925925925925926e-06,3.0036062526050955e-10,-5.555255194930295e-06,positive_daisy_runoff_to_positive_oldr_in_flo_and_negative_storage_sink,,"{""bookkeeping_after_m"": 0.0, ""bookkeeping_before_m"": 3.0036062526050955e-10, ""bookkeeping_mode"": ""virtual_ol_d_snapshot"", ""bookkeeping_source"": ""OL_D read-only snapshot"", ""observed_ol_d_before_m"": 3.0036062526050955e-10, ""observed_ol_d_time"": ""2020-08-01T00:04:00"", ""requested_step_depth_m"": 5.555555555555556e-06, ""step_volume_m3"": 0.0014222222222222223, ""storage_units"": ""m"", ""target_units"": ""m3/s""}"
2020-08-01 00:04:00,runoff,86,114,default,2020-08-01,2020-09-01,62.0,2678400.0,5.925925925925926e-06,3.4378899727016687e-10,-5.555211766558286e-06,positive_daisy_runoff_to_positive_oldr_in_flo_and_negative_storage_sink,,"{""bookkeeping_after_m"": 0.0, ""bookkeeping_before_m"": 3.4378899727016687e-10, ""bookkeeping_mode"": ""virtual_ol_d_snapshot"", ""bookkeeping_source"": ""OL_D read-only snapshot"", ""observed_ol_d_before_m"": 3.4378899727016687e-10, ""observed_ol_d_time"": ""2020-08-01T00:04:00"", ""requested_step_depth_m"": 5.555555555555556e-06, ""step_volume_m3"": 0.0014222222222222223, ""storage_units"": ""m"", ""target_units"": ""m3/s""}"
2020-08-01 00:04:00,runoff,86,115,default,2020-08-01,2020-09-01,62.0,2678400.0,5.925925925925926e-06,3.3224978324142285e-10,-5.555223305772314e-06,positive_daisy_runoff_to_positive_oldr_in_flo_and_negative_storage_sink,,"{""bookkeeping_after_m"": 0.0, ""bookkeeping_before_m"": 3.3224978324142285e-10, ""bookkeeping_mode"": ""virtual_ol_d_snapshot"", ""bookkeeping_source"": ""OL_D read-only snapshot"", ""observed_ol_d_before_m"": 3.3224978324142285e-10, ""observed_ol_d_time"": ""2020-08-01T00:04:00"", ""requested_step_depth_m"": 5.555555555555556e-06, ""step_volume_m3"": 0.0014222222222222223, ""storage_units"": ""m"", ""target_units"": ""m3/s""}"
2020-08-01 00:04:00,runoff,86,116,default,2020-08-01,2020-09-01,62.0,2678400.0,5.925925925925926e-06,3.420268512854818e-10,-5.55521352870427e-06,positive_daisy_runoff_to_positive_oldr_in_flo_and_negative_storage_sink,,"{""bookkeeping_after_m"": 0.0, ""bookkeeping_before_m"": 3.420268512854818e-10, ""bookkeeping_mode"": ""virtual_ol_d_snapshot"", ""bookkeeping_source"": ""OL_D read-only snapshot"", ""observed_ol_d_before_m"": 3.420268512854818e-10, ""observed_ol_d_time"": ""2020-08-01T00:04:00"", ""requested_step_depth_m"": 5.555555555555556e-06, ""step_volume_m3"": 0.0014222222222222223, ""storage_units"": ""m"", ""target_units"": ""m3/s""}"
2020-08-01 00:04:00,runoff,87,61,default,2020-08-01,2020-09-01,62.0,2678400.0,5.925925925925926e-06,2.992237568832934e-10,-5.5552563317986725e-06,positive_daisy_runoff_to_positive_oldr_in_flo_and_negative_storage_sink,,"{""bookkeeping_after_m"": 0.0, ""bookkeeping_before_m"": 2.992237568832934e-10, ""bookkeeping_mode"": ""virtual_ol_d_snapshot"", ""bookkeeping_source"": ""OL_D read-only snapshot"", ""observed_ol_d_before_m"": 2.992237568832934e-10, ""observed_ol_d_time"": ""2020-08-01T00:04:00"", ""requested_step_depth_m"": 5.555555555555556e-06, ""step_volume_m3"": 0.0014222222222222223, ""storage_units"": ""m"", ""target_units"": ""m3/s""}"
2020-08-01 00:04:00,runoff,87,62,default,2020-08-01,2020-09-01,62.0,2678400.0,5.925925925925926e-06,3.104787538177334e-10,-5.555245076801738e-06,positive_daisy_runoff_to_positive_oldr_in_flo_and_negative_storage_sink,,"{""bookkeeping_after_m"": 0.0, ""bookkeeping_before_m"": 3.104787538177334e-10, ""bookkeeping_mode"": ""virtual_ol_d_snapshot"", ""bookkeeping_source"": ""OL_D read-only snapshot"", ""observed_ol_d_before_m"": 3.104787538177334e-10, ""observed_ol_d_time"": ""2020-08-01T00:04:00"", ""requested_step_depth_m"": 5.555555555555556e-06, ""step_volume_m3"": 0.0014222222222222223, ""storage_units"": ""m"", ""target_units"": ""m3/s""}"
2020-08-01 00:04:00,runoff,87,63,default,2020-08-01,2020-09-01,62.0,2678400.0,5.925925925925926e-06,3.13548298436217e-10,-5.55524200725712e-06,positive_daisy_runoff_to_positive_oldr_in_flo_and_negative_storage_sink,,"{""bookkeeping_after_m"": 0.0, ""bookkeeping_before_m"": 3.13548298436217e-10, ""bookkeeping_mode"": ""virtual_ol_d_snapshot"", ""bookkeeping_source"": ""OL_D read-only snapshot"", ""observed_ol_d_before_m"": 3.13548298436217e-10, ""observed_ol_d_time"": ""2020-08-01T00:04:00"", ""requested_step_depth_m"": 5.555555555555556e-06, ""step_volume_m3"": 0.0014222222222222223, ""storage_units"": ""m"", ""target_units"": ""m3/s""}"
2020-08-01 00:04:00,runoff,87,64,default,2020-08-01,2020-09-01,62.0,2678400.0,5.925925925925926e-06,3.1252511689672247e-10,-5.555243030438659e-06,positive_daisy_runoff_to_positive_oldr_in_flo_and_negative_storage_sink,,"{""bookkeeping_after_m"": 0.0, ""bookkeeping_before_m"": 3.1252511689672247e-10, ""bookkeeping_mode"": ""virtual_ol_d_snapshot"", ""bookkeeping_source"": ""OL_D read-only snapshot"", ""observed_ol_d_before_m"": 3.1252511689672247e-10, ""observed_ol_d_time"": ""2020-08-01T00:04:00"", ""requested_step_depth_m"": 5.555555555555556e-06, ""step_volume_m3"": 0.0014222222222222223, ""storage_units"": ""m"", ""target_units"": ""m3/s""}"
2020-08-01 00:04:00,runoff,87,65,default,2020-08-01,2020-09-01,62.0,2678400.0,5.925925925925926e-06,3.0456703825620934e-10,-5.5552509885173e-06,positive_daisy_runoff_to_positive_oldr_in_flo_and_negative_storage_sink,,"{""bookkeeping_after_m"": 0.0, ""bookkeeping_before_m"": 3.0456703825620934e-10, ""bookkeeping_mode"": ""virtual_ol_d_snapshot"", ""bookkeeping_source"": ""OL_D read-only snapshot"", ""observed_ol_d_before_m"": 3.0456703825620934e-10, ""observed_ol_d_time"": ""2020-08-01T00:04:00"", ""requested_step_depth_m"": 5.555555555555556e-06, ""step_volume_m3"": 0.0014222222222222223, ""storage_units"": ""m"", ""target_units"": ""m3/s""}"
2020-08-01 00:04:00,runoff,87,66,default,2020-08-01,2020-09-01,62.0,2678400.0,5.925925925925926e-06,2.99337443721015e-10,-5.555256218111835e-06,positive_daisy_runoff_to_positive_oldr_in_flo_and_negative_storage_sink,,"{""bookkeeping_after_m"": 0.0, ""bookkeeping_before_m"": 2.99337443721015e-10, ""bookkeeping_mode"": ""virtual_ol_d_snapshot"", ""bookkeeping_source"": ""OL_D read-only snapshot"", ""observed_ol_d_before_m"": 2.99337443721015e-10, ""observed_ol_d_time"": ""2020-08-01T00:04:00"", ""requested_step_depth_m"": 5.555555555555556e-06, ""step_volume_m3"": 0.0014222222222222223, ""storage_units"": ""m"", ""target_units"": ""m3/s""}"
2020-08-01 00:04:00,runoff,87,67,default,2020-08-01,2020-09-01,62.0,2678400.0,5.925925925925926e-06,3.0172486731316894e-10,-5.555253830688243e-06,positive_daisy_runoff_to_positive_oldr_in_flo_and_negative_storage_sink,,"{""bookkeeping_after_m"": 0.0, ""bookkeeping_before_m"": 3.0172486731316894e-10, ""bookkeeping_mode"": ""virtual_ol_d_snapshot"", ""bookkeeping_source"": ""OL_D read-only snapshot"", ""observed_ol_d_before_m"": 3.0172486731316894e-10, ""observed_ol_d_time"": ""2020-08-01T00:04:00"", ""requested_step_depth_m"": 5.555555555555556e-06, ""step_volume_m3"": 0.0014222222222222223, ""storage_units"": ""m"", ""target_units"": ""m3/s""}"
2020-08-01 00:04:00,runoff,87,68,default,2020-08-01,2020-09-01,62.0,2678400.0,5.925925925925926e-06,3.334434950374998e-10,-5.555222112060518e-06,positive_daisy_runoff_to_positive_oldr_in_flo_and_negative_storage_sink,,"{""bookkeeping_after_m"": 0.0, ""bookkeeping_before_m"": 3.334434950374998e-10, ""bookkeeping_mode"": ""virtual_ol_d_snapshot"", ""bookkeeping_source"": ""OL_D read-only snapshot"", ""observed_ol_d_before_m"": 3.334434950374998e-10, ""observed_ol_d_time"": ""2020-08-01T00:04:00"", ""requested_step_depth_m"": 5.555555555555556e-06, ""step_volume_m3"": 0.0014222222222222223, ""storage_units"": ""m"", ""target_units"": ""m3/s""}"
2020-08-01 00:04:00,runoff,87,69,default,2020-08-01,2020-09-01,62.0,2678400.0,5.925925925925926e-06,3.12070369545836e-10,-5.55524348518601e-06,positive_daisy_runoff_to_positive_oldr_in_flo_and_negative_storage_sink,,"{""bookkeeping_after_m"": 0.0, ""bookkeeping_before_m"": 3.12070369545836e-10, ""bookkeeping_mode"": ""virtual_ol_d_snapshot"", ""bookkeeping_source"": ""OL_D read-only snapshot"", ""observed_ol_d_before_m"": 3.12070369545836e-10, ""observed_ol_d_time"": ""2020-08-01T00:04:00"", ""requested_step_depth_m"": 5.555555555555556e-06, ""step_volume_m3"": 0.0014222222222222223, ""storage_units"": ""m"", ""target_units"": ""m3/s""}"
2020-08-01 00:04:00,runoff,87,70,default,2020-08-01,2020-09-01,62.0,2678400.0,5.925925925925926e-06,2.991100700455718e-10,-5.55525644548551e-06,positive_daisy_runoff_to_positive_oldr_in_flo_and_negative_storage_sink,,"{""bookkeeping_after_m"": 0.0, ""bookkeeping_before_m"": 2.991100700455718e-10, ""bookkeeping_mode"": ""virtual_ol_d_snapshot"", ""bookkeeping_source"": ""OL_D read-only snapshot"", ""observed_ol_d_before_m"": 2.991100700455718e-10, ""observed_ol_d_time"": ""2020-08-01T00:04:00"", ""requested_step_depth_m"": 5.555555555555556e-06, ""step_volume_m3"": 0.0014222222222222223, ""storage_units"": ""m"", ""target_units"": ""m3/s""}"
2020-08-01 00:04:00,runoff,87,71,default,2020-08-01,2020-09-01,62.0,2678400.0,5.925925925925926e-06,3.1513991416431963e-10,-5.5552404156413915e-06,positive_daisy_runoff_to_positive_oldr_in_flo_and_negative_storage_sink,,"{""bookkeeping_after_m"": 0.0, ""bookkeeping_before_m"": 3.1513991416431963e-10, ""bookkeeping_mode"": ""virtual_ol_d_snapshot"", ""bookkeeping_source"": ""OL_D read-only snapshot"", ""observed_ol_d_before_m"": 3.1513991416431963e-10, ""observed_ol_d_time"": ""2020-08-01T00:04:00"", ""requested_step_depth_m"": 5.555555555555556e-06, ""step_volume_m3"": 0.0014222222222222223, ""storage_units"": ""m"", ""target_units"": ""m3/s""}"
2020-08-01 00:04:00,runoff,87,72,default,2020-08-01,2020-09-01,62.0,2678400.0,5.925925925925926e-06,2.9899638320785016e-10,-5.555256559172348e-06,positive_daisy_runoff_to_positive_oldr_in_flo_and_negative_storage_sink,,"{""bookkeeping_after_m"": 0.0, ""bookkeeping_before_m"": 2.9899638320785016e-10, ""bookkeeping_mode"": ""virtual_ol_d_snapshot"", ""bookkeeping_source"": ""OL_D read-only snapshot"", ""observed_ol_d_before_m"": 2.9899638320785016e-10, ""observed_ol_d_time"": ""2020-08-01T00:04:00"", ""requested_step_depth_m"": 5.555555555555556e-06, ""step_volume_m3"": 0.0014222222222222223, ""storage_units"": ""m"", ""target_units"": ""m3/s""}"
2020-08-01 00:04:00,runoff,87,73,default,2020-08-01,2020-09-01,62.0,2678400.0,5.925925925925926e-06,3.0456703825620934e-10,-5.5552509885173e-06,positive_daisy_runoff_to_positive_oldr_in_flo_and_negative_storage_sink,,"{""bookkeeping_after_m"": 0.0, ""bookkeeping_before_m"": 3.0456703825620934e-10, ""bookkeeping_mode"": ""virtual_ol_d_snapshot"", ""bookkeeping_source"": ""OL_D read-only snapshot"", ""observed_ol_d_before_m"": 3.0456703825620934e-10, ""observed_ol_d_time"": ""2020-08-01T00:04:00"", ""requested_step_depth_m"": 5.555555555555556e-06, ""step_volume_m3"": 0.0014222222222222223, ""storage_units"": ""m"", ""target_units"": ""m3/s""}"
2020-08-01 00:04:00,runoff,87,74,default,2020-08-01,2020-09-01,62.0,2678400.0,5.925925925925926e-06,3.115019353572279e-10,-5.555244053620199e-06,positive_daisy_runoff_to_positive_oldr_in_flo_and_negative_storage_sink,,"{""bookkeeping_after_m"": 0.0, ""bookkeeping_before_m"": 3.115019353572279e-10, ""bookkeeping_mode"": ""virtual_ol_d_snapshot"", ""bookkeeping_source"": ""OL_D read-only snapshot"", ""observed_ol_d_before_m"": 3.115019353572279e-10, ""observed_ol_d_time"": ""2020-08-01T00:04:00"", ""requested_step_depth_m"": 5.555555555555556e-06, ""step_volume_m3"": 0.0014222222222222223, ""storage_units"": ""m"", ""target_units"": ""m3/s""}"
2020-08-01 00:04:00,runoff,87,75,default,2020-08-01,2020-09-01,62.0,2678400.0,5.925925925925926e-06,3.1116087484406307e-10,-5.555244394680712e-06,positive_daisy_runoff_to_positive_oldr_in_flo_and_negative_storage_sink,,"{""bookkeeping_after_m"": 0.0, ""bookkeeping_before_m"": 3.1116087484406307e-10, ""bookkeeping_mode"": ""virtual_ol_d_snapshot"", ""bookkeeping_source"": ""OL_D read-only snapshot"", ""observed_ol_d_before_m"": 3.1116087484406307e-10, ""observed_ol_d_time"": ""2020-08-01T00:04:00"", ""requested_step_depth_m"": 5.555555555555556e-06, ""step_volume_m3"": 0.0014222222222222223, ""storage_units"": ""m"", ""target_units"": ""m3/s""}"
2020-08-01 00:04:00,runoff,87,76,default,2020-08-01,2020-09-01,62.0,2678400.0,5.925925925925926e-06,3.128661774098873e-10,-5.555242689378146e-06,positive_daisy_runoff_to_positive_oldr_in_flo_and_negative_storage_sink,,"{""bookkeeping_after_m"": 0.0, ""bookkeeping_before_m"": 3.128661774098873e-10, ""bookkeeping_mode"": ""virtual_ol_d_snapshot"", ""bookkeeping_source"": ""OL_D read-only snapshot"", ""observed_ol_d_before_m"": 3.128661774098873e-10, ""observed_ol_d_time"": ""2020-08-01T00:04:00"", ""requested_step_depth_m"": 5.555555555555556e-06, ""step_volume_m3"": 0.0014222222222222223, ""storage_units"": ""m"", ""target_units"": ""m3/s""}"
2020-08-01 00:04:00,runoff,87,77,default,2020-08-01,2020-09-01,62.0,2678400.0,5.925925925925926e-06,3.126388037344441e-10,-5.555242916751821e-06,positive_daisy_runoff_to_positive_oldr_in_flo_and_negative_storage_sink,,"{""bookkeeping_after_m"": 0.0, ""bookkeeping_before_m"": 3.126388037344441e-10, ""bookkeeping_mode"": ""virtual_ol_d_snapshot"", ""bookkeeping_source"": ""OL_D read-only snapshot"", ""observed_ol_d_before_m"": 3.126388037344441e-10, ""observed_ol_d_time"": ""2020-08-01T00:04:00"", ""requested_step_depth_m"": 5.555555555555556e-06, ""step_volume_m3"": 0.0014222222222222223, ""storage_units"": ""m"", ""target_units"": ""m3/s""}"
2020-08-01 00:04:00,runoff,87,78,default,2020-08-01,2020-09-01,62.0,2678400.0,5.925925925925926e-06,3.1252511689672247e-10,-5.555243030438659e-06,positive_daisy_runoff_to_positive_oldr_in_flo_and_negative_storage_sink,,"{""bookkeeping_after_m"": 0.0, ""bookkeeping_before_m"": 3.1252511689672247e-10, ""bookkeeping_mode"": ""virtual_ol_d_snapshot"", ""bookkeeping_source"": ""OL_D read-only snapshot"", ""observed_ol_d_before_m"": 3.1252511689672247e-10, ""observed_ol_d_time"": ""2020-08-01T00:04:00"", ""requested_step_depth_m"": 5.555555555555556e-06, ""step_volume_m3"": 0.0014222222222222223, ""storage_units"": ""m"", ""target_units"": ""m3/s""}"
2020-08-01 00:04:00,runoff,87,79,default,2020-08-01,2020-09-01,62.0,2678400.0,5.925925925925926e-06,3.1093350116861984e-10,-5.555244622054387e-06,positive_daisy_runoff_to_positive_oldr_in_flo_and_negative_storage_sink,,"{""bookkeeping_after_m"": 0.0, ""bookkeeping_before_m"": 3.1093350116861984e-10, ""bookkeeping_mode"": ""virtual_ol_d_snapshot"", ""bookkeeping_source"": ""OL_D read-only snapshot"", ""observed_ol_d_before_m"": 3.1093350116861984e-10, ""observed_ol_d_time"": ""2020-08-01T00:04:00"", ""requested_step_depth_m"": 5.555555555555556e-06, ""step_volume_m3"": 0.0014222222222222223, ""storage_units"": ""m"", ""target_units"": ""m3/s""}"
2020-08-01 00:04:00,runoff,87,80,default,2020-08-01,2020-09-01,62.0,2678400.0,5.925925925925926e-06,3.10592440655455e-10,-5.5552449631149e-06,positive_daisy_runoff_to_positive_oldr_in_flo_and_negative_storage_sink,,"{""bookkeeping_after_m"": 0.0, ""bookkeeping_before_m"": 3.10592440655455e-10, ""bookkeeping_mode"": ""virtual_ol_d_snapshot"", ""bookkeeping_source"": ""OL_D read-only snapshot"", ""observed_ol_d_before_m"": 3.10592440655455e-10, ""observed_ol_d_time"": ""2020-08-01T00:04:00"", ""requested_step_depth_m"": 5.555555555555556e-06, ""step_volume_m3"": 0.0014222222222222223, ""storage_units"": ""m"", ""target_units"": ""m3/s""}"
2020-08-01 00:04:00,runoff,87,81,default,2020-08-01,2020-09-01,62.0,2678400.0,5.925925925925926e-06,3.042259777430445e-10,-5.555251329577813e-06,positive_daisy_runoff_to_positive_oldr_in_flo_and_negative_storage_sink,,"{""bookkeeping_after_m"": 0.0, ""bookkeeping_before_m"": 3.042259777430445e-10, ""bookkeeping_mode"": ""virtual_ol_d_snapshot"", ""bookkeeping_source"": ""OL_D read-only snapshot"", ""observed_ol_d_before_m"": 3.042259777430445e-10, ""observed_ol_d_time"": ""2020-08-01T00:04:00"", ""requested_step_depth_m"": 5.555555555555556e-06, ""step_volume_m3"": 0.0014222222222222223, ""storage_units"": ""m"", ""target_units"": ""m3/s""}"
2020-08-01 00:04:00,runoff,87,82,default,2020-08-01,2020-09-01,62.0,2678400.0,5.925925925925926e-06,2.99337443721015e-10,-5.555256218111835e-06,positive_daisy_runoff_to_positive_oldr_in_flo_and_negative_storage_sink,,"{""bookkeeping_after_m"": 0.0, ""bookkeeping_before_m"": 2.99337443721015e-10, ""bookkeeping_mode"": ""virtual_ol_d_snapshot"", ""bookkeeping_source"": ""OL_D read-only snapshot"", ""observed_ol_d_before_m"": 2.99337443721015e-10, ""observed_ol_d_time"": ""2020-08-01T00:04:00"", ""requested_step_depth_m"": 5.555555555555556e-06, ""step_volume_m3"": 0.0014222222222222223, ""storage_units"": ""m"", ""target_units"": ""m3/s""}"
2020-08-01 00:04:00,runoff,87,83,default,2020-08-01,2020-09-01,62.0,2678400.0,5.925925925925926e-06,2.999058779096231e-10,-5.555255649677646e-06,positive_daisy_runoff_to_positive_oldr_in_flo_and_negative_storage_sink,,"{""bookkeeping_after_m"": 0.0, ""bookkeeping_before_m"": 2.999058779096231e-10, ""bookkeeping_mode"": ""virtual_ol_d_snapshot"", ""bookkeeping_source"": ""OL_D read-only snapshot"", ""observed_ol_d_before_m"": 2.999058779096231e-10, ""observed_ol_d_time"": ""2020-08-01T00:04:00"", ""requested_step_depth_m"": 5.555555555555556e-06, ""step_volume_m3"": 0.0014222222222222223, ""storage_units"": ""m"", ""target_units"": ""m3/s""}"
2020-08-01 00:04:00,runoff,87,84,default,2020-08-01,2020-09-01,62.0,2678400.0,5.925925925925926e-06,3.000195647473447e-10,-5.5552555359908085e-06,positive_daisy_runoff_to_positive_oldr_in_flo_and_negative_storage_sink,,"{""bookkeeping_after_m"": 0.0, ""bookkeeping_before_m"": 3.000195647473447e-10, ""bookkeeping_mode"": ""virtual_ol_d_snapshot"", ""bookkeeping_source"": ""OL_D read-only snapshot"", ""observed_ol_d_before_m"": 3.000195647473447e-10, ""observed_ol_d_time"": ""2020-08-01T00:04:00"", ""requested_step_depth_m"": 5.555555555555556e-06, ""step_volume_m3"": 0.0014222222222222223, ""storage_units"": ""m"", ""target_units"": ""m3/s""}"
2020-08-01 00:04:00,runoff,87,85,default,2020-08-01,2020-09-01,62.0,2678400.0,5.925925925925926e-06,3.0030378184164874e-10,-5.555255251773714e-06,positive_daisy_runoff_to_positive_oldr_in_flo_and_negative_storage_sink,,"{""bookkeeping_after_m"": 0.0, ""bookkeeping_before_m"": 3.0030378184164874e-10, ""bookkeeping_mode"": ""virtual_ol_d_snapshot"", ""bookkeeping_source"": ""OL_D read-only snapshot"", ""observed_ol_d_before_m"": 3.0030378184164874e-10, ""observed_ol_d_time"": ""2020-08-01T00:04:00"", ""requested_step_depth_m"": 5.555555555555556e-06, ""step_volume_m3"": 0.0014222222222222223, ""storage_units"": ""m"", ""target_units"": ""m3/s""}"
2020-08-01 00:04:00,runoff,87,86,default,2020-08-01,2020-09-01,62.0,2678400.0,5.925925925925926e-06,3.000764081662055e-10,-5.55525547914739e-06,positive_daisy_runoff_to_positive_oldr_in_flo_and_negative_storage_sink,,"{""bookkeeping_after_m"": 0.0, ""bookkeeping_before_m"": 3.000764081662055e-10, ""bookkeeping_mode"": ""virtual_ol_d_snapshot"", ""bookkeeping_source"": ""OL_D read-only snapshot"", ""observed_ol_d_before_m"": 3.000764081662055e-10, ""observed_ol_d_time"": ""2020-08-01T00:04:00"", ""requested_step_depth_m"": 5.555555555555556e-06, ""step_volume_m3"": 0.0014222222222222223, ""storage_units"": ""m"", ""target_units"": ""m3/s""}"
2020-08-01 00:04:00,runoff,87,87,default,2020-08-01,2020-09-01,62.0,2678400.0,5.925925925925926e-06,3.000195647473447e-10,-5.5552555359908085e-06,positive_daisy_runoff_to_positive_oldr_in_flo_and_negative_storage_sink,,"{""bookkeeping_after_m"": 0.0, ""bookkeeping_before_m"": 3.000195647473447e-10, ""bookkeeping_mode"": ""virtual_ol_d_snapshot"", ""bookkeeping_source"": ""OL_D read-only snapshot"", ""observed_ol_d_before_m"": 3.000195647473447e-10, ""observed_ol_d_time"": ""2020-08-01T00:04:00"", ""requested_step_depth_m"": 5.555555555555556e-06, ""step_volume_m3"": 0.0014222222222222223, ""storage_units"": ""m"", ""target_units"": ""m3/s""}"
2020-08-01 00:04:00,runoff,87,88,default,2020-08-01,2020-09-01,62.0,2678400.0,5.925925925925926e-06,3.021227712451946e-10,-5.555253432784311e-06,positive_daisy_runoff_to_positive_oldr_in_flo_and_negative_storage_sink,,"{""bookkeeping_after_m"": 0.0, ""bookkeeping_before_m"": 3.021227712451946e-10, ""bookkeeping_mode"": ""virtual_ol_d_snapshot"", ""bookkeeping_source"": ""OL_D read-only snapshot"", ""observed_ol_d_before_m"": 3.021227712451946e-10, ""observed_ol_d_time"": ""2020-08-01T00:04:00"", ""requested_step_depth_m"": 5.555555555555556e-06, ""step_volume_m3"": 0.0014222222222222223, ""storage_units"": ""m"", ""target_units"": ""m3/s""}"
2020-08-01 00:04:00,runoff,87,89,default,2020-08-01,2020-09-01,62.0,2678400.0,5.925925925925926e-06,3.136051418550778e-10,-5.555241950413701e-06,positive_daisy_runoff_to_positive_oldr_in_flo_and_negative_storage_sink,,"{""bookkeeping_after_m"": 0.0, ""bookkeeping_before_m"": 3.136051418550778e-10, ""bookkeeping_mode"": ""virtual_ol_d_snapshot"", ""bookkeeping_source"": ""OL_D read-only snapshot"", ""observed_ol_d_before_m"": 3.136051418550778e-10, ""observed_ol_d_time"": ""2020-08-01T00:04:00"", ""requested_step_depth_m"": 5.555555555555556e-06, ""step_volume_m3"": 0.0014222222222222223, ""storage_units"": ""m"", ""target_units"": ""m3/s""}"
2020-08-01 00:04:00,runoff,87,90,default,2020-08-01,2020-09-01,62.0,2678400.0,5.925925925925926e-06,3.100808498857077e-10,-5.55524547470567e-06,positive_daisy_runoff_to_positive_oldr_in_flo_and_negative_storage_sink,,"{""bookkeeping_after_m"": 0.0, ""bookkeeping_before_m"": 3.100808498857077e-10, ""bookkeeping_mode"": ""virtual_ol_d_snapshot"", ""bookkeeping_source"": ""OL_D read-only snapshot"", ""observed_ol_d_before_m"": 3.100808498857077e-10, ""observed_ol_d_time"": ""2020-08-01T00:04:00"", ""requested_step_depth_m"": 5.555555555555556e-06, ""step_volume_m3"": 0.0014222222222222223, ""storage_units"": ""m"", ""target_units"": ""m3/s""}"
2020-08-01 00:04:00,runoff,87,91,default,2020-08-01,2020-09-01,62.0,2678400.0,5.925925925925926e-06,3.1656099963583983e-10,-5.55523899455592e-06,positive_daisy_runoff_to_positive_oldr_in_flo_and_negative_storage_sink,,"{""bookkeeping_after_m"": 0.0, ""bookkeeping_before_m"": 3.1656099963583983e-10, ""bookkeeping_mode"": ""virtual_ol_d_snapshot"", ""bookkeeping_source"": ""OL_D read-only snapshot"", ""observed_ol_d_before_m"": 3.1656099963583983e-10, ""observed_ol_d_time"": ""2020-08-01T00:04:00"", ""requested_step_depth_m"": 5.555555555555556e-06, ""step_volume_m3"": 0.0014222222222222223, ""storage_units"": ""m"", ""target_units"": ""m3/s""}"
2020-08-01 00:04:00,runoff,87,92,default,2020-08-01,2020-09-01,62.0,2678400.0,5.925925925925926e-06,-0.0,-5.555555555555556e-06,positive_daisy_runoff_to_positive_oldr_in_flo_and_negative_storage_sink,,"{""bookkeeping_after_m"": 0.0, ""bookkeeping_before_m"": 0.0, ""bookkeeping_mode"": ""virtual_ol_d_snapshot"", ""bookkeeping_source"": ""OL_D read-only snapshot"", ""observed_ol_d_before_m"": 0.0, ""observed_ol_d_time"": ""2020-08-01T00:04:00"", ""requested_step_depth_m"": 5.555555555555556e-06, ""step_volume_m3"": 0.0014222222222222223, ""storage_units"": ""m"", ""target_units"": ""m3/s""}"
2020-08-01 00:04:00,runoff,87,95,default,2020-08-01,2020-09-01,62.0,2678400.0,5.925925925925926e-06,3.1025138014229015e-10,-5.5552453041754135e-06,positive_daisy_runoff_to_positive_oldr_in_flo_and_negative_storage_sink,,"{""bookkeeping_after_m"": 0.0, ""bookkeeping_before_m"": 3.1025138014229015e-10, ""bookkeeping_mode"": ""virtual_ol_d_snapshot"", ""bookkeeping_source"": ""OL_D read-only snapshot"", ""observed_ol_d_before_m"": 3.1025138014229015e-10, ""observed_ol_d_time"": ""2020-08-01T00:04:00"", ""requested_step_depth_m"": 5.555555555555556e-06, ""step_volume_m3"": 0.0014222222222222223, ""storage_units"": ""m"", ""target_units"": ""m3/s""}"
2020-08-01 00:04:00,runoff,87,96,default,2020-08-01,2020-09-01,62.0,2678400.0,5.925925925925926e-06,3.157651917717885e-10,-5.555239790363784e-06,positive_daisy_runoff_to_positive_oldr_in_flo_and_negative_storage_sink,,"{""bookkeeping_after_m"": 0.0, ""bookkeeping_before_m"": 3.157651917717885e-10, ""bookkeeping_mode"": ""virtual_ol_d_snapshot"", ""bookkeeping_source"": ""OL_D read-only snapshot"", ""observed_ol_d_before_m"": 3.157651917717885e-10, ""observed_ol_d_time"": ""2020-08-01T00:04:00"", ""requested_step_depth_m"": 5.555555555555556e-06, ""step_volume_m3"": 0.0014222222222222223, ""storage_units"": ""m"", ""target_units"": ""m3/s""}"
2020-08-01 00:04:00,runoff,87,97,default,2020-08-01,2020-09-01,62.0,2678400.0,5.925925925925926e-06,3.196873876731843e-10,-5.555235868167883e-06,positive_daisy_runoff_to_positive_oldr_in_flo_and_negative_storage_sink,,"{""bookkeeping_after_m"": 0.0, ""bookkeeping_before_m"": 3.196873876731843e-10, ""bookkeeping_mode"": ""virtual_ol_d_snapshot"", ""bookkeeping_source"": ""OL_D read-only snapshot"", ""observed_ol_d_before_m"": 3.196873876731843e-10, ""observed_ol_d_time"": ""2020-08-01T00:04:00"", ""requested_step_depth_m"": 5.555555555555556e-06, ""step_volume_m3"": 0.0014222222222222223, ""storage_units"": ""m"", ""target_units"": ""m3/s""}"
2020-08-01 00:04:00,runoff,87,98,default,2020-08-01,2020-09-01,62.0,2678400.0,5.925925925925926e-06,3.0121327654342167e-10,-5.555254342279012e-06,positive_daisy_runoff_to_positive_oldr_in_flo_and_negative_storage_sink,,"{""bookkeeping_after_m"": 0.0, ""bookkeeping_before_m"": 3.0121327654342167e-10, ""bookkeeping_mode"": ""virtual_ol_d_snapshot"", ""bookkeeping_source"": ""OL_D read-only snapshot"", ""observed_ol_d_before_m"": 3.0121327654342167e-10, ""observed_ol_d_time"": ""2020-08-01T00:04:00"", ""requested_step_depth_m"": 5.555555555555556e-06, ""step_volume_m3"": 0.0014222222222222223, ""storage_units"": ""m"", ""target_units"": ""m3/s""}"
2020-08-01 00:04:00,runoff,87,99,default,2020-08-01,2020-09-01,62.0,2678400.0,5.925925925925926e-06,3.0024693842278793e-10,-5.555255308617133e-06,positive_daisy_runoff_to_positive_oldr_in_flo_and_negative_storage_sink,,"{""bookkeeping_after_m"": 0.0, ""bookkeeping_before_m"": 3.0024693842278793e-10, ""bookkeeping_mode"": ""virtual_ol_d_snapshot"", ""bookkeeping_source"": ""OL_D read-only snapshot"", ""observed_ol_d_before_m"": 3.0024693842278793e-10, ""observed_ol_d_time"": ""2020-08-01T00:04:00"", ""requested_step_depth_m"": 5.555555555555556e-06, ""step_volume_m3"": 0.0014222222222222223, ""storage_units"": ""m"", ""target_units"": ""m3/s""}"
2020-08-01 00:04:00,runoff,87,100,default,2020-08-01,2020-09-01,62.0,2678400.0,5.925925925925926e-06,3.013269633811433e-10,-5.555254228592175e-06,positive_daisy_runoff_to_positive_oldr_in_flo_and_negative_storage_sink,,"{""bookkeeping_after_m"": 0.0, ""bookkeeping_before_m"": 3.013269633811433e-10, ""bookkeeping_mode"": ""virtual_ol_d_snapshot"", ""bookkeeping_source"": ""OL_D read-only snapshot"", ""observed_ol_d_before_m"": 3.013269633811433e-10, ""observed_ol_d_time"": ""2020-08-01T00:04:00"", ""requested_step_depth_m"": 5.555555555555556e-06, ""step_volume_m3"": 0.0014222222222222223, ""storage_units"": ""m"", ""target_units"": ""m3/s""}"
2020-08-01 00:04:00,runoff,87,101,default,2020-08-01,2020-09-01,62.0,2678400.0,5.925925925925926e-06,3.0399860406760126e-10,-5.555251556951488e-06,positive_daisy_runoff_to_positive_oldr_in_flo_and_negative_storage_sink,,"{""bookkeeping_after_m"": 0.0, ""bookkeeping_before_m"": 3.0399860406760126e-10, ""bookkeeping_mode"": ""virtual_ol_d_snapshot"", ""bookkeeping_source"": ""OL_D read-only snapshot"", ""observed_ol_d_before_m"": 3.0399860406760126e-10, ""observed_ol_d_time"": ""2020-08-01T00:04:00"", ""requested_step_depth_m"": 5.555555555555556e-06, ""step_volume_m3"": 0.0014222222222222223, ""storage_units"": ""m"", ""target_units"": ""m3/s""}"
2020-08-01 00:04:00,runoff,87,102,default,2020-08-01,2020-09-01,62.0,2678400.0,5.925925925925926e-06,3.0530600270139985e-10,-5.555250249552854e-06,positive_daisy_runoff_to_positive_oldr_in_flo_and_negative_storage_sink,,"{""bookkeeping_after_m"": 0.0, ""bookkeeping_before_m"": 3.0530600270139985e-10, ""bookkeeping_mode"": ""virtual_ol_d_snapshot"", ""bookkeeping_source"": ""OL_D read-only snapshot"", ""observed_ol_d_before_m"": 3.0530600270139985e-10, ""observed_ol_d_time"": ""2020-08-01T00:04:00"", ""requested_step_depth_m"": 5.555555555555556e-06, ""step_volume_m3"": 0.0014222222222222223, ""storage_units"": ""m"", ""target_units"": ""m3/s""}"
2020-08-01 00:04:00,runoff,87,103,default,2020-08-01,2020-09-01,62.0,2678400.0,5.925925925925926e-06,3.1184299587039277e-10,-5.5552437125596854e-06,positive_daisy_runoff_to_positive_oldr_in_flo_and_negative_storage_sink,,"{""bookkeeping_after_m"": 0.0, ""bookkeeping_before_m"": 3.1184299587039277e-10, ""bookkeeping_mode"": ""virtual_ol_d_snapshot"", ""bookkeeping_source"": ""OL_D read-only snapshot"", ""observed_ol_d_before_m"": 3.1184299587039277e-10, ""observed_ol_d_time"": ""2020-08-01T00:04:00"", ""requested_step_depth_m"": 5.555555555555556e-06, ""step_volume_m3"": 0.0014222222222222223, ""storage_units"": ""m"", ""target_units"": ""m3/s""}"
2020-08-01 00:04:00,runoff,87,104,default,2020-08-01,2020-09-01,62.0,2678400.0,5.925925925925926e-06,3.107629709120374e-10,-5.555244792584644e-06,positive_daisy_runoff_to_positive_oldr_in_flo_and_negative_storage_sink,,"{""bookkeeping_after_m"": 0.0, ""bookkeeping_before_m"": 3.107629709120374e-10, ""bookkeeping_mode"": ""virtual_ol_d_snapshot"", ""bookkeeping_source"": ""OL_D read-only snapshot"", ""observed_ol_d_before_m"": 3.107629709120374e-10, ""observed_ol_d_time"": ""2020-08-01T00:04:00"", ""requested_step_depth_m"": 5.555555555555556e-06, ""step_volume_m3"": 0.0014222222222222223, ""storage_units"": ""m"", ""target_units"": ""m3/s""}"
2020-08-01 00:04:00,runoff,87,105,default,2020-08-01,2020-09-01,62.0,2678400.0,5.925925925925926e-06,3.0024693842278793e-10,-5.555255308617133e-06,positive_daisy_runoff_to_positive_oldr_in_flo_and_negative_storage_sink,,"{""bookkeeping_after_m"": 0.0, ""bookkeeping_before_m"": 3.0024693842278793e-10, ""bookkeeping_mode"": ""virtual_ol_d_snapshot"", ""bookkeeping_source"": ""OL_D read-only snapshot"", ""observed_ol_d_before_m"": 3.0024693842278793e-10, ""observed_ol_d_time"": ""2020-08-01T00:04:00"", ""requested_step_depth_m"": 5.555555555555556e-06, ""step_volume_m3"": 0.0014222222222222223, ""storage_units"": ""m"", ""target_units"": ""m3/s""}"
2020-08-01 00:04:00,runoff,87,106,default,2020-08-01,2020-09-01,62.0,2678400.0,5.925925925925926e-06,3.0024693842278793e-10,-5.555255308617133e-06,positive_daisy_runoff_to_positive_oldr_in_flo_and_negative_storage_sink,,"{""bookkeeping_after_m"": 0.0, ""bookkeeping_before_m"": 3.0024693842278793e-10, ""bookkeeping_mode"": ""virtual_ol_d_snapshot"", ""bookkeeping_source"": ""OL_D read-only snapshot"", ""observed_ol_d_before_m"": 3.0024693842278793e-10, ""observed_ol_d_time"": ""2020-08-01T00:04:00"", ""requested_step_depth_m"": 5.555555555555556e-06, ""step_volume_m3"": 0.0014222222222222223, ""storage_units"": ""m"", ""target_units"": ""m3/s""}"
2020-08-01 00:04:00,runoff,87,107,default,2020-08-01,2020-09-01,62.0,2678400.0,5.925925925925926e-06,3.1678837331128307e-10,-5.5552387671822445e-06,positive_daisy_runoff_to_positive_oldr_in_flo_and_negative_storage_sink,,"{""bookkeeping_after_m"": 0.0, ""bookkeeping_before_m"": 3.1678837331128307e-10, ""bookkeeping_mode"": ""virtual_ol_d_snapshot"", ""bookkeeping_source"": ""OL_D read-only snapshot"", ""observed_ol_d_before_m"": 3.1678837331128307e-10, ""observed_ol_d_time"": ""2020-08-01T00:04:00"", ""requested_step_depth_m"": 5.555555555555556e-06, ""step_volume_m3"": 0.0014222222222222223, ""storage_units"": ""m"", ""target_units"": ""m3/s""}"
2020-08-01 00:04:00,runoff,87,108,default,2020-08-01,2020-09-01,62.0,2678400.0,5.925925925925926e-06,3.353193278599065e-10,-5.555220236227696e-06,positive_daisy_runoff_to_positive_oldr_in_flo_and_negative_storage_sink,,"{""bookkeeping_after_m"": 0.0, ""bookkeeping_before_m"": 3.353193278599065e-10, ""bookkeeping_mode"": ""virtual_ol_d_snapshot"", ""bookkeeping_source"": ""OL_D read-only snapshot"", ""observed_ol_d_before_m"": 3.353193278599065e-10, ""observed_ol_d_time"": ""2020-08-01T00:04:00"", ""requested_step_depth_m"": 5.555555555555556e-06, ""step_volume_m3"": 0.0014222222222222223, ""storage_units"": ""m"", ""target_units"": ""m3/s""}"
2020-08-01 00:04:00,runoff,87,109,default,2020-08-01,2020-09-01,62.0,2678400.0,5.925925925925926e-06,3.383320290595293e-10,-5.555217223526496e-06,positive_daisy_runoff_to_positive_oldr_in_flo_and_negative_storage_sink,,"{""bookkeeping_after_m"": 0.0, ""bookkeeping_before_m"": 3.383320290595293e-10, ""bookkeeping_mode"": ""virtual_ol_d_snapshot"", ""bookkeeping_source"": ""OL_D read-only snapshot"", ""observed_ol_d_before_m"": 3.383320290595293e-10, ""observed_ol_d_time"": ""2020-08-01T00:04:00"", ""requested_step_depth_m"": 5.555555555555556e-06, ""step_volume_m3"": 0.0014222222222222223, ""storage_units"": ""m"", ""target_units"": ""m3/s""}"
2020-08-01 00:04:00,runoff,87,110,default,2020-08-01,2020-09-01,62.0,2678400.0,5.925925925925926e-06,3.3151081879623234e-10,-5.55522404473676e-06,positive_daisy_runoff_to_positive_oldr_in_flo_and_negative_storage_sink,,"{""bookkeeping_after_m"": 0.0, ""bookkeeping_before_m"": 3.3151081879623234e-10, ""bookkeeping_mode"": ""virtual_ol_d_snapshot"", ""bookkeeping_source"": ""OL_D read-only snapshot"", ""observed_ol_d_before_m"": 3.3151081879623234e-10, ""observed_ol_d_time"": ""2020-08-01T00:04:00"", ""requested_step_depth_m"": 5.555555555555556e-06, ""step_volume_m3"": 0.0014222222222222223, ""storage_units"": ""m"", ""target_units"": ""m3/s""}"
2020-08-01 00:04:00,runoff,87,111,default,2020-08-01,2020-09-01,62.0,2678400.0,5.925925925925926e-06,3.388436198292766e-10,-5.5552167119357265e-06,positive_daisy_runoff_to_positive_oldr_in_flo_and_negative_storage_sink,,"{""bookkeeping_after_m"": 0.0, ""bookkeeping_before_m"": 3.388436198292766e-10, ""bookkeeping_mode"": ""virtual_ol_d_snapshot"", ""bookkeeping_source"": ""OL_D read-only snapshot"", ""observed_ol_d_before_m"": 3.388436198292766e-10, ""observed_ol_d_time"": ""2020-08-01T00:04:00"", ""requested_step_depth_m"": 5.555555555555556e-06, ""step_volume_m3"": 0.0014222222222222223, ""storage_units"": ""m"", ""target_units"": ""m3/s""}"
2020-08-01 00:04:00,runoff,87,112,default,2020-08-01,2020-09-01,62.0,2678400.0,5.925925925925926e-06,3.3230662666028365e-10,-5.5552232489288955e-06,positive_daisy_runoff_to_positive_oldr_in_flo_and_negative_storage_sink,,"{""bookkeeping_after_m"": 0.0, ""bookkeeping_before_m"": 3.3230662666028365e-10, ""bookkeeping_mode"": ""virtual_ol_d_snapshot"", ""bookkeeping_source"": ""OL_D read-only snapshot"", ""observed_ol_d_before_m"": 3.3230662666028365e-10, ""observed_ol_d_time"": ""2020-08-01T00:04:00"", ""requested_step_depth_m"": 5.555555555555556e-06, ""step_volume_m3"": 0.0014222222222222223, ""storage_units"": ""m"", ""target_units"": ""m3/s""}"
2020-08-01 00:04:00,runoff,87,113,default,2020-08-01,2020-09-01,62.0,2678400.0,5.925925925925926e-06,3.3367086871294305e-10,-5.555221884686843e-06,positive_daisy_runoff_to_positive_oldr_in_flo_and_negative_storage_sink,,"{""bookkeeping_after_m"": 0.0, ""bookkeeping_before_m"": 3.3367086871294305e-10, ""bookkeeping_mode"": ""virtual_ol_d_snapshot"", ""bookkeeping_source"": ""OL_D read-only snapshot"", ""observed_ol_d_before_m"": 3.3367086871294305e-10, ""observed_ol_d_time"": ""2020-08-01T00:04:00"", ""requested_step_depth_m"": 5.555555555555556e-06, ""step_volume_m3"": 0.0014222222222222223, ""storage_units"": ""m"", ""target_units"": ""m3/s""}"
2020-08-01 00:04:00,runoff,87,114,default,2020-08-01,2020-09-01,62.0,2678400.0,5.925925925925926e-06,3.164473127981182e-10,-5.555239108242758e-06,positive_daisy_runoff_to_positive_oldr_in_flo_and_negative_storage_sink,,"{""bookkeeping_after_m"": 0.0, ""bookkeeping_before_m"": 3.164473127981182e-10, ""bookkeeping_mode"": ""virtual_ol_d_snapshot"", ""bookkeeping_source"": ""OL_D read-only snapshot"", ""observed_ol_d_before_m"": 3.164473127981182e-10, ""observed_ol_d_time"": ""2020-08-01T00:04:00"", ""requested_step_depth_m"": 5.555555555555556e-06, ""step_volume_m3"": 0.0014222222222222223, ""storage_units"": ""m"", ""target_units"": ""m3/s""}"
2020-08-01 00:04:00,runoff,87,115,default,2020-08-01,2020-09-01,62.0,2678400.0,5.925925925925926e-06,3.3497826734674163e-10,-5.555220577288209e-06,positive_daisy_runoff_to_positive_oldr_in_flo_and_negative_storage_sink,,"{""bookkeeping_after_m"": 0.0, ""bookkeeping_before_m"": 3.3497826734674163e-10, ""bookkeeping_mode"": ""virtual_ol_d_snapshot"", ""bookkeeping_source"": ""OL_D read-only snapshot"", ""observed_ol_d_before_m"": 3.3497826734674163e-10, ""observed_ol_d_time"": ""2020-08-01T00:04:00"", ""requested_step_depth_m"": 5.555555555555556e-06, ""step_volume_m3"": 0.0014222222222222223, ""storage_units"": ""m"", ""target_units"": ""m3/s""}"
2020-08-01 00:04:00,runoff,87,116,default,2020-08-01,2020-09-01,62.0,2678400.0,5.925925925925926e-06,3.3020342016243376e-10,-5.555225352135393e-06,positive_daisy_runoff_to_positive_oldr_in_flo_and_negative_storage_sink,,"{""bookkeeping_after_m"": 0.0, ""bookkeeping_before_m"": 3.3020342016243376e-10, ""bookkeeping_mode"": ""virtual_ol_d_snapshot"", ""bookkeeping_source"": ""OL_D read-only snapshot"", ""observed_ol_d_before_m"": 3.3020342016243376e-10, ""observed_ol_d_time"": ""2020-08-01T00:04:00"", ""requested_step_depth_m"": 5.555555555555556e-06, ""step_volume_m3"": 0.0014222222222222223, ""storage_units"": ""m"", ""target_units"": ""m3/s""}"
2020-08-01 00:04:00,runoff,88,61,default,2020-08-01,2020-09-01,62.0,2678400.0,5.925925925925926e-06,3.113882485195063e-10,-5.555244167307036e-06,positive_daisy_runoff_to_positive_oldr_in_flo_and_negative_storage_sink,,"{""bookkeeping_after_m"": 0.0, ""bookkeeping_before_m"": 3.113882485195063e-10, ""bookkeeping_mode"": ""virtual_ol_d_snapshot"", ""bookkeeping_source"": ""OL_D read-only snapshot"", ""observed_ol_d_before_m"": 3.113882485195063e-10, ""observed_ol_d_time"": ""2020-08-01T00:04:00"", ""requested_step_depth_m"": 5.555555555555556e-06, ""step_volume_m3"": 0.0014222222222222223, ""storage_units"": ""m"", ""target_units"": ""m3/s""}"
2020-08-01 00:04:00,runoff,88,62,default,2020-08-01,2020-09-01,62.0,2678400.0,5.925925925925926e-06,3.1252511689672247e-10,-5.555243030438659e-06,positive_daisy_runoff_to_positive_oldr_in_flo_and_negative_storage_sink,,"{""bookkeeping_after_m"": 0.0, ""bookkeeping_before_m"": 3.1252511689672247e-10, ""bookkeeping_mode"": ""virtual_ol_d_snapshot"", ""bookkeeping_source"": ""OL_D read-only snapshot"", ""observed_ol_d_before_m"": 3.1252511689672247e-10, ""observed_ol_d_time"": ""2020-08-01T00:04:00"", ""requested_step_depth_m"": 5.555555555555556e-06, ""step_volume_m3"": 0.0014222222222222223, ""storage_units"": ""m"", ""target_units"": ""m3/s""}"
2020-08-01 00:04:00,runoff,88,63,default,2020-08-01,2020-09-01,62.0,2678400.0,5.925925925925926e-06,3.1320723792305216e-10,-5.555242348317633e-06,positive_daisy_runoff_to_positive_oldr_in_flo_and_negative_storage_sink,,"{""bookkeeping_after_m"": 0.0, ""bookkeeping_before_m"": 3.1320723792305216e-10, ""bookkeeping_mode"": ""virtual_ol_d_snapshot"", ""bookkeeping_source"": ""OL_D read-only snapshot"", ""observed_ol_d_before_m"": 3.1320723792305216e-10, ""observed_ol_d_time"": ""2020-08-01T00:04:00"", ""requested_step_depth_m"": 5.555555555555556e-06, ""step_volume_m3"": 0.0014222222222222223, ""storage_units"": ""m"", ""target_units"": ""m3/s""}"
2020-08-01 00:04:00,runoff,88,64,default,2020-08-01,2020-09-01,62.0,2678400.0,5.925925925925926e-06,3.126388037344441e-10,-5.555242916751821e-06,positive_daisy_runoff_to_positive_oldr_in_flo_and_negative_storage_sink,,"{""bookkeeping_after_m"": 0.0, ""bookkeeping_before_m"": 3.126388037344441e-10, ""bookkeeping_mode"": ""virtual_ol_d_snapshot"", ""bookkeeping_source"": ""OL_D read-only snapshot"", ""observed_ol_d_before_m"": 3.126388037344441e-10, ""observed_ol_d_time"": ""2020-08-01T00:04:00"", ""requested_step_depth_m"": 5.555555555555556e-06, ""step_volume_m3"": 0.0014222222222222223, ""storage_units"": ""m"", ""target_units"": ""m3/s""}"
2020-08-01 00:04:00,runoff,88,65,default,2020-08-01,2020-09-01,62.0,2678400.0,5.925925925925926e-06,3.0377123039215803e-10,-5.555251784325164e-06,positive_daisy_runoff_to_positive_oldr_in_flo_and_negative_storage_sink,,"{""bookkeeping_after_m"": 0.0, ""bookkeeping_before_m"": 3.0377123039215803e-10, ""bookkeeping_mode"": ""virtual_ol_d_snapshot"", ""bookkeeping_source"": ""OL_D read-only snapshot"", ""observed_ol_d_before_m"": 3.0377123039215803e-10, ""observed_ol_d_time"": ""2020-08-01T00:04:00"", ""requested_step_depth_m"": 5.555555555555556e-06, ""step_volume_m3"": 0.0014222222222222223, ""storage_units"": ""m"", ""target_units"": ""m3/s""}"
2020-08-01 00:04:00,runoff,88,66,default,2020-08-01,2020-09-01,62.0,2678400.0,5.925925925925926e-06,2.991100700455718e-10,-5.55525644548551e-06,positive_daisy_runoff_to_positive_oldr_in_flo_and_negative_storage_sink,,"{""bookkeeping_after_m"": 0.0, ""bookkeeping_before_m"": 2.991100700455718e-10, ""bookkeeping_mode"": ""virtual_ol_d_snapshot"", ""bookkeeping_source"": ""OL_D read-only snapshot"", ""observed_ol_d_before_m"": 2.991100700455718e-10, ""observed_ol_d_time"": ""2020-08-01T00:04:00"", ""requested_step_depth_m"": 5.555555555555556e-06, ""step_volume_m3"": 0.0014222222222222223, ""storage_units"": ""m"", ""target_units"": ""m3/s""}"
2020-08-01 00:04:00,runoff,88,67,default,2020-08-01,2020-09-01,62.0,2678400.0,5.925925925925926e-06,3.0172486731316894e-10,-5.555253830688243e-06,positive_daisy_runoff_to_positive_oldr_in_flo_and_negative_storage_sink,,"{""bookkeeping_after_m"": 0.0, ""bookkeeping_before_m"": 3.0172486731316894e-10, ""bookkeeping_mode"": ""virtual_ol_d_snapshot"", ""bookkeeping_source"": ""OL_D read-only snapshot"", ""observed_ol_d_before_m"": 3.0172486731316894e-10, ""observed_ol_d_time"": ""2020-08-01T00:04:00"", ""requested_step_depth_m"": 5.555555555555556e-06, ""step_volume_m3"": 0.0014222222222222223, ""storage_units"": ""m"", ""target_units"": ""m3/s""}"
2020-08-01 00:04:00,runoff,88,68,default,2020-08-01,2020-09-01,62.0,2678400.0,5.925925925925926e-06,3.3071501093218103e-10,-5.555224840544624e-06,positive_daisy_runoff_to_positive_oldr_in_flo_and_negative_storage_sink,,"{""bookkeeping_after_m"": 0.0, ""bookkeeping_before_m"": 3.3071501093218103e-10, ""bookkeeping_mode"": ""virtual_ol_d_snapshot"", ""bookkeeping_source"": ""OL_D read-only snapshot"", ""observed_ol_d_before_m"": 3.3071501093218103e-10, ""observed_ol_d_time"": ""2020-08-01T00:04:00"", ""requested_step_depth_m"": 5.555555555555556e-06, ""step_volume_m3"": 0.0014222222222222223, ""storage_units"": ""m"", ""target_units"": ""m3/s""}"
2020-08-01 00:04:00,runoff,88,69,default,2020-08-01,2020-09-01,62.0,2678400.0,5.925925925925926e-06,2.991100700455718e-10,-5.55525644548551e-06,positive_daisy_runoff_to_positive_oldr_in_flo_and_negative_storage_sink,,"{""bookkeeping_after_m"": 0.0, ""bookkeeping_before_m"": 2.991100700455718e-10, ""bookkeeping_mode"": ""virtual_ol_d_snapshot"", ""bookkeeping_source"": ""OL_D read-only snapshot"", ""observed_ol_d_before_m"": 2.991100700455718e-10, ""observed_ol_d_time"": ""2020-08-01T00:04:00"", ""requested_step_depth_m"": 5.555555555555556e-06, ""step_volume_m3"": 0.0014222222222222223, ""storage_units"": ""m"", ""target_units"": ""m3/s""}"
2020-08-01 00:04:00,runoff,88,70,default,2020-08-01,2020-09-01,62.0,2678400.0,5.925925925925926e-06,3.2366642699344084e-10,-5.555231889128562e-06,positive_daisy_runoff_to_positive_oldr_in_flo_and_negative_storage_sink,,"{""bookkeeping_after_m"": 0.0, ""bookkeeping_before_m"": 3.2366642699344084e-10, ""bookkeeping_mode"": ""virtual_ol_d_snapshot"", ""bookkeeping_source"": ""OL_D read-only snapshot"", ""observed_ol_d_before_m"": 3.2366642699344084e-10, ""observed_ol_d_time"": ""2020-08-01T00:04:00"", ""requested_step_depth_m"": 5.555555555555556e-06, ""step_volume_m3"": 0.0014222222222222223, ""storage_units"": ""m"", ""target_units"": ""m3/s""}"
2020-08-01 00:04:00,runoff,88,71,default,2020-08-01,2020-09-01,62.0,2678400.0,5.925925925925926e-06,3.155946615152061e-10,-5.555239960894041e-06,positive_daisy_runoff_to_positive_oldr_in_flo_and_negative_storage_sink,,"{""bookkeeping_after_m"": 0.0, ""bookkeeping_before_m"": 3.155946615152061e-10, ""bookkeeping_mode"": ""virtual_ol_d_snapshot"", ""bookkeeping_source"": ""OL_D read-only snapshot"", ""observed_ol_d_before_m"": 3.155946615152061e-10, ""observed_ol_d_time"": ""2020-08-01T00:04:00"", ""requested_step_depth_m"": 5.555555555555556e-06, ""step_volume_m3"": 0.0014222222222222223, ""storage_units"": ""m"", ""target_units"": ""m3/s""}"
2020-08-01 00:04:00,runoff,88,72,default,2020-08-01,2020-09-01,62.0,2678400.0,5.925925925925926e-06,2.9956481739645824e-10,-5.555255990738159e-06,positive_daisy_runoff_to_positive_oldr_in_flo_and_negative_storage_sink,,"{""bookkeeping_after_m"": 0.0, ""bookkeeping_before_m"": 2.9956481739645824e-10, ""bookkeeping_mode"": ""virtual_ol_d_snapshot"", ""bookkeeping_source"": ""OL_D read-only snapshot"", ""observed_ol_d_before_m"": 2.9956481739645824e-10, ""observed_ol_d_time"": ""2020-08-01T00:04:00"", ""requested_step_depth_m"": 5.555555555555556e-06, ""step_volume_m3"": 0.0014222222222222223, ""storage_units"": ""m"", ""target_units"": ""m3/s""}"
2020-08-01 00:04:00,runoff,88,73,default,2020-08-01,2020-09-01,62.0,2678400.0,5.925925925925926e-06,3.047944119316526e-10,-5.555250761143624e-06,positive_daisy_runoff_to_positive_oldr_in_flo_and_negative_storage_sink,,"{""bookkeeping_after_m"": 0.0, ""bookkeeping_before_m"": 3.047944119316526e-10, ""bookkeeping_mode"": ""virtual_ol_d_snapshot"", ""bookkeeping_source"": ""OL_D read-only snapshot"", ""observed_ol_d_before_m"": 3.047944119316526e-10, ""observed_ol_d_time"": ""2020-08-01T00:04:00"", ""requested_step_depth_m"": 5.555555555555556e-06, ""step_volume_m3"": 0.0014222222222222223, ""storage_units"": ""m"", ""target_units"": ""m3/s""}"
2020-08-01 00:04:00,runoff,88,74,default,2020-08-01,2020-09-01,62.0,2678400.0,5.925925925925926e-06,3.1161562219494954e-10,-5.555243939933361e-06,positive_daisy_runoff_to_positive_oldr_in_flo_and_negative_storage_sink,,"{""bookkeeping_after_m"": 0.0, ""bookkeeping_before_m"": 3.1161562219494954e-10, ""bookkeeping_mode"": ""virtual_ol_d_snapshot"", ""bookkeeping_source"": ""OL_D read-only snapshot"", ""observed_ol_d_before_m"": 3.1161562219494954e-10, ""observed_ol_d_time"": ""2020-08-01T00:04:00"", ""requested_step_depth_m"": 5.555555555555556e-06, ""step_volume_m3"": 0.0014222222222222223, ""storage_units"": ""m"", ""target_units"": ""m3/s""}"
2020-08-01 00:04:00,runoff,88,75,default,2020-08-01,2020-09-01,62.0,2678400.0,5.925925925925926e-06,3.1229774322127923e-10,-5.5552432578123345e-06,positive_daisy_runoff_to_positive_oldr_in_flo_and_negative_storage_sink,,"{""bookkeeping_after_m"": 0.0, ""bookkeeping_before_m"": 3.1229774322127923e-10, ""bookkeeping_mode"": ""virtual_ol_d_snapshot"", ""bookkeeping_source"": ""OL_D read-only snapshot"", ""observed_ol_d_before_m"": 3.1229774322127923e-10, ""observed_ol_d_time"": ""2020-08-01T00:04:00"", ""requested_step_depth_m"": 5.555555555555556e-06, ""step_volume_m3"": 0.0014222222222222223, ""storage_units"": ""m"", ""target_units"": ""m3/s""}"
2020-08-01 00:04:00,runoff,88,76,default,2020-08-01,2020-09-01,62.0,2678400.0,5.925925925925926e-06,3.128661774098873e-10,-5.555242689378146e-06,positive_daisy_runoff_to_positive_oldr_in_flo_and_negative_storage_sink,,"{""bookkeeping_after_m"": 0.0, ""bookkeeping_before_m"": 3.128661774098873e-10, ""bookkeeping_mode"": ""virtual_ol_d_snapshot"", ""bookkeeping_source"": ""OL_D read-only snapshot"", ""observed_ol_d_before_m"": 3.128661774098873e-10, ""observed_ol_d_time"": ""2020-08-01T00:04:00"", ""requested_step_depth_m"": 5.555555555555556e-06, ""step_volume_m3"": 0.0014222222222222223, ""storage_units"": ""m"", ""target_units"": ""m3/s""}"
2020-08-01 00:04:00,runoff,88,77,default,2020-08-01,2020-09-01,62.0,2678400.0,5.925925925925926e-06,3.133209247607738e-10,-5.555242234630795e-06,positive_daisy_runoff_to_positive_oldr_in_flo_and_negative_storage_sink,,"{""bookkeeping_after_m"": 0.0, ""bookkeeping_before_m"": 3.133209247607738e-10, ""bookkeeping_mode"": ""virtual_ol_d_snapshot"", ""bookkeeping_source"": ""OL_D read-only snapshot"", ""observed_ol_d_before_m"": 3.133209247607738e-10, ""observed_ol_d_time"": ""2020-08-01T00:04:00"", ""requested_step_depth_m"": 5.555555555555556e-06, ""step_volume_m3"": 0.0014222222222222223, ""storage_units"": ""m"", ""target_units"": ""m3/s""}"
2020-08-01 00:04:00,runoff,88,78,default,2020-08-01,2020-09-01,62.0,2678400.0,5.925925925925926e-06,3.119566827081144e-10,-5.555243598872848e-06,positive_daisy_runoff_to_positive_oldr_in_flo_and_negative_storage_sink,,"{""bookkeeping_after_m"": 0.0, ""bookkeeping_before_m"": 3.119566827081144e-10, ""bookkeeping_mode"": ""virtual_ol_d_snapshot"", ""bookkeeping_source"": ""OL_D read-only snapshot"", ""observed_ol_d_before_m"": 3.119566827081144e-10, ""observed_ol_d_time"": ""2020-08-01T00:04:00"", ""requested_step_depth_m"": 5.555555555555556e-06, ""step_volume_m3"": 0.0014222222222222223, ""storage_units"": ""m"", ""target_units"": ""m3/s""}"
2020-08-01 00:04:00,runoff,88,79,default,2020-08-01,2020-09-01,62.0,2678400.0,5.925925925925926e-06,3.099103196291253e-10,-5.555245645235927e-06,positive_daisy_runoff_to_positive_oldr_in_flo_and_negative_storage_sink,,"{""bookkeeping_after_m"": 0.0, ""bookkeeping_before_m"": 3.099103196291253e-10, ""bookkeeping_mode"": ""virtual_ol_d_snapshot"", ""bookkeeping_source"": ""OL_D read-only snapshot"", ""observed_ol_d_before_m"": 3.099103196291253e-10, ""observed_ol_d_time"": ""2020-08-01T00:04:00"", ""requested_step_depth_m"": 5.555555555555556e-06, ""step_volume_m3"": 0.0014222222222222223, ""storage_units"": ""m"", ""target_units"": ""m3/s""}"
2020-08-01 00:04:00,runoff,88,80,default,2020-08-01,2020-09-01,62.0,2678400.0,5.925925925925926e-06,3.007016857736744e-10,-5.555254853869782e-06,positive_daisy_runoff_to_positive_oldr_in_flo_and_negative_storage_sink,,"{""bookkeeping_after_m"": 0.0, ""bookkeeping_before_m"": 3.007016857736744e-10, ""bookkeeping_mode"": ""virtual_ol_d_snapshot"", ""bookkeeping_source"": ""OL_D read-only snapshot"", ""observed_ol_d_before_m"": 3.007016857736744e-10, ""observed_ol_d_time"": ""2020-08-01T00:04:00"", ""requested_step_depth_m"": 5.555555555555556e-06, ""step_volume_m3"": 0.0014222222222222223, ""storage_units"": ""m"", ""target_units"": ""m3/s""}"
2020-08-01 00:04:00,runoff,88,81,default,2020-08-01,2020-09-01,62.0,2678400.0,5.925925925925926e-06,2.99337443721015e-10,-5.555256218111835e-06,positive_daisy_runoff_to_positive_oldr_in_flo_and_negative_storage_sink,,"{""bookkeeping_after_m"": 0.0, ""bookkeeping_before_m"": 2.99337443721015e-10, ""bookkeeping_mode"": ""virtual_ol_d_snapshot"", ""bookkeeping_source"": ""OL_D read-only snapshot"", ""observed_ol_d_before_m"": 2.99337443721015e-10, ""observed_ol_d_time"": ""2020-08-01T00:04:00"", ""requested_step_depth_m"": 5.555555555555556e-06, ""step_volume_m3"": 0.0014222222222222223, ""storage_units"": ""m"", ""target_units"": ""m3/s""}"
2020-08-01 00:04:00,runoff,88,82,default,2020-08-01,2020-09-01,62.0,2678400.0,5.925925925925926e-06,2.9899638320785016e-10,-5.555256559172348e-06,positive_daisy_runoff_to_positive_oldr_in_flo_and_negative_storage_sink,,"{""bookkeeping_after_m"": 0.0, ""bookkeeping_before_m"": 2.9899638320785016e-10, ""bookkeeping_mode"": ""virtual_ol_d_snapshot"", ""bookkeeping_source"": ""OL_D read-only snapshot"", ""observed_ol_d_before_m"": 2.9899638320785016e-10, ""observed_ol_d_time"": ""2020-08-01T00:04:00"", ""requested_step_depth_m"": 5.555555555555556e-06, ""step_volume_m3"": 0.0014222222222222223, ""storage_units"": ""m"", ""target_units"": ""m3/s""}"
2020-08-01 00:04:00,runoff,88,83,default,2020-08-01,2020-09-01,62.0,2678400.0,5.925925925925926e-06,2.9956481739645824e-10,-5.555255990738159e-06,positive_daisy_runoff_to_positive_oldr_in_flo_and_negative_storage_sink,,"{""bookkeeping_after_m"": 0.0, ""bookkeeping_before_m"": 2.9956481739645824e-10, ""bookkeeping_mode"": ""virtual_ol_d_snapshot"", ""bookkeeping_source"": ""OL_D read-only snapshot"", ""observed_ol_d_before_m"": 2.9956481739645824e-10, ""observed_ol_d_time"": ""2020-08-01T00:04:00"", ""requested_step_depth_m"": 5.555555555555556e-06, ""step_volume_m3"": 0.0014222222222222223, ""storage_units"": ""m"", ""target_units"": ""m3/s""}"
2020-08-01 00:04:00,runoff,88,84,default,2020-08-01,2020-09-01,62.0,2678400.0,5.925925925925926e-06,3.000195647473447e-10,-5.5552555359908085e-06,positive_daisy_runoff_to_positive_oldr_in_flo_and_negative_storage_sink,,"{""bookkeeping_after_m"": 0.0, ""bookkeeping_before_m"": 3.000195647473447e-10, ""bookkeeping_mode"": ""virtual_ol_d_snapshot"", ""bookkeeping_source"": ""OL_D read-only snapshot"", ""observed_ol_d_before_m"": 3.000195647473447e-10, ""observed_ol_d_time"": ""2020-08-01T00:04:00"", ""requested_step_depth_m"": 5.555555555555556e-06, ""step_volume_m3"": 0.0014222222222222223, ""storage_units"": ""m"", ""target_units"": ""m3/s""}"
2020-08-01 00:04:00,runoff,88,85,default,2020-08-01,2020-09-01,62.0,2678400.0,5.925925925925926e-06,3.0178171073202975e-10,-5.555253773844824e-06,positive_daisy_runoff_to_positive_oldr_in_flo_and_negative_storage_sink,,"{""bookkeeping_after_m"": 0.0, ""bookkeeping_before_m"": 3.0178171073202975e-10, ""bookkeeping_mode"": ""virtual_ol_d_snapshot"", ""bookkeeping_source"": ""OL_D read-only snapshot"", ""observed_ol_d_before_m"": 3.0178171073202975e-10, ""observed_ol_d_time"": ""2020-08-01T00:04:00"", ""requested_step_depth_m"": 5.555555555555556e-06, ""step_volume_m3"": 0.0014222222222222223, ""storage_units"": ""m"", ""target_units"": ""m3/s""}"
2020-08-01 00:04:00,runoff,88,86,default,2020-08-01,2020-09-01,62.0,2678400.0,5.925925925925926e-06,3.001332515850663e-10,-5.555255422303971e-06,positive_daisy_runoff_to_positive_oldr_in_flo_and_negative_storage_sink,,"{""bookkeeping_after_m"": 0.0, ""bookkeeping_before_m"": 3.001332515850663e-10, ""bookkeeping_mode"": ""virtual_ol_d_snapshot"", ""bookkeeping_source"": ""OL_D read-only snapshot"", ""observed_ol_d_before_m"": 3.001332515850663e-10, ""observed_ol_d_time"": ""2020-08-01T00:04:00"", ""requested_step_depth_m"": 5.555555555555556e-06, ""step_volume_m3"": 0.0014222222222222223, ""storage_units"": ""m"", ""target_units"": ""m3/s""}"
2020-08-01 00:04:00,runoff,88,87,default,2020-08-01,2020-09-01,62.0,2678400.0,5.925925925925926e-06,3.0121327654342167e-10,-5.555254342279012e-06,positive_daisy_runoff_to_positive_oldr_in_flo_and_negative_storage_sink,,"{""bookkeeping_after_m"": 0.0, ""bookkeeping_before_m"": 3.0121327654342167e-10, ""bookkeeping_mode"": ""virtual_ol_d_snapshot"", ""bookkeeping_source"": ""OL_D read-only snapshot"", ""observed_ol_d_before_m"": 3.0121327654342167e-10, ""observed_ol_d_time"": ""2020-08-01T00:04:00"", ""requested_step_depth_m"": 5.555555555555556e-06, ""step_volume_m3"": 0.0014222222222222223, ""storage_units"": ""m"", ""target_units"": ""m3/s""}"
2020-08-01 00:04:00,runoff,88,88,default,2020-08-01,2020-09-01,62.0,2678400.0,5.925925925925926e-06,3.07636582874693e-10,-5.555247918972681e-06,positive_daisy_runoff_to_positive_oldr_in_flo_and_negative_storage_sink,,"{""bookkeeping_after_m"": 0.0, ""bookkeeping_before_m"": 3.07636582874693e-10, ""bookkeeping_mode"": ""virtual_ol_d_snapshot"", ""bookkeeping_source"": ""OL_D read-only snapshot"", ""observed_ol_d_before_m"": 3.07636582874693e-10, ""observed_ol_d_time"": ""2020-08-01T00:04:00"", ""requested_step_depth_m"": 5.555555555555556e-06, ""step_volume_m3"": 0.0014222222222222223, ""storage_units"": ""m"", ""target_units"": ""m3/s""}"
2020-08-01 00:04:00,runoff,88,89,default,2020-08-01,2020-09-01,62.0,2678400.0,5.925925925925926e-06,-0.0,-5.555555555555556e-06,positive_daisy_runoff_to_positive_oldr_in_flo_and_negative_storage_sink,,"{""bookkeeping_after_m"": 0.0, ""bookkeeping_before_m"": 0.0, ""bookkeeping_mode"": ""virtual_ol_d_snapshot"", ""bookkeeping_source"": ""OL_D read-only snapshot"", ""observed_ol_d_before_m"": 0.0, ""observed_ol_d_time"": ""2020-08-01T00:04:00"", ""requested_step_depth_m"": 5.555555555555556e-06, ""step_volume_m3"": 0.0014222222222222223, ""storage_units"": ""m"", ""target_units"": ""m3/s""}"
2020-08-01 00:04:00,runoff,88,90,default,2020-08-01,2020-09-01,62.0,2678400.0,5.925925925925926e-06,-0.0,-5.555555555555556e-06,positive_daisy_runoff_to_positive_oldr_in_flo_and_negative_storage_sink,,"{""bookkeeping_after_m"": 0.0, ""bookkeeping_before_m"": 0.0, ""bookkeeping_mode"": ""virtual_ol_d_snapshot"", ""bookkeeping_source"": ""OL_D read-only snapshot"", ""observed_ol_d_before_m"": 0.0, ""observed_ol_d_time"": ""2020-08-01T00:04:00"", ""requested_step_depth_m"": 5.555555555555556e-06, ""step_volume_m3"": 0.0014222222222222223, ""storage_units"": ""m"", ""target_units"": ""m3/s""}"
2020-08-01 00:04:00,runoff,88,91,default,2020-08-01,2020-09-01,62.0,2678400.0,5.925925925925926e-06,-0.0,-5.555555555555556e-06,positive_daisy_runoff_to_positive_oldr_in_flo_and_negative_storage_sink,,"{""bookkeeping_after_m"": 0.0, ""bookkeeping_before_m"": 0.0, ""bookkeeping_mode"": ""virtual_ol_d_snapshot"", ""bookkeeping_source"": ""OL_D read-only snapshot"", ""observed_ol_d_before_m"": 0.0, ""observed_ol_d_time"": ""2020-08-01T00:04:00"", ""requested_step_depth_m"": 5.555555555555556e-06, ""step_volume_m3"": 0.0014222222222222223, ""storage_units"": ""m"", ""target_units"": ""m3/s""}"
2020-08-01 00:04:00,runoff,88,92,default,2020-08-01,2020-09-01,62.0,2678400.0,5.925925925925926e-06,-0.0,-5.555555555555556e-06,positive_daisy_runoff_to_positive_oldr_in_flo_and_negative_storage_sink,,"{""bookkeeping_after_m"": 0.0, ""bookkeeping_before_m"": 0.0, ""bookkeeping_mode"": ""virtual_ol_d_snapshot"", ""bookkeeping_source"": ""OL_D read-only snapshot"", ""observed_ol_d_before_m"": 0.0, ""observed_ol_d_time"": ""2020-08-01T00:04:00"", ""requested_step_depth_m"": 5.555555555555556e-06, ""step_volume_m3"": 0.0014222222222222223, ""storage_units"": ""m"", ""target_units"": ""m3/s""}"
2020-08-01 00:04:00,runoff,88,96,default,2020-08-01,2020-09-01,62.0,2678400.0,5.925925925925926e-06,3.1678837331128307e-10,-5.5552387671822445e-06,positive_daisy_runoff_to_positive_oldr_in_flo_and_negative_storage_sink,,"{""bookkeeping_after_m"": 0.0, ""bookkeeping_before_m"": 3.1678837331128307e-10, ""bookkeeping_mode"": ""virtual_ol_d_snapshot"", ""bookkeeping_source"": ""OL_D read-only snapshot"", ""observed_ol_d_before_m"": 3.1678837331128307e-10, ""observed_ol_d_time"": ""2020-08-01T00:04:00"", ""requested_step_depth_m"": 5.555555555555556e-06, ""step_volume_m3"": 0.0014222222222222223, ""storage_units"": ""m"", ""target_units"": ""m3/s""}"
2020-08-01 00:04:00,runoff,88,97,default,2020-08-01,2020-09-01,62.0,2678400.0,5.925925925925926e-06,3.049080987693742e-10,-5.5552506474567864e-06,positive_daisy_runoff_to_positive_oldr_in_flo_and_negative_storage_sink,,"{""bookkeeping_after_m"": 0.0, ""bookkeeping_before_m"": 3.049080987693742e-10, ""bookkeeping_mode"": ""virtual_ol_d_snapshot"", ""bookkeeping_source"": ""OL_D read-only snapshot"", ""observed_ol_d_before_m"": 3.049080987693742e-10, ""observed_ol_d_time"": ""2020-08-01T00:04:00"", ""requested_step_depth_m"": 5.555555555555556e-06, ""step_volume_m3"": 0.0014222222222222223, ""storage_units"": ""m"", ""target_units"": ""m3/s""}"
2020-08-01 00:04:00,runoff,88,98,default,2020-08-01,2020-09-01,62.0,2678400.0,5.925925925925926e-06,3.008722160302568e-10,-5.5552546833395256e-06,positive_daisy_runoff_to_positive_oldr_in_flo_and_negative_storage_sink,,"{""bookkeeping_after_m"": 0.0, ""bookkeeping_before_m"": 3.008722160302568e-10, ""bookkeeping_mode"": ""virtual_ol_d_snapshot"", ""bookkeeping_source"": ""OL_D read-only snapshot"", ""observed_ol_d_before_m"": 3.008722160302568e-10, ""observed_ol_d_time"": ""2020-08-01T00:04:00"", ""requested_step_depth_m"": 5.555555555555556e-06, ""step_volume_m3"": 0.0014222222222222223, ""storage_units"": ""m"", ""target_units"": ""m3/s""}"
2020-08-01 00:04:00,runoff,88,99,default,2020-08-01,2020-09-01,62.0,2678400.0,5.925925925925926e-06,2.999627213284839e-10,-5.555255592834227e-06,positive_daisy_runoff_to_positive_oldr_in_flo_and_negative_storage_sink,,"{""bookkeeping_after_m"": 0.0, ""bookkeeping_before_m"": 2.999627213284839e-10, ""bookkeeping_mode"": ""virtual_ol_d_snapshot"", ""bookkeeping_source"": ""OL_D read-only snapshot"", ""observed_ol_d_before_m"": 2.999627213284839e-10, ""observed_ol_d_time"": ""2020-08-01T00:04:00"", ""requested_step_depth_m"": 5.555555555555556e-06, ""step_volume_m3"": 0.0014222222222222223, ""storage_units"": ""m"", ""target_units"": ""m3/s""}"
2020-08-01 00:04:00,runoff,88,100,default,2020-08-01,2020-09-01,62.0,2678400.0,5.925925925925926e-06,2.9956481739645824e-10,-5.555255990738159e-06,positive_daisy_runoff_to_positive_oldr_in_flo_and_negative_storage_sink,,"{""bookkeeping_after_m"": 0.0, ""bookkeeping_before_m"": 2.9956481739645824e-10, ""bookkeeping_mode"": ""virtual_ol_d_snapshot"", ""bookkeeping_source"": ""OL_D read-only snapshot"", ""observed_ol_d_before_m"": 2.9956481739645824e-10, ""observed_ol_d_time"": ""2020-08-01T00:04:00"", ""requested_step_depth_m"": 5.555555555555556e-06, ""step_volume_m3"": 0.0014222222222222223, ""storage_units"": ""m"", ""target_units"": ""m3/s""}"
2020-08-01 00:04:00,runoff,88,101,default,2020-08-01,2020-09-01,62.0,2678400.0,5.925925925925926e-06,3.012701199622825e-10,-5.5552542854355935e-06,positive_daisy_runoff_to_positive_oldr_in_flo_and_negative_storage_sink,,"{""bookkeeping_after_m"": 0.0, ""bookkeeping_before_m"": 3.012701199622825e-10, ""bookkeeping_mode"": ""virtual_ol_d_snapshot"", ""bookkeeping_source"": ""OL_D read-only snapshot"", ""observed_ol_d_before_m"": 3.012701199622825e-10, ""observed_ol_d_time"": ""2020-08-01T00:04:00"", ""requested_step_depth_m"": 5.555555555555556e-06, ""step_volume_m3"": 0.0014222222222222223, ""storage_units"": ""m"", ""target_units"": ""m3/s""}"
2020-08-01 00:04:00,runoff,88,102,default,2020-08-01,2020-09-01,62.0,2678400.0,5.925925925925926e-06,3.0041746867937036e-10,-5.5552551380868765e-06,positive_daisy_runoff_to_positive_oldr_in_flo_and_negative_storage_sink,,"{""bookkeeping_after_m"": 0.0, ""bookkeeping_before_m"": 3.0041746867937036e-10, ""bookkeeping_mode"": ""virtual_ol_d_snapshot"", ""bookkeeping_source"": ""OL_D read-only snapshot"", ""observed_ol_d_before_m"": 3.0041746867937036e-10, ""observed_ol_d_time"": ""2020-08-01T00:04:00"", ""requested_step_depth_m"": 5.555555555555556e-06, ""step_volume_m3"": 0.0014222222222222223, ""storage_units"": ""m"", ""target_units"": ""m3/s""}"
2020-08-01 00:04:00,runoff,88,103,default,2020-08-01,2020-09-01,62.0,2678400.0,5.925925925925926e-06,2.99337443721015e-10,-5.555256218111835e-06,positive_daisy_runoff_to_positive_oldr_in_flo_and_negative_storage_sink,,"{""bookkeeping_after_m"": 0.0, ""bookkeeping_before_m"": 2.99337443721015e-10, ""bookkeeping_mode"": ""virtual_ol_d_snapshot"", ""bookkeeping_source"": ""OL_D read-only snapshot"", ""observed_ol_d_before_m"": 2.99337443721015e-10, ""observed_ol_d_time"": ""2020-08-01T00:04:00"", ""requested_step_depth_m"": 5.555555555555556e-06, ""step_volume_m3"": 0.0014222222222222223, ""storage_units"": ""m"", ""target_units"": ""m3/s""}"
2020-08-01 00:04:00,runoff,88,104,default,2020-08-01,2020-09-01,62.0,2678400.0,5.925925925925926e-06,3.1946001399774104e-10,-5.555236095541558e-06,positive_daisy_runoff_to_positive_oldr_in_flo_and_negative_storage_sink,,"{""bookkeeping_after_m"": 0.0, ""bookkeeping_before_m"": 3.1946001399774104e-10, ""bookkeeping_mode"": ""virtual_ol_d_snapshot"", ""bookkeeping_source"": ""OL_D read-only snapshot"", ""observed_ol_d_before_m"": 3.1946001399774104e-10, ""observed_ol_d_time"": ""2020-08-01T00:04:00"", ""requested_step_depth_m"": 5.555555555555556e-06, ""step_volume_m3"": 0.0014222222222222223, ""storage_units"": ""m"", ""target_units"": ""m3/s""}"
2020-08-01 00:04:00,runoff,88,105,default,2020-08-01,2020-09-01,62.0,2678400.0,5.925925925925926e-06,3.042828211619053e-10,-5.555251272734394e-06,positive_daisy_runoff_to_positive_oldr_in_flo_and_negative_storage_sink,,"{""bookkeeping_after_m"": 0.0, ""bookkeeping_before_m"": 3.042828211619053e-10, ""bookkeeping_mode"": ""virtual_ol_d_snapshot"", ""bookkeeping_source"": ""OL_D read-only snapshot"", ""observed_ol_d_before_m"": 3.042828211619053e-10, ""observed_ol_d_time"": ""2020-08-01T00:04:00"", ""requested_step_depth_m"": 5.555555555555556e-06, ""step_volume_m3"": 0.0014222222222222223, ""storage_units"": ""m"", ""target_units"": ""m3/s""}"
2020-08-01 00:04:00,runoff,88,106,default,2020-08-01,2020-09-01,62.0,2678400.0,5.925925925925926e-06,3.164473127981182e-10,-5.555239108242758e-06,positive_daisy_runoff_to_positive_oldr_in_flo_and_negative_storage_sink,,"{""bookkeeping_after_m"": 0.0, ""bookkeeping_before_m"": 3.164473127981182e-10, ""bookkeeping_mode"": ""virtual_ol_d_snapshot"", ""bookkeeping_source"": ""OL_D read-only snapshot"", ""observed_ol_d_before_m"": 3.164473127981182e-10, ""observed_ol_d_time"": ""2020-08-01T00:04:00"", ""requested_step_depth_m"": 5.555555555555556e-06, ""step_volume_m3"": 0.0014222222222222223, ""storage_units"": ""m"", ""target_units"": ""m3/s""}"
2020-08-01 00:04:00,runoff,88,107,default,2020-08-01,2020-09-01,62.0,2678400.0,5.925925925925926e-06,3.3014657674357295e-10,-5.555225408978812e-06,positive_daisy_runoff_to_positive_oldr_in_flo_and_negative_storage_sink,,"{""bookkeeping_after_m"": 0.0, ""bookkeeping_before_m"": 3.3014657674357295e-10, ""bookkeeping_mode"": ""virtual_ol_d_snapshot"", ""bookkeeping_source"": ""OL_D read-only snapshot"", ""observed_ol_d_before_m"": 3.3014657674357295e-10, ""observed_ol_d_time"": ""2020-08-01T00:04:00"", ""requested_step_depth_m"": 5.555555555555556e-06, ""step_volume_m3"": 0.0014222222222222223, ""storage_units"": ""m"", ""target_units"": ""m3/s""}"
2020-08-01 00:04:00,runoff,88,108,default,2020-08-01,2020-09-01,62.0,2678400.0,5.925925925925926e-06,3.333298081997782e-10,-5.555222225747356e-06,positive_daisy_runoff_to_positive_oldr_in_flo_and_negative_storage_sink,,"{""bookkeeping_after_m"": 0.0, ""bookkeeping_before_m"": 3.333298081997782e-10, ""bookkeeping_mode"": ""virtual_ol_d_snapshot"", ""bookkeeping_source"": ""OL_D read-only snapshot"", ""observed_ol_d_before_m"": 3.333298081997782e-10, ""observed_ol_d_time"": ""2020-08-01T00:04:00"", ""requested_step_depth_m"": 5.555555555555556e-06, ""step_volume_m3"": 0.0014222222222222223, ""storage_units"": ""m"", ""target_units"": ""m3/s""}"
2020-08-01 00:04:00,runoff,88,109,default,2020-08-01,2020-09-01,62.0,2678400.0,5.925925925925926e-06,3.2656544135534205e-10,-5.5552289901142005e-06,positive_daisy_runoff_to_positive_oldr_in_flo_and_negative_storage_sink,,"{""bookkeeping_after_m"": 0.0, ""bookkeeping_before_m"": 3.2656544135534205e-10, ""bookkeeping_mode"": ""virtual_ol_d_snapshot"", ""bookkeeping_source"": ""OL_D read-only snapshot"", ""observed_ol_d_before_m"": 3.2656544135534205e-10, ""observed_ol_d_time"": ""2020-08-01T00:04:00"", ""requested_step_depth_m"": 5.555555555555556e-06, ""step_volume_m3"": 0.0014222222222222223, ""storage_units"": ""m"", ""target_units"": ""m3/s""}"
2020-08-01 00:04:00,runoff,88,110,default,2020-08-01,2020-09-01,62.0,2678400.0,5.925925925925926e-06,3.3452351999585517e-10,-5.55522103203556e-06,positive_daisy_runoff_to_positive_oldr_in_flo_and_negative_storage_sink,,"{""bookkeeping_after_m"": 0.0, ""bookkeeping_before_m"": 3.3452351999585517e-10, ""bookkeeping_mode"": ""virtual_ol_d_snapshot"", ""bookkeeping_source"": ""OL_D read-only snapshot"", ""observed_ol_d_before_m"": 3.3452351999585517e-10, ""observed_ol_d_time"": ""2020-08-01T00:04:00"", ""requested_step_depth_m"": 5.555555555555556e-06, ""step_volume_m3"": 0.0014222222222222223, ""storage_units"": ""m"", ""target_units"": ""m3/s""}"
2020-08-01 00:04:00,runoff,88,111,default,2020-08-01,2020-09-01,62.0,2678400.0,5.925925925925926e-06,3.2997604648699053e-10,-5.555225579509069e-06,positive_daisy_runoff_to_positive_oldr_in_flo_and_negative_storage_sink,,"{""bookkeeping_after_m"": 0.0, ""bookkeeping_before_m"": 3.2997604648699053e-10, ""bookkeeping_mode"": ""virtual_ol_d_snapshot"", ""bookkeeping_source"": ""OL_D read-only snapshot"", ""observed_ol_d_before_m"": 3.2997604648699053e-10, ""observed_ol_d_time"": ""2020-08-01T00:04:00"", ""requested_step_depth_m"": 5.555555555555556e-06, ""step_volume_m3"": 0.0014222222222222223, ""storage_units"": ""m"", ""target_units"": ""m3/s""}"
2020-08-01 00:04:00,runoff,88,112,default,2020-08-01,2020-09-01,62.0,2678400.0,5.925925925925926e-06,3.374225343577564e-10,-5.555218133021198e-06,positive_daisy_runoff_to_positive_oldr_in_flo_and_negative_storage_sink,,"{""bookkeeping_after_m"": 0.0, ""bookkeeping_before_m"": 3.374225343577564e-10, ""bookkeeping_mode"": ""virtual_ol_d_snapshot"", ""bookkeeping_source"": ""OL_D read-only snapshot"", ""observed_ol_d_before_m"": 3.374225343577564e-10, ""observed_ol_d_time"": ""2020-08-01T00:04:00"", ""requested_step_depth_m"": 5.555555555555556e-06, ""step_volume_m3"": 0.0014222222222222223, ""storage_units"": ""m"", ""target_units"": ""m3/s""}"
2020-08-01 00:04:00,runoff,88,113,default,2020-08-01,2020-09-01,62.0,2678400.0,5.925925925925926e-06,3.502123036014382e-10,-5.555205343251954e-06,positive_daisy_runoff_to_positive_oldr_in_flo_and_negative_storage_sink,,"{""bookkeeping_after_m"": 0.0, ""bookkeeping_before_m"": 3.502123036014382e-10, ""bookkeeping_mode"": ""virtual_ol_d_snapshot"", ""bookkeeping_source"": ""OL_D read-only snapshot"", ""observed_ol_d_before_m"": 3.502123036014382e-10, ""observed_ol_d_time"": ""2020-08-01T00:04:00"", ""requested_step_depth_m"": 5.555555555555556e-06, ""step_volume_m3"": 0.0014222222222222223, ""storage_units"": ""m"", ""target_units"": ""m3/s""}"
2020-08-01 00:04:00,runoff,88,114,default,2020-08-01,2020-09-01,62.0,2678400.0,5.925925925925926e-06,3.1604940886609256e-10,-5.55523950614669e-06,positive_daisy_runoff_to_positive_oldr_in_flo_and_negative_storage_sink,,"{""bookkeeping_after_m"": 0.0, ""bookkeeping_before_m"": 3.1604940886609256e-10, ""bookkeeping_mode"": ""virtual_ol_d_snapshot"", ""bookkeeping_source"": ""OL_D read-only snapshot"", ""observed_ol_d_before_m"": 3.1604940886609256e-10, ""observed_ol_d_time"": ""2020-08-01T00:04:00"", ""requested_step_depth_m"": 5.555555555555556e-06, ""step_volume_m3"": 0.0014222222222222223, ""storage_units"": ""m"", ""target_units"": ""m3/s""}"
2020-08-01 00:04:00,runoff,88,115,default,2020-08-01,2020-09-01,62.0,2678400.0,5.925925925925926e-06,3.2929392546066083e-10,-5.555226261630095e-06,positive_daisy_runoff_to_positive_oldr_in_flo_and_negative_storage_sink,,"{""bookkeeping_after_m"": 0.0, ""bookkeeping_before_m"": 3.2929392546066083e-10, ""bookkeeping_mode"": ""virtual_ol_d_snapshot"", ""bookkeeping_source"": ""OL_D read-only snapshot"", ""observed_ol_d_before_m"": 3.2929392546066083e-10, ""observed_ol_d_time"": ""2020-08-01T00:04:00"", ""requested_step_depth_m"": 5.555555555555556e-06, ""step_volume_m3"": 0.0014222222222222223, ""storage_units"": ""m"", ""target_units"": ""m3/s""}"
2020-08-01 00:04:00,runoff,88,116,default,2020-08-01,2020-09-01,62.0,2678400.0,5.925925925925926e-06,3.3855940273497254e-10,-5.555216996152821e-06,positive_daisy_runoff_to_positive_oldr_in_flo_and_negative_storage_sink,,"{""bookkeeping_after_m"": 0.0, ""bookkeeping_before_m"": 3.3855940273497254e-10, ""bookkeeping_mode"": ""virtual_ol_d_snapshot"", ""bookkeeping_source"": ""OL_D read-only snapshot"", ""observed_ol_d_before_m"": 3.3855940273497254e-10, ""observed_ol_d_time"": ""2020-08-01T00:04:00"", ""requested_step_depth_m"": 5.555555555555556e-06, ""step_volume_m3"": 0.0014222222222222223, ""storage_units"": ""m"", ""target_units"": ""m3/s""}"
2020-08-01 00:04:00,runoff,88,117,default,2020-08-01,2020-09-01,62.0,2678400.0,5.925925925925926e-06,3.1440094971912913e-10,-5.555241154605837e-06,positive_daisy_runoff_to_positive_oldr_in_flo_and_negative_storage_sink,,"{""bookkeeping_after_m"": 0.0, ""bookkeeping_before_m"": 3.1440094971912913e-10, ""bookkeeping_mode"": ""virtual_ol_d_snapshot"", ""bookkeeping_source"": ""OL_D read-only snapshot"", ""observed_ol_d_before_m"": 3.1440094971912913e-10, ""observed_ol_d_time"": ""2020-08-01T00:04:00"", ""requested_step_depth_m"": 5.555555555555556e-06, ""step_volume_m3"": 0.0014222222222222223, ""storage_units"": ""m"", ""target_units"": ""m3/s""}"
2020-08-01 00:04:00,runoff,88,118,default,2020-08-01,2020-09-01,62.0,2678400.0,5.925925925925926e-06,2.9979219107190147e-10,-5.555255763364484e-06,positive_daisy_runoff_to_positive_oldr_in_flo_and_negative_storage_sink,,"{""bookkeeping_after_m"": 0.0, ""bookkeeping_before_m"": 2.9979219107190147e-10, ""bookkeeping_mode"": ""virtual_ol_d_snapshot"", ""bookkeeping_source"": ""OL_D read-only snapshot"", ""observed_ol_d_before_m"": 2.9979219107190147e-10, ""observed_ol_d_time"": ""2020-08-01T00:04:00"", ""requested_step_depth_m"": 5.555555555555556e-06, ""step_volume_m3"": 0.0014222222222222223, ""storage_units"": ""m"", ""target_units"": ""m3/s""}"
2020-08-01 00:04:00,runoff,89,57,default,2020-08-01,2020-09-01,62.0,2678400.0,5.925925925925926e-06,3.1320723792305216e-10,-5.555242348317633e-06,positive_daisy_runoff_to_positive_oldr_in_flo_and_negative_storage_sink,,"{""bookkeeping_after_m"": 0.0, ""bookkeeping_before_m"": 3.1320723792305216e-10, ""bookkeeping_mode"": ""virtual_ol_d_snapshot"", ""bookkeeping_source"": ""OL_D read-only snapshot"", ""observed_ol_d_before_m"": 3.1320723792305216e-10, ""observed_ol_d_time"": ""2020-08-01T00:04:00"", ""requested_step_depth_m"": 5.555555555555556e-06, ""step_volume_m3"": 0.0014222222222222223, ""storage_units"": ""m"", ""target_units"": ""m3/s""}"
2020-08-01 00:04:00,runoff,89,58,default,2020-08-01,2020-09-01,62.0,2678400.0,5.925925925925926e-06,3.0115643312456086e-10,-5.555254399122431e-06,positive_daisy_runoff_to_positive_oldr_in_flo_and_negative_storage_sink,,"{""bookkeeping_after_m"": 0.0, ""bookkeeping_before_m"": 3.0115643312456086e-10, ""bookkeeping_mode"": ""virtual_ol_d_snapshot"", ""bookkeeping_source"": ""OL_D read-only snapshot"", ""observed_ol_d_before_m"": 3.0115643312456086e-10, ""observed_ol_d_time"": ""2020-08-01T00:04:00"", ""requested_step_depth_m"": 5.555555555555556e-06, ""step_volume_m3"": 0.0014222222222222223, ""storage_units"": ""m"", ""target_units"": ""m3/s""}"
2020-08-01 00:04:00,runoff,89,59,default,2020-08-01,2020-09-01,62.0,2678400.0,5.925925925925926e-06,3.0172486731316894e-10,-5.555253830688243e-06,positive_daisy_runoff_to_positive_oldr_in_flo_and_negative_storage_sink,,"{""bookkeeping_after_m"": 0.0, ""bookkeeping_before_m"": 3.0172486731316894e-10, ""bookkeeping_mode"": ""virtual_ol_d_snapshot"", ""bookkeeping_source"": ""OL_D read-only snapshot"", ""observed_ol_d_before_m"": 3.0172486731316894e-10, ""observed_ol_d_time"": ""2020-08-01T00:04:00"", ""requested_step_depth_m"": 5.555555555555556e-06, ""step_volume_m3"": 0.0014222222222222223, ""storage_units"": ""m"", ""target_units"": ""m3/s""}"
2020-08-01 00:04:00,runoff,89,60,default,2020-08-01,2020-09-01,62.0,2678400.0,5.925925925925926e-06,3.121840563835576e-10,-5.555243371499172e-06,positive_daisy_runoff_to_positive_oldr_in_flo_and_negative_storage_sink,,"{""bookkeeping_after_m"": 0.0, ""bookkeeping_before_m"": 3.121840563835576e-10, ""bookkeeping_mode"": ""virtual_ol_d_snapshot"", ""bookkeeping_source"": ""OL_D read-only snapshot"", ""observed_ol_d_before_m"": 3.121840563835576e-10, ""observed_ol_d_time"": ""2020-08-01T00:04:00"", ""requested_step_depth_m"": 5.555555555555556e-06, ""step_volume_m3"": 0.0014222222222222223, ""storage_units"": ""m"", ""target_units"": ""m3/s""}"
2020-08-01 00:04:00,runoff,89,61,default,2020-08-01,2020-09-01,62.0,2678400.0,5.925925925925926e-06,3.1320723792305216e-10,-5.555242348317633e-06,positive_daisy_runoff_to_positive_oldr_in_flo_and_negative_storage_sink,,"{""bookkeeping_after_m"": 0.0, ""bookkeeping_before_m"": 3.1320723792305216e-10, ""bookkeeping_mode"": ""virtual_ol_d_snapshot"", ""bookkeeping_source"": ""OL_D read-only snapshot"", ""observed_ol_d_before_m"": 3.1320723792305216e-10, ""observed_ol_d_time"": ""2020-08-01T00:04:00"", ""requested_step_depth_m"": 5.555555555555556e-06, ""step_volume_m3"": 0.0014222222222222223, ""storage_units"": ""m"", ""target_units"": ""m3/s""}"
2020-08-01 00:04:00,runoff,89,62,default,2020-08-01,2020-09-01,62.0,2678400.0,5.925925925925926e-06,3.133209247607738e-10,-5.555242234630795e-06,positive_daisy_runoff_to_positive_oldr_in_flo_and_negative_storage_sink,,"{""bookkeeping_after_m"": 0.0, ""bookkeeping_before_m"": 3.133209247607738e-10, ""bookkeeping_mode"": ""virtual_ol_d_snapshot"", ""bookkeeping_source"": ""OL_D read-only snapshot"", ""observed_ol_d_before_m"": 3.133209247607738e-10, ""observed_ol_d_time"": ""2020-08-01T00:04:00"", ""requested_step_depth_m"": 5.555555555555556e-06, ""step_volume_m3"": 0.0014222222222222223, ""storage_units"": ""m"", ""target_units"": ""m3/s""}"
2020-08-01 00:04:00,runoff,89,63,default,2020-08-01,2020-09-01,62.0,2678400.0,5.925925925925926e-06,3.121840563835576e-10,-5.555243371499172e-06,positive_daisy_runoff_to_positive_oldr_in_flo_and_negative_storage_sink,,"{""bookkeeping_after_m"": 0.0, ""bookkeeping_before_m"": 3.121840563835576e-10, ""bookkeeping_mode"": ""virtual_ol_d_snapshot"", ""bookkeeping_source"": ""OL_D read-only snapshot"", ""observed_ol_d_before_m"": 3.121840563835576e-10, ""observed_ol_d_time"": ""2020-08-01T00:04:00"", ""requested_step_depth_m"": 5.555555555555556e-06, ""step_volume_m3"": 0.0014222222222222223, ""storage_units"": ""m"", ""target_units"": ""m3/s""}"
2020-08-01 00:04:00,runoff,89,64,default,2020-08-01,2020-09-01,62.0,2678400.0,5.925925925925926e-06,3.0536284612026066e-10,-5.5552501927094356e-06,positive_daisy_runoff_to_positive_oldr_in_flo_and_negative_storage_sink,,"{""bookkeeping_after_m"": 0.0, ""bookkeeping_before_m"": 3.0536284612026066e-10, ""bookkeeping_mode"": ""virtual_ol_d_snapshot"", ""bookkeeping_source"": ""OL_D read-only snapshot"", ""observed_ol_d_before_m"": 3.0536284612026066e-10, ""observed_ol_d_time"": ""2020-08-01T00:04:00"", ""requested_step_depth_m"": 5.555555555555556e-06, ""step_volume_m3"": 0.0014222222222222223, ""storage_units"": ""m"", ""target_units"": ""m3/s""}"
2020-08-01 00:04:00,runoff,89,65,default,2020-08-01,2020-09-01,62.0,2678400.0,5.925925925925926e-06,3.000195647473447e-10,-5.5552555359908085e-06,positive_daisy_runoff_to_positive_oldr_in_flo_and_negative_storage_sink,,"{""bookkeeping_after_m"": 0.0, ""bookkeeping_before_m"": 3.000195647473447e-10, ""bookkeeping_mode"": ""virtual_ol_d_snapshot"", ""bookkeeping_source"": ""OL_D read-only snapshot"", ""observed_ol_d_before_m"": 3.000195647473447e-10, ""observed_ol_d_time"": ""2020-08-01T00:04:00"", ""requested_step_depth_m"": 5.555555555555556e-06, ""step_volume_m3"": 0.0014222222222222223, ""storage_units"": ""m"", ""target_units"": ""m3/s""}"
2020-08-01 00:04:00,runoff,89,66,default,2020-08-01,2020-09-01,62.0,2678400.0,5.925925925925926e-06,3.00815372611396e-10,-5.5552547401829444e-06,positive_daisy_runoff_to_positive_oldr_in_flo_and_negative_storage_sink,,"{""bookkeeping_after_m"": 0.0, ""bookkeeping_before_m"": 3.00815372611396e-10, ""bookkeeping_mode"": ""virtual_ol_d_snapshot"", ""bookkeeping_source"": ""OL_D read-only snapshot"", ""observed_ol_d_before_m"": 3.00815372611396e-10, ""observed_ol_d_time"": ""2020-08-01T00:04:00"", ""requested_step_depth_m"": 5.555555555555556e-06, ""step_volume_m3"": 0.0014222222222222223, ""storage_units"": ""m"", ""target_units"": ""m3/s""}"
2020-08-01 00:04:00,runoff,89,67,default,2020-08-01,2020-09-01,62.0,2678400.0,5.925925925925926e-06,3.1388935894938186e-10,-5.5552416661966064e-06,positive_daisy_runoff_to_positive_oldr_in_flo_and_negative_storage_sink,,"{""bookkeeping_after_m"": 0.0, ""bookkeeping_before_m"": 3.1388935894938186e-10, ""bookkeeping_mode"": ""virtual_ol_d_snapshot"", ""bookkeeping_source"": ""OL_D read-only snapshot"", ""observed_ol_d_before_m"": 3.1388935894938186e-10, ""observed_ol_d_time"": ""2020-08-01T00:04:00"", ""requested_step_depth_m"": 5.555555555555556e-06, ""step_volume_m3"": 0.0014222222222222223, ""storage_units"": ""m"", ""target_units"": ""m3/s""}"
2020-08-01 00:04:00,runoff,89,68,default,2020-08-01,2020-09-01,62.0,2678400.0,5.925925925925926e-06,3.2946445571724325e-10,-5.555226091099839e-06,positive_daisy_runoff_to_positive_oldr_in_flo_and_negative_storage_sink,,"{""bookkeeping_after_m"": 0.0, ""bookkeeping_before_m"": 3.2946445571724325e-10, ""bookkeeping_mode"": ""virtual_ol_d_snapshot"", ""bookkeeping_source"": ""OL_D read-only snapshot"", ""observed_ol_d_before_m"": 3.2946445571724325e-10, ""observed_ol_d_time"": ""2020-08-01T00:04:00"", ""requested_step_depth_m"": 5.555555555555556e-06, ""step_volume_m3"": 0.0014222222222222223, ""storage_units"": ""m"", ""target_units"": ""m3/s""}"
2020-08-01 00:04:00,runoff,89,69,default,2020-08-01,2020-09-01,62.0,2678400.0,5.925925925925926e-06,2.991100700455718e-10,-5.55525644548551e-06,positive_daisy_runoff_to_positive_oldr_in_flo_and_negative_storage_sink,,"{""bookkeeping_after_m"": 0.0, ""bookkeeping_before_m"": 2.991100700455718e-10, ""bookkeeping_mode"": ""virtual_ol_d_snapshot"", ""bookkeeping_source"": ""OL_D read-only snapshot"", ""observed_ol_d_before_m"": 2.991100700455718e-10, ""observed_ol_d_time"": ""2020-08-01T00:04:00"", ""requested_step_depth_m"": 5.555555555555556e-06, ""step_volume_m3"": 0.0014222222222222223, ""storage_units"": ""m"", ""target_units"": ""m3/s""}"
2020-08-01 00:04:00,runoff,89,70,default,2020-08-01,2020-09-01,62.0,2678400.0,5.925925925925926e-06,3.4162894735345617e-10,-5.555213926608202e-06,positive_daisy_runoff_to_positive_oldr_in_flo_and_negative_storage_sink,,"{""bookkeeping_after_m"": 0.0, ""bookkeeping_before_m"": 3.4162894735345617e-10, ""bookkeeping_mode"": ""virtual_ol_d_snapshot"", ""bookkeeping_source"": ""OL_D read-only snapshot"", ""observed_ol_d_before_m"": 3.4162894735345617e-10, ""observed_ol_d_time"": ""2020-08-01T00:04:00"", ""requested_step_depth_m"": 5.555555555555556e-06, ""step_volume_m3"": 0.0014222222222222223, ""storage_units"": ""m"", ""target_units"": ""m3/s""}"
2020-08-01 00:04:00,runoff,89,71,default,2020-08-01,2020-09-01,62.0,2678400.0,5.925925925925926e-06,3.0468072509393096e-10,-5.555250874830462e-06,positive_daisy_runoff_to_positive_oldr_in_flo_and_negative_storage_sink,,"{""bookkeeping_after_m"": 0.0, ""bookkeeping_before_m"": 3.0468072509393096e-10, ""bookkeeping_mode"": ""virtual_ol_d_snapshot"", ""bookkeeping_source"": ""OL_D read-only snapshot"", ""observed_ol_d_before_m"": 3.0468072509393096e-10, ""observed_ol_d_time"": ""2020-08-01T00:04:00"", ""requested_step_depth_m"": 5.555555555555556e-06, ""step_volume_m3"": 0.0014222222222222223, ""storage_units"": ""m"", ""target_units"": ""m3/s""}"
2020-08-01 00:04:00,runoff,89,72,default,2020-08-01,2020-09-01,62.0,2678400.0,5.925925925925926e-06,2.9967850423417985e-10,-5.555255877051322e-06,positive_daisy_runoff_to_positive_oldr_in_flo_and_negative_storage_sink,,"{""bookkeeping_after_m"": 0.0, ""bookkeeping_before_m"": 2.9967850423417985e-10, ""bookkeeping_mode"": ""virtual_ol_d_snapshot"", ""bookkeeping_source"": ""OL_D read-only snapshot"", ""observed_ol_d_before_m"": 2.9967850423417985e-10, ""observed_ol_d_time"": ""2020-08-01T00:04:00"", ""requested_step_depth_m"": 5.555555555555556e-06, ""step_volume_m3"": 0.0014222222222222223, ""storage_units"": ""m"", ""target_units"": ""m3/s""}"
2020-08-01 00:04:00,runoff,89,73,default,2020-08-01,2020-09-01,62.0,2678400.0,5.925925925925926e-06,3.104787538177334e-10,-5.555245076801738e-06,positive_daisy_runoff_to_positive_oldr_in_flo_and_negative_storage_sink,,"{""bookkeeping_after_m"": 0.0, ""bookkeeping_before_m"": 3.104787538177334e-10, ""bookkeeping_mode"": ""virtual_ol_d_snapshot"", ""bookkeeping_source"": ""OL_D read-only snapshot"", ""observed_ol_d_before_m"": 3.104787538177334e-10, ""observed_ol_d_time"": ""2020-08-01T00:04:00"", ""requested_step_depth_m"": 5.555555555555556e-06, ""step_volume_m3"": 0.0014222222222222223, ""storage_units"": ""m"", ""target_units"": ""m3/s""}"
2020-08-01 00:04:00,runoff,89,74,default,2020-08-01,2020-09-01,62.0,2678400.0,5.925925925925926e-06,3.1297986424760893e-10,-5.555242575691308e-06,positive_daisy_runoff_to_positive_oldr_in_flo_and_negative_storage_sink,,"{""bookkeeping_after_m"": 0.0, ""bookkeeping_before_m"": 3.1297986424760893e-10, ""bookkeeping_mode"": ""virtual_ol_d_snapshot"", ""bookkeeping_source"": ""OL_D read-only snapshot"", ""observed_ol_d_before_m"": 3.1297986424760893e-10, ""observed_ol_d_time"": ""2020-08-01T00:04:00"", ""requested_step_depth_m"": 5.555555555555556e-06, ""step_volume_m3"": 0.0014222222222222223, ""storage_units"": ""m"", ""target_units"": ""m3/s""}"
2020-08-01 00:04:00,runoff,89,75,default,2020-08-01,2020-09-01,62.0,2678400.0,5.925925925925926e-06,3.1320723792305216e-10,-5.555242348317633e-06,positive_daisy_runoff_to_positive_oldr_in_flo_and_negative_storage_sink,,"{""bookkeeping_after_m"": 0.0, ""bookkeeping_before_m"": 3.1320723792305216e-10, ""bookkeeping_mode"": ""virtual_ol_d_snapshot"", ""bookkeeping_source"": ""OL_D read-only snapshot"", ""observed_ol_d_before_m"": 3.1320723792305216e-10, ""observed_ol_d_time"": ""2020-08-01T00:04:00"", ""requested_step_depth_m"": 5.555555555555556e-06, ""step_volume_m3"": 0.0014222222222222223, ""storage_units"": ""m"", ""target_units"": ""m3/s""}"
2020-08-01 00:04:00,runoff,89,76,default,2020-08-01,2020-09-01,62.0,2678400.0,5.925925925925926e-06,3.1320723792305216e-10,-5.555242348317633e-06,positive_daisy_runoff_to_positive_oldr_in_flo_and_negative_storage_sink,,"{""bookkeeping_after_m"": 0.0, ""bookkeeping_before_m"": 3.1320723792305216e-10, ""bookkeeping_mode"": ""virtual_ol_d_snapshot"", ""bookkeeping_source"": ""OL_D read-only snapshot"", ""observed_ol_d_before_m"": 3.1320723792305216e-10, ""observed_ol_d_time"": ""2020-08-01T00:04:00"", ""requested_step_depth_m"": 5.555555555555556e-06, ""step_volume_m3"": 0.0014222222222222223, ""storage_units"": ""m"", ""target_units"": ""m3/s""}"
2020-08-01 00:04:00,runoff,89,77,default,2020-08-01,2020-09-01,62.0,2678400.0,5.925925925925926e-06,3.1252511689672247e-10,-5.555243030438659e-06,positive_daisy_runoff_to_positive_oldr_in_flo_and_negative_storage_sink,,"{""bookkeeping_after_m"": 0.0, ""bookkeeping_before_m"": 3.1252511689672247e-10, ""bookkeeping_mode"": ""virtual_ol_d_snapshot"", ""bookkeeping_source"": ""OL_D read-only snapshot"", ""observed_ol_d_before_m"": 3.1252511689672247e-10, ""observed_ol_d_time"": ""2020-08-01T00:04:00"", ""requested_step_depth_m"": 5.555555555555556e-06, ""step_volume_m3"": 0.0014222222222222223, ""storage_units"": ""m"", ""target_units"": ""m3/s""}"
2020-08-01 00:04:00,runoff,89,78,default,2020-08-01,2020-09-01,62.0,2678400.0,5.925925925925926e-06,3.104787538177334e-10,-5.555245076801738e-06,positive_daisy_runoff_to_positive_oldr_in_flo_and_negative_storage_sink,,"{""bookkeeping_after_m"": 0.0, ""bookkeeping_before_m"": 3.104787538177334e-10, ""bookkeeping_mode"": ""virtual_ol_d_snapshot"", ""bookkeeping_source"": ""OL_D read-only snapshot"", ""observed_ol_d_before_m"": 3.104787538177334e-10, ""observed_ol_d_time"": ""2020-08-01T00:04:00"", ""requested_step_depth_m"": 5.555555555555556e-06, ""step_volume_m3"": 0.0014222222222222223, ""storage_units"": ""m"", ""target_units"": ""m3/s""}"
2020-08-01 00:04:00,runoff,89,79,default,2020-08-01,2020-09-01,62.0,2678400.0,5.925925925925926e-06,3.0445335141848773e-10,-5.555251102204137e-06,positive_daisy_runoff_to_positive_oldr_in_flo_and_negative_storage_sink,,"{""bookkeeping_after_m"": 0.0, ""bookkeeping_before_m"": 3.0445335141848773e-10, ""bookkeeping_mode"": ""virtual_ol_d_snapshot"", ""bookkeeping_source"": ""OL_D read-only snapshot"", ""observed_ol_d_before_m"": 3.0445335141848773e-10, ""observed_ol_d_time"": ""2020-08-01T00:04:00"", ""requested_step_depth_m"": 5.555555555555556e-06, ""step_volume_m3"": 0.0014222222222222223, ""storage_units"": ""m"", ""target_units"": ""m3/s""}"
2020-08-01 00:04:00,runoff,89,80,default,2020-08-01,2020-09-01,62.0,2678400.0,5.925925925925926e-06,2.9967850423417985e-10,-5.555255877051322e-06,positive_daisy_runoff_to_positive_oldr_in_flo_and_negative_storage_sink,,"{""bookkeeping_after_m"": 0.0, ""bookkeeping_before_m"": 2.9967850423417985e-10, ""bookkeeping_mode"": ""virtual_ol_d_snapshot"", ""bookkeeping_source"": ""OL_D read-only snapshot"", ""observed_ol_d_before_m"": 2.9967850423417985e-10, ""observed_ol_d_time"": ""2020-08-01T00:04:00"", ""requested_step_depth_m"": 5.555555555555556e-06, ""step_volume_m3"": 0.0014222222222222223, ""storage_units"": ""m"", ""target_units"": ""m3/s""}"
2020-08-01 00:04:00,runoff,89,81,default,2020-08-01,2020-09-01,62.0,2678400.0,5.925925925925926e-06,2.99337443721015e-10,-5.555256218111835e-06,positive_daisy_runoff_to_positive_oldr_in_flo_and_negative_storage_sink,,"{""bookkeeping_after_m"": 0.0, ""bookkeeping_before_m"": 2.99337443721015e-10, ""bookkeeping_mode"": ""virtual_ol_d_snapshot"", ""bookkeeping_source"": ""OL_D read-only snapshot"", ""observed_ol_d_before_m"": 2.99337443721015e-10, ""observed_ol_d_time"": ""2020-08-01T00:04:00"", ""requested_step_depth_m"": 5.555555555555556e-06, ""step_volume_m3"": 0.0014222222222222223, ""storage_units"": ""m"", ""target_units"": ""m3/s""}"
2020-08-01 00:04:00,runoff,89,82,default,2020-08-01,2020-09-01,62.0,2678400.0,5.925925925925926e-06,2.9888269637012854e-10,-5.555256672859186e-06,positive_daisy_runoff_to_positive_oldr_in_flo_and_negative_storage_sink,,"{""bookkeeping_after_m"": 0.0, ""bookkeeping_before_m"": 2.9888269637012854e-10, ""bookkeeping_mode"": ""virtual_ol_d_snapshot"", ""bookkeeping_source"": ""OL_D read-only snapshot"", ""observed_ol_d_before_m"": 2.9888269637012854e-10, ""observed_ol_d_time"": ""2020-08-01T00:04:00"", ""requested_step_depth_m"": 5.555555555555556e-06, ""step_volume_m3"": 0.0014222222222222223, ""storage_units"": ""m"", ""target_units"": ""m3/s""}"
2020-08-01 00:04:00,runoff,89,83,default,2020-08-01,2020-09-01,62.0,2678400.0,5.925925925925926e-06,2.9967850423417985e-10,-5.555255877051322e-06,positive_daisy_runoff_to_positive_oldr_in_flo_and_negative_storage_sink,,"{""bookkeeping_after_m"": 0.0, ""bookkeeping_before_m"": 2.9967850423417985e-10, ""bookkeeping_mode"": ""virtual_ol_d_snapshot"", ""bookkeeping_source"": ""OL_D read-only snapshot"", ""observed_ol_d_before_m"": 2.9967850423417985e-10, ""observed_ol_d_time"": ""2020-08-01T00:04:00"", ""requested_step_depth_m"": 5.555555555555556e-06, ""step_volume_m3"": 0.0014222222222222223, ""storage_units"": ""m"", ""target_units"": ""m3/s""}"
2020-08-01 00:04:00,runoff,89,84,default,2020-08-01,2020-09-01,62.0,2678400.0,5.925925925925926e-06,2.999058779096231e-10,-5.555255649677646e-06,positive_daisy_runoff_to_positive_oldr_in_flo_and_negative_storage_sink,,"{""bookkeeping_after_m"": 0.0, ""bookkeeping_before_m"": 2.999058779096231e-10, ""bookkeeping_mode"": ""virtual_ol_d_snapshot"", ""bookkeeping_source"": ""OL_D read-only snapshot"", ""observed_ol_d_before_m"": 2.999058779096231e-10, ""observed_ol_d_time"": ""2020-08-01T00:04:00"", ""requested_step_depth_m"": 5.555555555555556e-06, ""step_volume_m3"": 0.0014222222222222223, ""storage_units"": ""m"", ""target_units"": ""m3/s""}"
2020-08-01 00:04:00,runoff,89,85,default,2020-08-01,2020-09-01,62.0,2678400.0,5.925925925925926e-06,3.0104274628683925e-10,-5.555254512809269e-06,positive_daisy_runoff_to_positive_oldr_in_flo_and_negative_storage_sink,,"{""bookkeeping_after_m"": 0.0, ""bookkeeping_before_m"": 3.0104274628683925e-10, ""bookkeeping_mode"": ""virtual_ol_d_snapshot"", ""bookkeeping_source"": ""OL_D read-only snapshot"", ""observed_ol_d_before_m"": 3.0104274628683925e-10, ""observed_ol_d_time"": ""2020-08-01T00:04:00"", ""requested_step_depth_m"": 5.555555555555556e-06, ""step_volume_m3"": 0.0014222222222222223, ""storage_units"": ""m"", ""target_units"": ""m3/s""}"
2020-08-01 00:04:00,runoff,89,86,default,2020-08-01,2020-09-01,62.0,2678400.0,5.925925925925926e-06,3.015543370565865e-10,-5.555254001218499e-06,positive_daisy_runoff_to_positive_oldr_in_flo_and_negative_storage_sink,,"{""bookkeeping_after_m"": 0.0, ""bookkeeping_before_m"": 3.015543370565865e-10, ""bookkeeping_mode"": ""virtual_ol_d_snapshot"", ""bookkeeping_source"": ""OL_D read-only snapshot"", ""observed_ol_d_before_m"": 3.015543370565865e-10, ""observed_ol_d_time"": ""2020-08-01T00:04:00"", ""requested_step_depth_m"": 5.555555555555556e-06, ""step_volume_m3"": 0.0014222222222222223, ""storage_units"": ""m"", ""target_units"": ""m3/s""}"
2020-08-01 00:04:00,runoff,89,87,default,2020-08-01,2020-09-01,62.0,2678400.0,5.925925925925926e-06,3.0172486731316894e-10,-5.555253830688243e-06,positive_daisy_runoff_to_positive_oldr_in_flo_and_negative_storage_sink,,"{""bookkeeping_after_m"": 0.0, ""bookkeeping_before_m"": 3.0172486731316894e-10, ""bookkeeping_mode"": ""virtual_ol_d_snapshot"", ""bookkeeping_source"": ""OL_D read-only snapshot"", ""observed_ol_d_before_m"": 3.0172486731316894e-10, ""observed_ol_d_time"": ""2020-08-01T00:04:00"", ""requested_step_depth_m"": 5.555555555555556e-06, ""step_volume_m3"": 0.0014222222222222223, ""storage_units"": ""m"", ""target_units"": ""m3/s""}"
2020-08-01 00:04:00,runoff,89,96,default,2020-08-01,2020-09-01,62.0,2678400.0,5.925925925925926e-06,3.149693839077372e-10,-5.555240586171648e-06,positive_daisy_runoff_to_positive_oldr_in_flo_and_negative_storage_sink,,"{""bookkeeping_after_m"": 0.0, ""bookkeeping_before_m"": 3.149693839077372e-10, ""bookkeeping_mode"": ""virtual_ol_d_snapshot"", ""bookkeeping_source"": ""OL_D read-only snapshot"", ""observed_ol_d_before_m"": 3.149693839077372e-10, ""observed_ol_d_time"": ""2020-08-01T00:04:00"", ""requested_step_depth_m"": 5.555555555555556e-06, ""step_volume_m3"": 0.0014222222222222223, ""storage_units"": ""m"", ""target_units"": ""m3/s""}"
2020-08-01 00:04:00,runoff,89,97,default,2020-08-01,2020-09-01,62.0,2678400.0,5.925925925925926e-06,3.4225422496092506e-10,-5.555213301330595e-06,positive_daisy_runoff_to_positive_oldr_in_flo_and_negative_storage_sink,,"{""bookkeeping_after_m"": 0.0, ""bookkeeping_before_m"": 3.4225422496092506e-10, ""bookkeeping_mode"": ""virtual_ol_d_snapshot"", ""bookkeeping_source"": ""OL_D read-only snapshot"", ""observed_ol_d_before_m"": 3.4225422496092506e-10, ""observed_ol_d_time"": ""2020-08-01T00:04:00"", ""requested_step_depth_m"": 5.555555555555556e-06, ""step_volume_m3"": 0.0014222222222222223, ""storage_units"": ""m"", ""target_units"": ""m3/s""}"
2020-08-01 00:04:00,runoff,89,98,default,2020-08-01,2020-09-01,62.0,2678400.0,5.925925925925926e-06,3.058175934711471e-10,-5.555249737962085e-06,positive_daisy_runoff_to_positive_oldr_in_flo_and_negative_storage_sink,,"{""bookkeeping_after_m"": 0.0, ""bookkeeping_before_m"": 3.058175934711471e-10, ""bookkeeping_mode"": ""virtual_ol_d_snapshot"", ""bookkeeping_source"": ""OL_D read-only snapshot"", ""observed_ol_d_before_m"": 3.058175934711471e-10, ""observed_ol_d_time"": ""2020-08-01T00:04:00"", ""requested_step_depth_m"": 5.555555555555556e-06, ""step_volume_m3"": 0.0014222222222222223, ""storage_units"": ""m"", ""target_units"": ""m3/s""}"
2020-08-01 00:04:00,runoff,89,99,default,2020-08-01,2020-09-01,62.0,2678400.0,5.925925925925926e-06,3.171862772433087e-10,-5.5552383692783125e-06,positive_daisy_runoff_to_positive_oldr_in_flo_and_negative_storage_sink,,"{""bookkeeping_after_m"": 0.0, ""bookkeeping_before_m"": 3.171862772433087e-10, ""bookkeeping_mode"": ""virtual_ol_d_snapshot"", ""bookkeeping_source"": ""OL_D read-only snapshot"", ""observed_ol_d_before_m"": 3.171862772433087e-10, ""observed_ol_d_time"": ""2020-08-01T00:04:00"", ""requested_step_depth_m"": 5.555555555555556e-06, ""step_volume_m3"": 0.0014222222222222223, ""storage_units"": ""m"", ""target_units"": ""m3/s""}"
2020-08-01 00:04:00,runoff,89,100,default,2020-08-01,2020-09-01,62.0,2678400.0,5.925925925925926e-06,3.0246383175835945e-10,-5.5552530917237975e-06,positive_daisy_runoff_to_positive_oldr_in_flo_and_negative_storage_sink,,"{""bookkeeping_after_m"": 0.0, ""bookkeeping_before_m"": 3.0246383175835945e-10, ""bookkeeping_mode"": ""virtual_ol_d_snapshot"", ""bookkeeping_source"": ""OL_D read-only snapshot"", ""observed_ol_d_before_m"": 3.0246383175835945e-10, ""observed_ol_d_time"": ""2020-08-01T00:04:00"", ""requested_step_depth_m"": 5.555555555555556e-06, ""step_volume_m3"": 0.0014222222222222223, ""storage_units"": ""m"", ""target_units"": ""m3/s""}"
2020-08-01 00:04:00,runoff,89,101,default,2020-08-01,2020-09-01,62.0,2678400.0,5.925925925925926e-06,3.0092905944911763e-10,-5.555254626496107e-06,positive_daisy_runoff_to_positive_oldr_in_flo_and_negative_storage_sink,,"{""bookkeeping_after_m"": 0.0, ""bookkeeping_before_m"": 3.0092905944911763e-10, ""bookkeeping_mode"": ""virtual_ol_d_snapshot"", ""bookkeeping_source"": ""OL_D read-only snapshot"", ""observed_ol_d_before_m"": 3.0092905944911763e-10, ""observed_ol_d_time"": ""2020-08-01T00:04:00"", ""requested_step_depth_m"": 5.555555555555556e-06, ""step_volume_m3"": 0.0014222222222222223, ""storage_units"": ""m"", ""target_units"": ""m3/s""}"
2020-08-01 00:04:00,runoff,89,102,default,2020-08-01,2020-09-01,62.0,2678400.0,5.925925925925926e-06,3.0240698833949864e-10,-5.555253148567216e-06,positive_daisy_runoff_to_positive_oldr_in_flo_and_negative_storage_sink,,"{""bookkeeping_after_m"": 0.0, ""bookkeeping_before_m"": 3.0240698833949864e-10, ""bookkeeping_mode"": ""virtual_ol_d_snapshot"", ""bookkeeping_source"": ""OL_D read-only snapshot"", ""observed_ol_d_before_m"": 3.0240698833949864e-10, ""observed_ol_d_time"": ""2020-08-01T00:04:00"", ""requested_step_depth_m"": 5.555555555555556e-06, ""step_volume_m3"": 0.0014222222222222223, ""storage_units"": ""m"", ""target_units"": ""m3/s""}"
2020-08-01 00:04:00,runoff,89,103,default,2020-08-01,2020-09-01,62.0,2678400.0,5.925925925925926e-06,3.0024693842278793e-10,-5.555255308617133e-06,positive_daisy_runoff_to_positive_oldr_in_flo_and_negative_storage_sink,,"{""bookkeeping_after_m"": 0.0, ""bookkeeping_before_m"": 3.0024693842278793e-10, ""bookkeeping_mode"": ""virtual_ol_d_snapshot"", ""bookkeeping_source"": ""OL_D read-only snapshot"", ""observed_ol_d_before_m"": 3.0024693842278793e-10, ""observed_ol_d_time"": ""2020-08-01T00:04:00"", ""requested_step_depth_m"": 5.555555555555556e-06, ""step_volume_m3"": 0.0014222222222222223, ""storage_units"": ""m"", ""target_units"": ""m3/s""}"
2020-08-01 00:04:00,runoff,89,104,default,2020-08-01,2020-09-01,62.0,2678400.0,5.925925925925926e-06,3.0189539756975137e-10,-5.555253660157986e-06,positive_daisy_runoff_to_positive_oldr_in_flo_and_negative_storage_sink,,"{""bookkeeping_after_m"": 0.0, ""bookkeeping_before_m"": 3.0189539756975137e-10, ""bookkeeping_mode"": ""virtual_ol_d_snapshot"", ""bookkeeping_source"": ""OL_D read-only snapshot"", ""observed_ol_d_before_m"": 3.0189539756975137e-10, ""observed_ol_d_time"": ""2020-08-01T00:04:00"", ""requested_step_depth_m"": 5.555555555555556e-06, ""step_volume_m3"": 0.0014222222222222223, ""storage_units"": ""m"", ""target_units"": ""m3/s""}"
2020-08-01 00:04:00,runoff,89,105,default,2020-08-01,2020-09-01,62.0,2678400.0,5.925925925925926e-06,3.063291842408944e-10,-5.555249226371315e-06,positive_daisy_runoff_to_positive_oldr_in_flo_and_negative_storage_sink,,"{""bookkeeping_after_m"": 0.0, ""bookkeeping_before_m"": 3.063291842408944e-10, ""bookkeeping_mode"": ""virtual_ol_d_snapshot"", ""bookkeeping_source"": ""OL_D read-only snapshot"", ""observed_ol_d_before_m"": 3.063291842408944e-10, ""observed_ol_d_time"": ""2020-08-01T00:04:00"", ""requested_step_depth_m"": 5.555555555555556e-06, ""step_volume_m3"": 0.0014222222222222223, ""storage_units"": ""m"", ""target_units"": ""m3/s""}"
2020-08-01 00:04:00,runoff,89,106,default,2020-08-01,2020-09-01,62.0,2678400.0,5.925925925925926e-06,3.136051418550778e-10,-5.555241950413701e-06,positive_daisy_runoff_to_positive_oldr_in_flo_and_negative_storage_sink,,"{""bookkeeping_after_m"": 0.0, ""bookkeeping_before_m"": 3.136051418550778e-10, ""bookkeeping_mode"": ""virtual_ol_d_snapshot"", ""bookkeeping_source"": ""OL_D read-only snapshot"", ""observed_ol_d_before_m"": 3.136051418550778e-10, ""observed_ol_d_time"": ""2020-08-01T00:04:00"", ""requested_step_depth_m"": 5.555555555555556e-06, ""step_volume_m3"": 0.0014222222222222223, ""storage_units"": ""m"", ""target_units"": ""m3/s""}"
2020-08-01 00:04:00,runoff,89,107,default,2020-08-01,2020-09-01,62.0,2678400.0,5.925925925925926e-06,3.197442310920451e-10,-5.555235811324464e-06,positive_daisy_runoff_to_positive_oldr_in_flo_and_negative_storage_sink,,"{""bookkeeping_after_m"": 0.0, ""bookkeeping_before_m"": 3.197442310920451e-10, ""bookkeeping_mode"": ""virtual_ol_d_snapshot"", ""bookkeeping_source"": ""OL_D read-only snapshot"", ""observed_ol_d_before_m"": 3.197442310920451e-10, ""observed_ol_d_time"": ""2020-08-01T00:04:00"", ""requested_step_depth_m"": 5.555555555555556e-06, ""step_volume_m3"": 0.0014222222222222223, ""storage_units"": ""m"", ""target_units"": ""m3/s""}"
2020-08-01 00:04:00,runoff,89,108,default,2020-08-01,2020-09-01,62.0,2678400.0,5.925925925925926e-06,3.042828211619053e-10,-5.555251272734394e-06,positive_daisy_runoff_to_positive_oldr_in_flo_and_negative_storage_sink,,"{""bookkeeping_after_m"": 0.0, ""bookkeeping_before_m"": 3.042828211619053e-10, ""bookkeeping_mode"": ""virtual_ol_d_snapshot"", ""bookkeeping_source"": ""OL_D read-only snapshot"", ""observed_ol_d_before_m"": 3.042828211619053e-10, ""observed_ol_d_time"": ""2020-08-01T00:04:00"", ""requested_step_depth_m"": 5.555555555555556e-06, ""step_volume_m3"": 0.0014222222222222223, ""storage_units"": ""m"", ""target_units"": ""m3/s""}"
2020-08-01 00:04:00,runoff,89,109,default,2020-08-01,2020-09-01,62.0,2678400.0,5.925925925925926e-06,3.185505192959681e-10,-5.55523700503626e-06,positive_daisy_runoff_to_positive_oldr_in_flo_and_negative_storage_sink,,"{""bookkeeping_after_m"": 0.0, ""bookkeeping_before_m"": 3.185505192959681e-10, ""bookkeeping_mode"": ""virtual_ol_d_snapshot"", ""bookkeeping_source"": ""OL_D read-only snapshot"", ""observed_ol_d_before_m"": 3.185505192959681e-10, ""observed_ol_d_time"": ""2020-08-01T00:04:00"", ""requested_step_depth_m"": 5.555555555555556e-06, ""step_volume_m3"": 0.0014222222222222223, ""storage_units"": ""m"", ""target_units"": ""m3/s""}"
2020-08-01 00:04:00,runoff,89,110,default,2020-08-01,2020-09-01,62.0,2678400.0,5.925925925925926e-06,3.100240064668469e-10,-5.555245531549089e-06,positive_daisy_runoff_to_positive_oldr_in_flo_and_negative_storage_sink,,"{""bookkeeping_after_m"": 0.0, ""bookkeeping_before_m"": 3.100240064668469e-10, ""bookkeeping_mode"": ""virtual_ol_d_snapshot"", ""bookkeeping_source"": ""OL_D read-only snapshot"", ""observed_ol_d_before_m"": 3.100240064668469e-10, ""observed_ol_d_time"": ""2020-08-01T00:04:00"", ""requested_step_depth_m"": 5.555555555555556e-06, ""step_volume_m3"": 0.0014222222222222223, ""storage_units"": ""m"", ""target_units"": ""m3/s""}"
2020-08-01 00:04:00,runoff,89,111,default,2020-08-01,2020-09-01,62.0,2678400.0,5.925925925925926e-06,3.1735680749989115e-10,-5.555238198748056e-06,positive_daisy_runoff_to_positive_oldr_in_flo_and_negative_storage_sink,,"{""bookkeeping_after_m"": 0.0, ""bookkeeping_before_m"": 3.1735680749989115e-10, ""bookkeeping_mode"": ""virtual_ol_d_snapshot"", ""bookkeeping_source"": ""OL_D read-only snapshot"", ""observed_ol_d_before_m"": 3.1735680749989115e-10, ""observed_ol_d_time"": ""2020-08-01T00:04:00"", ""requested_step_depth_m"": 5.555555555555556e-06, ""step_volume_m3"": 0.0014222222222222223, ""storage_units"": ""m"", ""target_units"": ""m3/s""}"
2020-08-01 00:04:00,runoff,89,112,default,2020-08-01,2020-09-01,62.0,2678400.0,5.925925925925926e-06,3.306581675133202e-10,-5.5552248973880425e-06,positive_daisy_runoff_to_positive_oldr_in_flo_and_negative_storage_sink,,"{""bookkeeping_after_m"": 0.0, ""bookkeeping_before_m"": 3.306581675133202e-10, ""bookkeeping_mode"": ""virtual_ol_d_snapshot"", ""bookkeeping_source"": ""OL_D read-only snapshot"", ""observed_ol_d_before_m"": 3.306581675133202e-10, ""observed_ol_d_time"": ""2020-08-01T00:04:00"", ""requested_step_depth_m"": 5.555555555555556e-06, ""step_volume_m3"": 0.0014222222222222223, ""storage_units"": ""m"", ""target_units"": ""m3/s""}"
2020-08-01 00:04:00,runoff,89,113,default,2020-08-01,2020-09-01,62.0,2678400.0,5.925925925925926e-06,3.291233952040784e-10,-5.555226432160352e-06,positive_daisy_runoff_to_positive_oldr_in_flo_and_negative_storage_sink,,"{""bookkeeping_after_m"": 0.0, ""bookkeeping_before_m"": 3.291233952040784e-10, ""bookkeeping_mode"": ""virtual_ol_d_snapshot"", ""bookkeeping_source"": ""OL_D read-only snapshot"", ""observed_ol_d_before_m"": 3.291233952040784e-10, ""observed_ol_d_time"": ""2020-08-01T00:04:00"", ""requested_step_depth_m"": 5.555555555555556e-06, ""step_volume_m3"": 0.0014222222222222223, ""storage_units"": ""m"", ""target_units"": ""m3/s""}"
2020-08-01 00:04:00,runoff,89,114,default,2020-08-01,2020-09-01,62.0,2678400.0,5.925925925925926e-06,3.186073627148289e-10,-5.555236948192841e-06,positive_daisy_runoff_to_positive_oldr_in_flo_and_negative_storage_sink,,"{""bookkeeping_after_m"": 0.0, ""bookkeeping_before_m"": 3.186073627148289e-10, ""bookkeeping_mode"": ""virtual_ol_d_snapshot"", ""bookkeeping_source"": ""OL_D read-only snapshot"", ""observed_ol_d_before_m"": 3.186073627148289e-10, ""observed_ol_d_time"": ""2020-08-01T00:04:00"", ""requested_step_depth_m"": 5.555555555555556e-06, ""step_volume_m3"": 0.0014222222222222223, ""storage_units"": ""m"", ""target_units"": ""m3/s""}"
2020-08-01 00:04:00,runoff,89,115,default,2020-08-01,2020-09-01,62.0,2678400.0,5.925925925925926e-06,3.440732143644709e-10,-5.555211482341191e-06,positive_daisy_runoff_to_positive_oldr_in_flo_and_negative_storage_sink,,"{""bookkeeping_after_m"": 0.0, ""bookkeeping_before_m"": 3.440732143644709e-10, ""bookkeeping_mode"": ""virtual_ol_d_snapshot"", ""bookkeeping_source"": ""OL_D read-only snapshot"", ""observed_ol_d_before_m"": 3.440732143644709e-10, ""observed_ol_d_time"": ""2020-08-01T00:04:00"", ""requested_step_depth_m"": 5.555555555555556e-06, ""step_volume_m3"": 0.0014222222222222223, ""storage_units"": ""m"", ""target_units"": ""m3/s""}"
2020-08-01 00:04:00,runoff,89,116,default,2020-08-01,2020-09-01,62.0,2678400.0,5.925925925925926e-06,3.284412741777487e-10,-5.555227114281378e-06,positive_daisy_runoff_to_positive_oldr_in_flo_and_negative_storage_sink,,"{""bookkeeping_after_m"": 0.0, ""bookkeeping_before_m"": 3.284412741777487e-10, ""bookkeeping_mode"": ""virtual_ol_d_snapshot"", ""bookkeeping_source"": ""OL_D read-only snapshot"", ""observed_ol_d_before_m"": 3.284412741777487e-10, ""observed_ol_d_time"": ""2020-08-01T00:04:00"", ""requested_step_depth_m"": 5.555555555555556e-06, ""step_volume_m3"": 0.0014222222222222223, ""storage_units"": ""m"", ""target_units"": ""m3/s""}"
2020-08-01 00:04:00,runoff,89,117,default,2020-08-01,2020-09-01,62.0,2678400.0,5.925925925925926e-06,3.3355718187522143e-10,-5.555221998373681e-06,positive_daisy_runoff_to_positive_oldr_in_flo_and_negative_storage_sink,,"{""bookkeeping_after_m"": 0.0, ""bookkeeping_before_m"": 3.3355718187522143e-10, ""bookkeeping_mode"": ""virtual_ol_d_snapshot"", ""bookkeeping_source"": ""OL_D read-only snapshot"", ""observed_ol_d_before_m"": 3.3355718187522143e-10, ""observed_ol_d_time"": ""2020-08-01T00:04:00"", ""requested_step_depth_m"": 5.555555555555556e-06, ""step_volume_m3"": 0.0014222222222222223, ""storage_units"": ""m"", ""target_units"": ""m3/s""}"
2020-08-01 00:04:00,runoff,89,118,default,2020-08-01,2020-09-01,62.0,2678400.0,5.925925925925926e-06,2.991100700455718e-10,-5.55525644548551e-06,positive_daisy_runoff_to_positive_oldr_in_flo_and_negative_storage_sink,,"{""bookkeeping_after_m"": 0.0, ""bookkeeping_before_m"": 2.991100700455718e-10, ""bookkeeping_mode"": ""virtual_ol_d_snapshot"", ""bookkeeping_source"": ""OL_D read-only snapshot"", ""observed_ol_d_before_m"": 2.991100700455718e-10, ""observed_ol_d_time"": ""2020-08-01T00:04:00"", ""requested_step_depth_m"": 5.555555555555556e-06, ""step_volume_m3"": 0.0014222222222222223, ""storage_units"": ""m"", ""target_units"": ""m3/s""}"
2020-08-01 00:04:00,runoff,90,55,default,2020-08-01,2020-09-01,62.0,2678400.0,5.925925925925926e-06,-0.0,-5.555555555555556e-06,positive_daisy_runoff_to_positive_oldr_in_flo_and_negative_storage_sink,,"{""bookkeeping_after_m"": 0.0, ""bookkeeping_before_m"": 0.0, ""bookkeeping_mode"": ""virtual_ol_d_snapshot"", ""bookkeeping_source"": ""OL_D read-only snapshot"", ""observed_ol_d_before_m"": 0.0, ""observed_ol_d_time"": ""2020-08-01T00:04:00"", ""requested_step_depth_m"": 5.555555555555556e-06, ""step_volume_m3"": 0.0014222222222222223, ""storage_units"": ""m"", ""target_units"": ""m3/s""}"
2020-08-01 00:04:00,runoff,90,56,default,2020-08-01,2020-09-01,62.0,2678400.0,5.925925925925926e-06,3.12070369545836e-10,-5.55524348518601e-06,positive_daisy_runoff_to_positive_oldr_in_flo_and_negative_storage_sink,,"{""bookkeeping_after_m"": 0.0, ""bookkeeping_before_m"": 3.12070369545836e-10, ""bookkeeping_mode"": ""virtual_ol_d_snapshot"", ""bookkeeping_source"": ""OL_D read-only snapshot"", ""observed_ol_d_before_m"": 3.12070369545836e-10, ""observed_ol_d_time"": ""2020-08-01T00:04:00"", ""requested_step_depth_m"": 5.555555555555556e-06, ""step_volume_m3"": 0.0014222222222222223, ""storage_units"": ""m"", ""target_units"": ""m3/s""}"
2020-08-01 00:04:00,runoff,90,57,default,2020-08-01,2020-09-01,62.0,2678400.0,5.925925925925926e-06,3.051354724448174e-10,-5.555250420083111e-06,positive_daisy_runoff_to_positive_oldr_in_flo_and_negative_storage_sink,,"{""bookkeeping_after_m"": 0.0, ""bookkeeping_before_m"": 3.051354724448174e-10, ""bookkeeping_mode"": ""virtual_ol_d_snapshot"", ""bookkeeping_source"": ""OL_D read-only snapshot"", ""observed_ol_d_before_m"": 3.051354724448174e-10, ""observed_ol_d_time"": ""2020-08-01T00:04:00"", ""requested_step_depth_m"": 5.555555555555556e-06, ""step_volume_m3"": 0.0014222222222222223, ""storage_units"": ""m"", ""target_units"": ""m3/s""}"
2020-08-01 00:04:00,runoff,90,58,default,2020-08-01,2020-09-01,62.0,2678400.0,5.925925925925926e-06,2.9967850423417985e-10,-5.555255877051322e-06,positive_daisy_runoff_to_positive_oldr_in_flo_and_negative_storage_sink,,"{""bookkeeping_after_m"": 0.0, ""bookkeeping_before_m"": 2.9967850423417985e-10, ""bookkeeping_mode"": ""virtual_ol_d_snapshot"", ""bookkeeping_source"": ""OL_D read-only snapshot"", ""observed_ol_d_before_m"": 2.9967850423417985e-10, ""observed_ol_d_time"": ""2020-08-01T00:04:00"", ""requested_step_depth_m"": 5.555555555555556e-06, ""step_volume_m3"": 0.0014222222222222223, ""storage_units"": ""m"", ""target_units"": ""m3/s""}"
2020-08-01 00:04:00,runoff,90,59,default,2020-08-01,2020-09-01,62.0,2678400.0,5.925925925925926e-06,3.1104718800634146e-10,-5.5552445083675495e-06,positive_daisy_runoff_to_positive_oldr_in_flo_and_negative_storage_sink,,"{""bookkeeping_after_m"": 0.0, ""bookkeeping_before_m"": 3.1104718800634146e-10, ""bookkeeping_mode"": ""virtual_ol_d_snapshot"", ""bookkeeping_source"": ""OL_D read-only snapshot"", ""observed_ol_d_before_m"": 3.1104718800634146e-10, ""observed_ol_d_time"": ""2020-08-01T00:04:00"", ""requested_step_depth_m"": 5.555555555555556e-06, ""step_volume_m3"": 0.0014222222222222223, ""storage_units"": ""m"", ""target_units"": ""m3/s""}"
2020-08-01 00:04:00,runoff,90,60,default,2020-08-01,2020-09-01,62.0,2678400.0,5.925925925925926e-06,3.12070369545836e-10,-5.55524348518601e-06,positive_daisy_runoff_to_positive_oldr_in_flo_and_negative_storage_sink,,"{""bookkeeping_after_m"": 0.0, ""bookkeeping_before_m"": 3.12070369545836e-10, ""bookkeeping_mode"": ""virtual_ol_d_snapshot"", ""bookkeeping_source"": ""OL_D read-only snapshot"", ""observed_ol_d_before_m"": 3.12070369545836e-10, ""observed_ol_d_time"": ""2020-08-01T00:04:00"", ""requested_step_depth_m"": 5.555555555555556e-06, ""step_volume_m3"": 0.0014222222222222223, ""storage_units"": ""m"", ""target_units"": ""m3/s""}"
2020-08-01 00:04:00,runoff,90,61,default,2020-08-01,2020-09-01,62.0,2678400.0,5.925925925925926e-06,3.1229774322127923e-10,-5.5552432578123345e-06,positive_daisy_runoff_to_positive_oldr_in_flo_and_negative_storage_sink,,"{""bookkeeping_after_m"": 0.0, ""bookkeeping_before_m"": 3.1229774322127923e-10, ""bookkeeping_mode"": ""virtual_ol_d_snapshot"", ""bookkeeping_source"": ""OL_D read-only snapshot"", ""observed_ol_d_before_m"": 3.1229774322127923e-10, ""observed_ol_d_time"": ""2020-08-01T00:04:00"", ""requested_step_depth_m"": 5.555555555555556e-06, ""step_volume_m3"": 0.0014222222222222223, ""storage_units"": ""m"", ""target_units"": ""m3/s""}"
2020-08-01 00:04:00,runoff,90,62,default,2020-08-01,2020-09-01,62.0,2678400.0,5.925925925925926e-06,3.134346115984954e-10,-5.555242120943957e-06,positive_daisy_runoff_to_positive_oldr_in_flo_and_negative_storage_sink,,"{""bookkeeping_after_m"": 0.0, ""bookkeeping_before_m"": 3.134346115984954e-10, ""bookkeeping_mode"": ""virtual_ol_d_snapshot"", ""bookkeeping_source"": ""OL_D read-only snapshot"", ""observed_ol_d_before_m"": 3.134346115984954e-10, ""observed_ol_d_time"": ""2020-08-01T00:04:00"", ""requested_step_depth_m"": 5.555555555555556e-06, ""step_volume_m3"": 0.0014222222222222223, ""storage_units"": ""m"", ""target_units"": ""m3/s""}"
2020-08-01 00:04:00,runoff,90,63,default,2020-08-01,2020-09-01,62.0,2678400.0,5.925925925925926e-06,3.1184299587039277e-10,-5.5552437125596854e-06,positive_daisy_runoff_to_positive_oldr_in_flo_and_negative_storage_sink,,"{""bookkeeping_after_m"": 0.0, ""bookkeeping_before_m"": 3.1184299587039277e-10, ""bookkeeping_mode"": ""virtual_ol_d_snapshot"", ""bookkeeping_source"": ""OL_D read-only snapshot"", ""observed_ol_d_before_m"": 3.1184299587039277e-10, ""observed_ol_d_time"": ""2020-08-01T00:04:00"", ""requested_step_depth_m"": 5.555555555555556e-06, ""step_volume_m3"": 0.0014222222222222223, ""storage_units"": ""m"", ""target_units"": ""m3/s""}"
2020-08-01 00:04:00,runoff,90,64,default,2020-08-01,2020-09-01,62.0,2678400.0,5.925925925925926e-06,2.9967850423417985e-10,-5.555255877051322e-06,positive_daisy_runoff_to_positive_oldr_in_flo_and_negative_storage_sink,,"{""bookkeeping_after_m"": 0.0, ""bookkeeping_before_m"": 2.9967850423417985e-10, ""bookkeeping_mode"": ""virtual_ol_d_snapshot"", ""bookkeeping_source"": ""OL_D read-only snapshot"", ""observed_ol_d_before_m"": 2.9967850423417985e-10, ""observed_ol_d_time"": ""2020-08-01T00:04:00"", ""requested_step_depth_m"": 5.555555555555556e-06, ""step_volume_m3"": 0.0014222222222222223, ""storage_units"": ""m"", ""target_units"": ""m3/s""}"
2020-08-01 00:04:00,runoff,90,65,default,2020-08-01,2020-09-01,62.0,2678400.0,5.925925925925926e-06,2.9899638320785016e-10,-5.555256559172348e-06,positive_daisy_runoff_to_positive_oldr_in_flo_and_negative_storage_sink,,"{""bookkeeping_after_m"": 0.0, ""bookkeeping_before_m"": 2.9899638320785016e-10, ""bookkeeping_mode"": ""virtual_ol_d_snapshot"", ""bookkeeping_source"": ""OL_D read-only snapshot"", ""observed_ol_d_before_m"": 2.9899638320785016e-10, ""observed_ol_d_time"": ""2020-08-01T00:04:00"", ""requested_step_depth_m"": 5.555555555555556e-06, ""step_volume_m3"": 0.0014222222222222223, ""storage_units"": ""m"", ""target_units"": ""m3/s""}"
2020-08-01 00:04:00,runoff,90,66,default,2020-08-01,2020-09-01,62.0,2678400.0,5.925925925925926e-06,3.0104274628683925e-10,-5.555254512809269e-06,positive_daisy_runoff_to_positive_oldr_in_flo_and_negative_storage_sink,,"{""bookkeeping_after_m"": 0.0, ""bookkeeping_before_m"": 3.0104274628683925e-10, ""bookkeeping_mode"": ""virtual_ol_d_snapshot"", ""bookkeeping_source"": ""OL_D read-only snapshot"", ""observed_ol_d_before_m"": 3.0104274628683925e-10, ""observed_ol_d_time"": ""2020-08-01T00:04:00"", ""requested_step_depth_m"": 5.555555555555556e-06, ""step_volume_m3"": 0.0014222222222222223, ""storage_units"": ""m"", ""target_units"": ""m3/s""}"
2020-08-01 00:04:00,runoff,90,67,default,2020-08-01,2020-09-01,62.0,2678400.0,5.925925925925926e-06,3.3094238460762426e-10,-5.555224613170948e-06,positive_daisy_runoff_to_positive_oldr_in_flo_and_negative_storage_sink,,"{""bookkeeping_after_m"": 0.0, ""bookkeeping_before_m"": 3.3094238460762426e-10, ""bookkeeping_mode"": ""virtual_ol_d_snapshot"", ""bookkeeping_source"": ""OL_D read-only snapshot"", ""observed_ol_d_before_m"": 3.3094238460762426e-10, ""observed_ol_d_time"": ""2020-08-01T00:04:00"", ""requested_step_depth_m"": 5.555555555555556e-06, ""step_volume_m3"": 0.0014222222222222223, ""storage_units"": ""m"", ""target_units"": ""m3/s""}"
2020-08-01 00:04:00,runoff,90,68,default,2020-08-01,2020-09-01,62.0,2678400.0,5.925925925925926e-06,3.2878233469091356e-10,-5.555226773220865e-06,positive_daisy_runoff_to_positive_oldr_in_flo_and_negative_storage_sink,,"{""bookkeeping_after_m"": 0.0, ""bookkeeping_before_m"": 3.2878233469091356e-10, ""bookkeeping_mode"": ""virtual_ol_d_snapshot"", ""bookkeeping_source"": ""OL_D read-only snapshot"", ""observed_ol_d_before_m"": 3.2878233469091356e-10, ""observed_ol_d_time"": ""2020-08-01T00:04:00"", ""requested_step_depth_m"": 5.555555555555556e-06, ""step_volume_m3"": 0.0014222222222222223, ""storage_units"": ""m"", ""target_units"": ""m3/s""}"
2020-08-01 00:04:00,runoff,90,69,default,2020-08-01,2020-09-01,62.0,2678400.0,5.925925925925926e-06,2.99337443721015e-10,-5.555256218111835e-06,positive_daisy_runoff_to_positive_oldr_in_flo_and_negative_storage_sink,,"{""bookkeeping_after_m"": 0.0, ""bookkeeping_before_m"": 2.99337443721015e-10, ""bookkeeping_mode"": ""virtual_ol_d_snapshot"", ""bookkeeping_source"": ""OL_D read-only snapshot"", ""observed_ol_d_before_m"": 2.99337443721015e-10, ""observed_ol_d_time"": ""2020-08-01T00:04:00"", ""requested_step_depth_m"": 5.555555555555556e-06, ""step_volume_m3"": 0.0014222222222222223, ""storage_units"": ""m"", ""target_units"": ""m3/s""}"
2020-08-01 00:04:00,runoff,90,70,default,2020-08-01,2020-09-01,62.0,2678400.0,5.925925925925926e-06,3.306013240944594e-10,-5.555224954231461e-06,positive_daisy_runoff_to_positive_oldr_in_flo_and_negative_storage_sink,,"{""bookkeeping_after_m"": 0.0, ""bookkeeping_before_m"": 3.306013240944594e-10, ""bookkeeping_mode"": ""virtual_ol_d_snapshot"", ""bookkeeping_source"": ""OL_D read-only snapshot"", ""observed_ol_d_before_m"": 3.306013240944594e-10, ""observed_ol_d_time"": ""2020-08-01T00:04:00"", ""requested_step_depth_m"": 5.555555555555556e-06, ""step_volume_m3"": 0.0014222222222222223, ""storage_units"": ""m"", ""target_units"": ""m3/s""}"
2020-08-01 00:04:00,runoff,90,71,default,2020-08-01,2020-09-01,62.0,2678400.0,5.925925925925926e-06,3.0104274628683925e-10,-5.555254512809269e-06,positive_daisy_runoff_to_positive_oldr_in_flo_and_negative_storage_sink,,"{""bookkeeping_after_m"": 0.0, ""bookkeeping_before_m"": 3.0104274628683925e-10, ""bookkeeping_mode"": ""virtual_ol_d_snapshot"", ""bookkeeping_source"": ""OL_D read-only snapshot"", ""observed_ol_d_before_m"": 3.0104274628683925e-10, ""observed_ol_d_time"": ""2020-08-01T00:04:00"", ""requested_step_depth_m"": 5.555555555555556e-06, ""step_volume_m3"": 0.0014222222222222223, ""storage_units"": ""m"", ""target_units"": ""m3/s""}"
2020-08-01 00:04:00,runoff,90,72,default,2020-08-01,2020-09-01,62.0,2678400.0,5.925925925925926e-06,2.9967850423417985e-10,-5.555255877051322e-06,positive_daisy_runoff_to_positive_oldr_in_flo_and_negative_storage_sink,,"{""bookkeeping_after_m"": 0.0, ""bookkeeping_before_m"": 2.9967850423417985e-10, ""bookkeeping_mode"": ""virtual_ol_d_snapshot"", ""bookkeeping_source"": ""OL_D read-only snapshot"", ""observed_ol_d_before_m"": 2.9967850423417985e-10, ""observed_ol_d_time"": ""2020-08-01T00:04:00"", ""requested_step_depth_m"": 5.555555555555556e-06, ""step_volume_m3"": 0.0014222222222222223, ""storage_units"": ""m"", ""target_units"": ""m3/s""}"
2020-08-01 00:04:00,runoff,90,73,default,2020-08-01,2020-09-01,62.0,2678400.0,5.925925925925926e-06,3.10592440655455e-10,-5.5552449631149e-06,positive_daisy_runoff_to_positive_oldr_in_flo_and_negative_storage_sink,,"{""bookkeeping_after_m"": 0.0, ""bookkeeping_before_m"": 3.10592440655455e-10, ""bookkeeping_mode"": ""virtual_ol_d_snapshot"", ""bookkeeping_source"": ""OL_D read-only snapshot"", ""observed_ol_d_before_m"": 3.10592440655455e-10, ""observed_ol_d_time"": ""2020-08-01T00:04:00"", ""requested_step_depth_m"": 5.555555555555556e-06, ""step_volume_m3"": 0.0014222222222222223, ""storage_units"": ""m"", ""target_units"": ""m3/s""}"
2020-08-01 00:04:00,runoff,90,74,default,2020-08-01,2020-09-01,62.0,2678400.0,5.925925925925926e-06,3.1320723792305216e-10,-5.555242348317633e-06,positive_daisy_runoff_to_positive_oldr_in_flo_and_negative_storage_sink,,"{""bookkeeping_after_m"": 0.0, ""bookkeeping_before_m"": 3.1320723792305216e-10, ""bookkeeping_mode"": ""virtual_ol_d_snapshot"", ""bookkeeping_source"": ""OL_D read-only snapshot"", ""observed_ol_d_before_m"": 3.1320723792305216e-10, ""observed_ol_d_time"": ""2020-08-01T00:04:00"", ""requested_step_depth_m"": 5.555555555555556e-06, ""step_volume_m3"": 0.0014222222222222223, ""storage_units"": ""m"", ""target_units"": ""m3/s""}"
2020-08-01 00:04:00,runoff,90,75,default,2020-08-01,2020-09-01,62.0,2678400.0,5.925925925925926e-06,3.115019353572279e-10,-5.555244053620199e-06,positive_daisy_runoff_to_positive_oldr_in_flo_and_negative_storage_sink,,"{""bookkeeping_after_m"": 0.0, ""bookkeeping_before_m"": 3.115019353572279e-10, ""bookkeeping_mode"": ""virtual_ol_d_snapshot"", ""bookkeeping_source"": ""OL_D read-only snapshot"", ""observed_ol_d_before_m"": 3.115019353572279e-10, ""observed_ol_d_time"": ""2020-08-01T00:04:00"", ""requested_step_depth_m"": 5.555555555555556e-06, ""step_volume_m3"": 0.0014222222222222223, ""storage_units"": ""m"", ""target_units"": ""m3/s""}"
2020-08-01 00:04:00,runoff,90,76,default,2020-08-01,2020-09-01,62.0,2678400.0,5.925925925925926e-06,3.127524905721657e-10,-5.555242803064984e-06,positive_daisy_runoff_to_positive_oldr_in_flo_and_negative_storage_sink,,"{""bookkeeping_after_m"": 0.0, ""bookkeeping_before_m"": 3.127524905721657e-10, ""bookkeeping_mode"": ""virtual_ol_d_snapshot"", ""bookkeeping_source"": ""OL_D read-only snapshot"", ""observed_ol_d_before_m"": 3.127524905721657e-10, ""observed_ol_d_time"": ""2020-08-01T00:04:00"", ""requested_step_depth_m"": 5.555555555555556e-06, ""step_volume_m3"": 0.0014222222222222223, ""storage_units"": ""m"", ""target_units"": ""m3/s""}"
2020-08-01 00:04:00,runoff,90,77,default,2020-08-01,2020-09-01,62.0,2678400.0,5.925925925925926e-06,3.1320723792305216e-10,-5.555242348317633e-06,positive_daisy_runoff_to_positive_oldr_in_flo_and_negative_storage_sink,,"{""bookkeeping_after_m"": 0.0, ""bookkeeping_before_m"": 3.1320723792305216e-10, ""bookkeeping_mode"": ""virtual_ol_d_snapshot"", ""bookkeeping_source"": ""OL_D read-only snapshot"", ""observed_ol_d_before_m"": 3.1320723792305216e-10, ""observed_ol_d_time"": ""2020-08-01T00:04:00"", ""requested_step_depth_m"": 5.555555555555556e-06, ""step_volume_m3"": 0.0014222222222222223, ""storage_units"": ""m"", ""target_units"": ""m3/s""}"
2020-08-01 00:04:00,runoff,90,78,default,2020-08-01,2020-09-01,62.0,2678400.0,5.925925925925926e-06,3.113882485195063e-10,-5.555244167307036e-06,positive_daisy_runoff_to_positive_oldr_in_flo_and_negative_storage_sink,,"{""bookkeeping_after_m"": 0.0, ""bookkeeping_before_m"": 3.113882485195063e-10, ""bookkeeping_mode"": ""virtual_ol_d_snapshot"", ""bookkeeping_source"": ""OL_D read-only snapshot"", ""observed_ol_d_before_m"": 3.113882485195063e-10, ""observed_ol_d_time"": ""2020-08-01T00:04:00"", ""requested_step_depth_m"": 5.555555555555556e-06, ""step_volume_m3"": 0.0014222222222222223, ""storage_units"": ""m"", ""target_units"": ""m3/s""}"
2020-08-01 00:04:00,runoff,90,79,default,2020-08-01,2020-09-01,62.0,2678400.0,5.925925925925926e-06,3.1036506698001176e-10,-5.555245190488576e-06,positive_daisy_runoff_to_positive_oldr_in_flo_and_negative_storage_sink,,"{""bookkeeping_after_m"": 0.0, ""bookkeeping_before_m"": 3.1036506698001176e-10, ""bookkeeping_mode"": ""virtual_ol_d_snapshot"", ""bookkeeping_source"": ""OL_D read-only snapshot"", ""observed_ol_d_before_m"": 3.1036506698001176e-10, ""observed_ol_d_time"": ""2020-08-01T00:04:00"", ""requested_step_depth_m"": 5.555555555555556e-06, ""step_volume_m3"": 0.0014222222222222223, ""storage_units"": ""m"", ""target_units"": ""m3/s""}"
2020-08-01 00:04:00,runoff,90,80,default,2020-08-01,2020-09-01,62.0,2678400.0,5.925925925925926e-06,3.0456703825620934e-10,-5.5552509885173e-06,positive_daisy_runoff_to_positive_oldr_in_flo_and_negative_storage_sink,,"{""bookkeeping_after_m"": 0.0, ""bookkeeping_before_m"": 3.0456703825620934e-10, ""bookkeeping_mode"": ""virtual_ol_d_snapshot"", ""bookkeeping_source"": ""OL_D read-only snapshot"", ""observed_ol_d_before_m"": 3.0456703825620934e-10, ""observed_ol_d_time"": ""2020-08-01T00:04:00"", ""requested_step_depth_m"": 5.555555555555556e-06, ""step_volume_m3"": 0.0014222222222222223, ""storage_units"": ""m"", ""target_units"": ""m3/s""}"
2020-08-01 00:04:00,runoff,90,81,default,2020-08-01,2020-09-01,62.0,2678400.0,5.925925925925926e-06,2.999058779096231e-10,-5.555255649677646e-06,positive_daisy_runoff_to_positive_oldr_in_flo_and_negative_storage_sink,,"{""bookkeeping_after_m"": 0.0, ""bookkeeping_before_m"": 2.999058779096231e-10, ""bookkeeping_mode"": ""virtual_ol_d_snapshot"", ""bookkeeping_source"": ""OL_D read-only snapshot"", ""observed_ol_d_before_m"": 2.999058779096231e-10, ""observed_ol_d_time"": ""2020-08-01T00:04:00"", ""requested_step_depth_m"": 5.555555555555556e-06, ""step_volume_m3"": 0.0014222222222222223, ""storage_units"": ""m"", ""target_units"": ""m3/s""}"
2020-08-01 00:04:00,runoff,90,82,default,2020-08-01,2020-09-01,62.0,2678400.0,5.925925925925926e-06,2.99337443721015e-10,-5.555256218111835e-06,positive_daisy_runoff_to_positive_oldr_in_flo_and_negative_storage_sink,,"{""bookkeeping_after_m"": 0.0, ""bookkeeping_before_m"": 2.99337443721015e-10, ""bookkeeping_mode"": ""virtual_ol_d_snapshot"", ""bookkeeping_source"": ""OL_D read-only snapshot"", ""observed_ol_d_before_m"": 2.99337443721015e-10, ""observed_ol_d_time"": ""2020-08-01T00:04:00"", ""requested_step_depth_m"": 5.555555555555556e-06, ""step_volume_m3"": 0.0014222222222222223, ""storage_units"": ""m"", ""target_units"": ""m3/s""}"
2020-08-01 00:04:00,runoff,90,83,default,2020-08-01,2020-09-01,62.0,2678400.0,5.925925925925926e-06,2.992237568832934e-10,-5.5552563317986725e-06,positive_daisy_runoff_to_positive_oldr_in_flo_and_negative_storage_sink,,"{""bookkeeping_after_m"": 0.0, ""bookkeeping_before_m"": 2.992237568832934e-10, ""bookkeeping_mode"": ""virtual_ol_d_snapshot"", ""bookkeeping_source"": ""OL_D read-only snapshot"", ""observed_ol_d_before_m"": 2.992237568832934e-10, ""observed_ol_d_time"": ""2020-08-01T00:04:00"", ""requested_step_depth_m"": 5.555555555555556e-06, ""step_volume_m3"": 0.0014222222222222223, ""storage_units"": ""m"", ""target_units"": ""m3/s""}"
2020-08-01 00:04:00,runoff,90,84,default,2020-08-01,2020-09-01,62.0,2678400.0,5.925925925925926e-06,2.9967850423417985e-10,-5.555255877051322e-06,positive_daisy_runoff_to_positive_oldr_in_flo_and_negative_storage_sink,,"{""bookkeeping_after_m"": 0.0, ""bookkeeping_before_m"": 2.9967850423417985e-10, ""bookkeeping_mode"": ""virtual_ol_d_snapshot"", ""bookkeeping_source"": ""OL_D read-only snapshot"", ""observed_ol_d_before_m"": 2.9967850423417985e-10, ""observed_ol_d_time"": ""2020-08-01T00:04:00"", ""requested_step_depth_m"": 5.555555555555556e-06, ""step_volume_m3"": 0.0014222222222222223, ""storage_units"": ""m"", ""target_units"": ""m3/s""}"
2020-08-01 00:04:00,runoff,90,85,default,2020-08-01,2020-09-01,62.0,2678400.0,5.925925925925926e-06,3.013838068000041e-10,-5.555254171748756e-06,positive_daisy_runoff_to_positive_oldr_in_flo_and_negative_storage_sink,,"{""bookkeeping_after_m"": 0.0, ""bookkeeping_before_m"": 3.013838068000041e-10, ""bookkeeping_mode"": ""virtual_ol_d_snapshot"", ""bookkeeping_source"": ""OL_D read-only snapshot"", ""observed_ol_d_before_m"": 3.013838068000041e-10, ""observed_ol_d_time"": ""2020-08-01T00:04:00"", ""requested_step_depth_m"": 5.555555555555556e-06, ""step_volume_m3"": 0.0014222222222222223, ""storage_units"": ""m"", ""target_units"": ""m3/s""}"
2020-08-01 00:04:00,runoff,90,86,default,2020-08-01,2020-09-01,62.0,2678400.0,5.925925925925926e-06,3.0172486731316894e-10,-5.555253830688243e-06,positive_daisy_runoff_to_positive_oldr_in_flo_and_negative_storage_sink,,"{""bookkeeping_after_m"": 0.0, ""bookkeeping_before_m"": 3.0172486731316894e-10, ""bookkeeping_mode"": ""virtual_ol_d_snapshot"", ""bookkeeping_source"": ""OL_D read-only snapshot"", ""observed_ol_d_before_m"": 3.0172486731316894e-10, ""observed_ol_d_time"": ""2020-08-01T00:04:00"", ""requested_step_depth_m"": 5.555555555555556e-06, ""step_volume_m3"": 0.0014222222222222223, ""storage_units"": ""m"", ""target_units"": ""m3/s""}"
2020-08-01 00:04:00,runoff,90,87,default,2020-08-01,2020-09-01,62.0,2678400.0,5.925925925925926e-06,3.0161118047544733e-10,-5.55525394437508e-06,positive_daisy_runoff_to_positive_oldr_in_flo_and_negative_storage_sink,,"{""bookkeeping_after_m"": 0.0, ""bookkeeping_before_m"": 3.0161118047544733e-10, ""bookkeeping_mode"": ""virtual_ol_d_snapshot"", ""bookkeeping_source"": ""OL_D read-only snapshot"", ""observed_ol_d_before_m"": 3.0161118047544733e-10, ""observed_ol_d_time"": ""2020-08-01T00:04:00"", ""requested_step_depth_m"": 5.555555555555556e-06, ""step_volume_m3"": 0.0014222222222222223, ""storage_units"": ""m"", ""target_units"": ""m3/s""}"
2020-08-01 00:04:00,runoff,90,96,default,2020-08-01,2020-09-01,62.0,2678400.0,5.925925925925926e-06,3.204831955372356e-10,-5.555235072360019e-06,positive_daisy_runoff_to_positive_oldr_in_flo_and_negative_storage_sink,,"{""bookkeeping_after_m"": 0.0, ""bookkeeping_before_m"": 3.204831955372356e-10, ""bookkeeping_mode"": ""virtual_ol_d_snapshot"", ""bookkeeping_source"": ""OL_D read-only snapshot"", ""observed_ol_d_before_m"": 3.204831955372356e-10, ""observed_ol_d_time"": ""2020-08-01T00:04:00"", ""requested_step_depth_m"": 5.555555555555556e-06, ""step_volume_m3"": 0.0014222222222222223, ""storage_units"": ""m"", ""target_units"": ""m3/s""}"
2020-08-01 00:04:00,runoff,90,97,default,2020-08-01,2020-09-01,62.0,2678400.0,5.925925925925926e-06,3.07636582874693e-10,-5.555247918972681e-06,positive_daisy_runoff_to_positive_oldr_in_flo_and_negative_storage_sink,,"{""bookkeeping_after_m"": 0.0, ""bookkeeping_before_m"": 3.07636582874693e-10, ""bookkeeping_mode"": ""virtual_ol_d_snapshot"", ""bookkeeping_source"": ""OL_D read-only snapshot"", ""observed_ol_d_before_m"": 3.07636582874693e-10, ""observed_ol_d_time"": ""2020-08-01T00:04:00"", ""requested_step_depth_m"": 5.555555555555556e-06, ""step_volume_m3"": 0.0014222222222222223, ""storage_units"": ""m"", ""target_units"": ""m3/s""}"
2020-08-01 00:04:00,runoff,90,98,default,2020-08-01,2020-09-01,62.0,2678400.0,5.925925925925926e-06,3.204263521183748e-10,-5.5552351292034374e-06,positive_daisy_runoff_to_positive_oldr_in_flo_and_negative_storage_sink,,"{""bookkeeping_after_m"": 0.0, ""bookkeeping_before_m"": 3.204263521183748e-10, ""bookkeeping_mode"": ""virtual_ol_d_snapshot"", ""bookkeeping_source"": ""OL_D read-only snapshot"", ""observed_ol_d_before_m"": 3.204263521183748e-10, ""observed_ol_d_time"": ""2020-08-01T00:04:00"", ""requested_step_depth_m"": 5.555555555555556e-06, ""step_volume_m3"": 0.0014222222222222223, ""storage_units"": ""m"", ""target_units"": ""m3/s""}"
2020-08-01 00:04:00,runoff,90,99,default,2020-08-01,2020-09-01,62.0,2678400.0,5.925925925925926e-06,3.0240698833949864e-10,-5.555253148567216e-06,positive_daisy_runoff_to_positive_oldr_in_flo_and_negative_storage_sink,,"{""bookkeeping_after_m"": 0.0, ""bookkeeping_before_m"": 3.0240698833949864e-10, ""bookkeeping_mode"": ""virtual_ol_d_snapshot"", ""bookkeeping_source"": ""OL_D read-only snapshot"", ""observed_ol_d_before_m"": 3.0240698833949864e-10, ""observed_ol_d_time"": ""2020-08-01T00:04:00"", ""requested_step_depth_m"": 5.555555555555556e-06, ""step_volume_m3"": 0.0014222222222222223, ""storage_units"": ""m"", ""target_units"": ""m3/s""}"
2020-08-01 00:04:00,runoff,90,100,default,2020-08-01,2020-09-01,62.0,2678400.0,5.925925925925926e-06,3.000764081662055e-10,-5.55525547914739e-06,positive_daisy_runoff_to_positive_oldr_in_flo_and_negative_storage_sink,,"{""bookkeeping_after_m"": 0.0, ""bookkeeping_before_m"": 3.000764081662055e-10, ""bookkeeping_mode"": ""virtual_ol_d_snapshot"", ""bookkeeping_source"": ""OL_D read-only snapshot"", ""observed_ol_d_before_m"": 3.000764081662055e-10, ""observed_ol_d_time"": ""2020-08-01T00:04:00"", ""requested_step_depth_m"": 5.555555555555556e-06, ""step_volume_m3"": 0.0014222222222222223, ""storage_units"": ""m"", ""target_units"": ""m3/s""}"
2020-08-01 00:04:00,runoff,90,101,default,2020-08-01,2020-09-01,62.0,2678400.0,5.925925925925926e-06,2.992237568832934e-10,-5.5552563317986725e-06,positive_daisy_runoff_to_positive_oldr_in_flo_and_negative_storage_sink,,"{""bookkeeping_after_m"": 0.0, ""bookkeeping_before_m"": 2.992237568832934e-10, ""bookkeeping_mode"": ""virtual_ol_d_snapshot"", ""bookkeeping_source"": ""OL_D read-only snapshot"", ""observed_ol_d_before_m"": 2.992237568832934e-10, ""observed_ol_d_time"": ""2020-08-01T00:04:00"", ""requested_step_depth_m"": 5.555555555555556e-06, ""step_volume_m3"": 0.0014222222222222223, ""storage_units"": ""m"", ""target_units"": ""m3/s""}"
2020-08-01 00:04:00,runoff,90,102,default,2020-08-01,2020-09-01,62.0,2678400.0,5.925925925925926e-06,3.0246383175835945e-10,-5.5552530917237975e-06,positive_daisy_runoff_to_positive_oldr_in_flo_and_negative_storage_sink,,"{""bookkeeping_after_m"": 0.0, ""bookkeeping_before_m"": 3.0246383175835945e-10, ""bookkeeping_mode"": ""virtual_ol_d_snapshot"", ""bookkeeping_source"": ""OL_D read-only snapshot"", ""observed_ol_d_before_m"": 3.0246383175835945e-10, ""observed_ol_d_time"": ""2020-08-01T00:04:00"", ""requested_step_depth_m"": 5.555555555555556e-06, ""step_volume_m3"": 0.0014222222222222223, ""storage_units"": ""m"", ""target_units"": ""m3/s""}"
2020-08-01 00:04:00,runoff,90,103,default,2020-08-01,2020-09-01,62.0,2678400.0,5.925925925925926e-06,3.0189539756975137e-10,-5.555253660157986e-06,positive_daisy_runoff_to_positive_oldr_in_flo_and_negative_storage_sink,,"{""bookkeeping_after_m"": 0.0, ""bookkeeping_before_m"": 3.0189539756975137e-10, ""bookkeeping_mode"": ""virtual_ol_d_snapshot"", ""bookkeeping_source"": ""OL_D read-only snapshot"", ""observed_ol_d_before_m"": 3.0189539756975137e-10, ""observed_ol_d_time"": ""2020-08-01T00:04:00"", ""requested_step_depth_m"": 5.555555555555556e-06, ""step_volume_m3"": 0.0014222222222222223, ""storage_units"": ""m"", ""target_units"": ""m3/s""}"
2020-08-01 00:04:00,runoff,90,104,default,2020-08-01,2020-09-01,62.0,2678400.0,5.925925925925926e-06,3.072386789426673e-10,-5.555248316876613e-06,positive_daisy_runoff_to_positive_oldr_in_flo_and_negative_storage_sink,,"{""bookkeeping_after_m"": 0.0, ""bookkeeping_before_m"": 3.072386789426673e-10, ""bookkeeping_mode"": ""virtual_ol_d_snapshot"", ""bookkeeping_source"": ""OL_D read-only snapshot"", ""observed_ol_d_before_m"": 3.072386789426673e-10, ""observed_ol_d_time"": ""2020-08-01T00:04:00"", ""requested_step_depth_m"": 5.555555555555556e-06, ""step_volume_m3"": 0.0014222222222222223, ""storage_units"": ""m"", ""target_units"": ""m3/s""}"
2020-08-01 00:04:00,runoff,90,105,default,2020-08-01,2020-09-01,62.0,2678400.0,5.925925925925926e-06,3.171294338244479e-10,-5.555238426121731e-06,positive_daisy_runoff_to_positive_oldr_in_flo_and_negative_storage_sink,,"{""bookkeeping_after_m"": 0.0, ""bookkeeping_before_m"": 3.171294338244479e-10, ""bookkeeping_mode"": ""virtual_ol_d_snapshot"", ""bookkeeping_source"": ""OL_D read-only snapshot"", ""observed_ol_d_before_m"": 3.171294338244479e-10, ""observed_ol_d_time"": ""2020-08-01T00:04:00"", ""requested_step_depth_m"": 5.555555555555556e-06, ""step_volume_m3"": 0.0014222222222222223, ""storage_units"": ""m"", ""target_units"": ""m3/s""}"
2020-08-01 00:04:00,runoff,90,106,default,2020-08-01,2020-09-01,62.0,2678400.0,5.925925925925926e-06,3.1093350116861984e-10,-5.555244622054387e-06,positive_daisy_runoff_to_positive_oldr_in_flo_and_negative_storage_sink,,"{""bookkeeping_after_m"": 0.0, ""bookkeeping_before_m"": 3.1093350116861984e-10, ""bookkeeping_mode"": ""virtual_ol_d_snapshot"", ""bookkeeping_source"": ""OL_D read-only snapshot"", ""observed_ol_d_before_m"": 3.1093350116861984e-10, ""observed_ol_d_time"": ""2020-08-01T00:04:00"", ""requested_step_depth_m"": 5.555555555555556e-06, ""step_volume_m3"": 0.0014222222222222223, ""storage_units"": ""m"", ""target_units"": ""m3/s""}"
2020-08-01 00:04:00,runoff,90,107,default,2020-08-01,2020-09-01,62.0,2678400.0,5.925925925925926e-06,3.04964942188235e-10,-5.555250590613368e-06,positive_daisy_runoff_to_positive_oldr_in_flo_and_negative_storage_sink,,"{""bookkeeping_after_m"": 0.0, ""bookkeeping_before_m"": 3.04964942188235e-10, ""bookkeeping_mode"": ""virtual_ol_d_snapshot"", ""bookkeeping_source"": ""OL_D read-only snapshot"", ""observed_ol_d_before_m"": 3.04964942188235e-10, ""observed_ol_d_time"": ""2020-08-01T00:04:00"", ""requested_step_depth_m"": 5.555555555555556e-06, ""step_volume_m3"": 0.0014222222222222223, ""storage_units"": ""m"", ""target_units"": ""m3/s""}"
2020-08-01 00:04:00,runoff,90,108,default,2020-08-01,2020-09-01,62.0,2678400.0,5.925925925925926e-06,3.19175796903437e-10,-5.555236379758652e-06,positive_daisy_runoff_to_positive_oldr_in_flo_and_negative_storage_sink,,"{""bookkeeping_after_m"": 0.0, ""bookkeeping_before_m"": 3.19175796903437e-10, ""bookkeeping_mode"": ""virtual_ol_d_snapshot"", ""bookkeeping_source"": ""OL_D read-only snapshot"", ""observed_ol_d_before_m"": 3.19175796903437e-10, ""observed_ol_d_time"": ""2020-08-01T00:04:00"", ""requested_step_depth_m"": 5.555555555555556e-06, ""step_volume_m3"": 0.0014222222222222223, ""storage_units"": ""m"", ""target_units"": ""m3/s""}"
2020-08-01 00:04:00,runoff,90,109,default,2020-08-01,2020-09-01,62.0,2678400.0,5.925925925925926e-06,3.133777681796346e-10,-5.555242177787376e-06,positive_daisy_runoff_to_positive_oldr_in_flo_and_negative_storage_sink,,"{""bookkeeping_after_m"": 0.0, ""bookkeeping_before_m"": 3.133777681796346e-10, ""bookkeeping_mode"": ""virtual_ol_d_snapshot"", ""bookkeeping_source"": ""OL_D read-only snapshot"", ""observed_ol_d_before_m"": 3.133777681796346e-10, ""observed_ol_d_time"": ""2020-08-01T00:04:00"", ""requested_step_depth_m"": 5.555555555555556e-06, ""step_volume_m3"": 0.0014222222222222223, ""storage_units"": ""m"", ""target_units"": ""m3/s""}"
2020-08-01 00:04:00,runoff,90,110,default,2020-08-01,2020-09-01,62.0,2678400.0,5.925925925925926e-06,3.249169822083786e-10,-5.5552306385733474e-06,positive_daisy_runoff_to_positive_oldr_in_flo_and_negative_storage_sink,,"{""bookkeeping_after_m"": 0.0, ""bookkeeping_before_m"": 3.249169822083786e-10, ""bookkeeping_mode"": ""virtual_ol_d_snapshot"", ""bookkeeping_source"": ""OL_D read-only snapshot"", ""observed_ol_d_before_m"": 3.249169822083786e-10, ""observed_ol_d_time"": ""2020-08-01T00:04:00"", ""requested_step_depth_m"": 5.555555555555556e-06, ""step_volume_m3"": 0.0014222222222222223, ""storage_units"": ""m"", ""target_units"": ""m3/s""}"
2020-08-01 00:04:00,runoff,90,111,default,2020-08-01,2020-09-01,62.0,2678400.0,5.925925925925926e-06,3.4009417504421435e-10,-5.555215461380512e-06,positive_daisy_runoff_to_positive_oldr_in_flo_and_negative_storage_sink,,"{""bookkeeping_after_m"": 0.0, ""bookkeeping_before_m"": 3.4009417504421435e-10, ""bookkeeping_mode"": ""virtual_ol_d_snapshot"", ""bookkeeping_source"": ""OL_D read-only snapshot"", ""observed_ol_d_before_m"": 3.4009417504421435e-10, ""observed_ol_d_time"": ""2020-08-01T00:04:00"", ""requested_step_depth_m"": 5.555555555555556e-06, ""step_volume_m3"": 0.0014222222222222223, ""storage_units"": ""m"", ""target_units"": ""m3/s""}"
2020-08-01 00:04:00,runoff,90,112,default,2020-08-01,2020-09-01,62.0,2678400.0,5.925925925925926e-06,3.1400304578710347e-10,-5.555241552509769e-06,positive_daisy_runoff_to_positive_oldr_in_flo_and_negative_storage_sink,,"{""bookkeeping_after_m"": 0.0, ""bookkeeping_before_m"": 3.1400304578710347e-10, ""bookkeeping_mode"": ""virtual_ol_d_snapshot"", ""bookkeeping_source"": ""OL_D read-only snapshot"", ""observed_ol_d_before_m"": 3.1400304578710347e-10, ""observed_ol_d_time"": ""2020-08-01T00:04:00"", ""requested_step_depth_m"": 5.555555555555556e-06, ""step_volume_m3"": 0.0014222222222222223, ""storage_units"": ""m"", ""target_units"": ""m3/s""}"
2020-08-01 00:04:00,runoff,90,113,default,2020-08-01,2020-09-01,62.0,2678400.0,5.925925925925926e-06,3.178683982696384e-10,-5.555237687157286e-06,positive_daisy_runoff_to_positive_oldr_in_flo_and_negative_storage_sink,,"{""bookkeeping_after_m"": 0.0, ""bookkeeping_before_m"": 3.178683982696384e-10, ""bookkeeping_mode"": ""virtual_ol_d_snapshot"", ""bookkeeping_source"": ""OL_D read-only snapshot"", ""observed_ol_d_before_m"": 3.178683982696384e-10, ""observed_ol_d_time"": ""2020-08-01T00:04:00"", ""requested_step_depth_m"": 5.555555555555556e-06, ""step_volume_m3"": 0.0014222222222222223, ""storage_units"": ""m"", ""target_units"": ""m3/s""}"
2020-08-01 00:04:00,runoff,90,114,default,2020-08-01,2020-09-01,62.0,2678400.0,5.925925925925926e-06,3.304876372567378e-10,-5.555225067918299e-06,positive_daisy_runoff_to_positive_oldr_in_flo_and_negative_storage_sink,,"{""bookkeeping_after_m"": 0.0, ""bookkeeping_before_m"": 3.304876372567378e-10, ""bookkeeping_mode"": ""virtual_ol_d_snapshot"", ""bookkeeping_source"": ""OL_D read-only snapshot"", ""observed_ol_d_before_m"": 3.304876372567378e-10, ""observed_ol_d_time"": ""2020-08-01T00:04:00"", ""requested_step_depth_m"": 5.555555555555556e-06, ""step_volume_m3"": 0.0014222222222222223, ""storage_units"": ""m"", ""target_units"": ""m3/s""}"
2020-08-01 00:04:00,runoff,90,115,default,2020-08-01,2020-09-01,62.0,2678400.0,5.925925925925926e-06,3.3486458050902e-10,-5.555220690975047e-06,positive_daisy_runoff_to_positive_oldr_in_flo_and_negative_storage_sink,,"{""bookkeeping_after_m"": 0.0, ""bookkeeping_before_m"": 3.3486458050902e-10, ""bookkeeping_mode"": ""virtual_ol_d_snapshot"", ""bookkeeping_source"": ""OL_D read-only snapshot"", ""observed_ol_d_before_m"": 3.3486458050902e-10, ""observed_ol_d_time"": ""2020-08-01T00:04:00"", ""requested_step_depth_m"": 5.555555555555556e-06, ""step_volume_m3"": 0.0014222222222222223, ""storage_units"": ""m"", ""target_units"": ""m3/s""}"
2020-08-01 00:04:00,runoff,90,116,default,2020-08-01,2020-09-01,62.0,2678400.0,5.925925925925926e-06,3.2662228477420285e-10,-5.555228933270782e-06,positive_daisy_runoff_to_positive_oldr_in_flo_and_negative_storage_sink,,"{""bookkeeping_after_m"": 0.0, ""bookkeeping_before_m"": 3.2662228477420285e-10, ""bookkeeping_mode"": ""virtual_ol_d_snapshot"", ""bookkeeping_source"": ""OL_D read-only snapshot"", ""observed_ol_d_before_m"": 3.2662228477420285e-10, ""observed_ol_d_time"": ""2020-08-01T00:04:00"", ""requested_step_depth_m"": 5.555555555555556e-06, ""step_volume_m3"": 0.0014222222222222223, ""storage_units"": ""m"", ""target_units"": ""m3/s""}"
2020-08-01 00:04:00,runoff,90,117,default,2020-08-01,2020-09-01,62.0,2678400.0,5.925925925925926e-06,3.076934262935538e-10,-5.555247862129262e-06,positive_daisy_runoff_to_positive_oldr_in_flo_and_negative_storage_sink,,"{""bookkeeping_after_m"": 0.0, ""bookkeeping_before_m"": 3.076934262935538e-10, ""bookkeeping_mode"": ""virtual_ol_d_snapshot"", ""bookkeeping_source"": ""OL_D read-only snapshot"", ""observed_ol_d_before_m"": 3.076934262935538e-10, ""observed_ol_d_time"": ""2020-08-01T00:04:00"", ""requested_step_depth_m"": 5.555555555555556e-06, ""step_volume_m3"": 0.0014222222222222223, ""storage_units"": ""m"", ""target_units"": ""m3/s""}"
2020-08-01 00:04:00,runoff,90,118,default,2020-08-01,2020-09-01,62.0,2678400.0,5.925925925925926e-06,3.3014657674357295e-10,-5.555225408978812e-06,positive_daisy_runoff_to_positive_oldr_in_flo_and_negative_storage_sink,,"{""bookkeeping_after_m"": 0.0, ""bookkeeping_before_m"": 3.3014657674357295e-10, ""bookkeeping_mode"": ""virtual_ol_d_snapshot"", ""bookkeeping_source"": ""OL_D read-only snapshot"", ""observed_ol_d_before_m"": 3.3014657674357295e-10, ""observed_ol_d_time"": ""2020-08-01T00:04:00"", ""requested_step_depth_m"": 5.555555555555556e-06, ""step_volume_m3"": 0.0014222222222222223, ""storage_units"": ""m"", ""target_units"": ""m3/s""}"
2020-08-01 00:04:00,runoff,91,54,default,2020-08-01,2020-09-01,62.0,2678400.0,5.925925925925926e-06,-0.0,-5.555555555555556e-06,positive_daisy_runoff_to_positive_oldr_in_flo_and_negative_storage_sink,,"{""bookkeeping_after_m"": 0.0, ""bookkeeping_before_m"": 0.0, ""bookkeeping_mode"": ""virtual_ol_d_snapshot"", ""bookkeeping_source"": ""OL_D read-only snapshot"", ""observed_ol_d_before_m"": 0.0, ""observed_ol_d_time"": ""2020-08-01T00:04:00"", ""requested_step_depth_m"": 5.555555555555556e-06, ""step_volume_m3"": 0.0014222222222222223, ""storage_units"": ""m"", ""target_units"": ""m3/s""}"
2020-08-01 00:04:00,runoff,91,55,default,2020-08-01,2020-09-01,62.0,2678400.0,5.925925925925926e-06,-0.0,-5.555555555555556e-06,positive_daisy_runoff_to_positive_oldr_in_flo_and_negative_storage_sink,,"{""bookkeeping_after_m"": 0.0, ""bookkeeping_before_m"": 0.0, ""bookkeeping_mode"": ""virtual_ol_d_snapshot"", ""bookkeeping_source"": ""OL_D read-only snapshot"", ""observed_ol_d_before_m"": 0.0, ""observed_ol_d_time"": ""2020-08-01T00:04:00"", ""requested_step_depth_m"": 5.555555555555556e-06, ""step_volume_m3"": 0.0014222222222222223, ""storage_units"": ""m"", ""target_units"": ""m3/s""}"
2020-08-01 00:04:00,runoff,91,56,default,2020-08-01,2020-09-01,62.0,2678400.0,5.925925925925926e-06,3.115019353572279e-10,-5.555244053620199e-06,positive_daisy_runoff_to_positive_oldr_in_flo_and_negative_storage_sink,,"{""bookkeeping_after_m"": 0.0, ""bookkeeping_before_m"": 3.115019353572279e-10, ""bookkeeping_mode"": ""virtual_ol_d_snapshot"", ""bookkeeping_source"": ""OL_D read-only snapshot"", ""observed_ol_d_before_m"": 3.115019353572279e-10, ""observed_ol_d_time"": ""2020-08-01T00:04:00"", ""requested_step_depth_m"": 5.555555555555556e-06, ""step_volume_m3"": 0.0014222222222222223, ""storage_units"": ""m"", ""target_units"": ""m3/s""}"
2020-08-01 00:04:00,runoff,91,57,default,2020-08-01,2020-09-01,62.0,2678400.0,5.925925925925926e-06,3.1229774322127923e-10,-5.5552432578123345e-06,positive_daisy_runoff_to_positive_oldr_in_flo_and_negative_storage_sink,,"{""bookkeeping_after_m"": 0.0, ""bookkeeping_before_m"": 3.1229774322127923e-10, ""bookkeeping_mode"": ""virtual_ol_d_snapshot"", ""bookkeeping_source"": ""OL_D read-only snapshot"", ""observed_ol_d_before_m"": 3.1229774322127923e-10, ""observed_ol_d_time"": ""2020-08-01T00:04:00"", ""requested_step_depth_m"": 5.555555555555556e-06, ""step_volume_m3"": 0.0014222222222222223, ""storage_units"": ""m"", ""target_units"": ""m3/s""}"
2020-08-01 00:04:00,runoff,91,58,default,2020-08-01,2020-09-01,62.0,2678400.0,5.925925925925926e-06,3.1241143005900085e-10,-5.555243144125497e-06,positive_daisy_runoff_to_positive_oldr_in_flo_and_negative_storage_sink,,"{""bookkeeping_after_m"": 0.0, ""bookkeeping_before_m"": 3.1241143005900085e-10, ""bookkeeping_mode"": ""virtual_ol_d_snapshot"", ""bookkeeping_source"": ""OL_D read-only snapshot"", ""observed_ol_d_before_m"": 3.1241143005900085e-10, ""observed_ol_d_time"": ""2020-08-01T00:04:00"", ""requested_step_depth_m"": 5.555555555555556e-06, ""step_volume_m3"": 0.0014222222222222223, ""storage_units"": ""m"", ""target_units"": ""m3/s""}"
2020-08-01 00:04:00,runoff,91,59,default,2020-08-01,2020-09-01,62.0,2678400.0,5.925925925925926e-06,3.1036506698001176e-10,-5.555245190488576e-06,positive_daisy_runoff_to_positive_oldr_in_flo_and_negative_storage_sink,,"{""bookkeeping_after_m"": 0.0, ""bookkeeping_before_m"": 3.1036506698001176e-10, ""bookkeeping_mode"": ""virtual_ol_d_snapshot"", ""bookkeeping_source"": ""OL_D read-only snapshot"", ""observed_ol_d_before_m"": 3.1036506698001176e-10, ""observed_ol_d_time"": ""2020-08-01T00:04:00"", ""requested_step_depth_m"": 5.555555555555556e-06, ""step_volume_m3"": 0.0014222222222222223, ""storage_units"": ""m"", ""target_units"": ""m3/s""}"
2020-08-01 00:04:00,runoff,91,60,default,2020-08-01,2020-09-01,62.0,2678400.0,5.925925925925926e-06,3.1252511689672247e-10,-5.555243030438659e-06,positive_daisy_runoff_to_positive_oldr_in_flo_and_negative_storage_sink,,"{""bookkeeping_after_m"": 0.0, ""bookkeeping_before_m"": 3.1252511689672247e-10, ""bookkeeping_mode"": ""virtual_ol_d_snapshot"", ""bookkeeping_source"": ""OL_D read-only snapshot"", ""observed_ol_d_before_m"": 3.1252511689672247e-10, ""observed_ol_d_time"": ""2020-08-01T00:04:00"", ""requested_step_depth_m"": 5.555555555555556e-06, ""step_volume_m3"": 0.0014222222222222223, ""storage_units"": ""m"", ""target_units"": ""m3/s""}"
2020-08-01 00:04:00,runoff,91,61,default,2020-08-01,2020-09-01,62.0,2678400.0,5.925925925925926e-06,3.1320723792305216e-10,-5.555242348317633e-06,positive_daisy_runoff_to_positive_oldr_in_flo_and_negative_storage_sink,,"{""bookkeeping_after_m"": 0.0, ""bookkeeping_before_m"": 3.1320723792305216e-10, ""bookkeeping_mode"": ""virtual_ol_d_snapshot"", ""bookkeeping_source"": ""OL_D read-only snapshot"", ""observed_ol_d_before_m"": 3.1320723792305216e-10, ""observed_ol_d_time"": ""2020-08-01T00:04:00"", ""requested_step_depth_m"": 5.555555555555556e-06, ""step_volume_m3"": 0.0014222222222222223, ""storage_units"": ""m"", ""target_units"": ""m3/s""}"
2020-08-01 00:04:00,runoff,91,62,default,2020-08-01,2020-09-01,62.0,2678400.0,5.925925925925926e-06,3.12070369545836e-10,-5.55524348518601e-06,positive_daisy_runoff_to_positive_oldr_in_flo_and_negative_storage_sink,,"{""bookkeeping_after_m"": 0.0, ""bookkeeping_before_m"": 3.12070369545836e-10, ""bookkeeping_mode"": ""virtual_ol_d_snapshot"", ""bookkeeping_source"": ""OL_D read-only snapshot"", ""observed_ol_d_before_m"": 3.12070369545836e-10, ""observed_ol_d_time"": ""2020-08-01T00:04:00"", ""requested_step_depth_m"": 5.555555555555556e-06, ""step_volume_m3"": 0.0014222222222222223, ""storage_units"": ""m"", ""target_units"": ""m3/s""}"
2020-08-01 00:04:00,runoff,91,63,default,2020-08-01,2020-09-01,62.0,2678400.0,5.925925925925926e-06,3.1093350116861984e-10,-5.555244622054387e-06,positive_daisy_runoff_to_positive_oldr_in_flo_and_negative_storage_sink,,"{""bookkeeping_after_m"": 0.0, ""bookkeeping_before_m"": 3.1093350116861984e-10, ""bookkeeping_mode"": ""virtual_ol_d_snapshot"", ""bookkeeping_source"": ""OL_D read-only snapshot"", ""observed_ol_d_before_m"": 3.1093350116861984e-10, ""observed_ol_d_time"": ""2020-08-01T00:04:00"", ""requested_step_depth_m"": 5.555555555555556e-06, ""step_volume_m3"": 0.0014222222222222223, ""storage_units"": ""m"", ""target_units"": ""m3/s""}"
2020-08-01 00:04:00,runoff,91,64,default,2020-08-01,2020-09-01,62.0,2678400.0,5.925925925925926e-06,2.9979219107190147e-10,-5.555255763364484e-06,positive_daisy_runoff_to_positive_oldr_in_flo_and_negative_storage_sink,,"{""bookkeeping_after_m"": 0.0, ""bookkeeping_before_m"": 2.9979219107190147e-10, ""bookkeeping_mode"": ""virtual_ol_d_snapshot"", ""bookkeeping_source"": ""OL_D read-only snapshot"", ""observed_ol_d_before_m"": 2.9979219107190147e-10, ""observed_ol_d_time"": ""2020-08-01T00:04:00"", ""requested_step_depth_m"": 5.555555555555556e-06, ""step_volume_m3"": 0.0014222222222222223, ""storage_units"": ""m"", ""target_units"": ""m3/s""}"
2020-08-01 00:04:00,runoff,91,65,default,2020-08-01,2020-09-01,62.0,2678400.0,5.925925925925926e-06,2.99337443721015e-10,-5.555256218111835e-06,positive_daisy_runoff_to_positive_oldr_in_flo_and_negative_storage_sink,,"{""bookkeeping_after_m"": 0.0, ""bookkeeping_before_m"": 2.99337443721015e-10, ""bookkeeping_mode"": ""virtual_ol_d_snapshot"", ""bookkeeping_source"": ""OL_D read-only snapshot"", ""observed_ol_d_before_m"": 2.99337443721015e-10, ""observed_ol_d_time"": ""2020-08-01T00:04:00"", ""requested_step_depth_m"": 5.555555555555556e-06, ""step_volume_m3"": 0.0014222222222222223, ""storage_units"": ""m"", ""target_units"": ""m3/s""}"
2020-08-01 00:04:00,runoff,91,66,default,2020-08-01,2020-09-01,62.0,2678400.0,5.925925925925926e-06,3.0172486731316894e-10,-5.555253830688243e-06,positive_daisy_runoff_to_positive_oldr_in_flo_and_negative_storage_sink,,"{""bookkeeping_after_m"": 0.0, ""bookkeeping_before_m"": 3.0172486731316894e-10, ""bookkeeping_mode"": ""virtual_ol_d_snapshot"", ""bookkeeping_source"": ""OL_D read-only snapshot"", ""observed_ol_d_before_m"": 3.0172486731316894e-10, ""observed_ol_d_time"": ""2020-08-01T00:04:00"", ""requested_step_depth_m"": 5.555555555555556e-06, ""step_volume_m3"": 0.0014222222222222223, ""storage_units"": ""m"", ""target_units"": ""m3/s""}"
2020-08-01 00:04:00,runoff,91,67,default,2020-08-01,2020-09-01,62.0,2678400.0,5.925925925925926e-06,3.497007128316909e-10,-5.555205854842724e-06,positive_daisy_runoff_to_positive_oldr_in_flo_and_negative_storage_sink,,"{""bookkeeping_after_m"": 0.0, ""bookkeeping_before_m"": 3.497007128316909e-10, ""bookkeeping_mode"": ""virtual_ol_d_snapshot"", ""bookkeeping_source"": ""OL_D read-only snapshot"", ""observed_ol_d_before_m"": 3.497007128316909e-10, ""observed_ol_d_time"": ""2020-08-01T00:04:00"", ""requested_step_depth_m"": 5.555555555555556e-06, ""step_volume_m3"": 0.0014222222222222223, ""storage_units"": ""m"", ""target_units"": ""m3/s""}"
2020-08-01 00:04:00,runoff,91,68,default,2020-08-01,2020-09-01,62.0,2678400.0,5.925925925925926e-06,3.3082869776990265e-10,-5.555224726857786e-06,positive_daisy_runoff_to_positive_oldr_in_flo_and_negative_storage_sink,,"{""bookkeeping_after_m"": 0.0, ""bookkeeping_before_m"": 3.3082869776990265e-10, ""bookkeeping_mode"": ""virtual_ol_d_snapshot"", ""bookkeeping_source"": ""OL_D read-only snapshot"", ""observed_ol_d_before_m"": 3.3082869776990265e-10, ""observed_ol_d_time"": ""2020-08-01T00:04:00"", ""requested_step_depth_m"": 5.555555555555556e-06, ""step_volume_m3"": 0.0014222222222222223, ""storage_units"": ""m"", ""target_units"": ""m3/s""}"
2020-08-01 00:04:00,runoff,91,69,default,2020-08-01,2020-09-01,62.0,2678400.0,5.925925925925926e-06,3.205968823749572e-10,-5.555234958673181e-06,positive_daisy_runoff_to_positive_oldr_in_flo_and_negative_storage_sink,,"{""bookkeeping_after_m"": 0.0, ""bookkeeping_before_m"": 3.205968823749572e-10, ""bookkeeping_mode"": ""virtual_ol_d_snapshot"", ""bookkeeping_source"": ""OL_D read-only snapshot"", ""observed_ol_d_before_m"": 3.205968823749572e-10, ""observed_ol_d_time"": ""2020-08-01T00:04:00"", ""requested_step_depth_m"": 5.555555555555556e-06, ""step_volume_m3"": 0.0014222222222222223, ""storage_units"": ""m"", ""target_units"": ""m3/s""}"
2020-08-01 00:04:00,runoff,91,70,default,2020-08-01,2020-09-01,62.0,2678400.0,5.925925925925926e-06,3.184368324582465e-10,-5.5552371187230976e-06,positive_daisy_runoff_to_positive_oldr_in_flo_and_negative_storage_sink,,"{""bookkeeping_after_m"": 0.0, ""bookkeeping_before_m"": 3.184368324582465e-10, ""bookkeeping_mode"": ""virtual_ol_d_snapshot"", ""bookkeeping_source"": ""OL_D read-only snapshot"", ""observed_ol_d_before_m"": 3.184368324582465e-10, ""observed_ol_d_time"": ""2020-08-01T00:04:00"", ""requested_step_depth_m"": 5.555555555555556e-06, ""step_volume_m3"": 0.0014222222222222223, ""storage_units"": ""m"", ""target_units"": ""m3/s""}"
2020-08-01 00:04:00,runoff,91,71,default,2020-08-01,2020-09-01,62.0,2678400.0,5.925925925925926e-06,3.000195647473447e-10,-5.5552555359908085e-06,positive_daisy_runoff_to_positive_oldr_in_flo_and_negative_storage_sink,,"{""bookkeeping_after_m"": 0.0, ""bookkeeping_before_m"": 3.000195647473447e-10, ""bookkeeping_mode"": ""virtual_ol_d_snapshot"", ""bookkeeping_source"": ""OL_D read-only snapshot"", ""observed_ol_d_before_m"": 3.000195647473447e-10, ""observed_ol_d_time"": ""2020-08-01T00:04:00"", ""requested_step_depth_m"": 5.555555555555556e-06, ""step_volume_m3"": 0.0014222222222222223, ""storage_units"": ""m"", ""target_units"": ""m3/s""}"
2020-08-01 00:04:00,runoff,91,72,default,2020-08-01,2020-09-01,62.0,2678400.0,5.925925925925926e-06,3.0377123039215803e-10,-5.555251784325164e-06,positive_daisy_runoff_to_positive_oldr_in_flo_and_negative_storage_sink,,"{""bookkeeping_after_m"": 0.0, ""bookkeeping_before_m"": 3.0377123039215803e-10, ""bookkeeping_mode"": ""virtual_ol_d_snapshot"", ""bookkeeping_source"": ""OL_D read-only snapshot"", ""observed_ol_d_before_m"": 3.0377123039215803e-10, ""observed_ol_d_time"": ""2020-08-01T00:04:00"", ""requested_step_depth_m"": 5.555555555555556e-06, ""step_volume_m3"": 0.0014222222222222223, ""storage_units"": ""m"", ""target_units"": ""m3/s""}"
2020-08-01 00:04:00,runoff,91,73,default,2020-08-01,2020-09-01,62.0,2678400.0,5.925925925925926e-06,3.112745616817847e-10,-5.555244280993874e-06,positive_daisy_runoff_to_positive_oldr_in_flo_and_negative_storage_sink,,"{""bookkeeping_after_m"": 0.0, ""bookkeeping_before_m"": 3.112745616817847e-10, ""bookkeeping_mode"": ""virtual_ol_d_snapshot"", ""bookkeeping_source"": ""OL_D read-only snapshot"", ""observed_ol_d_before_m"": 3.112745616817847e-10, ""observed_ol_d_time"": ""2020-08-01T00:04:00"", ""requested_step_depth_m"": 5.555555555555556e-06, ""step_volume_m3"": 0.0014222222222222223, ""storage_units"": ""m"", ""target_units"": ""m3/s""}"
2020-08-01 00:04:00,runoff,91,74,default,2020-08-01,2020-09-01,62.0,2678400.0,5.925925925925926e-06,3.1229774322127923e-10,-5.5552432578123345e-06,positive_daisy_runoff_to_positive_oldr_in_flo_and_negative_storage_sink,,"{""bookkeeping_after_m"": 0.0, ""bookkeeping_before_m"": 3.1229774322127923e-10, ""bookkeeping_mode"": ""virtual_ol_d_snapshot"", ""bookkeeping_source"": ""OL_D read-only snapshot"", ""observed_ol_d_before_m"": 3.1229774322127923e-10, ""observed_ol_d_time"": ""2020-08-01T00:04:00"", ""requested_step_depth_m"": 5.555555555555556e-06, ""step_volume_m3"": 0.0014222222222222223, ""storage_units"": ""m"", ""target_units"": ""m3/s""}"
2020-08-01 00:04:00,runoff,91,75,default,2020-08-01,2020-09-01,62.0,2678400.0,5.925925925925926e-06,3.1297986424760893e-10,-5.555242575691308e-06,positive_daisy_runoff_to_positive_oldr_in_flo_and_negative_storage_sink,,"{""bookkeeping_after_m"": 0.0, ""bookkeeping_before_m"": 3.1297986424760893e-10, ""bookkeeping_mode"": ""virtual_ol_d_snapshot"", ""bookkeeping_source"": ""OL_D read-only snapshot"", ""observed_ol_d_before_m"": 3.1297986424760893e-10, ""observed_ol_d_time"": ""2020-08-01T00:04:00"", ""requested_step_depth_m"": 5.555555555555556e-06, ""step_volume_m3"": 0.0014222222222222223, ""storage_units"": ""m"", ""target_units"": ""m3/s""}"
2020-08-01 00:04:00,runoff,91,76,default,2020-08-01,2020-09-01,62.0,2678400.0,5.925925925925926e-06,3.1320723792305216e-10,-5.555242348317633e-06,positive_daisy_runoff_to_positive_oldr_in_flo_and_negative_storage_sink,,"{""bookkeeping_after_m"": 0.0, ""bookkeeping_before_m"": 3.1320723792305216e-10, ""bookkeeping_mode"": ""virtual_ol_d_snapshot"", ""bookkeeping_source"": ""OL_D read-only snapshot"", ""observed_ol_d_before_m"": 3.1320723792305216e-10, ""observed_ol_d_time"": ""2020-08-01T00:04:00"", ""requested_step_depth_m"": 5.555555555555556e-06, ""step_volume_m3"": 0.0014222222222222223, ""storage_units"": ""m"", ""target_units"": ""m3/s""}"
2020-08-01 00:04:00,runoff,91,77,default,2020-08-01,2020-09-01,62.0,2678400.0,5.925925925925926e-06,3.134346115984954e-10,-5.555242120943957e-06,positive_daisy_runoff_to_positive_oldr_in_flo_and_negative_storage_sink,,"{""bookkeeping_after_m"": 0.0, ""bookkeeping_before_m"": 3.134346115984954e-10, ""bookkeeping_mode"": ""virtual_ol_d_snapshot"", ""bookkeeping_source"": ""OL_D read-only snapshot"", ""observed_ol_d_before_m"": 3.134346115984954e-10, ""observed_ol_d_time"": ""2020-08-01T00:04:00"", ""requested_step_depth_m"": 5.555555555555556e-06, ""step_volume_m3"": 0.0014222222222222223, ""storage_units"": ""m"", ""target_units"": ""m3/s""}"
2020-08-01 00:04:00,runoff,91,78,default,2020-08-01,2020-09-01,62.0,2678400.0,5.925925925925926e-06,3.113882485195063e-10,-5.555244167307036e-06,positive_daisy_runoff_to_positive_oldr_in_flo_and_negative_storage_sink,,"{""bookkeeping_after_m"": 0.0, ""bookkeeping_before_m"": 3.113882485195063e-10, ""bookkeeping_mode"": ""virtual_ol_d_snapshot"", ""bookkeeping_source"": ""OL_D read-only snapshot"", ""observed_ol_d_before_m"": 3.113882485195063e-10, ""observed_ol_d_time"": ""2020-08-01T00:04:00"", ""requested_step_depth_m"": 5.555555555555556e-06, ""step_volume_m3"": 0.0014222222222222223, ""storage_units"": ""m"", ""target_units"": ""m3/s""}"
2020-08-01 00:04:00,runoff,91,79,default,2020-08-01,2020-09-01,62.0,2678400.0,5.925925925925926e-06,3.0456703825620934e-10,-5.5552509885173e-06,positive_daisy_runoff_to_positive_oldr_in_flo_and_negative_storage_sink,,"{""bookkeeping_after_m"": 0.0, ""bookkeeping_before_m"": 3.0456703825620934e-10, ""bookkeeping_mode"": ""virtual_ol_d_snapshot"", ""bookkeeping_source"": ""OL_D read-only snapshot"", ""observed_ol_d_before_m"": 3.0456703825620934e-10, ""observed_ol_d_time"": ""2020-08-01T00:04:00"", ""requested_step_depth_m"": 5.555555555555556e-06, ""step_volume_m3"": 0.0014222222222222223, ""storage_units"": ""m"", ""target_units"": ""m3/s""}"
2020-08-01 00:04:00,runoff,91,80,default,2020-08-01,2020-09-01,62.0,2678400.0,5.925925925925926e-06,2.9888269637012854e-10,-5.555256672859186e-06,positive_daisy_runoff_to_positive_oldr_in_flo_and_negative_storage_sink,,"{""bookkeeping_after_m"": 0.0, ""bookkeeping_before_m"": 2.9888269637012854e-10, ""bookkeeping_mode"": ""virtual_ol_d_snapshot"", ""bookkeeping_source"": ""OL_D read-only snapshot"", ""observed_ol_d_before_m"": 2.9888269637012854e-10, ""observed_ol_d_time"": ""2020-08-01T00:04:00"", ""requested_step_depth_m"": 5.555555555555556e-06, ""step_volume_m3"": 0.0014222222222222223, ""storage_units"": ""m"", ""target_units"": ""m3/s""}"
2020-08-01 00:04:00,runoff,91,81,default,2020-08-01,2020-09-01,62.0,2678400.0,5.925925925925926e-06,2.994511305587366e-10,-5.555256104424997e-06,positive_daisy_runoff_to_positive_oldr_in_flo_and_negative_storage_sink,,"{""bookkeeping_after_m"": 0.0, ""bookkeeping_before_m"": 2.994511305587366e-10, ""bookkeeping_mode"": ""virtual_ol_d_snapshot"", ""bookkeeping_source"": ""OL_D read-only snapshot"", ""observed_ol_d_before_m"": 2.994511305587366e-10, ""observed_ol_d_time"": ""2020-08-01T00:04:00"", ""requested_step_depth_m"": 5.555555555555556e-06, ""step_volume_m3"": 0.0014222222222222223, ""storage_units"": ""m"", ""target_units"": ""m3/s""}"
2020-08-01 00:04:00,runoff,91,82,default,2020-08-01,2020-09-01,62.0,2678400.0,5.925925925925926e-06,2.9979219107190147e-10,-5.555255763364484e-06,positive_daisy_runoff_to_positive_oldr_in_flo_and_negative_storage_sink,,"{""bookkeeping_after_m"": 0.0, ""bookkeeping_before_m"": 2.9979219107190147e-10, ""bookkeeping_mode"": ""virtual_ol_d_snapshot"", ""bookkeeping_source"": ""OL_D read-only snapshot"", ""observed_ol_d_before_m"": 2.9979219107190147e-10, ""observed_ol_d_time"": ""2020-08-01T00:04:00"", ""requested_step_depth_m"": 5.555555555555556e-06, ""step_volume_m3"": 0.0014222222222222223, ""storage_units"": ""m"", ""target_units"": ""m3/s""}"
2020-08-01 00:04:00,runoff,91,83,default,2020-08-01,2020-09-01,62.0,2678400.0,5.925925925925926e-06,3.000195647473447e-10,-5.5552555359908085e-06,positive_daisy_runoff_to_positive_oldr_in_flo_and_negative_storage_sink,,"{""bookkeeping_after_m"": 0.0, ""bookkeeping_before_m"": 3.000195647473447e-10, ""bookkeeping_mode"": ""virtual_ol_d_snapshot"", ""bookkeeping_source"": ""OL_D read-only snapshot"", ""observed_ol_d_before_m"": 3.000195647473447e-10, ""observed_ol_d_time"": ""2020-08-01T00:04:00"", ""requested_step_depth_m"": 5.555555555555556e-06, ""step_volume_m3"": 0.0014222222222222223, ""storage_units"": ""m"", ""target_units"": ""m3/s""}"
2020-08-01 00:04:00,runoff,91,84,default,2020-08-01,2020-09-01,62.0,2678400.0,5.925925925925926e-06,3.0115643312456086e-10,-5.555254399122431e-06,positive_daisy_runoff_to_positive_oldr_in_flo_and_negative_storage_sink,,"{""bookkeeping_after_m"": 0.0, ""bookkeeping_before_m"": 3.0115643312456086e-10, ""bookkeeping_mode"": ""virtual_ol_d_snapshot"", ""bookkeeping_source"": ""OL_D read-only snapshot"", ""observed_ol_d_before_m"": 3.0115643312456086e-10, ""observed_ol_d_time"": ""2020-08-01T00:04:00"", ""requested_step_depth_m"": 5.555555555555556e-06, ""step_volume_m3"": 0.0014222222222222223, ""storage_units"": ""m"", ""target_units"": ""m3/s""}"
2020-08-01 00:04:00,runoff,91,85,default,2020-08-01,2020-09-01,62.0,2678400.0,5.925925925925926e-06,3.0036062526050955e-10,-5.555255194930295e-06,positive_daisy_runoff_to_positive_oldr_in_flo_and_negative_storage_sink,,"{""bookkeeping_after_m"": 0.0, ""bookkeeping_before_m"": 3.0036062526050955e-10, ""bookkeeping_mode"": ""virtual_ol_d_snapshot"", ""bookkeeping_source"": ""OL_D read-only snapshot"", ""observed_ol_d_before_m"": 3.0036062526050955e-10, ""observed_ol_d_time"": ""2020-08-01T00:04:00"", ""requested_step_depth_m"": 5.555555555555556e-06, ""step_volume_m3"": 0.0014222222222222223, ""storage_units"": ""m"", ""target_units"": ""m3/s""}"
2020-08-01 00:04:00,runoff,91,86,default,2020-08-01,2020-09-01,62.0,2678400.0,5.925925925925926e-06,3.02293301501777e-10,-5.555253262254054e-06,positive_daisy_runoff_to_positive_oldr_in_flo_and_negative_storage_sink,,"{""bookkeeping_after_m"": 0.0, ""bookkeeping_before_m"": 3.02293301501777e-10, ""bookkeeping_mode"": ""virtual_ol_d_snapshot"", ""bookkeeping_source"": ""OL_D read-only snapshot"", ""observed_ol_d_before_m"": 3.02293301501777e-10, ""observed_ol_d_time"": ""2020-08-01T00:04:00"", ""requested_step_depth_m"": 5.555555555555556e-06, ""step_volume_m3"": 0.0014222222222222223, ""storage_units"": ""m"", ""target_units"": ""m3/s""}"
2020-08-01 00:04:00,runoff,91,87,default,2020-08-01,2020-09-01,62.0,2678400.0,5.925925925925926e-06,3.021796146640554e-10,-5.555253375940892e-06,positive_daisy_runoff_to_positive_oldr_in_flo_and_negative_storage_sink,,"{""bookkeeping_after_m"": 0.0, ""bookkeeping_before_m"": 3.021796146640554e-10, ""bookkeeping_mode"": ""virtual_ol_d_snapshot"", ""bookkeeping_source"": ""OL_D read-only snapshot"", ""observed_ol_d_before_m"": 3.021796146640554e-10, ""observed_ol_d_time"": ""2020-08-01T00:04:00"", ""requested_step_depth_m"": 5.555555555555556e-06, ""step_volume_m3"": 0.0014222222222222223, ""storage_units"": ""m"", ""target_units"": ""m3/s""}"
2020-08-01 00:04:00,runoff,91,88,default,2020-08-01,2020-09-01,62.0,2678400.0,5.925925925925926e-06,3.0166802389430813e-10,-5.5552538875316615e-06,positive_daisy_runoff_to_positive_oldr_in_flo_and_negative_storage_sink,,"{""bookkeeping_after_m"": 0.0, ""bookkeeping_before_m"": 3.0166802389430813e-10, ""bookkeeping_mode"": ""virtual_ol_d_snapshot"", ""bookkeeping_source"": ""OL_D read-only snapshot"", ""observed_ol_d_before_m"": 3.0166802389430813e-10, ""observed_ol_d_time"": ""2020-08-01T00:04:00"", ""requested_step_depth_m"": 5.555555555555556e-06, ""step_volume_m3"": 0.0014222222222222223, ""storage_units"": ""m"", ""target_units"": ""m3/s""}"
2020-08-01 00:04:00,runoff,91,96,default,2020-08-01,2020-09-01,62.0,2678400.0,5.925925925925926e-06,-0.0,-5.555555555555556e-06,positive_daisy_runoff_to_positive_oldr_in_flo_and_negative_storage_sink,,"{""bookkeeping_after_m"": 0.0, ""bookkeeping_before_m"": 0.0, ""bookkeeping_mode"": ""virtual_ol_d_snapshot"", ""bookkeeping_source"": ""OL_D read-only snapshot"", ""observed_ol_d_before_m"": 0.0, ""observed_ol_d_time"": ""2020-08-01T00:04:00"", ""requested_step_depth_m"": 5.555555555555556e-06, ""step_volume_m3"": 0.0014222222222222223, ""storage_units"": ""m"", ""target_units"": ""m3/s""}"
2020-08-01 00:04:00,runoff,91,97,default,2020-08-01,2020-09-01,62.0,2678400.0,5.925925925925926e-06,3.275886228948366e-10,-5.555227966932661e-06,positive_daisy_runoff_to_positive_oldr_in_flo_and_negative_storage_sink,,"{""bookkeeping_after_m"": 0.0, ""bookkeeping_before_m"": 3.275886228948366e-10, ""bookkeeping_mode"": ""virtual_ol_d_snapshot"", ""bookkeeping_source"": ""OL_D read-only snapshot"", ""observed_ol_d_before_m"": 3.275886228948366e-10, ""observed_ol_d_time"": ""2020-08-01T00:04:00"", ""requested_step_depth_m"": 5.555555555555556e-06, ""step_volume_m3"": 0.0014222222222222223, ""storage_units"": ""m"", ""target_units"": ""m3/s""}"
2020-08-01 00:04:00,runoff,91,98,default,2020-08-01,2020-09-01,62.0,2678400.0,5.925925925925926e-06,3.1752733775647357e-10,-5.555238028217799e-06,positive_daisy_runoff_to_positive_oldr_in_flo_and_negative_storage_sink,,"{""bookkeeping_after_m"": 0.0, ""bookkeeping_before_m"": 3.1752733775647357e-10, ""bookkeeping_mode"": ""virtual_ol_d_snapshot"", ""bookkeeping_source"": ""OL_D read-only snapshot"", ""observed_ol_d_before_m"": 3.1752733775647357e-10, ""observed_ol_d_time"": ""2020-08-01T00:04:00"", ""requested_step_depth_m"": 5.555555555555556e-06, ""step_volume_m3"": 0.0014222222222222223, ""storage_units"": ""m"", ""target_units"": ""m3/s""}"
2020-08-01 00:04:00,runoff,91,99,default,2020-08-01,2020-09-01,62.0,2678400.0,5.925925925925926e-06,3.071249921049457e-10,-5.555248430563451e-06,positive_daisy_runoff_to_positive_oldr_in_flo_and_negative_storage_sink,,"{""bookkeeping_after_m"": 0.0, ""bookkeeping_before_m"": 3.071249921049457e-10, ""bookkeeping_mode"": ""virtual_ol_d_snapshot"", ""bookkeeping_source"": ""OL_D read-only snapshot"", ""observed_ol_d_before_m"": 3.071249921049457e-10, ""observed_ol_d_time"": ""2020-08-01T00:04:00"", ""requested_step_depth_m"": 5.555555555555556e-06, ""step_volume_m3"": 0.0014222222222222223, ""storage_units"": ""m"", ""target_units"": ""m3/s""}"
2020-08-01 00:04:00,runoff,91,100,default,2020-08-01,2020-09-01,62.0,2678400.0,5.925925925925926e-06,3.07920799968997e-10,-5.555247634755587e-06,positive_daisy_runoff_to_positive_oldr_in_flo_and_negative_storage_sink,,"{""bookkeeping_after_m"": 0.0, ""bookkeeping_before_m"": 3.07920799968997e-10, ""bookkeeping_mode"": ""virtual_ol_d_snapshot"", ""bookkeeping_source"": ""OL_D read-only snapshot"", ""observed_ol_d_before_m"": 3.07920799968997e-10, ""observed_ol_d_time"": ""2020-08-01T00:04:00"", ""requested_step_depth_m"": 5.555555555555556e-06, ""step_volume_m3"": 0.0014222222222222223, ""storage_units"": ""m"", ""target_units"": ""m3/s""}"
2020-08-01 00:04:00,runoff,91,101,default,2020-08-01,2020-09-01,62.0,2678400.0,5.925925925925926e-06,3.04964942188235e-10,-5.555250590613368e-06,positive_daisy_runoff_to_positive_oldr_in_flo_and_negative_storage_sink,,"{""bookkeeping_after_m"": 0.0, ""bookkeeping_before_m"": 3.04964942188235e-10, ""bookkeeping_mode"": ""virtual_ol_d_snapshot"", ""bookkeeping_source"": ""OL_D read-only snapshot"", ""observed_ol_d_before_m"": 3.04964942188235e-10, ""observed_ol_d_time"": ""2020-08-01T00:04:00"", ""requested_step_depth_m"": 5.555555555555556e-06, ""step_volume_m3"": 0.0014222222222222223, ""storage_units"": ""m"", ""target_units"": ""m3/s""}"
2020-08-01 00:04:00,runoff,91,102,default,2020-08-01,2020-09-01,62.0,2678400.0,5.925925925925926e-06,3.02009084407473e-10,-5.555253546471148e-06,positive_daisy_runoff_to_positive_oldr_in_flo_and_negative_storage_sink,,"{""bookkeeping_after_m"": 0.0, ""bookkeeping_before_m"": 3.02009084407473e-10, ""bookkeeping_mode"": ""virtual_ol_d_snapshot"", ""bookkeeping_source"": ""OL_D read-only snapshot"", ""observed_ol_d_before_m"": 3.02009084407473e-10, ""observed_ol_d_time"": ""2020-08-01T00:04:00"", ""requested_step_depth_m"": 5.555555555555556e-06, ""step_volume_m3"": 0.0014222222222222223, ""storage_units"": ""m"", ""target_units"": ""m3/s""}"
2020-08-01 00:04:00,runoff,91,103,default,2020-08-01,2020-09-01,62.0,2678400.0,5.925925925925926e-06,3.093418854405172e-10,-5.555246213670115e-06,positive_daisy_runoff_to_positive_oldr_in_flo_and_negative_storage_sink,,"{""bookkeeping_after_m"": 0.0, ""bookkeeping_before_m"": 3.093418854405172e-10, ""bookkeeping_mode"": ""virtual_ol_d_snapshot"", ""bookkeeping_source"": ""OL_D read-only snapshot"", ""observed_ol_d_before_m"": 3.093418854405172e-10, ""observed_ol_d_time"": ""2020-08-01T00:04:00"", ""requested_step_depth_m"": 5.555555555555556e-06, ""step_volume_m3"": 0.0014222222222222223, ""storage_units"": ""m"", ""target_units"": ""m3/s""}"
2020-08-01 00:04:00,runoff,91,104,default,2020-08-01,2020-09-01,62.0,2678400.0,5.925925925925926e-06,3.1042191039887257e-10,-5.555245133645157e-06,positive_daisy_runoff_to_positive_oldr_in_flo_and_negative_storage_sink,,"{""bookkeeping_after_m"": 0.0, ""bookkeeping_before_m"": 3.1042191039887257e-10, ""bookkeeping_mode"": ""virtual_ol_d_snapshot"", ""bookkeeping_source"": ""OL_D read-only snapshot"", ""observed_ol_d_before_m"": 3.1042191039887257e-10, ""observed_ol_d_time"": ""2020-08-01T00:04:00"", ""requested_step_depth_m"": 5.555555555555556e-06, ""step_volume_m3"": 0.0014222222222222223, ""storage_units"": ""m"", ""target_units"": ""m3/s""}"
2020-08-01 00:04:00,runoff,91,105,default,2020-08-01,2020-09-01,62.0,2678400.0,5.925925925925926e-06,3.0729552236152813e-10,-5.555248260033194e-06,positive_daisy_runoff_to_positive_oldr_in_flo_and_negative_storage_sink,,"{""bookkeeping_after_m"": 0.0, ""bookkeeping_before_m"": 3.0729552236152813e-10, ""bookkeeping_mode"": ""virtual_ol_d_snapshot"", ""bookkeeping_source"": ""OL_D read-only snapshot"", ""observed_ol_d_before_m"": 3.0729552236152813e-10, ""observed_ol_d_time"": ""2020-08-01T00:04:00"", ""requested_step_depth_m"": 5.555555555555556e-06, ""step_volume_m3"": 0.0014222222222222223, ""storage_units"": ""m"", ""target_units"": ""m3/s""}"
2020-08-01 00:04:00,runoff,91,106,default,2020-08-01,2020-09-01,62.0,2678400.0,5.925925925925926e-06,3.13548298436217e-10,-5.55524200725712e-06,positive_daisy_runoff_to_positive_oldr_in_flo_and_negative_storage_sink,,"{""bookkeeping_after_m"": 0.0, ""bookkeeping_before_m"": 3.13548298436217e-10, ""bookkeeping_mode"": ""virtual_ol_d_snapshot"", ""bookkeeping_source"": ""OL_D read-only snapshot"", ""observed_ol_d_before_m"": 3.13548298436217e-10, ""observed_ol_d_time"": ""2020-08-01T00:04:00"", ""requested_step_depth_m"": 5.555555555555556e-06, ""step_volume_m3"": 0.0014222222222222223, ""storage_units"": ""m"", ""target_units"": ""m3/s""}"
2020-08-01 00:04:00,runoff,91,107,default,2020-08-01,2020-09-01,62.0,2678400.0,5.925925925925926e-06,3.157083483529277e-10,-5.555239847207203e-06,positive_daisy_runoff_to_positive_oldr_in_flo_and_negative_storage_sink,,"{""bookkeeping_after_m"": 0.0, ""bookkeeping_before_m"": 3.157083483529277e-10, ""bookkeeping_mode"": ""virtual_ol_d_snapshot"", ""bookkeeping_source"": ""OL_D read-only snapshot"", ""observed_ol_d_before_m"": 3.157083483529277e-10, ""observed_ol_d_time"": ""2020-08-01T00:04:00"", ""requested_step_depth_m"": 5.555555555555556e-06, ""step_volume_m3"": 0.0014222222222222223, ""storage_units"": ""m"", ""target_units"": ""m3/s""}"
2020-08-01 00:04:00,runoff,91,108,default,2020-08-01,2020-09-01,62.0,2678400.0,5.925925925925926e-06,3.0024693842278793e-10,-5.555255308617133e-06,positive_daisy_runoff_to_positive_oldr_in_flo_and_negative_storage_sink,,"{""bookkeeping_after_m"": 0.0, ""bookkeeping_before_m"": 3.0024693842278793e-10, ""bookkeeping_mode"": ""virtual_ol_d_snapshot"", ""bookkeeping_source"": ""OL_D read-only snapshot"", ""observed_ol_d_before_m"": 3.0024693842278793e-10, ""observed_ol_d_time"": ""2020-08-01T00:04:00"", ""requested_step_depth_m"": 5.555555555555556e-06, ""step_volume_m3"": 0.0014222222222222223, ""storage_units"": ""m"", ""target_units"": ""m3/s""}"
2020-08-01 00:04:00,runoff,91,109,default,2020-08-01,2020-09-01,62.0,2678400.0,5.925925925925926e-06,3.0672708817292005e-10,-5.555248828467383e-06,positive_daisy_runoff_to_positive_oldr_in_flo_and_negative_storage_sink,,"{""bookkeeping_after_m"": 0.0, ""bookkeeping_before_m"": 3.0672708817292005e-10, ""bookkeeping_mode"": ""virtual_ol_d_snapshot"", ""bookkeeping_source"": ""OL_D read-only snapshot"", ""observed_ol_d_before_m"": 3.0672708817292005e-10, ""observed_ol_d_time"": ""2020-08-01T00:04:00"", ""requested_step_depth_m"": 5.555555555555556e-06, ""step_volume_m3"": 0.0014222222222222223, ""storage_units"": ""m"", ""target_units"": ""m3/s""}"
2020-08-01 00:04:00,runoff,91,110,default,2020-08-01,2020-09-01,62.0,2678400.0,5.925925925925926e-06,3.0968294595368207e-10,-5.555245872609602e-06,positive_daisy_runoff_to_positive_oldr_in_flo_and_negative_storage_sink,,"{""bookkeeping_after_m"": 0.0, ""bookkeeping_before_m"": 3.0968294595368207e-10, ""bookkeeping_mode"": ""virtual_ol_d_snapshot"", ""bookkeeping_source"": ""OL_D read-only snapshot"", ""observed_ol_d_before_m"": 3.0968294595368207e-10, ""observed_ol_d_time"": ""2020-08-01T00:04:00"", ""requested_step_depth_m"": 5.555555555555556e-06, ""step_volume_m3"": 0.0014222222222222223, ""storage_units"": ""m"", ""target_units"": ""m3/s""}"
2020-08-01 00:04:00,runoff,91,111,default,2020-08-01,2020-09-01,62.0,2678400.0,5.925925925925926e-06,3.1508307074545883e-10,-5.55524047248481e-06,positive_daisy_runoff_to_positive_oldr_in_flo_and_negative_storage_sink,,"{""bookkeeping_after_m"": 0.0, ""bookkeeping_before_m"": 3.1508307074545883e-10, ""bookkeeping_mode"": ""virtual_ol_d_snapshot"", ""bookkeeping_source"": ""OL_D read-only snapshot"", ""observed_ol_d_before_m"": 3.1508307074545883e-10, ""observed_ol_d_time"": ""2020-08-01T00:04:00"", ""requested_step_depth_m"": 5.555555555555556e-06, ""step_volume_m3"": 0.0014222222222222223, ""storage_units"": ""m"", ""target_units"": ""m3/s""}"
2020-08-01 00:04:00,runoff,91,112,default,2020-08-01,2020-09-01,62.0,2678400.0,5.925925925925926e-06,3.051354724448174e-10,-5.555250420083111e-06,positive_daisy_runoff_to_positive_oldr_in_flo_and_negative_storage_sink,,"{""bookkeeping_after_m"": 0.0, ""bookkeeping_before_m"": 3.051354724448174e-10, ""bookkeeping_mode"": ""virtual_ol_d_snapshot"", ""bookkeeping_source"": ""OL_D read-only snapshot"", ""observed_ol_d_before_m"": 3.051354724448174e-10, ""observed_ol_d_time"": ""2020-08-01T00:04:00"", ""requested_step_depth_m"": 5.555555555555556e-06, ""step_volume_m3"": 0.0014222222222222223, ""storage_units"": ""m"", ""target_units"": ""m3/s""}"
2020-08-01 00:04:00,runoff,91,113,default,2020-08-01,2020-09-01,62.0,2678400.0,5.925925925925926e-06,3.1371882869279943e-10,-5.555241836726863e-06,positive_daisy_runoff_to_positive_oldr_in_flo_and_negative_storage_sink,,"{""bookkeeping_after_m"": 0.0, ""bookkeeping_before_m"": 3.1371882869279943e-10, ""bookkeeping_mode"": ""virtual_ol_d_snapshot"", ""bookkeeping_source"": ""OL_D read-only snapshot"", ""observed_ol_d_before_m"": 3.1371882869279943e-10, ""observed_ol_d_time"": ""2020-08-01T00:04:00"", ""requested_step_depth_m"": 5.555555555555556e-06, ""step_volume_m3"": 0.0014222222222222223, ""storage_units"": ""m"", ""target_units"": ""m3/s""}"
2020-08-01 00:04:00,runoff,91,114,default,2020-08-01,2020-09-01,62.0,2678400.0,5.925925925925926e-06,3.154241312586237e-10,-5.555240131424297e-06,positive_daisy_runoff_to_positive_oldr_in_flo_and_negative_storage_sink,,"{""bookkeeping_after_m"": 0.0, ""bookkeeping_before_m"": 3.154241312586237e-10, ""bookkeeping_mode"": ""virtual_ol_d_snapshot"", ""bookkeeping_source"": ""OL_D read-only snapshot"", ""observed_ol_d_before_m"": 3.154241312586237e-10, ""observed_ol_d_time"": ""2020-08-01T00:04:00"", ""requested_step_depth_m"": 5.555555555555556e-06, ""step_volume_m3"": 0.0014222222222222223, ""storage_units"": ""m"", ""target_units"": ""m3/s""}"
2020-08-01 00:04:00,runoff,91,115,default,2020-08-01,2020-09-01,62.0,2678400.0,5.925925925925926e-06,3.267928150307853e-10,-5.555228762740525e-06,positive_daisy_runoff_to_positive_oldr_in_flo_and_negative_storage_sink,,"{""bookkeeping_after_m"": 0.0, ""bookkeeping_before_m"": 3.267928150307853e-10, ""bookkeeping_mode"": ""virtual_ol_d_snapshot"", ""bookkeeping_source"": ""OL_D read-only snapshot"", ""observed_ol_d_before_m"": 3.267928150307853e-10, ""observed_ol_d_time"": ""2020-08-01T00:04:00"", ""requested_step_depth_m"": 5.555555555555556e-06, ""step_volume_m3"": 0.0014222222222222223, ""storage_units"": ""m"", ""target_units"": ""m3/s""}"
2020-08-01 00:04:00,runoff,91,116,default,2020-08-01,2020-09-01,62.0,2678400.0,5.925925925925926e-06,3.0729552236152813e-10,-5.555248260033194e-06,positive_daisy_runoff_to_positive_oldr_in_flo_and_negative_storage_sink,,"{""bookkeeping_after_m"": 0.0, ""bookkeeping_before_m"": 3.0729552236152813e-10, ""bookkeeping_mode"": ""virtual_ol_d_snapshot"", ""bookkeeping_source"": ""OL_D read-only snapshot"", ""observed_ol_d_before_m"": 3.0729552236152813e-10, ""observed_ol_d_time"": ""2020-08-01T00:04:00"", ""requested_step_depth_m"": 5.555555555555556e-06, ""step_volume_m3"": 0.0014222222222222223, ""storage_units"": ""m"", ""target_units"": ""m3/s""}"
2020-08-01 00:04:00,runoff,91,117,default,2020-08-01,2020-09-01,62.0,2678400.0,5.925925925925926e-06,3.157083483529277e-10,-5.555239847207203e-06,positive_daisy_runoff_to_positive_oldr_in_flo_and_negative_storage_sink,,"{""bookkeeping_after_m"": 0.0, ""bookkeeping_before_m"": 3.157083483529277e-10, ""bookkeeping_mode"": ""virtual_ol_d_snapshot"", ""bookkeeping_source"": ""OL_D read-only snapshot"", ""observed_ol_d_before_m"": 3.157083483529277e-10, ""observed_ol_d_time"": ""2020-08-01T00:04:00"", ""requested_step_depth_m"": 5.555555555555556e-06, ""step_volume_m3"": 0.0014222222222222223, ""storage_units"": ""m"", ""target_units"": ""m3/s""}"
2020-08-01 00:04:00,runoff,91,118,default,2020-08-01,2020-09-01,62.0,2678400.0,5.925925925925926e-06,3.4157210393459536e-10,-5.555213983451621e-06,positive_daisy_runoff_to_positive_oldr_in_flo_and_negative_storage_sink,,"{""bookkeeping_after_m"": 0.0, ""bookkeeping_before_m"": 3.4157210393459536e-10, ""bookkeeping_mode"": ""virtual_ol_d_snapshot"", ""bookkeeping_source"": ""OL_D read-only snapshot"", ""observed_ol_d_before_m"": 3.4157210393459536e-10, ""observed_ol_d_time"": ""2020-08-01T00:04:00"", ""requested_step_depth_m"": 5.555555555555556e-06, ""step_volume_m3"": 0.0014222222222222223, ""storage_units"": ""m"", ""target_units"": ""m3/s""}"
2020-08-01 00:04:00,runoff,92,54,default,2020-08-01,2020-09-01,62.0,2678400.0,5.925925925925926e-06,-0.0,-5.555555555555556e-06,positive_daisy_runoff_to_positive_oldr_in_flo_and_negative_storage_sink,,"{""bookkeeping_after_m"": 0.0, ""bookkeeping_before_m"": 0.0, ""bookkeeping_mode"": ""virtual_ol_d_snapshot"", ""bookkeeping_source"": ""OL_D read-only snapshot"", ""observed_ol_d_before_m"": 0.0, ""observed_ol_d_time"": ""2020-08-01T00:04:00"", ""requested_step_depth_m"": 5.555555555555556e-06, ""step_volume_m3"": 0.0014222222222222223, ""storage_units"": ""m"", ""target_units"": ""m3/s""}"
2020-08-01 00:04:00,runoff,92,55,default,2020-08-01,2020-09-01,62.0,2678400.0,5.925925925925926e-06,-0.0,-5.555555555555556e-06,positive_daisy_runoff_to_positive_oldr_in_flo_and_negative_storage_sink,,"{""bookkeeping_after_m"": 0.0, ""bookkeeping_before_m"": 0.0, ""bookkeeping_mode"": ""virtual_ol_d_snapshot"", ""bookkeeping_source"": ""OL_D read-only snapshot"", ""observed_ol_d_before_m"": 0.0, ""observed_ol_d_time"": ""2020-08-01T00:04:00"", ""requested_step_depth_m"": 5.555555555555556e-06, ""step_volume_m3"": 0.0014222222222222223, ""storage_units"": ""m"", ""target_units"": ""m3/s""}"
2020-08-01 00:04:00,runoff,92,56,default,2020-08-01,2020-09-01,62.0,2678400.0,5.925925925925926e-06,3.1184299587039277e-10,-5.5552437125596854e-06,positive_daisy_runoff_to_positive_oldr_in_flo_and_negative_storage_sink,,"{""bookkeeping_after_m"": 0.0, ""bookkeeping_before_m"": 3.1184299587039277e-10, ""bookkeeping_mode"": ""virtual_ol_d_snapshot"", ""bookkeeping_source"": ""OL_D read-only snapshot"", ""observed_ol_d_before_m"": 3.1184299587039277e-10, ""observed_ol_d_time"": ""2020-08-01T00:04:00"", ""requested_step_depth_m"": 5.555555555555556e-06, ""step_volume_m3"": 0.0014222222222222223, ""storage_units"": ""m"", ""target_units"": ""m3/s""}"
2020-08-01 00:04:00,runoff,92,57,default,2020-08-01,2020-09-01,62.0,2678400.0,5.925925925925926e-06,3.1320723792305216e-10,-5.555242348317633e-06,positive_daisy_runoff_to_positive_oldr_in_flo_and_negative_storage_sink,,"{""bookkeeping_after_m"": 0.0, ""bookkeeping_before_m"": 3.1320723792305216e-10, ""bookkeeping_mode"": ""virtual_ol_d_snapshot"", ""bookkeeping_source"": ""OL_D read-only snapshot"", ""observed_ol_d_before_m"": 3.1320723792305216e-10, ""observed_ol_d_time"": ""2020-08-01T00:04:00"", ""requested_step_depth_m"": 5.555555555555556e-06, ""step_volume_m3"": 0.0014222222222222223, ""storage_units"": ""m"", ""target_units"": ""m3/s""}"
2020-08-01 00:04:00,runoff,92,58,default,2020-08-01,2020-09-01,62.0,2678400.0,5.925925925925926e-06,3.1252511689672247e-10,-5.555243030438659e-06,positive_daisy_runoff_to_positive_oldr_in_flo_and_negative_storage_sink,,"{""bookkeeping_after_m"": 0.0, ""bookkeeping_before_m"": 3.1252511689672247e-10, ""bookkeeping_mode"": ""virtual_ol_d_snapshot"", ""bookkeeping_source"": ""OL_D read-only snapshot"", ""observed_ol_d_before_m"": 3.1252511689672247e-10, ""observed_ol_d_time"": ""2020-08-01T00:04:00"", ""requested_step_depth_m"": 5.555555555555556e-06, ""step_volume_m3"": 0.0014222222222222223, ""storage_units"": ""m"", ""target_units"": ""m3/s""}"
2020-08-01 00:04:00,runoff,92,59,default,2020-08-01,2020-09-01,62.0,2678400.0,5.925925925925926e-06,3.12070369545836e-10,-5.55524348518601e-06,positive_daisy_runoff_to_positive_oldr_in_flo_and_negative_storage_sink,,"{""bookkeeping_after_m"": 0.0, ""bookkeeping_before_m"": 3.12070369545836e-10, ""bookkeeping_mode"": ""virtual_ol_d_snapshot"", ""bookkeeping_source"": ""OL_D read-only snapshot"", ""observed_ol_d_before_m"": 3.12070369545836e-10, ""observed_ol_d_time"": ""2020-08-01T00:04:00"", ""requested_step_depth_m"": 5.555555555555556e-06, ""step_volume_m3"": 0.0014222222222222223, ""storage_units"": ""m"", ""target_units"": ""m3/s""}"
2020-08-01 00:04:00,runoff,92,60,default,2020-08-01,2020-09-01,62.0,2678400.0,5.925925925925926e-06,3.1309355108533055e-10,-5.5552424620044705e-06,positive_daisy_runoff_to_positive_oldr_in_flo_and_negative_storage_sink,,"{""bookkeeping_after_m"": 0.0, ""bookkeeping_before_m"": 3.1309355108533055e-10, ""bookkeeping_mode"": ""virtual_ol_d_snapshot"", ""bookkeeping_source"": ""OL_D read-only snapshot"", ""observed_ol_d_before_m"": 3.1309355108533055e-10, ""observed_ol_d_time"": ""2020-08-01T00:04:00"", ""requested_step_depth_m"": 5.555555555555556e-06, ""step_volume_m3"": 0.0014222222222222223, ""storage_units"": ""m"", ""target_units"": ""m3/s""}"
2020-08-01 00:04:00,runoff,92,61,default,2020-08-01,2020-09-01,62.0,2678400.0,5.925925925925926e-06,3.12070369545836e-10,-5.55524348518601e-06,positive_daisy_runoff_to_positive_oldr_in_flo_and_negative_storage_sink,,"{""bookkeeping_after_m"": 0.0, ""bookkeeping_before_m"": 3.12070369545836e-10, ""bookkeeping_mode"": ""virtual_ol_d_snapshot"", ""bookkeeping_source"": ""OL_D read-only snapshot"", ""observed_ol_d_before_m"": 3.12070369545836e-10, ""observed_ol_d_time"": ""2020-08-01T00:04:00"", ""requested_step_depth_m"": 5.555555555555556e-06, ""step_volume_m3"": 0.0014222222222222223, ""storage_units"": ""m"", ""target_units"": ""m3/s""}"
2020-08-01 00:04:00,runoff,92,62,default,2020-08-01,2020-09-01,62.0,2678400.0,5.925925925925926e-06,3.1229774322127923e-10,-5.5552432578123345e-06,positive_daisy_runoff_to_positive_oldr_in_flo_and_negative_storage_sink,,"{""bookkeeping_after_m"": 0.0, ""bookkeeping_before_m"": 3.1229774322127923e-10, ""bookkeeping_mode"": ""virtual_ol_d_snapshot"", ""bookkeeping_source"": ""OL_D read-only snapshot"", ""observed_ol_d_before_m"": 3.1229774322127923e-10, ""observed_ol_d_time"": ""2020-08-01T00:04:00"", ""requested_step_depth_m"": 5.555555555555556e-06, ""step_volume_m3"": 0.0014222222222222223, ""storage_units"": ""m"", ""target_units"": ""m3/s""}"
2020-08-01 00:04:00,runoff,92,63,default,2020-08-01,2020-09-01,62.0,2678400.0,5.925925925925926e-06,3.1116087484406307e-10,-5.555244394680712e-06,positive_daisy_runoff_to_positive_oldr_in_flo_and_negative_storage_sink,,"{""bookkeeping_after_m"": 0.0, ""bookkeeping_before_m"": 3.1116087484406307e-10, ""bookkeeping_mode"": ""virtual_ol_d_snapshot"", ""bookkeeping_source"": ""OL_D read-only snapshot"", ""observed_ol_d_before_m"": 3.1116087484406307e-10, ""observed_ol_d_time"": ""2020-08-01T00:04:00"", ""requested_step_depth_m"": 5.555555555555556e-06, ""step_volume_m3"": 0.0014222222222222223, ""storage_units"": ""m"", ""target_units"": ""m3/s""}"
2020-08-01 00:04:00,runoff,92,64,default,2020-08-01,2020-09-01,62.0,2678400.0,5.925925925925926e-06,3.0047431209823117e-10,-5.555255081243458e-06,positive_daisy_runoff_to_positive_oldr_in_flo_and_negative_storage_sink,,"{""bookkeeping_after_m"": 0.0, ""bookkeeping_before_m"": 3.0047431209823117e-10, ""bookkeeping_mode"": ""virtual_ol_d_snapshot"", ""bookkeeping_source"": ""OL_D read-only snapshot"", ""observed_ol_d_before_m"": 3.0047431209823117e-10, ""observed_ol_d_time"": ""2020-08-01T00:04:00"", ""requested_step_depth_m"": 5.555555555555556e-06, ""step_volume_m3"": 0.0014222222222222223, ""storage_units"": ""m"", ""target_units"": ""m3/s""}"
2020-08-01 00:04:00,runoff,92,65,default,2020-08-01,2020-09-01,62.0,2678400.0,5.925925925925926e-06,2.9979219107190147e-10,-5.555255763364484e-06,positive_daisy_runoff_to_positive_oldr_in_flo_and_negative_storage_sink,,"{""bookkeeping_after_m"": 0.0, ""bookkeeping_before_m"": 2.9979219107190147e-10, ""bookkeeping_mode"": ""virtual_ol_d_snapshot"", ""bookkeeping_source"": ""OL_D read-only snapshot"", ""observed_ol_d_before_m"": 2.9979219107190147e-10, ""observed_ol_d_time"": ""2020-08-01T00:04:00"", ""requested_step_depth_m"": 5.555555555555556e-06, ""step_volume_m3"": 0.0014222222222222223, ""storage_units"": ""m"", ""target_units"": ""m3/s""}"
2020-08-01 00:04:00,runoff,92,66,default,2020-08-01,2020-09-01,62.0,2678400.0,5.925925925925926e-06,3.142304194625467e-10,-5.555241325136093e-06,positive_daisy_runoff_to_positive_oldr_in_flo_and_negative_storage_sink,,"{""bookkeeping_after_m"": 0.0, ""bookkeeping_before_m"": 3.142304194625467e-10, ""bookkeeping_mode"": ""virtual_ol_d_snapshot"", ""bookkeeping_source"": ""OL_D read-only snapshot"", ""observed_ol_d_before_m"": 3.142304194625467e-10, ""observed_ol_d_time"": ""2020-08-01T00:04:00"", ""requested_step_depth_m"": 5.555555555555556e-06, ""step_volume_m3"": 0.0014222222222222223, ""storage_units"": ""m"", ""target_units"": ""m3/s""}"
2020-08-01 00:04:00,runoff,92,67,default,2020-08-01,2020-09-01,62.0,2678400.0,5.925925925925926e-06,3.270770321250893e-10,-5.555228478523431e-06,positive_daisy_runoff_to_positive_oldr_in_flo_and_negative_storage_sink,,"{""bookkeeping_after_m"": 0.0, ""bookkeeping_before_m"": 3.270770321250893e-10, ""bookkeeping_mode"": ""virtual_ol_d_snapshot"", ""bookkeeping_source"": ""OL_D read-only snapshot"", ""observed_ol_d_before_m"": 3.270770321250893e-10, ""observed_ol_d_time"": ""2020-08-01T00:04:00"", ""requested_step_depth_m"": 5.555555555555556e-06, ""step_volume_m3"": 0.0014222222222222223, ""storage_units"": ""m"", ""target_units"": ""m3/s""}"
2020-08-01 00:04:00,runoff,92,68,default,2020-08-01,2020-09-01,62.0,2678400.0,5.925925925925926e-06,2.9967850423417985e-10,-5.555255877051322e-06,positive_daisy_runoff_to_positive_oldr_in_flo_and_negative_storage_sink,,"{""bookkeeping_after_m"": 0.0, ""bookkeeping_before_m"": 2.9967850423417985e-10, ""bookkeeping_mode"": ""virtual_ol_d_snapshot"", ""bookkeeping_source"": ""OL_D read-only snapshot"", ""observed_ol_d_before_m"": 2.9967850423417985e-10, ""observed_ol_d_time"": ""2020-08-01T00:04:00"", ""requested_step_depth_m"": 5.555555555555556e-06, ""step_volume_m3"": 0.0014222222222222223, ""storage_units"": ""m"", ""target_units"": ""m3/s""}"
2020-08-01 00:04:00,runoff,92,69,default,2020-08-01,2020-09-01,62.0,2678400.0,5.925925925925926e-06,3.1798208510736004e-10,-5.5552375734704485e-06,positive_daisy_runoff_to_positive_oldr_in_flo_and_negative_storage_sink,,"{""bookkeeping_after_m"": 0.0, ""bookkeeping_before_m"": 3.1798208510736004e-10, ""bookkeeping_mode"": ""virtual_ol_d_snapshot"", ""bookkeeping_source"": ""OL_D read-only snapshot"", ""observed_ol_d_before_m"": 3.1798208510736004e-10, ""observed_ol_d_time"": ""2020-08-01T00:04:00"", ""requested_step_depth_m"": 5.555555555555556e-06, ""step_volume_m3"": 0.0014222222222222223, ""storage_units"": ""m"", ""target_units"": ""m3/s""}"
2020-08-01 00:04:00,runoff,92,70,default,2020-08-01,2020-09-01,62.0,2678400.0,5.925925925925926e-06,3.0183855415089056e-10,-5.555253717001405e-06,positive_daisy_runoff_to_positive_oldr_in_flo_and_negative_storage_sink,,"{""bookkeeping_after_m"": 0.0, ""bookkeeping_before_m"": 3.0183855415089056e-10, ""bookkeeping_mode"": ""virtual_ol_d_snapshot"", ""bookkeeping_source"": ""OL_D read-only snapshot"", ""observed_ol_d_before_m"": 3.0183855415089056e-10, ""observed_ol_d_time"": ""2020-08-01T00:04:00"", ""requested_step_depth_m"": 5.555555555555556e-06, ""step_volume_m3"": 0.0014222222222222223, ""storage_units"": ""m"", ""target_units"": ""m3/s""}"
2020-08-01 00:04:00,runoff,92,71,default,2020-08-01,2020-09-01,62.0,2678400.0,5.925925925925926e-06,2.9967850423417985e-10,-5.555255877051322e-06,positive_daisy_runoff_to_positive_oldr_in_flo_and_negative_storage_sink,,"{""bookkeeping_after_m"": 0.0, ""bookkeeping_before_m"": 2.9967850423417985e-10, ""bookkeeping_mode"": ""virtual_ol_d_snapshot"", ""bookkeeping_source"": ""OL_D read-only snapshot"", ""observed_ol_d_before_m"": 2.9967850423417985e-10, ""observed_ol_d_time"": ""2020-08-01T00:04:00"", ""requested_step_depth_m"": 5.555555555555556e-06, ""step_volume_m3"": 0.0014222222222222223, ""storage_units"": ""m"", ""target_units"": ""m3/s""}"
2020-08-01 00:04:00,runoff,92,72,default,2020-08-01,2020-09-01,62.0,2678400.0,5.925925925925926e-06,3.0331648304127157e-10,-5.5552522390725146e-06,positive_daisy_runoff_to_positive_oldr_in_flo_and_negative_storage_sink,,"{""bookkeeping_after_m"": 0.0, ""bookkeeping_before_m"": 3.0331648304127157e-10, ""bookkeeping_mode"": ""virtual_ol_d_snapshot"", ""bookkeeping_source"": ""OL_D read-only snapshot"", ""observed_ol_d_before_m"": 3.0331648304127157e-10, ""observed_ol_d_time"": ""2020-08-01T00:04:00"", ""requested_step_depth_m"": 5.555555555555556e-06, ""step_volume_m3"": 0.0014222222222222223, ""storage_units"": ""m"", ""target_units"": ""m3/s""}"
2020-08-01 00:04:00,runoff,92,73,default,2020-08-01,2020-09-01,62.0,2678400.0,5.925925925925926e-06,3.121840563835576e-10,-5.555243371499172e-06,positive_daisy_runoff_to_positive_oldr_in_flo_and_negative_storage_sink,,"{""bookkeeping_after_m"": 0.0, ""bookkeeping_before_m"": 3.121840563835576e-10, ""bookkeeping_mode"": ""virtual_ol_d_snapshot"", ""bookkeeping_source"": ""OL_D read-only snapshot"", ""observed_ol_d_before_m"": 3.121840563835576e-10, ""observed_ol_d_time"": ""2020-08-01T00:04:00"", ""requested_step_depth_m"": 5.555555555555556e-06, ""step_volume_m3"": 0.0014222222222222223, ""storage_units"": ""m"", ""target_units"": ""m3/s""}"
2020-08-01 00:04:00,runoff,92,74,default,2020-08-01,2020-09-01,62.0,2678400.0,5.925925925925926e-06,3.121840563835576e-10,-5.555243371499172e-06,positive_daisy_runoff_to_positive_oldr_in_flo_and_negative_storage_sink,,"{""bookkeeping_after_m"": 0.0, ""bookkeeping_before_m"": 3.121840563835576e-10, ""bookkeeping_mode"": ""virtual_ol_d_snapshot"", ""bookkeeping_source"": ""OL_D read-only snapshot"", ""observed_ol_d_before_m"": 3.121840563835576e-10, ""observed_ol_d_time"": ""2020-08-01T00:04:00"", ""requested_step_depth_m"": 5.555555555555556e-06, ""step_volume_m3"": 0.0014222222222222223, ""storage_units"": ""m"", ""target_units"": ""m3/s""}"
2020-08-01 00:04:00,runoff,92,75,default,2020-08-01,2020-09-01,62.0,2678400.0,5.925925925925926e-06,3.1241143005900085e-10,-5.555243144125497e-06,positive_daisy_runoff_to_positive_oldr_in_flo_and_negative_storage_sink,,"{""bookkeeping_after_m"": 0.0, ""bookkeeping_before_m"": 3.1241143005900085e-10, ""bookkeeping_mode"": ""virtual_ol_d_snapshot"", ""bookkeeping_source"": ""OL_D read-only snapshot"", ""observed_ol_d_before_m"": 3.1241143005900085e-10, ""observed_ol_d_time"": ""2020-08-01T00:04:00"", ""requested_step_depth_m"": 5.555555555555556e-06, ""step_volume_m3"": 0.0014222222222222223, ""storage_units"": ""m"", ""target_units"": ""m3/s""}"
2020-08-01 00:04:00,runoff,92,76,default,2020-08-01,2020-09-01,62.0,2678400.0,5.925925925925926e-06,3.1252511689672247e-10,-5.555243030438659e-06,positive_daisy_runoff_to_positive_oldr_in_flo_and_negative_storage_sink,,"{""bookkeeping_after_m"": 0.0, ""bookkeeping_before_m"": 3.1252511689672247e-10, ""bookkeeping_mode"": ""virtual_ol_d_snapshot"", ""bookkeeping_source"": ""OL_D read-only snapshot"", ""observed_ol_d_before_m"": 3.1252511689672247e-10, ""observed_ol_d_time"": ""2020-08-01T00:04:00"", ""requested_step_depth_m"": 5.555555555555556e-06, ""step_volume_m3"": 0.0014222222222222223, ""storage_units"": ""m"", ""target_units"": ""m3/s""}"
2020-08-01 00:04:00,runoff,92,77,default,2020-08-01,2020-09-01,62.0,2678400.0,5.925925925925926e-06,3.1252511689672247e-10,-5.555243030438659e-06,positive_daisy_runoff_to_positive_oldr_in_flo_and_negative_storage_sink,,"{""bookkeeping_after_m"": 0.0, ""bookkeeping_before_m"": 3.1252511689672247e-10, ""bookkeeping_mode"": ""virtual_ol_d_snapshot"", ""bookkeeping_source"": ""OL_D read-only snapshot"", ""observed_ol_d_before_m"": 3.1252511689672247e-10, ""observed_ol_d_time"": ""2020-08-01T00:04:00"", ""requested_step_depth_m"": 5.555555555555556e-06, ""step_volume_m3"": 0.0014222222222222223, ""storage_units"": ""m"", ""target_units"": ""m3/s""}"
2020-08-01 00:04:00,runoff,92,78,default,2020-08-01,2020-09-01,62.0,2678400.0,5.925925925925926e-06,3.1093350116861984e-10,-5.555244622054387e-06,positive_daisy_runoff_to_positive_oldr_in_flo_and_negative_storage_sink,,"{""bookkeeping_after_m"": 0.0, ""bookkeeping_before_m"": 3.1093350116861984e-10, ""bookkeeping_mode"": ""virtual_ol_d_snapshot"", ""bookkeeping_source"": ""OL_D read-only snapshot"", ""observed_ol_d_before_m"": 3.1093350116861984e-10, ""observed_ol_d_time"": ""2020-08-01T00:04:00"", ""requested_step_depth_m"": 5.555555555555556e-06, ""step_volume_m3"": 0.0014222222222222223, ""storage_units"": ""m"", ""target_units"": ""m3/s""}"
2020-08-01 00:04:00,runoff,92,79,default,2020-08-01,2020-09-01,62.0,2678400.0,5.925925925925926e-06,3.099103196291253e-10,-5.555245645235927e-06,positive_daisy_runoff_to_positive_oldr_in_flo_and_negative_storage_sink,,"{""bookkeeping_after_m"": 0.0, ""bookkeeping_before_m"": 3.099103196291253e-10, ""bookkeeping_mode"": ""virtual_ol_d_snapshot"", ""bookkeeping_source"": ""OL_D read-only snapshot"", ""observed_ol_d_before_m"": 3.099103196291253e-10, ""observed_ol_d_time"": ""2020-08-01T00:04:00"", ""requested_step_depth_m"": 5.555555555555556e-06, ""step_volume_m3"": 0.0014222222222222223, ""storage_units"": ""m"", ""target_units"": ""m3/s""}"
2020-08-01 00:04:00,runoff,92,80,default,2020-08-01,2020-09-01,62.0,2678400.0,5.925925925925926e-06,2.99337443721015e-10,-5.555256218111835e-06,positive_daisy_runoff_to_positive_oldr_in_flo_and_negative_storage_sink,,"{""bookkeeping_after_m"": 0.0, ""bookkeeping_before_m"": 2.99337443721015e-10, ""bookkeeping_mode"": ""virtual_ol_d_snapshot"", ""bookkeeping_source"": ""OL_D read-only snapshot"", ""observed_ol_d_before_m"": 2.99337443721015e-10, ""observed_ol_d_time"": ""2020-08-01T00:04:00"", ""requested_step_depth_m"": 5.555555555555556e-06, ""step_volume_m3"": 0.0014222222222222223, ""storage_units"": ""m"", ""target_units"": ""m3/s""}"
2020-08-01 00:04:00,runoff,92,81,default,2020-08-01,2020-09-01,62.0,2678400.0,5.925925925925926e-06,2.9967850423417985e-10,-5.555255877051322e-06,positive_daisy_runoff_to_positive_oldr_in_flo_and_negative_storage_sink,,"{""bookkeeping_after_m"": 0.0, ""bookkeeping_before_m"": 2.9967850423417985e-10, ""bookkeeping_mode"": ""virtual_ol_d_snapshot"", ""bookkeeping_source"": ""OL_D read-only snapshot"", ""observed_ol_d_before_m"": 2.9967850423417985e-10, ""observed_ol_d_time"": ""2020-08-01T00:04:00"", ""requested_step_depth_m"": 5.555555555555556e-06, ""step_volume_m3"": 0.0014222222222222223, ""storage_units"": ""m"", ""target_units"": ""m3/s""}"
2020-08-01 00:04:00,runoff,92,82,default,2020-08-01,2020-09-01,62.0,2678400.0,5.925925925925926e-06,2.9899638320785016e-10,-5.555256559172348e-06,positive_daisy_runoff_to_positive_oldr_in_flo_and_negative_storage_sink,,"{""bookkeeping_after_m"": 0.0, ""bookkeeping_before_m"": 2.9899638320785016e-10, ""bookkeeping_mode"": ""virtual_ol_d_snapshot"", ""bookkeeping_source"": ""OL_D read-only snapshot"", ""observed_ol_d_before_m"": 2.9899638320785016e-10, ""observed_ol_d_time"": ""2020-08-01T00:04:00"", ""requested_step_depth_m"": 5.555555555555556e-06, ""step_volume_m3"": 0.0014222222222222223, ""storage_units"": ""m"", ""target_units"": ""m3/s""}"
2020-08-01 00:04:00,runoff,92,83,default,2020-08-01,2020-09-01,62.0,2678400.0,5.925925925925926e-06,2.99337443721015e-10,-5.555256218111835e-06,positive_daisy_runoff_to_positive_oldr_in_flo_and_negative_storage_sink,,"{""bookkeeping_after_m"": 0.0, ""bookkeeping_before_m"": 2.99337443721015e-10, ""bookkeeping_mode"": ""virtual_ol_d_snapshot"", ""bookkeeping_source"": ""OL_D read-only snapshot"", ""observed_ol_d_before_m"": 2.99337443721015e-10, ""observed_ol_d_time"": ""2020-08-01T00:04:00"", ""requested_step_depth_m"": 5.555555555555556e-06, ""step_volume_m3"": 0.0014222222222222223, ""storage_units"": ""m"", ""target_units"": ""m3/s""}"
2020-08-01 00:04:00,runoff,92,84,default,2020-08-01,2020-09-01,62.0,2678400.0,5.925925925925926e-06,3.001332515850663e-10,-5.555255422303971e-06,positive_daisy_runoff_to_positive_oldr_in_flo_and_negative_storage_sink,,"{""bookkeeping_after_m"": 0.0, ""bookkeeping_before_m"": 3.001332515850663e-10, ""bookkeeping_mode"": ""virtual_ol_d_snapshot"", ""bookkeeping_source"": ""OL_D read-only snapshot"", ""observed_ol_d_before_m"": 3.001332515850663e-10, ""observed_ol_d_time"": ""2020-08-01T00:04:00"", ""requested_step_depth_m"": 5.555555555555556e-06, ""step_volume_m3"": 0.0014222222222222223, ""storage_units"": ""m"", ""target_units"": ""m3/s""}"
2020-08-01 00:04:00,runoff,92,85,default,2020-08-01,2020-09-01,62.0,2678400.0,5.925925925925926e-06,2.99337443721015e-10,-5.555256218111835e-06,positive_daisy_runoff_to_positive_oldr_in_flo_and_negative_storage_sink,,"{""bookkeeping_after_m"": 0.0, ""bookkeeping_before_m"": 2.99337443721015e-10, ""bookkeeping_mode"": ""virtual_ol_d_snapshot"", ""bookkeeping_source"": ""OL_D read-only snapshot"", ""observed_ol_d_before_m"": 2.99337443721015e-10, ""observed_ol_d_time"": ""2020-08-01T00:04:00"", ""requested_step_depth_m"": 5.555555555555556e-06, ""step_volume_m3"": 0.0014222222222222223, ""storage_units"": ""m"", ""target_units"": ""m3/s""}"
2020-08-01 00:04:00,runoff,92,86,default,2020-08-01,2020-09-01,62.0,2678400.0,5.925925925925926e-06,3.0092905944911763e-10,-5.555254626496107e-06,positive_daisy_runoff_to_positive_oldr_in_flo_and_negative_storage_sink,,"{""bookkeeping_after_m"": 0.0, ""bookkeeping_before_m"": 3.0092905944911763e-10, ""bookkeeping_mode"": ""virtual_ol_d_snapshot"", ""bookkeeping_source"": ""OL_D read-only snapshot"", ""observed_ol_d_before_m"": 3.0092905944911763e-10, ""observed_ol_d_time"": ""2020-08-01T00:04:00"", ""requested_step_depth_m"": 5.555555555555556e-06, ""step_volume_m3"": 0.0014222222222222223, ""storage_units"": ""m"", ""target_units"": ""m3/s""}"
2020-08-01 00:04:00,runoff,92,87,default,2020-08-01,2020-09-01,62.0,2678400.0,5.925925925925926e-06,3.0172486731316894e-10,-5.555253830688243e-06,positive_daisy_runoff_to_positive_oldr_in_flo_and_negative_storage_sink,,"{""bookkeeping_after_m"": 0.0, ""bookkeeping_before_m"": 3.0172486731316894e-10, ""bookkeeping_mode"": ""virtual_ol_d_snapshot"", ""bookkeeping_source"": ""OL_D read-only snapshot"", ""observed_ol_d_before_m"": 3.0172486731316894e-10, ""observed_ol_d_time"": ""2020-08-01T00:04:00"", ""requested_step_depth_m"": 5.555555555555556e-06, ""step_volume_m3"": 0.0014222222222222223, ""storage_units"": ""m"", ""target_units"": ""m3/s""}"
2020-08-01 00:04:00,runoff,92,88,default,2020-08-01,2020-09-01,62.0,2678400.0,5.925925925925926e-06,3.015543370565865e-10,-5.555254001218499e-06,positive_daisy_runoff_to_positive_oldr_in_flo_and_negative_storage_sink,,"{""bookkeeping_after_m"": 0.0, ""bookkeeping_before_m"": 3.015543370565865e-10, ""bookkeeping_mode"": ""virtual_ol_d_snapshot"", ""bookkeeping_source"": ""OL_D read-only snapshot"", ""observed_ol_d_before_m"": 3.015543370565865e-10, ""observed_ol_d_time"": ""2020-08-01T00:04:00"", ""requested_step_depth_m"": 5.555555555555556e-06, ""step_volume_m3"": 0.0014222222222222223, ""storage_units"": ""m"", ""target_units"": ""m3/s""}"
2020-08-01 00:04:00,runoff,92,89,default,2020-08-01,2020-09-01,62.0,2678400.0,5.925925925925926e-06,-0.0,-5.555555555555556e-06,positive_daisy_runoff_to_positive_oldr_in_flo_and_negative_storage_sink,,"{""bookkeeping_after_m"": 0.0, ""bookkeeping_before_m"": 0.0, ""bookkeeping_mode"": ""virtual_ol_d_snapshot"", ""bookkeeping_source"": ""OL_D read-only snapshot"", ""observed_ol_d_before_m"": 0.0, ""observed_ol_d_time"": ""2020-08-01T00:04:00"", ""requested_step_depth_m"": 5.555555555555556e-06, ""step_volume_m3"": 0.0014222222222222223, ""storage_units"": ""m"", ""target_units"": ""m3/s""}"
2020-08-01 00:04:00,runoff,92,94,default,2020-08-01,2020-09-01,62.0,2678400.0,5.925925925925926e-06,-0.0,-5.555555555555556e-06,positive_daisy_runoff_to_positive_oldr_in_flo_and_negative_storage_sink,,"{""bookkeeping_after_m"": 0.0, ""bookkeeping_before_m"": 0.0, ""bookkeeping_mode"": ""virtual_ol_d_snapshot"", ""bookkeeping_source"": ""OL_D read-only snapshot"", ""observed_ol_d_before_m"": 0.0, ""observed_ol_d_time"": ""2020-08-01T00:04:00"", ""requested_step_depth_m"": 5.555555555555556e-06, ""step_volume_m3"": 0.0014222222222222223, ""storage_units"": ""m"", ""target_units"": ""m3/s""}"
2020-08-01 00:04:00,runoff,92,95,default,2020-08-01,2020-09-01,62.0,2678400.0,5.925925925925926e-06,-0.0,-5.555555555555556e-06,positive_daisy_runoff_to_positive_oldr_in_flo_and_negative_storage_sink,,"{""bookkeeping_after_m"": 0.0, ""bookkeeping_before_m"": 0.0, ""bookkeeping_mode"": ""virtual_ol_d_snapshot"", ""bookkeeping_source"": ""OL_D read-only snapshot"", ""observed_ol_d_before_m"": 0.0, ""observed_ol_d_time"": ""2020-08-01T00:04:00"", ""requested_step_depth_m"": 5.555555555555556e-06, ""step_volume_m3"": 0.0014222222222222223, ""storage_units"": ""m"", ""target_units"": ""m3/s""}"
2020-08-01 00:04:00,runoff,92,96,default,2020-08-01,2020-09-01,62.0,2678400.0,5.925925925925926e-06,-0.0,-5.555555555555556e-06,positive_daisy_runoff_to_positive_oldr_in_flo_and_negative_storage_sink,,"{""bookkeeping_after_m"": 0.0, ""bookkeeping_before_m"": 0.0, ""bookkeeping_mode"": ""virtual_ol_d_snapshot"", ""bookkeeping_source"": ""OL_D read-only snapshot"", ""observed_ol_d_before_m"": 0.0, ""observed_ol_d_time"": ""2020-08-01T00:04:00"", ""requested_step_depth_m"": 5.555555555555556e-06, ""step_volume_m3"": 0.0014222222222222223, ""storage_units"": ""m"", ""target_units"": ""m3/s""}"
2020-08-01 00:04:00,runoff,92,97,default,2020-08-01,2020-09-01,62.0,2678400.0,5.925925925925926e-06,3.2150637707673013e-10,-5.555234049178479e-06,positive_daisy_runoff_to_positive_oldr_in_flo_and_negative_storage_sink,,"{""bookkeeping_after_m"": 0.0, ""bookkeeping_before_m"": 3.2150637707673013e-10, ""bookkeeping_mode"": ""virtual_ol_d_snapshot"", ""bookkeeping_source"": ""OL_D read-only snapshot"", ""observed_ol_d_before_m"": 3.2150637707673013e-10, ""observed_ol_d_time"": ""2020-08-01T00:04:00"", ""requested_step_depth_m"": 5.555555555555556e-06, ""step_volume_m3"": 0.0014222222222222223, ""storage_units"": ""m"", ""target_units"": ""m3/s""}"
2020-08-01 00:04:00,runoff,92,98,default,2020-08-01,2020-09-01,62.0,2678400.0,5.925925925925926e-06,3.0451019483734854e-10,-5.5552510453607185e-06,positive_daisy_runoff_to_positive_oldr_in_flo_and_negative_storage_sink,,"{""bookkeeping_after_m"": 0.0, ""bookkeeping_before_m"": 3.0451019483734854e-10, ""bookkeeping_mode"": ""virtual_ol_d_snapshot"", ""bookkeeping_source"": ""OL_D read-only snapshot"", ""observed_ol_d_before_m"": 3.0451019483734854e-10, ""observed_ol_d_time"": ""2020-08-01T00:04:00"", ""requested_step_depth_m"": 5.555555555555556e-06, ""step_volume_m3"": 0.0014222222222222223, ""storage_units"": ""m"", ""target_units"": ""m3/s""}"
2020-08-01 00:04:00,runoff,92,99,default,2020-08-01,2020-09-01,62.0,2678400.0,5.925925925925926e-06,3.1678837331128307e-10,-5.5552387671822445e-06,positive_daisy_runoff_to_positive_oldr_in_flo_and_negative_storage_sink,,"{""bookkeeping_after_m"": 0.0, ""bookkeeping_before_m"": 3.1678837331128307e-10, ""bookkeeping_mode"": ""virtual_ol_d_snapshot"", ""bookkeeping_source"": ""OL_D read-only snapshot"", ""observed_ol_d_before_m"": 3.1678837331128307e-10, ""observed_ol_d_time"": ""2020-08-01T00:04:00"", ""requested_step_depth_m"": 5.555555555555556e-06, ""step_volume_m3"": 0.0014222222222222223, ""storage_units"": ""m"", ""target_units"": ""m3/s""}"
2020-08-01 00:04:00,runoff,92,100,default,2020-08-01,2020-09-01,62.0,2678400.0,5.925925925925926e-06,3.0104274628683925e-10,-5.555254512809269e-06,positive_daisy_runoff_to_positive_oldr_in_flo_and_negative_storage_sink,,"{""bookkeeping_after_m"": 0.0, ""bookkeeping_before_m"": 3.0104274628683925e-10, ""bookkeeping_mode"": ""virtual_ol_d_snapshot"", ""bookkeeping_source"": ""OL_D read-only snapshot"", ""observed_ol_d_before_m"": 3.0104274628683925e-10, ""observed_ol_d_time"": ""2020-08-01T00:04:00"", ""requested_step_depth_m"": 5.555555555555556e-06, ""step_volume_m3"": 0.0014222222222222223, ""storage_units"": ""m"", ""target_units"": ""m3/s""}"
2020-08-01 00:04:00,runoff,92,101,default,2020-08-01,2020-09-01,62.0,2678400.0,5.925925925925926e-06,3.0951241569709964e-10,-5.555246043139859e-06,positive_daisy_runoff_to_positive_oldr_in_flo_and_negative_storage_sink,,"{""bookkeeping_after_m"": 0.0, ""bookkeeping_before_m"": 3.0951241569709964e-10, ""bookkeeping_mode"": ""virtual_ol_d_snapshot"", ""bookkeeping_source"": ""OL_D read-only snapshot"", ""observed_ol_d_before_m"": 3.0951241569709964e-10, ""observed_ol_d_time"": ""2020-08-01T00:04:00"", ""requested_step_depth_m"": 5.555555555555556e-06, ""step_volume_m3"": 0.0014222222222222223, ""storage_units"": ""m"", ""target_units"": ""m3/s""}"
2020-08-01 00:04:00,runoff,92,102,default,2020-08-01,2020-09-01,62.0,2678400.0,5.925925925925926e-06,3.1371882869279943e-10,-5.555241836726863e-06,positive_daisy_runoff_to_positive_oldr_in_flo_and_negative_storage_sink,,"{""bookkeeping_after_m"": 0.0, ""bookkeeping_before_m"": 3.1371882869279943e-10, ""bookkeeping_mode"": ""virtual_ol_d_snapshot"", ""bookkeeping_source"": ""OL_D read-only snapshot"", ""observed_ol_d_before_m"": 3.1371882869279943e-10, ""observed_ol_d_time"": ""2020-08-01T00:04:00"", ""requested_step_depth_m"": 5.555555555555556e-06, ""step_volume_m3"": 0.0014222222222222223, ""storage_units"": ""m"", ""target_units"": ""m3/s""}"
2020-08-01 00:04:00,runoff,92,103,default,2020-08-01,2020-09-01,62.0,2678400.0,5.925925925925926e-06,3.1400304578710347e-10,-5.555241552509769e-06,positive_daisy_runoff_to_positive_oldr_in_flo_and_negative_storage_sink,,"{""bookkeeping_after_m"": 0.0, ""bookkeeping_before_m"": 3.1400304578710347e-10, ""bookkeeping_mode"": ""virtual_ol_d_snapshot"", ""bookkeeping_source"": ""OL_D read-only snapshot"", ""observed_ol_d_before_m"": 3.1400304578710347e-10, ""observed_ol_d_time"": ""2020-08-01T00:04:00"", ""requested_step_depth_m"": 5.555555555555556e-06, ""step_volume_m3"": 0.0014222222222222223, ""storage_units"": ""m"", ""target_units"": ""m3/s""}"
2020-08-01 00:04:00,runoff,92,104,default,2020-08-01,2020-09-01,62.0,2678400.0,5.925925925925926e-06,3.1729996408103034e-10,-5.555238255591475e-06,positive_daisy_runoff_to_positive_oldr_in_flo_and_negative_storage_sink,,"{""bookkeeping_after_m"": 0.0, ""bookkeeping_before_m"": 3.1729996408103034e-10, ""bookkeeping_mode"": ""virtual_ol_d_snapshot"", ""bookkeeping_source"": ""OL_D read-only snapshot"", ""observed_ol_d_before_m"": 3.1729996408103034e-10, ""observed_ol_d_time"": ""2020-08-01T00:04:00"", ""requested_step_depth_m"": 5.555555555555556e-06, ""step_volume_m3"": 0.0014222222222222223, ""storage_units"": ""m"", ""target_units"": ""m3/s""}"
2020-08-01 00:04:00,runoff,92,105,default,2020-08-01,2020-09-01,62.0,2678400.0,5.925925925925926e-06,3.0166802389430813e-10,-5.5552538875316615e-06,positive_daisy_runoff_to_positive_oldr_in_flo_and_negative_storage_sink,,"{""bookkeeping_after_m"": 0.0, ""bookkeeping_before_m"": 3.0166802389430813e-10, ""bookkeeping_mode"": ""virtual_ol_d_snapshot"", ""bookkeeping_source"": ""OL_D read-only snapshot"", ""observed_ol_d_before_m"": 3.0166802389430813e-10, ""observed_ol_d_time"": ""2020-08-01T00:04:00"", ""requested_step_depth_m"": 5.555555555555556e-06, ""step_volume_m3"": 0.0014222222222222223, ""storage_units"": ""m"", ""target_units"": ""m3/s""}"
2020-08-01 00:04:00,runoff,92,106,default,2020-08-01,2020-09-01,62.0,2678400.0,5.925925925925926e-06,3.04964942188235e-10,-5.555250590613368e-06,positive_daisy_runoff_to_positive_oldr_in_flo_and_negative_storage_sink,,"{""bookkeeping_after_m"": 0.0, ""bookkeeping_before_m"": 3.04964942188235e-10, ""bookkeeping_mode"": ""virtual_ol_d_snapshot"", ""bookkeeping_source"": ""OL_D read-only snapshot"", ""observed_ol_d_before_m"": 3.04964942188235e-10, ""observed_ol_d_time"": ""2020-08-01T00:04:00"", ""requested_step_depth_m"": 5.555555555555556e-06, ""step_volume_m3"": 0.0014222222222222223, ""storage_units"": ""m"", ""target_units"": ""m3/s""}"
2020-08-01 00:04:00,runoff,92,107,default,2020-08-01,2020-09-01,62.0,2678400.0,5.925925925925926e-06,3.105355972365942e-10,-5.555245019958319e-06,positive_daisy_runoff_to_positive_oldr_in_flo_and_negative_storage_sink,,"{""bookkeeping_after_m"": 0.0, ""bookkeeping_before_m"": 3.105355972365942e-10, ""bookkeeping_mode"": ""virtual_ol_d_snapshot"", ""bookkeeping_source"": ""OL_D read-only snapshot"", ""observed_ol_d_before_m"": 3.105355972365942e-10, ""observed_ol_d_time"": ""2020-08-01T00:04:00"", ""requested_step_depth_m"": 5.555555555555556e-06, ""step_volume_m3"": 0.0014222222222222223, ""storage_units"": ""m"", ""target_units"": ""m3/s""}"
2020-08-01 00:04:00,runoff,92,108,default,2020-08-01,2020-09-01,62.0,2678400.0,5.925925925925926e-06,2.9888269637012854e-10,-5.555256672859186e-06,positive_daisy_runoff_to_positive_oldr_in_flo_and_negative_storage_sink,,"{""bookkeeping_after_m"": 0.0, ""bookkeeping_before_m"": 2.9888269637012854e-10, ""bookkeeping_mode"": ""virtual_ol_d_snapshot"", ""bookkeeping_source"": ""OL_D read-only snapshot"", ""observed_ol_d_before_m"": 2.9888269637012854e-10, ""observed_ol_d_time"": ""2020-08-01T00:04:00"", ""requested_step_depth_m"": 5.555555555555556e-06, ""step_volume_m3"": 0.0014222222222222223, ""storage_units"": ""m"", ""target_units"": ""m3/s""}"
2020-08-01 00:04:00,runoff,92,109,default,2020-08-01,2020-09-01,62.0,2678400.0,5.925925925925926e-06,3.0161118047544733e-10,-5.55525394437508e-06,positive_daisy_runoff_to_positive_oldr_in_flo_and_negative_storage_sink,,"{""bookkeeping_after_m"": 0.0, ""bookkeeping_before_m"": 3.0161118047544733e-10, ""bookkeeping_mode"": ""virtual_ol_d_snapshot"", ""bookkeeping_source"": ""OL_D read-only snapshot"", ""observed_ol_d_before_m"": 3.0161118047544733e-10, ""observed_ol_d_time"": ""2020-08-01T00:04:00"", ""requested_step_depth_m"": 5.555555555555556e-06, ""step_volume_m3"": 0.0014222222222222223, ""storage_units"": ""m"", ""target_units"": ""m3/s""}"
2020-08-01 00:04:00,runoff,92,110,default,2020-08-01,2020-09-01,62.0,2678400.0,5.925925925925926e-06,3.0183855415089056e-10,-5.555253717001405e-06,positive_daisy_runoff_to_positive_oldr_in_flo_and_negative_storage_sink,,"{""bookkeeping_after_m"": 0.0, ""bookkeeping_before_m"": 3.0183855415089056e-10, ""bookkeeping_mode"": ""virtual_ol_d_snapshot"", ""bookkeeping_source"": ""OL_D read-only snapshot"", ""observed_ol_d_before_m"": 3.0183855415089056e-10, ""observed_ol_d_time"": ""2020-08-01T00:04:00"", ""requested_step_depth_m"": 5.555555555555556e-06, ""step_volume_m3"": 0.0014222222222222223, ""storage_units"": ""m"", ""target_units"": ""m3/s""}"
2020-08-01 00:04:00,runoff,92,111,default,2020-08-01,2020-09-01,62.0,2678400.0,5.925925925925926e-06,3.0894398150849156e-10,-5.555246611574047e-06,positive_daisy_runoff_to_positive_oldr_in_flo_and_negative_storage_sink,,"{""bookkeeping_after_m"": 0.0, ""bookkeeping_before_m"": 3.0894398150849156e-10, ""bookkeeping_mode"": ""virtual_ol_d_snapshot"", ""bookkeeping_source"": ""OL_D read-only snapshot"", ""observed_ol_d_before_m"": 3.0894398150849156e-10, ""observed_ol_d_time"": ""2020-08-01T00:04:00"", ""requested_step_depth_m"": 5.555555555555556e-06, ""step_volume_m3"": 0.0014222222222222223, ""storage_units"": ""m"", ""target_units"": ""m3/s""}"
2020-08-01 00:04:00,runoff,92,112,default,2020-08-01,2020-09-01,62.0,2678400.0,5.925925925925926e-06,3.0536284612026066e-10,-5.5552501927094356e-06,positive_daisy_runoff_to_positive_oldr_in_flo_and_negative_storage_sink,,"{""bookkeeping_after_m"": 0.0, ""bookkeeping_before_m"": 3.0536284612026066e-10, ""bookkeeping_mode"": ""virtual_ol_d_snapshot"", ""bookkeeping_source"": ""OL_D read-only snapshot"", ""observed_ol_d_before_m"": 3.0536284612026066e-10, ""observed_ol_d_time"": ""2020-08-01T00:04:00"", ""requested_step_depth_m"": 5.555555555555556e-06, ""step_volume_m3"": 0.0014222222222222223, ""storage_units"": ""m"", ""target_units"": ""m3/s""}"
2020-08-01 00:04:00,runoff,92,113,default,2020-08-01,2020-09-01,62.0,2678400.0,5.925925925925926e-06,3.1678837331128307e-10,-5.5552387671822445e-06,positive_daisy_runoff_to_positive_oldr_in_flo_and_negative_storage_sink,,"{""bookkeeping_after_m"": 0.0, ""bookkeeping_before_m"": 3.1678837331128307e-10, ""bookkeeping_mode"": ""virtual_ol_d_snapshot"", ""bookkeeping_source"": ""OL_D read-only snapshot"", ""observed_ol_d_before_m"": 3.1678837331128307e-10, ""observed_ol_d_time"": ""2020-08-01T00:04:00"", ""requested_step_depth_m"": 5.555555555555556e-06, ""step_volume_m3"": 0.0014222222222222223, ""storage_units"": ""m"", ""target_units"": ""m3/s""}"
2020-08-01 00:04:00,runoff,92,114,default,2020-08-01,2020-09-01,62.0,2678400.0,5.925925925925926e-06,3.184936758771073e-10,-5.555237061879679e-06,positive_daisy_runoff_to_positive_oldr_in_flo_and_negative_storage_sink,,"{""bookkeeping_after_m"": 0.0, ""bookkeeping_before_m"": 3.184936758771073e-10, ""bookkeeping_mode"": ""virtual_ol_d_snapshot"", ""bookkeeping_source"": ""OL_D read-only snapshot"", ""observed_ol_d_before_m"": 3.184936758771073e-10, ""observed_ol_d_time"": ""2020-08-01T00:04:00"", ""requested_step_depth_m"": 5.555555555555556e-06, ""step_volume_m3"": 0.0014222222222222223, ""storage_units"": ""m"", ""target_units"": ""m3/s""}"
2020-08-01 00:04:00,runoff,92,115,default,2020-08-01,2020-09-01,62.0,2678400.0,5.925925925925926e-06,3.2315483622369356e-10,-5.555232400719332e-06,positive_daisy_runoff_to_positive_oldr_in_flo_and_negative_storage_sink,,"{""bookkeeping_after_m"": 0.0, ""bookkeeping_before_m"": 3.2315483622369356e-10, ""bookkeeping_mode"": ""virtual_ol_d_snapshot"", ""bookkeeping_source"": ""OL_D read-only snapshot"", ""observed_ol_d_before_m"": 3.2315483622369356e-10, ""observed_ol_d_time"": ""2020-08-01T00:04:00"", ""requested_step_depth_m"": 5.555555555555556e-06, ""step_volume_m3"": 0.0014222222222222223, ""storage_units"": ""m"", ""target_units"": ""m3/s""}"
2020-08-01 00:04:00,runoff,92,116,default,2020-08-01,2020-09-01,62.0,2678400.0,5.925925925925926e-06,3.312834451207891e-10,-5.555224272110435e-06,positive_daisy_runoff_to_positive_oldr_in_flo_and_negative_storage_sink,,"{""bookkeeping_after_m"": 0.0, ""bookkeeping_before_m"": 3.312834451207891e-10, ""bookkeeping_mode"": ""virtual_ol_d_snapshot"", ""bookkeeping_source"": ""OL_D read-only snapshot"", ""observed_ol_d_before_m"": 3.312834451207891e-10, ""observed_ol_d_time"": ""2020-08-01T00:04:00"", ""requested_step_depth_m"": 5.555555555555556e-06, ""step_volume_m3"": 0.0014222222222222223, ""storage_units"": ""m"", ""target_units"": ""m3/s""}"
2020-08-01 00:04:00,runoff,92,117,default,2020-08-01,2020-09-01,62.0,2678400.0,5.925925925925926e-06,3.2093794288812205e-10,-5.555234617612668e-06,positive_daisy_runoff_to_positive_oldr_in_flo_and_negative_storage_sink,,"{""bookkeeping_after_m"": 0.0, ""bookkeeping_before_m"": 3.2093794288812205e-10, ""bookkeeping_mode"": ""virtual_ol_d_snapshot"", ""bookkeeping_source"": ""OL_D read-only snapshot"", ""observed_ol_d_before_m"": 3.2093794288812205e-10, ""observed_ol_d_time"": ""2020-08-01T00:04:00"", ""requested_step_depth_m"": 5.555555555555556e-06, ""step_volume_m3"": 0.0014222222222222223, ""storage_units"": ""m"", ""target_units"": ""m3/s""}"
2020-08-01 00:04:00,runoff,93,53,default,2020-08-01,2020-09-01,62.0,2678400.0,5.925925925925926e-06,-0.0,-5.555555555555556e-06,positive_daisy_runoff_to_positive_oldr_in_flo_and_negative_storage_sink,,"{""bookkeeping_after_m"": 0.0, ""bookkeeping_before_m"": 0.0, ""bookkeeping_mode"": ""virtual_ol_d_snapshot"", ""bookkeeping_source"": ""OL_D read-only snapshot"", ""observed_ol_d_before_m"": 0.0, ""observed_ol_d_time"": ""2020-08-01T00:04:00"", ""requested_step_depth_m"": 5.555555555555556e-06, ""step_volume_m3"": 0.0014222222222222223, ""storage_units"": ""m"", ""target_units"": ""m3/s""}"
2020-08-01 00:04:00,runoff,93,54,default,2020-08-01,2020-09-01,62.0,2678400.0,5.925925925925926e-06,-0.0,-5.555555555555556e-06,positive_daisy_runoff_to_positive_oldr_in_flo_and_negative_storage_sink,,"{""bookkeeping_after_m"": 0.0, ""bookkeeping_before_m"": 0.0, ""bookkeeping_mode"": ""virtual_ol_d_snapshot"", ""bookkeeping_source"": ""OL_D read-only snapshot"", ""observed_ol_d_before_m"": 0.0, ""observed_ol_d_time"": ""2020-08-01T00:04:00"", ""requested_step_depth_m"": 5.555555555555556e-06, ""step_volume_m3"": 0.0014222222222222223, ""storage_units"": ""m"", ""target_units"": ""m3/s""}"
2020-08-01 00:04:00,runoff,93,55,default,2020-08-01,2020-09-01,62.0,2678400.0,5.925925925925926e-06,-0.0,-5.555555555555556e-06,positive_daisy_runoff_to_positive_oldr_in_flo_and_negative_storage_sink,,"{""bookkeeping_after_m"": 0.0, ""bookkeeping_before_m"": 0.0, ""bookkeeping_mode"": ""virtual_ol_d_snapshot"", ""bookkeeping_source"": ""OL_D read-only snapshot"", ""observed_ol_d_before_m"": 0.0, ""observed_ol_d_time"": ""2020-08-01T00:04:00"", ""requested_step_depth_m"": 5.555555555555556e-06, ""step_volume_m3"": 0.0014222222222222223, ""storage_units"": ""m"", ""target_units"": ""m3/s""}"
2020-08-01 00:04:00,runoff,93,56,default,2020-08-01,2020-09-01,62.0,2678400.0,5.925925925925926e-06,3.1184299587039277e-10,-5.5552437125596854e-06,positive_daisy_runoff_to_positive_oldr_in_flo_and_negative_storage_sink,,"{""bookkeeping_after_m"": 0.0, ""bookkeeping_before_m"": 3.1184299587039277e-10, ""bookkeeping_mode"": ""virtual_ol_d_snapshot"", ""bookkeeping_source"": ""OL_D read-only snapshot"", ""observed_ol_d_before_m"": 3.1184299587039277e-10, ""observed_ol_d_time"": ""2020-08-01T00:04:00"", ""requested_step_depth_m"": 5.555555555555556e-06, ""step_volume_m3"": 0.0014222222222222223, ""storage_units"": ""m"", ""target_units"": ""m3/s""}"
2020-08-01 00:04:00,runoff,93,57,default,2020-08-01,2020-09-01,62.0,2678400.0,5.925925925925926e-06,3.1320723792305216e-10,-5.555242348317633e-06,positive_daisy_runoff_to_positive_oldr_in_flo_and_negative_storage_sink,,"{""bookkeeping_after_m"": 0.0, ""bookkeeping_before_m"": 3.1320723792305216e-10, ""bookkeeping_mode"": ""virtual_ol_d_snapshot"", ""bookkeeping_source"": ""OL_D read-only snapshot"", ""observed_ol_d_before_m"": 3.1320723792305216e-10, ""observed_ol_d_time"": ""2020-08-01T00:04:00"", ""requested_step_depth_m"": 5.555555555555556e-06, ""step_volume_m3"": 0.0014222222222222223, ""storage_units"": ""m"", ""target_units"": ""m3/s""}"
2020-08-01 00:04:00,runoff,93,58,default,2020-08-01,2020-09-01,62.0,2678400.0,5.925925925925926e-06,3.126388037344441e-10,-5.555242916751821e-06,positive_daisy_runoff_to_positive_oldr_in_flo_and_negative_storage_sink,,"{""bookkeeping_after_m"": 0.0, ""bookkeeping_before_m"": 3.126388037344441e-10, ""bookkeeping_mode"": ""virtual_ol_d_snapshot"", ""bookkeeping_source"": ""OL_D read-only snapshot"", ""observed_ol_d_before_m"": 3.126388037344441e-10, ""observed_ol_d_time"": ""2020-08-01T00:04:00"", ""requested_step_depth_m"": 5.555555555555556e-06, ""step_volume_m3"": 0.0014222222222222223, ""storage_units"": ""m"", ""target_units"": ""m3/s""}"
2020-08-01 00:04:00,runoff,93,59,default,2020-08-01,2020-09-01,62.0,2678400.0,5.925925925925926e-06,3.133209247607738e-10,-5.555242234630795e-06,positive_daisy_runoff_to_positive_oldr_in_flo_and_negative_storage_sink,,"{""bookkeeping_after_m"": 0.0, ""bookkeeping_before_m"": 3.133209247607738e-10, ""bookkeeping_mode"": ""virtual_ol_d_snapshot"", ""bookkeeping_source"": ""OL_D read-only snapshot"", ""observed_ol_d_before_m"": 3.133209247607738e-10, ""observed_ol_d_time"": ""2020-08-01T00:04:00"", ""requested_step_depth_m"": 5.555555555555556e-06, ""step_volume_m3"": 0.0014222222222222223, ""storage_units"": ""m"", ""target_units"": ""m3/s""}"
2020-08-01 00:04:00,runoff,93,60,default,2020-08-01,2020-09-01,62.0,2678400.0,5.925925925925926e-06,3.1320723792305216e-10,-5.555242348317633e-06,positive_daisy_runoff_to_positive_oldr_in_flo_and_negative_storage_sink,,"{""bookkeeping_after_m"": 0.0, ""bookkeeping_before_m"": 3.1320723792305216e-10, ""bookkeeping_mode"": ""virtual_ol_d_snapshot"", ""bookkeeping_source"": ""OL_D read-only snapshot"", ""observed_ol_d_before_m"": 3.1320723792305216e-10, ""observed_ol_d_time"": ""2020-08-01T00:04:00"", ""requested_step_depth_m"": 5.555555555555556e-06, ""step_volume_m3"": 0.0014222222222222223, ""storage_units"": ""m"", ""target_units"": ""m3/s""}"
2020-08-01 00:04:00,runoff,93,61,default,2020-08-01,2020-09-01,62.0,2678400.0,5.925925925925926e-06,3.126388037344441e-10,-5.555242916751821e-06,positive_daisy_runoff_to_positive_oldr_in_flo_and_negative_storage_sink,,"{""bookkeeping_after_m"": 0.0, ""bookkeeping_before_m"": 3.126388037344441e-10, ""bookkeeping_mode"": ""virtual_ol_d_snapshot"", ""bookkeeping_source"": ""OL_D read-only snapshot"", ""observed_ol_d_before_m"": 3.126388037344441e-10, ""observed_ol_d_time"": ""2020-08-01T00:04:00"", ""requested_step_depth_m"": 5.555555555555556e-06, ""step_volume_m3"": 0.0014222222222222223, ""storage_units"": ""m"", ""target_units"": ""m3/s""}"
2020-08-01 00:04:00,runoff,93,62,default,2020-08-01,2020-09-01,62.0,2678400.0,5.925925925925926e-06,3.1093350116861984e-10,-5.555244622054387e-06,positive_daisy_runoff_to_positive_oldr_in_flo_and_negative_storage_sink,,"{""bookkeeping_after_m"": 0.0, ""bookkeeping_before_m"": 3.1093350116861984e-10, ""bookkeeping_mode"": ""virtual_ol_d_snapshot"", ""bookkeeping_source"": ""OL_D read-only snapshot"", ""observed_ol_d_before_m"": 3.1093350116861984e-10, ""observed_ol_d_time"": ""2020-08-01T00:04:00"", ""requested_step_depth_m"": 5.555555555555556e-06, ""step_volume_m3"": 0.0014222222222222223, ""storage_units"": ""m"", ""target_units"": ""m3/s""}"
2020-08-01 00:04:00,runoff,93,63,default,2020-08-01,2020-09-01,62.0,2678400.0,5.925925925925926e-06,3.1116087484406307e-10,-5.555244394680712e-06,positive_daisy_runoff_to_positive_oldr_in_flo_and_negative_storage_sink,,"{""bookkeeping_after_m"": 0.0, ""bookkeeping_before_m"": 3.1116087484406307e-10, ""bookkeeping_mode"": ""virtual_ol_d_snapshot"", ""bookkeeping_source"": ""OL_D read-only snapshot"", ""observed_ol_d_before_m"": 3.1116087484406307e-10, ""observed_ol_d_time"": ""2020-08-01T00:04:00"", ""requested_step_depth_m"": 5.555555555555556e-06, ""step_volume_m3"": 0.0014222222222222223, ""storage_units"": ""m"", ""target_units"": ""m3/s""}"
2020-08-01 00:04:00,runoff,93,64,default,2020-08-01,2020-09-01,62.0,2678400.0,5.925925925925926e-06,2.9979219107190147e-10,-5.555255763364484e-06,positive_daisy_runoff_to_positive_oldr_in_flo_and_negative_storage_sink,,"{""bookkeeping_after_m"": 0.0, ""bookkeeping_before_m"": 2.9979219107190147e-10, ""bookkeeping_mode"": ""virtual_ol_d_snapshot"", ""bookkeeping_source"": ""OL_D read-only snapshot"", ""observed_ol_d_before_m"": 2.9979219107190147e-10, ""observed_ol_d_time"": ""2020-08-01T00:04:00"", ""requested_step_depth_m"": 5.555555555555556e-06, ""step_volume_m3"": 0.0014222222222222223, ""storage_units"": ""m"", ""target_units"": ""m3/s""}"
2020-08-01 00:04:00,runoff,93,65,default,2020-08-01,2020-09-01,62.0,2678400.0,5.925925925925926e-06,3.09114511765074e-10,-5.555246441043791e-06,positive_daisy_runoff_to_positive_oldr_in_flo_and_negative_storage_sink,,"{""bookkeeping_after_m"": 0.0, ""bookkeeping_before_m"": 3.09114511765074e-10, ""bookkeeping_mode"": ""virtual_ol_d_snapshot"", ""bookkeeping_source"": ""OL_D read-only snapshot"", ""observed_ol_d_before_m"": 3.09114511765074e-10, ""observed_ol_d_time"": ""2020-08-01T00:04:00"", ""requested_step_depth_m"": 5.555555555555556e-06, ""step_volume_m3"": 0.0014222222222222223, ""storage_units"": ""m"", ""target_units"": ""m3/s""}"
2020-08-01 00:04:00,runoff,93,66,default,2020-08-01,2020-09-01,62.0,2678400.0,5.925925925925926e-06,3.376499080331996e-10,-5.555217905647523e-06,positive_daisy_runoff_to_positive_oldr_in_flo_and_negative_storage_sink,,"{""bookkeeping_after_m"": 0.0, ""bookkeeping_before_m"": 3.376499080331996e-10, ""bookkeeping_mode"": ""virtual_ol_d_snapshot"", ""bookkeeping_source"": ""OL_D read-only snapshot"", ""observed_ol_d_before_m"": 3.376499080331996e-10, ""observed_ol_d_time"": ""2020-08-01T00:04:00"", ""requested_step_depth_m"": 5.555555555555556e-06, ""step_volume_m3"": 0.0014222222222222223, ""storage_units"": ""m"", ""target_units"": ""m3/s""}"
2020-08-01 00:04:00,runoff,93,67,default,2020-08-01,2020-09-01,62.0,2678400.0,5.925925925925926e-06,3.2798652682686225e-10,-5.555227569028729e-06,positive_daisy_runoff_to_positive_oldr_in_flo_and_negative_storage_sink,,"{""bookkeeping_after_m"": 0.0, ""bookkeeping_before_m"": 3.2798652682686225e-10, ""bookkeeping_mode"": ""virtual_ol_d_snapshot"", ""bookkeeping_source"": ""OL_D read-only snapshot"", ""observed_ol_d_before_m"": 3.2798652682686225e-10, ""observed_ol_d_time"": ""2020-08-01T00:04:00"", ""requested_step_depth_m"": 5.555555555555556e-06, ""step_volume_m3"": 0.0014222222222222223, ""storage_units"": ""m"", ""target_units"": ""m3/s""}"
2020-08-01 00:04:00,runoff,93,68,default,2020-08-01,2020-09-01,62.0,2678400.0,5.925925925925926e-06,3.3367086871294305e-10,-5.555221884686843e-06,positive_daisy_runoff_to_positive_oldr_in_flo_and_negative_storage_sink,,"{""bookkeeping_after_m"": 0.0, ""bookkeeping_before_m"": 3.3367086871294305e-10, ""bookkeeping_mode"": ""virtual_ol_d_snapshot"", ""bookkeeping_source"": ""OL_D read-only snapshot"", ""observed_ol_d_before_m"": 3.3367086871294305e-10, ""observed_ol_d_time"": ""2020-08-01T00:04:00"", ""requested_step_depth_m"": 5.555555555555556e-06, ""step_volume_m3"": 0.0014222222222222223, ""storage_units"": ""m"", ""target_units"": ""m3/s""}"
2020-08-01 00:04:00,runoff,93,69,default,2020-08-01,2020-09-01,62.0,2678400.0,5.925925925925926e-06,3.253717295592651e-10,-5.5552301838259966e-06,positive_daisy_runoff_to_positive_oldr_in_flo_and_negative_storage_sink,,"{""bookkeeping_after_m"": 0.0, ""bookkeeping_before_m"": 3.253717295592651e-10, ""bookkeeping_mode"": ""virtual_ol_d_snapshot"", ""bookkeeping_source"": ""OL_D read-only snapshot"", ""observed_ol_d_before_m"": 3.253717295592651e-10, ""observed_ol_d_time"": ""2020-08-01T00:04:00"", ""requested_step_depth_m"": 5.555555555555556e-06, ""step_volume_m3"": 0.0014222222222222223, ""storage_units"": ""m"", ""target_units"": ""m3/s""}"
2020-08-01 00:04:00,runoff,93,70,default,2020-08-01,2020-09-01,62.0,2678400.0,5.925925925925926e-06,2.9956481739645824e-10,-5.555255990738159e-06,positive_daisy_runoff_to_positive_oldr_in_flo_and_negative_storage_sink,,"{""bookkeeping_after_m"": 0.0, ""bookkeeping_before_m"": 2.9956481739645824e-10, ""bookkeeping_mode"": ""virtual_ol_d_snapshot"", ""bookkeeping_source"": ""OL_D read-only snapshot"", ""observed_ol_d_before_m"": 2.9956481739645824e-10, ""observed_ol_d_time"": ""2020-08-01T00:04:00"", ""requested_step_depth_m"": 5.555555555555556e-06, ""step_volume_m3"": 0.0014222222222222223, ""storage_units"": ""m"", ""target_units"": ""m3/s""}"
2020-08-01 00:04:00,runoff,93,71,default,2020-08-01,2020-09-01,62.0,2678400.0,5.925925925925926e-06,3.1093350116861984e-10,-5.555244622054387e-06,positive_daisy_runoff_to_positive_oldr_in_flo_and_negative_storage_sink,,"{""bookkeeping_after_m"": 0.0, ""bookkeeping_before_m"": 3.1093350116861984e-10, ""bookkeeping_mode"": ""virtual_ol_d_snapshot"", ""bookkeeping_source"": ""OL_D read-only snapshot"", ""observed_ol_d_before_m"": 3.1093350116861984e-10, ""observed_ol_d_time"": ""2020-08-01T00:04:00"", ""requested_step_depth_m"": 5.555555555555556e-06, ""step_volume_m3"": 0.0014222222222222223, ""storage_units"": ""m"", ""target_units"": ""m3/s""}"
2020-08-01 00:04:00,runoff,93,72,default,2020-08-01,2020-09-01,62.0,2678400.0,5.925925925925926e-06,3.1161562219494954e-10,-5.555243939933361e-06,positive_daisy_runoff_to_positive_oldr_in_flo_and_negative_storage_sink,,"{""bookkeeping_after_m"": 0.0, ""bookkeeping_before_m"": 3.1161562219494954e-10, ""bookkeeping_mode"": ""virtual_ol_d_snapshot"", ""bookkeeping_source"": ""OL_D read-only snapshot"", ""observed_ol_d_before_m"": 3.1161562219494954e-10, ""observed_ol_d_time"": ""2020-08-01T00:04:00"", ""requested_step_depth_m"": 5.555555555555556e-06, ""step_volume_m3"": 0.0014222222222222223, ""storage_units"": ""m"", ""target_units"": ""m3/s""}"
2020-08-01 00:04:00,runoff,93,73,default,2020-08-01,2020-09-01,62.0,2678400.0,5.925925925925926e-06,3.1116087484406307e-10,-5.555244394680712e-06,positive_daisy_runoff_to_positive_oldr_in_flo_and_negative_storage_sink,,"{""bookkeeping_after_m"": 0.0, ""bookkeeping_before_m"": 3.1116087484406307e-10, ""bookkeeping_mode"": ""virtual_ol_d_snapshot"", ""bookkeeping_source"": ""OL_D read-only snapshot"", ""observed_ol_d_before_m"": 3.1116087484406307e-10, ""observed_ol_d_time"": ""2020-08-01T00:04:00"", ""requested_step_depth_m"": 5.555555555555556e-06, ""step_volume_m3"": 0.0014222222222222223, ""storage_units"": ""m"", ""target_units"": ""m3/s""}"
2020-08-01 00:04:00,runoff,93,74,default,2020-08-01,2020-09-01,62.0,2678400.0,5.925925925925926e-06,3.133209247607738e-10,-5.555242234630795e-06,positive_daisy_runoff_to_positive_oldr_in_flo_and_negative_storage_sink,,"{""bookkeeping_after_m"": 0.0, ""bookkeeping_before_m"": 3.133209247607738e-10, ""bookkeeping_mode"": ""virtual_ol_d_snapshot"", ""bookkeeping_source"": ""OL_D read-only snapshot"", ""observed_ol_d_before_m"": 3.133209247607738e-10, ""observed_ol_d_time"": ""2020-08-01T00:04:00"", ""requested_step_depth_m"": 5.555555555555556e-06, ""step_volume_m3"": 0.0014222222222222223, ""storage_units"": ""m"", ""target_units"": ""m3/s""}"
2020-08-01 00:04:00,runoff,93,75,default,2020-08-01,2020-09-01,62.0,2678400.0,5.925925925925926e-06,3.1229774322127923e-10,-5.5552432578123345e-06,positive_daisy_runoff_to_positive_oldr_in_flo_and_negative_storage_sink,,"{""bookkeeping_after_m"": 0.0, ""bookkeeping_before_m"": 3.1229774322127923e-10, ""bookkeeping_mode"": ""virtual_ol_d_snapshot"", ""bookkeeping_source"": ""OL_D read-only snapshot"", ""observed_ol_d_before_m"": 3.1229774322127923e-10, ""observed_ol_d_time"": ""2020-08-01T00:04:00"", ""requested_step_depth_m"": 5.555555555555556e-06, ""step_volume_m3"": 0.0014222222222222223, ""storage_units"": ""m"", ""target_units"": ""m3/s""}"
2020-08-01 00:04:00,runoff,93,76,default,2020-08-01,2020-09-01,62.0,2678400.0,5.925925925925926e-06,3.1309355108533055e-10,-5.5552424620044705e-06,positive_daisy_runoff_to_positive_oldr_in_flo_and_negative_storage_sink,,"{""bookkeeping_after_m"": 0.0, ""bookkeeping_before_m"": 3.1309355108533055e-10, ""bookkeeping_mode"": ""virtual_ol_d_snapshot"", ""bookkeeping_source"": ""OL_D read-only snapshot"", ""observed_ol_d_before_m"": 3.1309355108533055e-10, ""observed_ol_d_time"": ""2020-08-01T00:04:00"", ""requested_step_depth_m"": 5.555555555555556e-06, ""step_volume_m3"": 0.0014222222222222223, ""storage_units"": ""m"", ""target_units"": ""m3/s""}"
2020-08-01 00:04:00,runoff,93,77,default,2020-08-01,2020-09-01,62.0,2678400.0,5.925925925925926e-06,3.1297986424760893e-10,-5.555242575691308e-06,positive_daisy_runoff_to_positive_oldr_in_flo_and_negative_storage_sink,,"{""bookkeeping_after_m"": 0.0, ""bookkeeping_before_m"": 3.1297986424760893e-10, ""bookkeeping_mode"": ""virtual_ol_d_snapshot"", ""bookkeeping_source"": ""OL_D read-only snapshot"", ""observed_ol_d_before_m"": 3.1297986424760893e-10, ""observed_ol_d_time"": ""2020-08-01T00:04:00"", ""requested_step_depth_m"": 5.555555555555556e-06, ""step_volume_m3"": 0.0014222222222222223, ""storage_units"": ""m"", ""target_units"": ""m3/s""}"
2020-08-01 00:04:00,runoff,93,78,default,2020-08-01,2020-09-01,62.0,2678400.0,5.925925925925926e-06,3.100240064668469e-10,-5.555245531549089e-06,positive_daisy_runoff_to_positive_oldr_in_flo_and_negative_storage_sink,,"{""bookkeeping_after_m"": 0.0, ""bookkeeping_before_m"": 3.100240064668469e-10, ""bookkeeping_mode"": ""virtual_ol_d_snapshot"", ""bookkeeping_source"": ""OL_D read-only snapshot"", ""observed_ol_d_before_m"": 3.100240064668469e-10, ""observed_ol_d_time"": ""2020-08-01T00:04:00"", ""requested_step_depth_m"": 5.555555555555556e-06, ""step_volume_m3"": 0.0014222222222222223, ""storage_units"": ""m"", ""target_units"": ""m3/s""}"
2020-08-01 00:04:00,runoff,93,79,default,2020-08-01,2020-09-01,62.0,2678400.0,5.925925925925926e-06,2.99337443721015e-10,-5.555256218111835e-06,positive_daisy_runoff_to_positive_oldr_in_flo_and_negative_storage_sink,,"{""bookkeeping_after_m"": 0.0, ""bookkeeping_before_m"": 2.99337443721015e-10, ""bookkeeping_mode"": ""virtual_ol_d_snapshot"", ""bookkeeping_source"": ""OL_D read-only snapshot"", ""observed_ol_d_before_m"": 2.99337443721015e-10, ""observed_ol_d_time"": ""2020-08-01T00:04:00"", ""requested_step_depth_m"": 5.555555555555556e-06, ""step_volume_m3"": 0.0014222222222222223, ""storage_units"": ""m"", ""target_units"": ""m3/s""}"
2020-08-01 00:04:00,runoff,93,80,default,2020-08-01,2020-09-01,62.0,2678400.0,5.925925925925926e-06,2.9899638320785016e-10,-5.555256559172348e-06,positive_daisy_runoff_to_positive_oldr_in_flo_and_negative_storage_sink,,"{""bookkeeping_after_m"": 0.0, ""bookkeeping_before_m"": 2.9899638320785016e-10, ""bookkeeping_mode"": ""virtual_ol_d_snapshot"", ""bookkeeping_source"": ""OL_D read-only snapshot"", ""observed_ol_d_before_m"": 2.9899638320785016e-10, ""observed_ol_d_time"": ""2020-08-01T00:04:00"", ""requested_step_depth_m"": 5.555555555555556e-06, ""step_volume_m3"": 0.0014222222222222223, ""storage_units"": ""m"", ""target_units"": ""m3/s""}"
2020-08-01 00:04:00,runoff,93,81,default,2020-08-01,2020-09-01,62.0,2678400.0,5.925925925925926e-06,2.9888269637012854e-10,-5.555256672859186e-06,positive_daisy_runoff_to_positive_oldr_in_flo_and_negative_storage_sink,,"{""bookkeeping_after_m"": 0.0, ""bookkeeping_before_m"": 2.9888269637012854e-10, ""bookkeeping_mode"": ""virtual_ol_d_snapshot"", ""bookkeeping_source"": ""OL_D read-only snapshot"", ""observed_ol_d_before_m"": 2.9888269637012854e-10, ""observed_ol_d_time"": ""2020-08-01T00:04:00"", ""requested_step_depth_m"": 5.555555555555556e-06, ""step_volume_m3"": 0.0014222222222222223, ""storage_units"": ""m"", ""target_units"": ""m3/s""}"
2020-08-01 00:04:00,runoff,93,82,default,2020-08-01,2020-09-01,62.0,2678400.0,5.925925925925926e-06,2.9899638320785016e-10,-5.555256559172348e-06,positive_daisy_runoff_to_positive_oldr_in_flo_and_negative_storage_sink,,"{""bookkeeping_after_m"": 0.0, ""bookkeeping_before_m"": 2.9899638320785016e-10, ""bookkeeping_mode"": ""virtual_ol_d_snapshot"", ""bookkeeping_source"": ""OL_D read-only snapshot"", ""observed_ol_d_before_m"": 2.9899638320785016e-10, ""observed_ol_d_time"": ""2020-08-01T00:04:00"", ""requested_step_depth_m"": 5.555555555555556e-06, ""step_volume_m3"": 0.0014222222222222223, ""storage_units"": ""m"", ""target_units"": ""m3/s""}"
2020-08-01 00:04:00,runoff,93,83,default,2020-08-01,2020-09-01,62.0,2678400.0,5.925925925925926e-06,2.9956481739645824e-10,-5.555255990738159e-06,positive_daisy_runoff_to_positive_oldr_in_flo_and_negative_storage_sink,,"{""bookkeeping_after_m"": 0.0, ""bookkeeping_before_m"": 2.9956481739645824e-10, ""bookkeeping_mode"": ""virtual_ol_d_snapshot"", ""bookkeeping_source"": ""OL_D read-only snapshot"", ""observed_ol_d_before_m"": 2.9956481739645824e-10, ""observed_ol_d_time"": ""2020-08-01T00:04:00"", ""requested_step_depth_m"": 5.555555555555556e-06, ""step_volume_m3"": 0.0014222222222222223, ""storage_units"": ""m"", ""target_units"": ""m3/s""}"
2020-08-01 00:04:00,runoff,93,84,default,2020-08-01,2020-09-01,62.0,2678400.0,5.925925925925926e-06,3.000195647473447e-10,-5.5552555359908085e-06,positive_daisy_runoff_to_positive_oldr_in_flo_and_negative_storage_sink,,"{""bookkeeping_after_m"": 0.0, ""bookkeeping_before_m"": 3.000195647473447e-10, ""bookkeeping_mode"": ""virtual_ol_d_snapshot"", ""bookkeeping_source"": ""OL_D read-only snapshot"", ""observed_ol_d_before_m"": 3.000195647473447e-10, ""observed_ol_d_time"": ""2020-08-01T00:04:00"", ""requested_step_depth_m"": 5.555555555555556e-06, ""step_volume_m3"": 0.0014222222222222223, ""storage_units"": ""m"", ""target_units"": ""m3/s""}"
2020-08-01 00:04:00,runoff,93,85,default,2020-08-01,2020-09-01,62.0,2678400.0,5.925925925925926e-06,3.001332515850663e-10,-5.555255422303971e-06,positive_daisy_runoff_to_positive_oldr_in_flo_and_negative_storage_sink,,"{""bookkeeping_after_m"": 0.0, ""bookkeeping_before_m"": 3.001332515850663e-10, ""bookkeeping_mode"": ""virtual_ol_d_snapshot"", ""bookkeeping_source"": ""OL_D read-only snapshot"", ""observed_ol_d_before_m"": 3.001332515850663e-10, ""observed_ol_d_time"": ""2020-08-01T00:04:00"", ""requested_step_depth_m"": 5.555555555555556e-06, ""step_volume_m3"": 0.0014222222222222223, ""storage_units"": ""m"", ""target_units"": ""m3/s""}"
2020-08-01 00:04:00,runoff,93,86,default,2020-08-01,2020-09-01,62.0,2678400.0,5.925925925925926e-06,3.0092905944911763e-10,-5.555254626496107e-06,positive_daisy_runoff_to_positive_oldr_in_flo_and_negative_storage_sink,,"{""bookkeeping_after_m"": 0.0, ""bookkeeping_before_m"": 3.0092905944911763e-10, ""bookkeeping_mode"": ""virtual_ol_d_snapshot"", ""bookkeeping_source"": ""OL_D read-only snapshot"", ""observed_ol_d_before_m"": 3.0092905944911763e-10, ""observed_ol_d_time"": ""2020-08-01T00:04:00"", ""requested_step_depth_m"": 5.555555555555556e-06, ""step_volume_m3"": 0.0014222222222222223, ""storage_units"": ""m"", ""target_units"": ""m3/s""}"
2020-08-01 00:04:00,runoff,93,87,default,2020-08-01,2020-09-01,62.0,2678400.0,5.925925925925926e-06,3.0172486731316894e-10,-5.555253830688243e-06,positive_daisy_runoff_to_positive_oldr_in_flo_and_negative_storage_sink,,"{""bookkeeping_after_m"": 0.0, ""bookkeeping_before_m"": 3.0172486731316894e-10, ""bookkeeping_mode"": ""virtual_ol_d_snapshot"", ""bookkeeping_source"": ""OL_D read-only snapshot"", ""observed_ol_d_before_m"": 3.0172486731316894e-10, ""observed_ol_d_time"": ""2020-08-01T00:04:00"", ""requested_step_depth_m"": 5.555555555555556e-06, ""step_volume_m3"": 0.0014222222222222223, ""storage_units"": ""m"", ""target_units"": ""m3/s""}"
2020-08-01 00:04:00,runoff,93,88,default,2020-08-01,2020-09-01,62.0,2678400.0,5.925925925925926e-06,3.015543370565865e-10,-5.555254001218499e-06,positive_daisy_runoff_to_positive_oldr_in_flo_and_negative_storage_sink,,"{""bookkeeping_after_m"": 0.0, ""bookkeeping_before_m"": 3.015543370565865e-10, ""bookkeeping_mode"": ""virtual_ol_d_snapshot"", ""bookkeeping_source"": ""OL_D read-only snapshot"", ""observed_ol_d_before_m"": 3.015543370565865e-10, ""observed_ol_d_time"": ""2020-08-01T00:04:00"", ""requested_step_depth_m"": 5.555555555555556e-06, ""step_volume_m3"": 0.0014222222222222223, ""storage_units"": ""m"", ""target_units"": ""m3/s""}"
2020-08-01 00:04:00,runoff,93,89,default,2020-08-01,2020-09-01,62.0,2678400.0,5.925925925925926e-06,3.000764081662055e-10,-5.55525547914739e-06,positive_daisy_runoff_to_positive_oldr_in_flo_and_negative_storage_sink,,"{""bookkeeping_after_m"": 0.0, ""bookkeeping_before_m"": 3.000764081662055e-10, ""bookkeeping_mode"": ""virtual_ol_d_snapshot"", ""bookkeeping_source"": ""OL_D read-only snapshot"", ""observed_ol_d_before_m"": 3.000764081662055e-10, ""observed_ol_d_time"": ""2020-08-01T00:04:00"", ""requested_step_depth_m"": 5.555555555555556e-06, ""step_volume_m3"": 0.0014222222222222223, ""storage_units"": ""m"", ""target_units"": ""m3/s""}"
2020-08-01 00:04:00,runoff,93,90,default,2020-08-01,2020-09-01,62.0,2678400.0,5.925925925925926e-06,-0.0,-5.555555555555556e-06,positive_daisy_runoff_to_positive_oldr_in_flo_and_negative_storage_sink,,"{""bookkeeping_after_m"": 0.0, ""bookkeeping_before_m"": 0.0, ""bookkeeping_mode"": ""virtual_ol_d_snapshot"", ""bookkeeping_source"": ""OL_D read-only snapshot"", ""observed_ol_d_before_m"": 0.0, ""observed_ol_d_time"": ""2020-08-01T00:04:00"", ""requested_step_depth_m"": 5.555555555555556e-06, ""step_volume_m3"": 0.0014222222222222223, ""storage_units"": ""m"", ""target_units"": ""m3/s""}"
2020-08-01 00:04:00,runoff,93,92,default,2020-08-01,2020-09-01,62.0,2678400.0,5.925925925925926e-06,-0.0,-5.555555555555556e-06,positive_daisy_runoff_to_positive_oldr_in_flo_and_negative_storage_sink,,"{""bookkeeping_after_m"": 0.0, ""bookkeeping_before_m"": 0.0, ""bookkeeping_mode"": ""virtual_ol_d_snapshot"", ""bookkeeping_source"": ""OL_D read-only snapshot"", ""observed_ol_d_before_m"": 0.0, ""observed_ol_d_time"": ""2020-08-01T00:04:00"", ""requested_step_depth_m"": 5.555555555555556e-06, ""step_volume_m3"": 0.0014222222222222223, ""storage_units"": ""m"", ""target_units"": ""m3/s""}"
2020-08-01 00:04:00,runoff,93,93,default,2020-08-01,2020-09-01,62.0,2678400.0,5.925925925925926e-06,3.0047431209823117e-10,-5.555255081243458e-06,positive_daisy_runoff_to_positive_oldr_in_flo_and_negative_storage_sink,,"{""bookkeeping_after_m"": 0.0, ""bookkeeping_before_m"": 3.0047431209823117e-10, ""bookkeeping_mode"": ""virtual_ol_d_snapshot"", ""bookkeeping_source"": ""OL_D read-only snapshot"", ""observed_ol_d_before_m"": 3.0047431209823117e-10, ""observed_ol_d_time"": ""2020-08-01T00:04:00"", ""requested_step_depth_m"": 5.555555555555556e-06, ""step_volume_m3"": 0.0014222222222222223, ""storage_units"": ""m"", ""target_units"": ""m3/s""}"
2020-08-01 00:04:00,runoff,93,94,default,2020-08-01,2020-09-01,62.0,2678400.0,5.925925925925926e-06,3.021796146640554e-10,-5.555253375940892e-06,positive_daisy_runoff_to_positive_oldr_in_flo_and_negative_storage_sink,,"{""bookkeeping_after_m"": 0.0, ""bookkeeping_before_m"": 3.021796146640554e-10, ""bookkeeping_mode"": ""virtual_ol_d_snapshot"", ""bookkeeping_source"": ""OL_D read-only snapshot"", ""observed_ol_d_before_m"": 3.021796146640554e-10, ""observed_ol_d_time"": ""2020-08-01T00:04:00"", ""requested_step_depth_m"": 5.555555555555556e-06, ""step_volume_m3"": 0.0014222222222222223, ""storage_units"": ""m"", ""target_units"": ""m3/s""}"
2020-08-01 00:04:00,runoff,93,95,default,2020-08-01,2020-09-01,62.0,2678400.0,5.925925925925926e-06,3.093418854405172e-10,-5.555246213670115e-06,positive_daisy_runoff_to_positive_oldr_in_flo_and_negative_storage_sink,,"{""bookkeeping_after_m"": 0.0, ""bookkeeping_before_m"": 3.093418854405172e-10, ""bookkeeping_mode"": ""virtual_ol_d_snapshot"", ""bookkeeping_source"": ""OL_D read-only snapshot"", ""observed_ol_d_before_m"": 3.093418854405172e-10, ""observed_ol_d_time"": ""2020-08-01T00:04:00"", ""requested_step_depth_m"": 5.555555555555556e-06, ""step_volume_m3"": 0.0014222222222222223, ""storage_units"": ""m"", ""target_units"": ""m3/s""}"
2020-08-01 00:04:00,runoff,93,96,default,2020-08-01,2020-09-01,62.0,2678400.0,5.925925925925926e-06,3.374225343577564e-10,-5.555218133021198e-06,positive_daisy_runoff_to_positive_oldr_in_flo_and_negative_storage_sink,,"{""bookkeeping_after_m"": 0.0, ""bookkeeping_before_m"": 3.374225343577564e-10, ""bookkeeping_mode"": ""virtual_ol_d_snapshot"", ""bookkeeping_source"": ""OL_D read-only snapshot"", ""observed_ol_d_before_m"": 3.374225343577564e-10, ""observed_ol_d_time"": ""2020-08-01T00:04:00"", ""requested_step_depth_m"": 5.555555555555556e-06, ""step_volume_m3"": 0.0014222222222222223, ""storage_units"": ""m"", ""target_units"": ""m3/s""}"
2020-08-01 00:04:00,runoff,93,97,default,2020-08-01,2020-09-01,62.0,2678400.0,5.925925925925926e-06,3.1377567211166024e-10,-5.555241779883444e-06,positive_daisy_runoff_to_positive_oldr_in_flo_and_negative_storage_sink,,"{""bookkeeping_after_m"": 0.0, ""bookkeeping_before_m"": 3.1377567211166024e-10, ""bookkeeping_mode"": ""virtual_ol_d_snapshot"", ""bookkeeping_source"": ""OL_D read-only snapshot"", ""observed_ol_d_before_m"": 3.1377567211166024e-10, ""observed_ol_d_time"": ""2020-08-01T00:04:00"", ""requested_step_depth_m"": 5.555555555555556e-06, ""step_volume_m3"": 0.0014222222222222223, ""storage_units"": ""m"", ""target_units"": ""m3/s""}"
2020-08-01 00:04:00,runoff,93,98,default,2020-08-01,2020-09-01,62.0,2678400.0,5.925925925925926e-06,3.1241143005900085e-10,-5.555243144125497e-06,positive_daisy_runoff_to_positive_oldr_in_flo_and_negative_storage_sink,,"{""bookkeeping_after_m"": 0.0, ""bookkeeping_before_m"": 3.1241143005900085e-10, ""bookkeeping_mode"": ""virtual_ol_d_snapshot"", ""bookkeeping_source"": ""OL_D read-only snapshot"", ""observed_ol_d_before_m"": 3.1241143005900085e-10, ""observed_ol_d_time"": ""2020-08-01T00:04:00"", ""requested_step_depth_m"": 5.555555555555556e-06, ""step_volume_m3"": 0.0014222222222222223, ""storage_units"": ""m"", ""target_units"": ""m3/s""}"
2020-08-01 00:04:00,runoff,93,99,default,2020-08-01,2020-09-01,62.0,2678400.0,5.925925925925926e-06,3.3639935281826183e-10,-5.5552191562027376e-06,positive_daisy_runoff_to_positive_oldr_in_flo_and_negative_storage_sink,,"{""bookkeeping_after_m"": 0.0, ""bookkeeping_before_m"": 3.3639935281826183e-10, ""bookkeeping_mode"": ""virtual_ol_d_snapshot"", ""bookkeeping_source"": ""OL_D read-only snapshot"", ""observed_ol_d_before_m"": 3.3639935281826183e-10, ""observed_ol_d_time"": ""2020-08-01T00:04:00"", ""requested_step_depth_m"": 5.555555555555556e-06, ""step_volume_m3"": 0.0014222222222222223, ""storage_units"": ""m"", ""target_units"": ""m3/s""}"
2020-08-01 00:04:00,runoff,93,100,default,2020-08-01,2020-09-01,62.0,2678400.0,5.925925925925926e-06,3.1582203519064933e-10,-5.555239733520365e-06,positive_daisy_runoff_to_positive_oldr_in_flo_and_negative_storage_sink,,"{""bookkeeping_after_m"": 0.0, ""bookkeeping_before_m"": 3.1582203519064933e-10, ""bookkeeping_mode"": ""virtual_ol_d_snapshot"", ""bookkeeping_source"": ""OL_D read-only snapshot"", ""observed_ol_d_before_m"": 3.1582203519064933e-10, ""observed_ol_d_time"": ""2020-08-01T00:04:00"", ""requested_step_depth_m"": 5.555555555555556e-06, ""step_volume_m3"": 0.0014222222222222223, ""storage_units"": ""m"", ""target_units"": ""m3/s""}"
2020-08-01 00:04:00,runoff,93,101,default,2020-08-01,2020-09-01,62.0,2678400.0,5.925925925925926e-06,3.120135261269752e-10,-5.555243542029429e-06,positive_daisy_runoff_to_positive_oldr_in_flo_and_negative_storage_sink,,"{""bookkeeping_after_m"": 0.0, ""bookkeeping_before_m"": 3.120135261269752e-10, ""bookkeeping_mode"": ""virtual_ol_d_snapshot"", ""bookkeeping_source"": ""OL_D read-only snapshot"", ""observed_ol_d_before_m"": 3.120135261269752e-10, ""observed_ol_d_time"": ""2020-08-01T00:04:00"", ""requested_step_depth_m"": 5.555555555555556e-06, ""step_volume_m3"": 0.0014222222222222223, ""storage_units"": ""m"", ""target_units"": ""m3/s""}"
2020-08-01 00:04:00,runoff,93,102,default,2020-08-01,2020-09-01,62.0,2678400.0,5.925925925925926e-06,3.133777681796346e-10,-5.555242177787376e-06,positive_daisy_runoff_to_positive_oldr_in_flo_and_negative_storage_sink,,"{""bookkeeping_after_m"": 0.0, ""bookkeeping_before_m"": 3.133777681796346e-10, ""bookkeeping_mode"": ""virtual_ol_d_snapshot"", ""bookkeeping_source"": ""OL_D read-only snapshot"", ""observed_ol_d_before_m"": 3.133777681796346e-10, ""observed_ol_d_time"": ""2020-08-01T00:04:00"", ""requested_step_depth_m"": 5.555555555555556e-06, ""step_volume_m3"": 0.0014222222222222223, ""storage_units"": ""m"", ""target_units"": ""m3/s""}"
2020-08-01 00:04:00,runoff,93,103,default,2020-08-01,2020-09-01,62.0,2678400.0,5.925925925925926e-06,3.1508307074545883e-10,-5.55524047248481e-06,positive_daisy_runoff_to_positive_oldr_in_flo_and_negative_storage_sink,,"{""bookkeeping_after_m"": 0.0, ""bookkeeping_before_m"": 3.1508307074545883e-10, ""bookkeeping_mode"": ""virtual_ol_d_snapshot"", ""bookkeeping_source"": ""OL_D read-only snapshot"", ""observed_ol_d_before_m"": 3.1508307074545883e-10, ""observed_ol_d_time"": ""2020-08-01T00:04:00"", ""requested_step_depth_m"": 5.555555555555556e-06, ""step_volume_m3"": 0.0014222222222222223, ""storage_units"": ""m"", ""target_units"": ""m3/s""}"
2020-08-01 00:04:00,runoff,93,104,default,2020-08-01,2020-09-01,62.0,2678400.0,5.925925925925926e-06,3.0968294595368207e-10,-5.555245872609602e-06,positive_daisy_runoff_to_positive_oldr_in_flo_and_negative_storage_sink,,"{""bookkeeping_after_m"": 0.0, ""bookkeeping_before_m"": 3.0968294595368207e-10, ""bookkeeping_mode"": ""virtual_ol_d_snapshot"", ""bookkeeping_source"": ""OL_D read-only snapshot"", ""observed_ol_d_before_m"": 3.0968294595368207e-10, ""observed_ol_d_time"": ""2020-08-01T00:04:00"", ""requested_step_depth_m"": 5.555555555555556e-06, ""step_volume_m3"": 0.0014222222222222223, ""storage_units"": ""m"", ""target_units"": ""m3/s""}"
2020-08-01 00:04:00,runoff,93,105,default,2020-08-01,2020-09-01,62.0,2678400.0,5.925925925925926e-06,3.041691343241837e-10,-5.555251386421232e-06,positive_daisy_runoff_to_positive_oldr_in_flo_and_negative_storage_sink,,"{""bookkeeping_after_m"": 0.0, ""bookkeeping_before_m"": 3.041691343241837e-10, ""bookkeeping_mode"": ""virtual_ol_d_snapshot"", ""bookkeeping_source"": ""OL_D read-only snapshot"", ""observed_ol_d_before_m"": 3.041691343241837e-10, ""observed_ol_d_time"": ""2020-08-01T00:04:00"", ""requested_step_depth_m"": 5.555555555555556e-06, ""step_volume_m3"": 0.0014222222222222223, ""storage_units"": ""m"", ""target_units"": ""m3/s""}"
2020-08-01 00:04:00,runoff,93,106,default,2020-08-01,2020-09-01,62.0,2678400.0,5.925925925925926e-06,3.182663022016641e-10,-5.555237289253354e-06,positive_daisy_runoff_to_positive_oldr_in_flo_and_negative_storage_sink,,"{""bookkeeping_after_m"": 0.0, ""bookkeeping_before_m"": 3.182663022016641e-10, ""bookkeeping_mode"": ""virtual_ol_d_snapshot"", ""bookkeeping_source"": ""OL_D read-only snapshot"", ""observed_ol_d_before_m"": 3.182663022016641e-10, ""observed_ol_d_time"": ""2020-08-01T00:04:00"", ""requested_step_depth_m"": 5.555555555555556e-06, ""step_volume_m3"": 0.0014222222222222223, ""storage_units"": ""m"", ""target_units"": ""m3/s""}"
2020-08-01 00:04:00,runoff,93,107,default,2020-08-01,2020-09-01,62.0,2678400.0,5.925925925925926e-06,2.9950797397759743e-10,-5.555256047581578e-06,positive_daisy_runoff_to_positive_oldr_in_flo_and_negative_storage_sink,,"{""bookkeeping_after_m"": 0.0, ""bookkeeping_before_m"": 2.9950797397759743e-10, ""bookkeeping_mode"": ""virtual_ol_d_snapshot"", ""bookkeeping_source"": ""OL_D read-only snapshot"", ""observed_ol_d_before_m"": 2.9950797397759743e-10, ""observed_ol_d_time"": ""2020-08-01T00:04:00"", ""requested_step_depth_m"": 5.555555555555556e-06, ""step_volume_m3"": 0.0014222222222222223, ""storage_units"": ""m"", ""target_units"": ""m3/s""}"
2020-08-01 00:04:00,runoff,93,108,default,2020-08-01,2020-09-01,62.0,2678400.0,5.925925925925926e-06,3.0109958970570005e-10,-5.55525445596585e-06,positive_daisy_runoff_to_positive_oldr_in_flo_and_negative_storage_sink,,"{""bookkeeping_after_m"": 0.0, ""bookkeeping_before_m"": 3.0109958970570005e-10, ""bookkeeping_mode"": ""virtual_ol_d_snapshot"", ""bookkeeping_source"": ""OL_D read-only snapshot"", ""observed_ol_d_before_m"": 3.0109958970570005e-10, ""observed_ol_d_time"": ""2020-08-01T00:04:00"", ""requested_step_depth_m"": 5.555555555555556e-06, ""step_volume_m3"": 0.0014222222222222223, ""storage_units"": ""m"", ""target_units"": ""m3/s""}"
2020-08-01 00:04:00,runoff,93,109,default,2020-08-01,2020-09-01,62.0,2678400.0,5.925925925925926e-06,3.0178171073202975e-10,-5.555253773844824e-06,positive_daisy_runoff_to_positive_oldr_in_flo_and_negative_storage_sink,,"{""bookkeeping_after_m"": 0.0, ""bookkeeping_before_m"": 3.0178171073202975e-10, ""bookkeeping_mode"": ""virtual_ol_d_snapshot"", ""bookkeeping_source"": ""OL_D read-only snapshot"", ""observed_ol_d_before_m"": 3.0178171073202975e-10, ""observed_ol_d_time"": ""2020-08-01T00:04:00"", ""requested_step_depth_m"": 5.555555555555556e-06, ""step_volume_m3"": 0.0014222222222222223, ""storage_units"": ""m"", ""target_units"": ""m3/s""}"
2020-08-01 00:04:00,runoff,93,110,default,2020-08-01,2020-09-01,62.0,2678400.0,5.925925925925926e-06,3.021227712451946e-10,-5.555253432784311e-06,positive_daisy_runoff_to_positive_oldr_in_flo_and_negative_storage_sink,,"{""bookkeeping_after_m"": 0.0, ""bookkeeping_before_m"": 3.021227712451946e-10, ""bookkeeping_mode"": ""virtual_ol_d_snapshot"", ""bookkeeping_source"": ""OL_D read-only snapshot"", ""observed_ol_d_before_m"": 3.021227712451946e-10, ""observed_ol_d_time"": ""2020-08-01T00:04:00"", ""requested_step_depth_m"": 5.555555555555556e-06, ""step_volume_m3"": 0.0014222222222222223, ""storage_units"": ""m"", ""target_units"": ""m3/s""}"
2020-08-01 00:04:00,runoff,93,111,default,2020-08-01,2020-09-01,62.0,2678400.0,5.925925925925926e-06,3.020659278263338e-10,-5.5552534896277295e-06,positive_daisy_runoff_to_positive_oldr_in_flo_and_negative_storage_sink,,"{""bookkeeping_after_m"": 0.0, ""bookkeeping_before_m"": 3.020659278263338e-10, ""bookkeeping_mode"": ""virtual_ol_d_snapshot"", ""bookkeeping_source"": ""OL_D read-only snapshot"", ""observed_ol_d_before_m"": 3.020659278263338e-10, ""observed_ol_d_time"": ""2020-08-01T00:04:00"", ""requested_step_depth_m"": 5.555555555555556e-06, ""step_volume_m3"": 0.0014222222222222223, ""storage_units"": ""m"", ""target_units"": ""m3/s""}"
2020-08-01 00:04:00,runoff,93,112,default,2020-08-01,2020-09-01,62.0,2678400.0,5.925925925925926e-06,3.1883473639027216e-10,-5.5552367208191655e-06,positive_daisy_runoff_to_positive_oldr_in_flo_and_negative_storage_sink,,"{""bookkeeping_after_m"": 0.0, ""bookkeeping_before_m"": 3.1883473639027216e-10, ""bookkeeping_mode"": ""virtual_ol_d_snapshot"", ""bookkeeping_source"": ""OL_D read-only snapshot"", ""observed_ol_d_before_m"": 3.1883473639027216e-10, ""observed_ol_d_time"": ""2020-08-01T00:04:00"", ""requested_step_depth_m"": 5.555555555555556e-06, ""step_volume_m3"": 0.0014222222222222223, ""storage_units"": ""m"", ""target_units"": ""m3/s""}"
2020-08-01 00:04:00,runoff,93,113,default,2020-08-01,2020-09-01,62.0,2678400.0,5.925925925925926e-06,3.079776433878578e-10,-5.555247577912168e-06,positive_daisy_runoff_to_positive_oldr_in_flo_and_negative_storage_sink,,"{""bookkeeping_after_m"": 0.0, ""bookkeeping_before_m"": 3.079776433878578e-10, ""bookkeeping_mode"": ""virtual_ol_d_snapshot"", ""bookkeeping_source"": ""OL_D read-only snapshot"", ""observed_ol_d_before_m"": 3.079776433878578e-10, ""observed_ol_d_time"": ""2020-08-01T00:04:00"", ""requested_step_depth_m"": 5.555555555555556e-06, ""step_volume_m3"": 0.0014222222222222223, ""storage_units"": ""m"", ""target_units"": ""m3/s""}"
2020-08-01 00:04:00,runoff,93,114,default,2020-08-01,2020-09-01,62.0,2678400.0,5.925925925925926e-06,3.1661784305470064e-10,-5.555238937712501e-06,positive_daisy_runoff_to_positive_oldr_in_flo_and_negative_storage_sink,,"{""bookkeeping_after_m"": 0.0, ""bookkeeping_before_m"": 3.1661784305470064e-10, ""bookkeeping_mode"": ""virtual_ol_d_snapshot"", ""bookkeeping_source"": ""OL_D read-only snapshot"", ""observed_ol_d_before_m"": 3.1661784305470064e-10, ""observed_ol_d_time"": ""2020-08-01T00:04:00"", ""requested_step_depth_m"": 5.555555555555556e-06, ""step_volume_m3"": 0.0014222222222222223, ""storage_units"": ""m"", ""target_units"": ""m3/s""}"
2020-08-01 00:04:00,runoff,93,115,default,2020-08-01,2020-09-01,62.0,2678400.0,5.925925925925926e-06,3.0468072509393096e-10,-5.555250874830462e-06,positive_daisy_runoff_to_positive_oldr_in_flo_and_negative_storage_sink,,"{""bookkeeping_after_m"": 0.0, ""bookkeeping_before_m"": 3.0468072509393096e-10, ""bookkeeping_mode"": ""virtual_ol_d_snapshot"", ""bookkeeping_source"": ""OL_D read-only snapshot"", ""observed_ol_d_before_m"": 3.0468072509393096e-10, ""observed_ol_d_time"": ""2020-08-01T00:04:00"", ""requested_step_depth_m"": 5.555555555555556e-06, ""step_volume_m3"": 0.0014222222222222223, ""storage_units"": ""m"", ""target_units"": ""m3/s""}"
2020-08-01 00:04:00,runoff,93,116,default,2020-08-01,2020-09-01,62.0,2678400.0,5.925925925925926e-06,3.369109435880091e-10,-5.555218644611968e-06,positive_daisy_runoff_to_positive_oldr_in_flo_and_negative_storage_sink,,"{""bookkeeping_after_m"": 0.0, ""bookkeeping_before_m"": 3.369109435880091e-10, ""bookkeeping_mode"": ""virtual_ol_d_snapshot"", ""bookkeeping_source"": ""OL_D read-only snapshot"", ""observed_ol_d_before_m"": 3.369109435880091e-10, ""observed_ol_d_time"": ""2020-08-01T00:04:00"", ""requested_step_depth_m"": 5.555555555555556e-06, ""step_volume_m3"": 0.0014222222222222223, ""storage_units"": ""m"", ""target_units"": ""m3/s""}"
2020-08-01 00:04:00,runoff,93,117,default,2020-08-01,2020-09-01,62.0,2678400.0,5.925925925925926e-06,3.398099579499103e-10,-5.555215745597606e-06,positive_daisy_runoff_to_positive_oldr_in_flo_and_negative_storage_sink,,"{""bookkeeping_after_m"": 0.0, ""bookkeeping_before_m"": 3.398099579499103e-10, ""bookkeeping_mode"": ""virtual_ol_d_snapshot"", ""bookkeeping_source"": ""OL_D read-only snapshot"", ""observed_ol_d_before_m"": 3.398099579499103e-10, ""observed_ol_d_time"": ""2020-08-01T00:04:00"", ""requested_step_depth_m"": 5.555555555555556e-06, ""step_volume_m3"": 0.0014222222222222223, ""storage_units"": ""m"", ""target_units"": ""m3/s""}"
2020-08-01 00:04:00,runoff,94,53,default,2020-08-01,2020-09-01,62.0,2678400.0,5.925925925925926e-06,-0.0,-5.555555555555556e-06,positive_daisy_runoff_to_positive_oldr_in_flo_and_negative_storage_sink,,"{""bookkeeping_after_m"": 0.0, ""bookkeeping_before_m"": 0.0, ""bookkeeping_mode"": ""virtual_ol_d_snapshot"", ""bookkeeping_source"": ""OL_D read-only snapshot"", ""observed_ol_d_before_m"": 0.0, ""observed_ol_d_time"": ""2020-08-01T00:04:00"", ""requested_step_depth_m"": 5.555555555555556e-06, ""step_volume_m3"": 0.0014222222222222223, ""storage_units"": ""m"", ""target_units"": ""m3/s""}"
2020-08-01 00:04:00,runoff,94,54,default,2020-08-01,2020-09-01,62.0,2678400.0,5.925925925925926e-06,-0.0,-5.555555555555556e-06,positive_daisy_runoff_to_positive_oldr_in_flo_and_negative_storage_sink,,"{""bookkeeping_after_m"": 0.0, ""bookkeeping_before_m"": 0.0, ""bookkeeping_mode"": ""virtual_ol_d_snapshot"", ""bookkeeping_source"": ""OL_D read-only snapshot"", ""observed_ol_d_before_m"": 0.0, ""observed_ol_d_time"": ""2020-08-01T00:04:00"", ""requested_step_depth_m"": 5.555555555555556e-06, ""step_volume_m3"": 0.0014222222222222223, ""storage_units"": ""m"", ""target_units"": ""m3/s""}"
2020-08-01 00:04:00,runoff,94,55,default,2020-08-01,2020-09-01,62.0,2678400.0,5.925925925925926e-06,-0.0,-5.555555555555556e-06,positive_daisy_runoff_to_positive_oldr_in_flo_and_negative_storage_sink,,"{""bookkeeping_after_m"": 0.0, ""bookkeeping_before_m"": 0.0, ""bookkeeping_mode"": ""virtual_ol_d_snapshot"", ""bookkeeping_source"": ""OL_D read-only snapshot"", ""observed_ol_d_before_m"": 0.0, ""observed_ol_d_time"": ""2020-08-01T00:04:00"", ""requested_step_depth_m"": 5.555555555555556e-06, ""step_volume_m3"": 0.0014222222222222223, ""storage_units"": ""m"", ""target_units"": ""m3/s""}"
2020-08-01 00:04:00,runoff,94,56,default,2020-08-01,2020-09-01,62.0,2678400.0,5.925925925925926e-06,3.1116087484406307e-10,-5.555244394680712e-06,positive_daisy_runoff_to_positive_oldr_in_flo_and_negative_storage_sink,,"{""bookkeeping_after_m"": 0.0, ""bookkeeping_before_m"": 3.1116087484406307e-10, ""bookkeeping_mode"": ""virtual_ol_d_snapshot"", ""bookkeeping_source"": ""OL_D read-only snapshot"", ""observed_ol_d_before_m"": 3.1116087484406307e-10, ""observed_ol_d_time"": ""2020-08-01T00:04:00"", ""requested_step_depth_m"": 5.555555555555556e-06, ""step_volume_m3"": 0.0014222222222222223, ""storage_units"": ""m"", ""target_units"": ""m3/s""}"
2020-08-01 00:04:00,runoff,94,57,default,2020-08-01,2020-09-01,62.0,2678400.0,5.925925925925926e-06,3.134346115984954e-10,-5.555242120943957e-06,positive_daisy_runoff_to_positive_oldr_in_flo_and_negative_storage_sink,,"{""bookkeeping_after_m"": 0.0, ""bookkeeping_before_m"": 3.134346115984954e-10, ""bookkeeping_mode"": ""virtual_ol_d_snapshot"", ""bookkeeping_source"": ""OL_D read-only snapshot"", ""observed_ol_d_before_m"": 3.134346115984954e-10, ""observed_ol_d_time"": ""2020-08-01T00:04:00"", ""requested_step_depth_m"": 5.555555555555556e-06, ""step_volume_m3"": 0.0014222222222222223, ""storage_units"": ""m"", ""target_units"": ""m3/s""}"
2020-08-01 00:04:00,runoff,94,58,default,2020-08-01,2020-09-01,62.0,2678400.0,5.925925925925926e-06,3.13548298436217e-10,-5.55524200725712e-06,positive_daisy_runoff_to_positive_oldr_in_flo_and_negative_storage_sink,,"{""bookkeeping_after_m"": 0.0, ""bookkeeping_before_m"": 3.13548298436217e-10, ""bookkeeping_mode"": ""virtual_ol_d_snapshot"", ""bookkeeping_source"": ""OL_D read-only snapshot"", ""observed_ol_d_before_m"": 3.13548298436217e-10, ""observed_ol_d_time"": ""2020-08-01T00:04:00"", ""requested_step_depth_m"": 5.555555555555556e-06, ""step_volume_m3"": 0.0014222222222222223, ""storage_units"": ""m"", ""target_units"": ""m3/s""}"
2020-08-01 00:04:00,runoff,94,59,default,2020-08-01,2020-09-01,62.0,2678400.0,5.925925925925926e-06,3.1320723792305216e-10,-5.555242348317633e-06,positive_daisy_runoff_to_positive_oldr_in_flo_and_negative_storage_sink,,"{""bookkeeping_after_m"": 0.0, ""bookkeeping_before_m"": 3.1320723792305216e-10, ""bookkeeping_mode"": ""virtual_ol_d_snapshot"", ""bookkeeping_source"": ""OL_D read-only snapshot"", ""observed_ol_d_before_m"": 3.1320723792305216e-10, ""observed_ol_d_time"": ""2020-08-01T00:04:00"", ""requested_step_depth_m"": 5.555555555555556e-06, ""step_volume_m3"": 0.0014222222222222223, ""storage_units"": ""m"", ""target_units"": ""m3/s""}"
2020-08-01 00:04:00,runoff,94,60,default,2020-08-01,2020-09-01,62.0,2678400.0,5.925925925925926e-06,3.128661774098873e-10,-5.555242689378146e-06,positive_daisy_runoff_to_positive_oldr_in_flo_and_negative_storage_sink,,"{""bookkeeping_after_m"": 0.0, ""bookkeeping_before_m"": 3.128661774098873e-10, ""bookkeeping_mode"": ""virtual_ol_d_snapshot"", ""bookkeeping_source"": ""OL_D read-only snapshot"", ""observed_ol_d_before_m"": 3.128661774098873e-10, ""observed_ol_d_time"": ""2020-08-01T00:04:00"", ""requested_step_depth_m"": 5.555555555555556e-06, ""step_volume_m3"": 0.0014222222222222223, ""storage_units"": ""m"", ""target_units"": ""m3/s""}"
2020-08-01 00:04:00,runoff,94,61,default,2020-08-01,2020-09-01,62.0,2678400.0,5.925925925925926e-06,3.1320723792305216e-10,-5.555242348317633e-06,positive_daisy_runoff_to_positive_oldr_in_flo_and_negative_storage_sink,,"{""bookkeeping_after_m"": 0.0, ""bookkeeping_before_m"": 3.1320723792305216e-10, ""bookkeeping_mode"": ""virtual_ol_d_snapshot"", ""bookkeeping_source"": ""OL_D read-only snapshot"", ""observed_ol_d_before_m"": 3.1320723792305216e-10, ""observed_ol_d_time"": ""2020-08-01T00:04:00"", ""requested_step_depth_m"": 5.555555555555556e-06, ""step_volume_m3"": 0.0014222222222222223, ""storage_units"": ""m"", ""target_units"": ""m3/s""}"
2020-08-01 00:04:00,runoff,94,62,default,2020-08-01,2020-09-01,62.0,2678400.0,5.925925925925926e-06,3.1320723792305216e-10,-5.555242348317633e-06,positive_daisy_runoff_to_positive_oldr_in_flo_and_negative_storage_sink,,"{""bookkeeping_after_m"": 0.0, ""bookkeeping_before_m"": 3.1320723792305216e-10, ""bookkeeping_mode"": ""virtual_ol_d_snapshot"", ""bookkeeping_source"": ""OL_D read-only snapshot"", ""observed_ol_d_before_m"": 3.1320723792305216e-10, ""observed_ol_d_time"": ""2020-08-01T00:04:00"", ""requested_step_depth_m"": 5.555555555555556e-06, ""step_volume_m3"": 0.0014222222222222223, ""storage_units"": ""m"", ""target_units"": ""m3/s""}"
2020-08-01 00:04:00,runoff,94,63,default,2020-08-01,2020-09-01,62.0,2678400.0,5.925925925925926e-06,3.036575435544364e-10,-5.555251898012001e-06,positive_daisy_runoff_to_positive_oldr_in_flo_and_negative_storage_sink,,"{""bookkeeping_after_m"": 0.0, ""bookkeeping_before_m"": 3.036575435544364e-10, ""bookkeeping_mode"": ""virtual_ol_d_snapshot"", ""bookkeeping_source"": ""OL_D read-only snapshot"", ""observed_ol_d_before_m"": 3.036575435544364e-10, ""observed_ol_d_time"": ""2020-08-01T00:04:00"", ""requested_step_depth_m"": 5.555555555555556e-06, ""step_volume_m3"": 0.0014222222222222223, ""storage_units"": ""m"", ""target_units"": ""m3/s""}"
2020-08-01 00:04:00,runoff,94,64,default,2020-08-01,2020-09-01,62.0,2678400.0,5.925925925925926e-06,3.013838068000041e-10,-5.555254171748756e-06,positive_daisy_runoff_to_positive_oldr_in_flo_and_negative_storage_sink,,"{""bookkeeping_after_m"": 0.0, ""bookkeeping_before_m"": 3.013838068000041e-10, ""bookkeeping_mode"": ""virtual_ol_d_snapshot"", ""bookkeeping_source"": ""OL_D read-only snapshot"", ""observed_ol_d_before_m"": 3.013838068000041e-10, ""observed_ol_d_time"": ""2020-08-01T00:04:00"", ""requested_step_depth_m"": 5.555555555555556e-06, ""step_volume_m3"": 0.0014222222222222223, ""storage_units"": ""m"", ""target_units"": ""m3/s""}"
2020-08-01 00:04:00,runoff,94,65,default,2020-08-01,2020-09-01,62.0,2678400.0,5.925925925925926e-06,3.276454663136974e-10,-5.555227910089242e-06,positive_daisy_runoff_to_positive_oldr_in_flo_and_negative_storage_sink,,"{""bookkeeping_after_m"": 0.0, ""bookkeeping_before_m"": 3.276454663136974e-10, ""bookkeeping_mode"": ""virtual_ol_d_snapshot"", ""bookkeeping_source"": ""OL_D read-only snapshot"", ""observed_ol_d_before_m"": 3.276454663136974e-10, ""observed_ol_d_time"": ""2020-08-01T00:04:00"", ""requested_step_depth_m"": 5.555555555555556e-06, ""step_volume_m3"": 0.0014222222222222223, ""storage_units"": ""m"", ""target_units"": ""m3/s""}"
2020-08-01 00:04:00,runoff,94,66,default,2020-08-01,2020-09-01,62.0,2678400.0,5.925925925925926e-06,3.2218849810305983e-10,-5.555233367057453e-06,positive_daisy_runoff_to_positive_oldr_in_flo_and_negative_storage_sink,,"{""bookkeeping_after_m"": 0.0, ""bookkeeping_before_m"": 3.2218849810305983e-10, ""bookkeeping_mode"": ""virtual_ol_d_snapshot"", ""bookkeeping_source"": ""OL_D read-only snapshot"", ""observed_ol_d_before_m"": 3.2218849810305983e-10, ""observed_ol_d_time"": ""2020-08-01T00:04:00"", ""requested_step_depth_m"": 5.555555555555556e-06, ""step_volume_m3"": 0.0014222222222222223, ""storage_units"": ""m"", ""target_units"": ""m3/s""}"
2020-08-01 00:04:00,runoff,94,67,default,2020-08-01,2020-09-01,62.0,2678400.0,5.925925925925926e-06,3.050217856070958e-10,-5.555250533769949e-06,positive_daisy_runoff_to_positive_oldr_in_flo_and_negative_storage_sink,,"{""bookkeeping_after_m"": 0.0, ""bookkeeping_before_m"": 3.050217856070958e-10, ""bookkeeping_mode"": ""virtual_ol_d_snapshot"", ""bookkeeping_source"": ""OL_D read-only snapshot"", ""observed_ol_d_before_m"": 3.050217856070958e-10, ""observed_ol_d_time"": ""2020-08-01T00:04:00"", ""requested_step_depth_m"": 5.555555555555556e-06, ""step_volume_m3"": 0.0014222222222222223, ""storage_units"": ""m"", ""target_units"": ""m3/s""}"
2020-08-01 00:04:00,runoff,94,68,default,2020-08-01,2020-09-01,62.0,2678400.0,5.925925925925926e-06,3.304876372567378e-10,-5.555225067918299e-06,positive_daisy_runoff_to_positive_oldr_in_flo_and_negative_storage_sink,,"{""bookkeeping_after_m"": 0.0, ""bookkeeping_before_m"": 3.304876372567378e-10, ""bookkeeping_mode"": ""virtual_ol_d_snapshot"", ""bookkeeping_source"": ""OL_D read-only snapshot"", ""observed_ol_d_before_m"": 3.304876372567378e-10, ""observed_ol_d_time"": ""2020-08-01T00:04:00"", ""requested_step_depth_m"": 5.555555555555556e-06, ""step_volume_m3"": 0.0014222222222222223, ""storage_units"": ""m"", ""target_units"": ""m3/s""}"
2020-08-01 00:04:00,runoff,94,69,default,2020-08-01,2020-09-01,62.0,2678400.0,5.925925925925926e-06,3.092281986027956e-10,-5.555246327356953e-06,positive_daisy_runoff_to_positive_oldr_in_flo_and_negative_storage_sink,,"{""bookkeeping_after_m"": 0.0, ""bookkeeping_before_m"": 3.092281986027956e-10, ""bookkeeping_mode"": ""virtual_ol_d_snapshot"", ""bookkeeping_source"": ""OL_D read-only snapshot"", ""observed_ol_d_before_m"": 3.092281986027956e-10, ""observed_ol_d_time"": ""2020-08-01T00:04:00"", ""requested_step_depth_m"": 5.555555555555556e-06, ""step_volume_m3"": 0.0014222222222222223, ""storage_units"": ""m"", ""target_units"": ""m3/s""}"
2020-08-01 00:04:00,runoff,94,70,default,2020-08-01,2020-09-01,62.0,2678400.0,5.925925925925926e-06,3.049080987693742e-10,-5.5552506474567864e-06,positive_daisy_runoff_to_positive_oldr_in_flo_and_negative_storage_sink,,"{""bookkeeping_after_m"": 0.0, ""bookkeeping_before_m"": 3.049080987693742e-10, ""bookkeeping_mode"": ""virtual_ol_d_snapshot"", ""bookkeeping_source"": ""OL_D read-only snapshot"", ""observed_ol_d_before_m"": 3.049080987693742e-10, ""observed_ol_d_time"": ""2020-08-01T00:04:00"", ""requested_step_depth_m"": 5.555555555555556e-06, ""step_volume_m3"": 0.0014222222222222223, ""storage_units"": ""m"", ""target_units"": ""m3/s""}"
2020-08-01 00:04:00,runoff,94,71,default,2020-08-01,2020-09-01,62.0,2678400.0,5.925925925925926e-06,3.104787538177334e-10,-5.555245076801738e-06,positive_daisy_runoff_to_positive_oldr_in_flo_and_negative_storage_sink,,"{""bookkeeping_after_m"": 0.0, ""bookkeeping_before_m"": 3.104787538177334e-10, ""bookkeeping_mode"": ""virtual_ol_d_snapshot"", ""bookkeeping_source"": ""OL_D read-only snapshot"", ""observed_ol_d_before_m"": 3.104787538177334e-10, ""observed_ol_d_time"": ""2020-08-01T00:04:00"", ""requested_step_depth_m"": 5.555555555555556e-06, ""step_volume_m3"": 0.0014222222222222223, ""storage_units"": ""m"", ""target_units"": ""m3/s""}"
2020-08-01 00:04:00,runoff,94,72,default,2020-08-01,2020-09-01,62.0,2678400.0,5.925925925925926e-06,3.121840563835576e-10,-5.555243371499172e-06,positive_daisy_runoff_to_positive_oldr_in_flo_and_negative_storage_sink,,"{""bookkeeping_after_m"": 0.0, ""bookkeeping_before_m"": 3.121840563835576e-10, ""bookkeeping_mode"": ""virtual_ol_d_snapshot"", ""bookkeeping_source"": ""OL_D read-only snapshot"", ""observed_ol_d_before_m"": 3.121840563835576e-10, ""observed_ol_d_time"": ""2020-08-01T00:04:00"", ""requested_step_depth_m"": 5.555555555555556e-06, ""step_volume_m3"": 0.0014222222222222223, ""storage_units"": ""m"", ""target_units"": ""m3/s""}"
2020-08-01 00:04:00,runoff,94,73,default,2020-08-01,2020-09-01,62.0,2678400.0,5.925925925925926e-06,3.1252511689672247e-10,-5.555243030438659e-06,positive_daisy_runoff_to_positive_oldr_in_flo_and_negative_storage_sink,,"{""bookkeeping_after_m"": 0.0, ""bookkeeping_before_m"": 3.1252511689672247e-10, ""bookkeeping_mode"": ""virtual_ol_d_snapshot"", ""bookkeeping_source"": ""OL_D read-only snapshot"", ""observed_ol_d_before_m"": 3.1252511689672247e-10, ""observed_ol_d_time"": ""2020-08-01T00:04:00"", ""requested_step_depth_m"": 5.555555555555556e-06, ""step_volume_m3"": 0.0014222222222222223, ""storage_units"": ""m"", ""target_units"": ""m3/s""}"
2020-08-01 00:04:00,runoff,94,74,default,2020-08-01,2020-09-01,62.0,2678400.0,5.925925925925926e-06,3.134346115984954e-10,-5.555242120943957e-06,positive_daisy_runoff_to_positive_oldr_in_flo_and_negative_storage_sink,,"{""bookkeeping_after_m"": 0.0, ""bookkeeping_before_m"": 3.134346115984954e-10, ""bookkeeping_mode"": ""virtual_ol_d_snapshot"", ""bookkeeping_source"": ""OL_D read-only snapshot"", ""observed_ol_d_before_m"": 3.134346115984954e-10, ""observed_ol_d_time"": ""2020-08-01T00:04:00"", ""requested_step_depth_m"": 5.555555555555556e-06, ""step_volume_m3"": 0.0014222222222222223, ""storage_units"": ""m"", ""target_units"": ""m3/s""}"
2020-08-01 00:04:00,runoff,94,75,default,2020-08-01,2020-09-01,62.0,2678400.0,5.925925925925926e-06,3.1320723792305216e-10,-5.555242348317633e-06,positive_daisy_runoff_to_positive_oldr_in_flo_and_negative_storage_sink,,"{""bookkeeping_after_m"": 0.0, ""bookkeeping_before_m"": 3.1320723792305216e-10, ""bookkeeping_mode"": ""virtual_ol_d_snapshot"", ""bookkeeping_source"": ""OL_D read-only snapshot"", ""observed_ol_d_before_m"": 3.1320723792305216e-10, ""observed_ol_d_time"": ""2020-08-01T00:04:00"", ""requested_step_depth_m"": 5.555555555555556e-06, ""step_volume_m3"": 0.0014222222222222223, ""storage_units"": ""m"", ""target_units"": ""m3/s""}"
2020-08-01 00:04:00,runoff,94,76,default,2020-08-01,2020-09-01,62.0,2678400.0,5.925925925925926e-06,3.119566827081144e-10,-5.555243598872848e-06,positive_daisy_runoff_to_positive_oldr_in_flo_and_negative_storage_sink,,"{""bookkeeping_after_m"": 0.0, ""bookkeeping_before_m"": 3.119566827081144e-10, ""bookkeeping_mode"": ""virtual_ol_d_snapshot"", ""bookkeeping_source"": ""OL_D read-only snapshot"", ""observed_ol_d_before_m"": 3.119566827081144e-10, ""observed_ol_d_time"": ""2020-08-01T00:04:00"", ""requested_step_depth_m"": 5.555555555555556e-06, ""step_volume_m3"": 0.0014222222222222223, ""storage_units"": ""m"", ""target_units"": ""m3/s""}"
2020-08-01 00:04:00,runoff,94,77,default,2020-08-01,2020-09-01,62.0,2678400.0,5.925925925925926e-06,3.1036506698001176e-10,-5.555245190488576e-06,positive_daisy_runoff_to_positive_oldr_in_flo_and_negative_storage_sink,,"{""bookkeeping_after_m"": 0.0, ""bookkeeping_before_m"": 3.1036506698001176e-10, ""bookkeeping_mode"": ""virtual_ol_d_snapshot"", ""bookkeeping_source"": ""OL_D read-only snapshot"", ""observed_ol_d_before_m"": 3.1036506698001176e-10, ""observed_ol_d_time"": ""2020-08-01T00:04:00"", ""requested_step_depth_m"": 5.555555555555556e-06, ""step_volume_m3"": 0.0014222222222222223, ""storage_units"": ""m"", ""target_units"": ""m3/s""}"
2020-08-01 00:04:00,runoff,94,78,default,2020-08-01,2020-09-01,62.0,2678400.0,5.925925925925926e-06,3.001332515850663e-10,-5.555255422303971e-06,positive_daisy_runoff_to_positive_oldr_in_flo_and_negative_storage_sink,,"{""bookkeeping_after_m"": 0.0, ""bookkeeping_before_m"": 3.001332515850663e-10, ""bookkeeping_mode"": ""virtual_ol_d_snapshot"", ""bookkeeping_source"": ""OL_D read-only snapshot"", ""observed_ol_d_before_m"": 3.001332515850663e-10, ""observed_ol_d_time"": ""2020-08-01T00:04:00"", ""requested_step_depth_m"": 5.555555555555556e-06, ""step_volume_m3"": 0.0014222222222222223, ""storage_units"": ""m"", ""target_units"": ""m3/s""}"
2020-08-01 00:04:00,runoff,94,79,default,2020-08-01,2020-09-01,62.0,2678400.0,5.925925925925926e-06,2.99337443721015e-10,-5.555256218111835e-06,positive_daisy_runoff_to_positive_oldr_in_flo_and_negative_storage_sink,,"{""bookkeeping_after_m"": 0.0, ""bookkeeping_before_m"": 2.99337443721015e-10, ""bookkeeping_mode"": ""virtual_ol_d_snapshot"", ""bookkeeping_source"": ""OL_D read-only snapshot"", ""observed_ol_d_before_m"": 2.99337443721015e-10, ""observed_ol_d_time"": ""2020-08-01T00:04:00"", ""requested_step_depth_m"": 5.555555555555556e-06, ""step_volume_m3"": 0.0014222222222222223, ""storage_units"": ""m"", ""target_units"": ""m3/s""}"
2020-08-01 00:04:00,runoff,94,80,default,2020-08-01,2020-09-01,62.0,2678400.0,5.925925925925926e-06,2.9899638320785016e-10,-5.555256559172348e-06,positive_daisy_runoff_to_positive_oldr_in_flo_and_negative_storage_sink,,"{""bookkeeping_after_m"": 0.0, ""bookkeeping_before_m"": 2.9899638320785016e-10, ""bookkeeping_mode"": ""virtual_ol_d_snapshot"", ""bookkeeping_source"": ""OL_D read-only snapshot"", ""observed_ol_d_before_m"": 2.9899638320785016e-10, ""observed_ol_d_time"": ""2020-08-01T00:04:00"", ""requested_step_depth_m"": 5.555555555555556e-06, ""step_volume_m3"": 0.0014222222222222223, ""storage_units"": ""m"", ""target_units"": ""m3/s""}"
2020-08-01 00:04:00,runoff,94,81,default,2020-08-01,2020-09-01,62.0,2678400.0,5.925925925925926e-06,2.99337443721015e-10,-5.555256218111835e-06,positive_daisy_runoff_to_positive_oldr_in_flo_and_negative_storage_sink,,"{""bookkeeping_after_m"": 0.0, ""bookkeeping_before_m"": 2.99337443721015e-10, ""bookkeeping_mode"": ""virtual_ol_d_snapshot"", ""bookkeeping_source"": ""OL_D read-only snapshot"", ""observed_ol_d_before_m"": 2.99337443721015e-10, ""observed_ol_d_time"": ""2020-08-01T00:04:00"", ""requested_step_depth_m"": 5.555555555555556e-06, ""step_volume_m3"": 0.0014222222222222223, ""storage_units"": ""m"", ""target_units"": ""m3/s""}"
2020-08-01 00:04:00,runoff,94,82,default,2020-08-01,2020-09-01,62.0,2678400.0,5.925925925925926e-06,2.9888269637012854e-10,-5.555256672859186e-06,positive_daisy_runoff_to_positive_oldr_in_flo_and_negative_storage_sink,,"{""bookkeeping_after_m"": 0.0, ""bookkeeping_before_m"": 2.9888269637012854e-10, ""bookkeeping_mode"": ""virtual_ol_d_snapshot"", ""bookkeeping_source"": ""OL_D read-only snapshot"", ""observed_ol_d_before_m"": 2.9888269637012854e-10, ""observed_ol_d_time"": ""2020-08-01T00:04:00"", ""requested_step_depth_m"": 5.555555555555556e-06, ""step_volume_m3"": 0.0014222222222222223, ""storage_units"": ""m"", ""target_units"": ""m3/s""}"
2020-08-01 00:04:00,runoff,94,83,default,2020-08-01,2020-09-01,62.0,2678400.0,5.925925925925926e-06,2.9888269637012854e-10,-5.555256672859186e-06,positive_daisy_runoff_to_positive_oldr_in_flo_and_negative_storage_sink,,"{""bookkeeping_after_m"": 0.0, ""bookkeeping_before_m"": 2.9888269637012854e-10, ""bookkeeping_mode"": ""virtual_ol_d_snapshot"", ""bookkeeping_source"": ""OL_D read-only snapshot"", ""observed_ol_d_before_m"": 2.9888269637012854e-10, ""observed_ol_d_time"": ""2020-08-01T00:04:00"", ""requested_step_depth_m"": 5.555555555555556e-06, ""step_volume_m3"": 0.0014222222222222223, ""storage_units"": ""m"", ""target_units"": ""m3/s""}"
2020-08-01 00:04:00,runoff,94,84,default,2020-08-01,2020-09-01,62.0,2678400.0,5.925925925925926e-06,2.9956481739645824e-10,-5.555255990738159e-06,positive_daisy_runoff_to_positive_oldr_in_flo_and_negative_storage_sink,,"{""bookkeeping_after_m"": 0.0, ""bookkeeping_before_m"": 2.9956481739645824e-10, ""bookkeeping_mode"": ""virtual_ol_d_snapshot"", ""bookkeeping_source"": ""OL_D read-only snapshot"", ""observed_ol_d_before_m"": 2.9956481739645824e-10, ""observed_ol_d_time"": ""2020-08-01T00:04:00"", ""requested_step_depth_m"": 5.555555555555556e-06, ""step_volume_m3"": 0.0014222222222222223, ""storage_units"": ""m"", ""target_units"": ""m3/s""}"
2020-08-01 00:04:00,runoff,94,85,default,2020-08-01,2020-09-01,62.0,2678400.0,5.925925925925926e-06,2.9888269637012854e-10,-5.555256672859186e-06,positive_daisy_runoff_to_positive_oldr_in_flo_and_negative_storage_sink,,"{""bookkeeping_after_m"": 0.0, ""bookkeeping_before_m"": 2.9888269637012854e-10, ""bookkeeping_mode"": ""virtual_ol_d_snapshot"", ""bookkeeping_source"": ""OL_D read-only snapshot"", ""observed_ol_d_before_m"": 2.9888269637012854e-10, ""observed_ol_d_time"": ""2020-08-01T00:04:00"", ""requested_step_depth_m"": 5.555555555555556e-06, ""step_volume_m3"": 0.0014222222222222223, ""storage_units"": ""m"", ""target_units"": ""m3/s""}"
2020-08-01 00:04:00,runoff,94,86,default,2020-08-01,2020-09-01,62.0,2678400.0,5.925925925925926e-06,2.9956481739645824e-10,-5.555255990738159e-06,positive_daisy_runoff_to_positive_oldr_in_flo_and_negative_storage_sink,,"{""bookkeeping_after_m"": 0.0, ""bookkeeping_before_m"": 2.9956481739645824e-10, ""bookkeeping_mode"": ""virtual_ol_d_snapshot"", ""bookkeeping_source"": ""OL_D read-only snapshot"", ""observed_ol_d_before_m"": 2.9956481739645824e-10, ""observed_ol_d_time"": ""2020-08-01T00:04:00"", ""requested_step_depth_m"": 5.555555555555556e-06, ""step_volume_m3"": 0.0014222222222222223, ""storage_units"": ""m"", ""target_units"": ""m3/s""}"
2020-08-01 00:04:00,runoff,94,87,default,2020-08-01,2020-09-01,62.0,2678400.0,5.925925925925926e-06,2.99337443721015e-10,-5.555256218111835e-06,positive_daisy_runoff_to_positive_oldr_in_flo_and_negative_storage_sink,,"{""bookkeeping_after_m"": 0.0, ""bookkeeping_before_m"": 2.99337443721015e-10, ""bookkeeping_mode"": ""virtual_ol_d_snapshot"", ""bookkeeping_source"": ""OL_D read-only snapshot"", ""observed_ol_d_before_m"": 2.99337443721015e-10, ""observed_ol_d_time"": ""2020-08-01T00:04:00"", ""requested_step_depth_m"": 5.555555555555556e-06, ""step_volume_m3"": 0.0014222222222222223, ""storage_units"": ""m"", ""target_units"": ""m3/s""}"
2020-08-01 00:04:00,runoff,94,88,default,2020-08-01,2020-09-01,62.0,2678400.0,5.925925925925926e-06,2.991100700455718e-10,-5.55525644548551e-06,positive_daisy_runoff_to_positive_oldr_in_flo_and_negative_storage_sink,,"{""bookkeeping_after_m"": 0.0, ""bookkeeping_before_m"": 2.991100700455718e-10, ""bookkeeping_mode"": ""virtual_ol_d_snapshot"", ""bookkeeping_source"": ""OL_D read-only snapshot"", ""observed_ol_d_before_m"": 2.991100700455718e-10, ""observed_ol_d_time"": ""2020-08-01T00:04:00"", ""requested_step_depth_m"": 5.555555555555556e-06, ""step_volume_m3"": 0.0014222222222222223, ""storage_units"": ""m"", ""target_units"": ""m3/s""}"
2020-08-01 00:04:00,runoff,94,89,default,2020-08-01,2020-09-01,62.0,2678400.0,5.925925925925926e-06,2.999627213284839e-10,-5.555255592834227e-06,positive_daisy_runoff_to_positive_oldr_in_flo_and_negative_storage_sink,,"{""bookkeeping_after_m"": 0.0, ""bookkeeping_before_m"": 2.999627213284839e-10, ""bookkeeping_mode"": ""virtual_ol_d_snapshot"", ""bookkeeping_source"": ""OL_D read-only snapshot"", ""observed_ol_d_before_m"": 2.999627213284839e-10, ""observed_ol_d_time"": ""2020-08-01T00:04:00"", ""requested_step_depth_m"": 5.555555555555556e-06, ""step_volume_m3"": 0.0014222222222222223, ""storage_units"": ""m"", ""target_units"": ""m3/s""}"
2020-08-01 00:04:00,runoff,94,90,default,2020-08-01,2020-09-01,62.0,2678400.0,5.925925925925926e-06,3.000764081662055e-10,-5.55525547914739e-06,positive_daisy_runoff_to_positive_oldr_in_flo_and_negative_storage_sink,,"{""bookkeeping_after_m"": 0.0, ""bookkeeping_before_m"": 3.000764081662055e-10, ""bookkeeping_mode"": ""virtual_ol_d_snapshot"", ""bookkeeping_source"": ""OL_D read-only snapshot"", ""observed_ol_d_before_m"": 3.000764081662055e-10, ""observed_ol_d_time"": ""2020-08-01T00:04:00"", ""requested_step_depth_m"": 5.555555555555556e-06, ""step_volume_m3"": 0.0014222222222222223, ""storage_units"": ""m"", ""target_units"": ""m3/s""}"
2020-08-01 00:04:00,runoff,94,91,default,2020-08-01,2020-09-01,62.0,2678400.0,5.925925925925926e-06,2.999058779096231e-10,-5.555255649677646e-06,positive_daisy_runoff_to_positive_oldr_in_flo_and_negative_storage_sink,,"{""bookkeeping_after_m"": 0.0, ""bookkeeping_before_m"": 2.999058779096231e-10, ""bookkeeping_mode"": ""virtual_ol_d_snapshot"", ""bookkeeping_source"": ""OL_D read-only snapshot"", ""observed_ol_d_before_m"": 2.999058779096231e-10, ""observed_ol_d_time"": ""2020-08-01T00:04:00"", ""requested_step_depth_m"": 5.555555555555556e-06, ""step_volume_m3"": 0.0014222222222222223, ""storage_units"": ""m"", ""target_units"": ""m3/s""}"
2020-08-01 00:04:00,runoff,94,92,default,2020-08-01,2020-09-01,62.0,2678400.0,5.925925925925926e-06,2.9956481739645824e-10,-5.555255990738159e-06,positive_daisy_runoff_to_positive_oldr_in_flo_and_negative_storage_sink,,"{""bookkeeping_after_m"": 0.0, ""bookkeeping_before_m"": 2.9956481739645824e-10, ""bookkeeping_mode"": ""virtual_ol_d_snapshot"", ""bookkeeping_source"": ""OL_D read-only snapshot"", ""observed_ol_d_before_m"": 2.9956481739645824e-10, ""observed_ol_d_time"": ""2020-08-01T00:04:00"", ""requested_step_depth_m"": 5.555555555555556e-06, ""step_volume_m3"": 0.0014222222222222223, ""storage_units"": ""m"", ""target_units"": ""m3/s""}"
2020-08-01 00:04:00,runoff,94,93,default,2020-08-01,2020-09-01,62.0,2678400.0,5.925925925925926e-06,3.0036062526050955e-10,-5.555255194930295e-06,positive_daisy_runoff_to_positive_oldr_in_flo_and_negative_storage_sink,,"{""bookkeeping_after_m"": 0.0, ""bookkeeping_before_m"": 3.0036062526050955e-10, ""bookkeeping_mode"": ""virtual_ol_d_snapshot"", ""bookkeeping_source"": ""OL_D read-only snapshot"", ""observed_ol_d_before_m"": 3.0036062526050955e-10, ""observed_ol_d_time"": ""2020-08-01T00:04:00"", ""requested_step_depth_m"": 5.555555555555556e-06, ""step_volume_m3"": 0.0014222222222222223, ""storage_units"": ""m"", ""target_units"": ""m3/s""}"
2020-08-01 00:04:00,runoff,94,94,default,2020-08-01,2020-09-01,62.0,2678400.0,5.925925925925926e-06,3.014406502188649e-10,-5.555254114905337e-06,positive_daisy_runoff_to_positive_oldr_in_flo_and_negative_storage_sink,,"{""bookkeeping_after_m"": 0.0, ""bookkeeping_before_m"": 3.014406502188649e-10, ""bookkeeping_mode"": ""virtual_ol_d_snapshot"", ""bookkeeping_source"": ""OL_D read-only snapshot"", ""observed_ol_d_before_m"": 3.014406502188649e-10, ""observed_ol_d_time"": ""2020-08-01T00:04:00"", ""requested_step_depth_m"": 5.555555555555556e-06, ""step_volume_m3"": 0.0014222222222222223, ""storage_units"": ""m"", ""target_units"": ""m3/s""}"
2020-08-01 00:04:00,runoff,94,95,default,2020-08-01,2020-09-01,62.0,2678400.0,5.925925925925926e-06,3.021227712451946e-10,-5.555253432784311e-06,positive_daisy_runoff_to_positive_oldr_in_flo_and_negative_storage_sink,,"{""bookkeeping_after_m"": 0.0, ""bookkeeping_before_m"": 3.021227712451946e-10, ""bookkeeping_mode"": ""virtual_ol_d_snapshot"", ""bookkeeping_source"": ""OL_D read-only snapshot"", ""observed_ol_d_before_m"": 3.021227712451946e-10, ""observed_ol_d_time"": ""2020-08-01T00:04:00"", ""requested_step_depth_m"": 5.555555555555556e-06, ""step_volume_m3"": 0.0014222222222222223, ""storage_units"": ""m"", ""target_units"": ""m3/s""}"
2020-08-01 00:04:00,runoff,94,96,default,2020-08-01,2020-09-01,62.0,2678400.0,5.925925925925926e-06,3.0462388167507015e-10,-5.555250931673881e-06,positive_daisy_runoff_to_positive_oldr_in_flo_and_negative_storage_sink,,"{""bookkeeping_after_m"": 0.0, ""bookkeeping_before_m"": 3.0462388167507015e-10, ""bookkeeping_mode"": ""virtual_ol_d_snapshot"", ""bookkeeping_source"": ""OL_D read-only snapshot"", ""observed_ol_d_before_m"": 3.0462388167507015e-10, ""observed_ol_d_time"": ""2020-08-01T00:04:00"", ""requested_step_depth_m"": 5.555555555555556e-06, ""step_volume_m3"": 0.0014222222222222223, ""storage_units"": ""m"", ""target_units"": ""m3/s""}"
2020-08-01 00:04:00,runoff,94,97,default,2020-08-01,2020-09-01,62.0,2678400.0,5.925925925925926e-06,3.1747049433761276e-10,-5.555238085061218e-06,positive_daisy_runoff_to_positive_oldr_in_flo_and_negative_storage_sink,,"{""bookkeeping_after_m"": 0.0, ""bookkeeping_before_m"": 3.1747049433761276e-10, ""bookkeeping_mode"": ""virtual_ol_d_snapshot"", ""bookkeeping_source"": ""OL_D read-only snapshot"", ""observed_ol_d_before_m"": 3.1747049433761276e-10, ""observed_ol_d_time"": ""2020-08-01T00:04:00"", ""requested_step_depth_m"": 5.555555555555556e-06, ""step_volume_m3"": 0.0014222222222222223, ""storage_units"": ""m"", ""target_units"": ""m3/s""}"
2020-08-01 00:04:00,runoff,94,98,default,2020-08-01,2020-09-01,62.0,2678400.0,5.925925925925926e-06,3.042828211619053e-10,-5.555251272734394e-06,positive_daisy_runoff_to_positive_oldr_in_flo_and_negative_storage_sink,,"{""bookkeeping_after_m"": 0.0, ""bookkeeping_before_m"": 3.042828211619053e-10, ""bookkeeping_mode"": ""virtual_ol_d_snapshot"", ""bookkeeping_source"": ""OL_D read-only snapshot"", ""observed_ol_d_before_m"": 3.042828211619053e-10, ""observed_ol_d_time"": ""2020-08-01T00:04:00"", ""requested_step_depth_m"": 5.555555555555556e-06, ""step_volume_m3"": 0.0014222222222222223, ""storage_units"": ""m"", ""target_units"": ""m3/s""}"
2020-08-01 00:04:00,runoff,94,99,default,2020-08-01,2020-09-01,62.0,2678400.0,5.925925925925926e-06,3.042828211619053e-10,-5.555251272734394e-06,positive_daisy_runoff_to_positive_oldr_in_flo_and_negative_storage_sink,,"{""bookkeeping_after_m"": 0.0, ""bookkeeping_before_m"": 3.042828211619053e-10, ""bookkeeping_mode"": ""virtual_ol_d_snapshot"", ""bookkeeping_source"": ""OL_D read-only snapshot"", ""observed_ol_d_before_m"": 3.042828211619053e-10, ""observed_ol_d_time"": ""2020-08-01T00:04:00"", ""requested_step_depth_m"": 5.555555555555556e-06, ""step_volume_m3"": 0.0014222222222222223, ""storage_units"": ""m"", ""target_units"": ""m3/s""}"
2020-08-01 00:04:00,runoff,94,100,default,2020-08-01,2020-09-01,62.0,2678400.0,5.925925925925926e-06,3.0189539756975137e-10,-5.555253660157986e-06,positive_daisy_runoff_to_positive_oldr_in_flo_and_negative_storage_sink,,"{""bookkeeping_after_m"": 0.0, ""bookkeeping_before_m"": 3.0189539756975137e-10, ""bookkeeping_mode"": ""virtual_ol_d_snapshot"", ""bookkeeping_source"": ""OL_D read-only snapshot"", ""observed_ol_d_before_m"": 3.0189539756975137e-10, ""observed_ol_d_time"": ""2020-08-01T00:04:00"", ""requested_step_depth_m"": 5.555555555555556e-06, ""step_volume_m3"": 0.0014222222222222223, ""storage_units"": ""m"", ""target_units"": ""m3/s""}"
2020-08-01 00:04:00,runoff,94,101,default,2020-08-01,2020-09-01,62.0,2678400.0,5.925925925925926e-06,3.1809577194508165e-10,-5.555237459783611e-06,positive_daisy_runoff_to_positive_oldr_in_flo_and_negative_storage_sink,,"{""bookkeeping_after_m"": 0.0, ""bookkeeping_before_m"": 3.1809577194508165e-10, ""bookkeeping_mode"": ""virtual_ol_d_snapshot"", ""bookkeeping_source"": ""OL_D read-only snapshot"", ""observed_ol_d_before_m"": 3.1809577194508165e-10, ""observed_ol_d_time"": ""2020-08-01T00:04:00"", ""requested_step_depth_m"": 5.555555555555556e-06, ""step_volume_m3"": 0.0014222222222222223, ""storage_units"": ""m"", ""target_units"": ""m3/s""}"
2020-08-01 00:04:00,runoff,94,102,default,2020-08-01,2020-09-01,62.0,2678400.0,5.925925925925926e-06,2.999058779096231e-10,-5.555255649677646e-06,positive_daisy_runoff_to_positive_oldr_in_flo_and_negative_storage_sink,,"{""bookkeeping_after_m"": 0.0, ""bookkeeping_before_m"": 2.999058779096231e-10, ""bookkeeping_mode"": ""virtual_ol_d_snapshot"", ""bookkeeping_source"": ""OL_D read-only snapshot"", ""observed_ol_d_before_m"": 2.999058779096231e-10, ""observed_ol_d_time"": ""2020-08-01T00:04:00"", ""requested_step_depth_m"": 5.555555555555556e-06, ""step_volume_m3"": 0.0014222222222222223, ""storage_units"": ""m"", ""target_units"": ""m3/s""}"
2020-08-01 00:04:00,runoff,94,103,default,2020-08-01,2020-09-01,62.0,2678400.0,5.925925925925926e-06,3.198010745109059e-10,-5.555235754481045e-06,positive_daisy_runoff_to_positive_oldr_in_flo_and_negative_storage_sink,,"{""bookkeeping_after_m"": 0.0, ""bookkeeping_before_m"": 3.198010745109059e-10, ""bookkeeping_mode"": ""virtual_ol_d_snapshot"", ""bookkeeping_source"": ""OL_D read-only snapshot"", ""observed_ol_d_before_m"": 3.198010745109059e-10, ""observed_ol_d_time"": ""2020-08-01T00:04:00"", ""requested_step_depth_m"": 5.555555555555556e-06, ""step_volume_m3"": 0.0014222222222222223, ""storage_units"": ""m"", ""target_units"": ""m3/s""}"
2020-08-01 00:04:00,runoff,94,104,default,2020-08-01,2020-09-01,62.0,2678400.0,5.925925925925926e-06,3.008722160302568e-10,-5.5552546833395256e-06,positive_daisy_runoff_to_positive_oldr_in_flo_and_negative_storage_sink,,"{""bookkeeping_after_m"": 0.0, ""bookkeeping_before_m"": 3.008722160302568e-10, ""bookkeeping_mode"": ""virtual_ol_d_snapshot"", ""bookkeeping_source"": ""OL_D read-only snapshot"", ""observed_ol_d_before_m"": 3.008722160302568e-10, ""observed_ol_d_time"": ""2020-08-01T00:04:00"", ""requested_step_depth_m"": 5.555555555555556e-06, ""step_volume_m3"": 0.0014222222222222223, ""storage_units"": ""m"", ""target_units"": ""m3/s""}"
2020-08-01 00:04:00,runoff,94,105,default,2020-08-01,2020-09-01,62.0,2678400.0,5.925925925925926e-06,3.0667024475405924e-10,-5.555248885310802e-06,positive_daisy_runoff_to_positive_oldr_in_flo_and_negative_storage_sink,,"{""bookkeeping_after_m"": 0.0, ""bookkeeping_before_m"": 3.0667024475405924e-10, ""bookkeeping_mode"": ""virtual_ol_d_snapshot"", ""bookkeeping_source"": ""OL_D read-only snapshot"", ""observed_ol_d_before_m"": 3.0667024475405924e-10, ""observed_ol_d_time"": ""2020-08-01T00:04:00"", ""requested_step_depth_m"": 5.555555555555556e-06, ""step_volume_m3"": 0.0014222222222222223, ""storage_units"": ""m"", ""target_units"": ""m3/s""}"
2020-08-01 00:04:00,runoff,94,106,default,2020-08-01,2020-09-01,62.0,2678400.0,5.925925925925926e-06,3.006448423548136e-10,-5.555254910713201e-06,positive_daisy_runoff_to_positive_oldr_in_flo_and_negative_storage_sink,,"{""bookkeeping_after_m"": 0.0, ""bookkeeping_before_m"": 3.006448423548136e-10, ""bookkeeping_mode"": ""virtual_ol_d_snapshot"", ""bookkeeping_source"": ""OL_D read-only snapshot"", ""observed_ol_d_before_m"": 3.006448423548136e-10, ""observed_ol_d_time"": ""2020-08-01T00:04:00"", ""requested_step_depth_m"": 5.555555555555556e-06, ""step_volume_m3"": 0.0014222222222222223, ""storage_units"": ""m"", ""target_units"": ""m3/s""}"
2020-08-01 00:04:00,runoff,94,107,default,2020-08-01,2020-09-01,62.0,2678400.0,5.925925925925926e-06,3.0019009500392713e-10,-5.555255365460552e-06,positive_daisy_runoff_to_positive_oldr_in_flo_and_negative_storage_sink,,"{""bookkeeping_after_m"": 0.0, ""bookkeeping_before_m"": 3.0019009500392713e-10, ""bookkeeping_mode"": ""virtual_ol_d_snapshot"", ""bookkeeping_source"": ""OL_D read-only snapshot"", ""observed_ol_d_before_m"": 3.0019009500392713e-10, ""observed_ol_d_time"": ""2020-08-01T00:04:00"", ""requested_step_depth_m"": 5.555555555555556e-06, ""step_volume_m3"": 0.0014222222222222223, ""storage_units"": ""m"", ""target_units"": ""m3/s""}"
2020-08-01 00:04:00,runoff,94,108,default,2020-08-01,2020-09-01,62.0,2678400.0,5.925925925925926e-06,3.048512553505134e-10,-5.555250704300205e-06,positive_daisy_runoff_to_positive_oldr_in_flo_and_negative_storage_sink,,"{""bookkeeping_after_m"": 0.0, ""bookkeeping_before_m"": 3.048512553505134e-10, ""bookkeeping_mode"": ""virtual_ol_d_snapshot"", ""bookkeeping_source"": ""OL_D read-only snapshot"", ""observed_ol_d_before_m"": 3.048512553505134e-10, ""observed_ol_d_time"": ""2020-08-01T00:04:00"", ""requested_step_depth_m"": 5.555555555555556e-06, ""step_volume_m3"": 0.0014222222222222223, ""storage_units"": ""m"", ""target_units"": ""m3/s""}"
2020-08-01 00:04:00,runoff,94,109,default,2020-08-01,2020-09-01,62.0,2678400.0,5.925925925925926e-06,2.9950797397759743e-10,-5.555256047581578e-06,positive_daisy_runoff_to_positive_oldr_in_flo_and_negative_storage_sink,,"{""bookkeeping_after_m"": 0.0, ""bookkeeping_before_m"": 2.9950797397759743e-10, ""bookkeeping_mode"": ""virtual_ol_d_snapshot"", ""bookkeeping_source"": ""OL_D read-only snapshot"", ""observed_ol_d_before_m"": 2.9950797397759743e-10, ""observed_ol_d_time"": ""2020-08-01T00:04:00"", ""requested_step_depth_m"": 5.555555555555556e-06, ""step_volume_m3"": 0.0014222222222222223, ""storage_units"": ""m"", ""target_units"": ""m3/s""}"
2020-08-01 00:04:00,runoff,94,110,default,2020-08-01,2020-09-01,62.0,2678400.0,5.925925925925926e-06,2.9893953978898935e-10,-5.555256616015767e-06,positive_daisy_runoff_to_positive_oldr_in_flo_and_negative_storage_sink,,"{""bookkeeping_after_m"": 0.0, ""bookkeeping_before_m"": 2.9893953978898935e-10, ""bookkeeping_mode"": ""virtual_ol_d_snapshot"", ""bookkeeping_source"": ""OL_D read-only snapshot"", ""observed_ol_d_before_m"": 2.9893953978898935e-10, ""observed_ol_d_time"": ""2020-08-01T00:04:00"", ""requested_step_depth_m"": 5.555555555555556e-06, ""step_volume_m3"": 0.0014222222222222223, ""storage_units"": ""m"", ""target_units"": ""m3/s""}"
2020-08-01 00:04:00,runoff,94,111,default,2020-08-01,2020-09-01,62.0,2678400.0,5.925925925925926e-06,3.00531155517092e-10,-5.555255024400039e-06,positive_daisy_runoff_to_positive_oldr_in_flo_and_negative_storage_sink,,"{""bookkeeping_after_m"": 0.0, ""bookkeeping_before_m"": 3.00531155517092e-10, ""bookkeeping_mode"": ""virtual_ol_d_snapshot"", ""bookkeeping_source"": ""OL_D read-only snapshot"", ""observed_ol_d_before_m"": 3.00531155517092e-10, ""observed_ol_d_time"": ""2020-08-01T00:04:00"", ""requested_step_depth_m"": 5.555555555555556e-06, ""step_volume_m3"": 0.0014222222222222223, ""storage_units"": ""m"", ""target_units"": ""m3/s""}"
2020-08-01 00:04:00,runoff,94,112,default,2020-08-01,2020-09-01,62.0,2678400.0,5.925925925925926e-06,3.09398728859378e-10,-5.5552461568266964e-06,positive_daisy_runoff_to_positive_oldr_in_flo_and_negative_storage_sink,,"{""bookkeeping_after_m"": 0.0, ""bookkeeping_before_m"": 3.09398728859378e-10, ""bookkeeping_mode"": ""virtual_ol_d_snapshot"", ""bookkeeping_source"": ""OL_D read-only snapshot"", ""observed_ol_d_before_m"": 3.09398728859378e-10, ""observed_ol_d_time"": ""2020-08-01T00:04:00"", ""requested_step_depth_m"": 5.555555555555556e-06, ""step_volume_m3"": 0.0014222222222222223, ""storage_units"": ""m"", ""target_units"": ""m3/s""}"
2020-08-01 00:04:00,runoff,94,113,default,2020-08-01,2020-09-01,62.0,2678400.0,5.925925925925926e-06,3.086029209953267e-10,-5.5552469526345605e-06,positive_daisy_runoff_to_positive_oldr_in_flo_and_negative_storage_sink,,"{""bookkeeping_after_m"": 0.0, ""bookkeeping_before_m"": 3.086029209953267e-10, ""bookkeeping_mode"": ""virtual_ol_d_snapshot"", ""bookkeeping_source"": ""OL_D read-only snapshot"", ""observed_ol_d_before_m"": 3.086029209953267e-10, ""observed_ol_d_time"": ""2020-08-01T00:04:00"", ""requested_step_depth_m"": 5.555555555555556e-06, ""step_volume_m3"": 0.0014222222222222223, ""storage_units"": ""m"", ""target_units"": ""m3/s""}"
2020-08-01 00:04:00,runoff,94,114,default,2020-08-01,2020-09-01,62.0,2678400.0,5.925925925925926e-06,3.0820501706330106e-10,-5.5552473505384925e-06,positive_daisy_runoff_to_positive_oldr_in_flo_and_negative_storage_sink,,"{""bookkeeping_after_m"": 0.0, ""bookkeeping_before_m"": 3.0820501706330106e-10, ""bookkeeping_mode"": ""virtual_ol_d_snapshot"", ""bookkeeping_source"": ""OL_D read-only snapshot"", ""observed_ol_d_before_m"": 3.0820501706330106e-10, ""observed_ol_d_time"": ""2020-08-01T00:04:00"", ""requested_step_depth_m"": 5.555555555555556e-06, ""step_volume_m3"": 0.0014222222222222223, ""storage_units"": ""m"", ""target_units"": ""m3/s""}"
2020-08-01 00:04:00,runoff,94,115,default,2020-08-01,2020-09-01,62.0,2678400.0,5.925925925925926e-06,3.156515049340669e-10,-5.555239904050622e-06,positive_daisy_runoff_to_positive_oldr_in_flo_and_negative_storage_sink,,"{""bookkeeping_after_m"": 0.0, ""bookkeeping_before_m"": 3.156515049340669e-10, ""bookkeeping_mode"": ""virtual_ol_d_snapshot"", ""bookkeeping_source"": ""OL_D read-only snapshot"", ""observed_ol_d_before_m"": 3.156515049340669e-10, ""observed_ol_d_time"": ""2020-08-01T00:04:00"", ""requested_step_depth_m"": 5.555555555555556e-06, ""step_volume_m3"": 0.0014222222222222223, ""storage_units"": ""m"", ""target_units"": ""m3/s""}"
2020-08-01 00:04:00,runoff,94,116,default,2020-08-01,2020-09-01,62.0,2678400.0,5.925925925925926e-06,3.104787538177334e-10,-5.555245076801738e-06,positive_daisy_runoff_to_positive_oldr_in_flo_and_negative_storage_sink,,"{""bookkeeping_after_m"": 0.0, ""bookkeeping_before_m"": 3.104787538177334e-10, ""bookkeeping_mode"": ""virtual_ol_d_snapshot"", ""bookkeeping_source"": ""OL_D read-only snapshot"", ""observed_ol_d_before_m"": 3.104787538177334e-10, ""observed_ol_d_time"": ""2020-08-01T00:04:00"", ""requested_step_depth_m"": 5.555555555555556e-06, ""step_volume_m3"": 0.0014222222222222223, ""storage_units"": ""m"", ""target_units"": ""m3/s""}"
2020-08-01 00:04:00,runoff,95,54,default,2020-08-01,2020-09-01,62.0,2678400.0,5.925925925925926e-06,-0.0,-5.555555555555556e-06,positive_daisy_runoff_to_positive_oldr_in_flo_and_negative_storage_sink,,"{""bookkeeping_after_m"": 0.0, ""bookkeeping_before_m"": 0.0, ""bookkeeping_mode"": ""virtual_ol_d_snapshot"", ""bookkeeping_source"": ""OL_D read-only snapshot"", ""observed_ol_d_before_m"": 0.0, ""observed_ol_d_time"": ""2020-08-01T00:04:00"", ""requested_step_depth_m"": 5.555555555555556e-06, ""step_volume_m3"": 0.0014222222222222223, ""storage_units"": ""m"", ""target_units"": ""m3/s""}"
2020-08-01 00:04:00,runoff,95,55,default,2020-08-01,2020-09-01,62.0,2678400.0,5.925925925925926e-06,-0.0,-5.555555555555556e-06,positive_daisy_runoff_to_positive_oldr_in_flo_and_negative_storage_sink,,"{""bookkeeping_after_m"": 0.0, ""bookkeeping_before_m"": 0.0, ""bookkeeping_mode"": ""virtual_ol_d_snapshot"", ""bookkeeping_source"": ""OL_D read-only snapshot"", ""observed_ol_d_before_m"": 0.0, ""observed_ol_d_time"": ""2020-08-01T00:04:00"", ""requested_step_depth_m"": 5.555555555555556e-06, ""step_volume_m3"": 0.0014222222222222223, ""storage_units"": ""m"", ""target_units"": ""m3/s""}"
2020-08-01 00:04:00,runoff,95,56,default,2020-08-01,2020-09-01,62.0,2678400.0,5.925925925925926e-06,3.121840563835576e-10,-5.555243371499172e-06,positive_daisy_runoff_to_positive_oldr_in_flo_and_negative_storage_sink,,"{""bookkeeping_after_m"": 0.0, ""bookkeeping_before_m"": 3.121840563835576e-10, ""bookkeeping_mode"": ""virtual_ol_d_snapshot"", ""bookkeeping_source"": ""OL_D read-only snapshot"", ""observed_ol_d_before_m"": 3.121840563835576e-10, ""observed_ol_d_time"": ""2020-08-01T00:04:00"", ""requested_step_depth_m"": 5.555555555555556e-06, ""step_volume_m3"": 0.0014222222222222223, ""storage_units"": ""m"", ""target_units"": ""m3/s""}"
2020-08-01 00:04:00,runoff,95,57,default,2020-08-01,2020-09-01,62.0,2678400.0,5.925925925925926e-06,3.133209247607738e-10,-5.555242234630795e-06,positive_daisy_runoff_to_positive_oldr_in_flo_and_negative_storage_sink,,"{""bookkeeping_after_m"": 0.0, ""bookkeeping_before_m"": 3.133209247607738e-10, ""bookkeeping_mode"": ""virtual_ol_d_snapshot"", ""bookkeeping_source"": ""OL_D read-only snapshot"", ""observed_ol_d_before_m"": 3.133209247607738e-10, ""observed_ol_d_time"": ""2020-08-01T00:04:00"", ""requested_step_depth_m"": 5.555555555555556e-06, ""step_volume_m3"": 0.0014222222222222223, ""storage_units"": ""m"", ""target_units"": ""m3/s""}"
2020-08-01 00:04:00,runoff,95,58,default,2020-08-01,2020-09-01,62.0,2678400.0,5.925925925925926e-06,3.1297986424760893e-10,-5.555242575691308e-06,positive_daisy_runoff_to_positive_oldr_in_flo_and_negative_storage_sink,,"{""bookkeeping_after_m"": 0.0, ""bookkeeping_before_m"": 3.1297986424760893e-10, ""bookkeeping_mode"": ""virtual_ol_d_snapshot"", ""bookkeeping_source"": ""OL_D read-only snapshot"", ""observed_ol_d_before_m"": 3.1297986424760893e-10, ""observed_ol_d_time"": ""2020-08-01T00:04:00"", ""requested_step_depth_m"": 5.555555555555556e-06, ""step_volume_m3"": 0.0014222222222222223, ""storage_units"": ""m"", ""target_units"": ""m3/s""}"
2020-08-01 00:04:00,runoff,95,59,default,2020-08-01,2020-09-01,62.0,2678400.0,5.925925925925926e-06,3.134346115984954e-10,-5.555242120943957e-06,positive_daisy_runoff_to_positive_oldr_in_flo_and_negative_storage_sink,,"{""bookkeeping_after_m"": 0.0, ""bookkeeping_before_m"": 3.134346115984954e-10, ""bookkeeping_mode"": ""virtual_ol_d_snapshot"", ""bookkeeping_source"": ""OL_D read-only snapshot"", ""observed_ol_d_before_m"": 3.134346115984954e-10, ""observed_ol_d_time"": ""2020-08-01T00:04:00"", ""requested_step_depth_m"": 5.555555555555556e-06, ""step_volume_m3"": 0.0014222222222222223, ""storage_units"": ""m"", ""target_units"": ""m3/s""}"
2020-08-01 00:04:00,runoff,95,60,default,2020-08-01,2020-09-01,62.0,2678400.0,5.925925925925926e-06,3.126388037344441e-10,-5.555242916751821e-06,positive_daisy_runoff_to_positive_oldr_in_flo_and_negative_storage_sink,,"{""bookkeeping_after_m"": 0.0, ""bookkeeping_before_m"": 3.126388037344441e-10, ""bookkeeping_mode"": ""virtual_ol_d_snapshot"", ""bookkeeping_source"": ""OL_D read-only snapshot"", ""observed_ol_d_before_m"": 3.126388037344441e-10, ""observed_ol_d_time"": ""2020-08-01T00:04:00"", ""requested_step_depth_m"": 5.555555555555556e-06, ""step_volume_m3"": 0.0014222222222222223, ""storage_units"": ""m"", ""target_units"": ""m3/s""}"
2020-08-01 00:04:00,runoff,95,61,default,2020-08-01,2020-09-01,62.0,2678400.0,5.925925925925926e-06,3.121840563835576e-10,-5.555243371499172e-06,positive_daisy_runoff_to_positive_oldr_in_flo_and_negative_storage_sink,,"{""bookkeeping_after_m"": 0.0, ""bookkeeping_before_m"": 3.121840563835576e-10, ""bookkeeping_mode"": ""virtual_ol_d_snapshot"", ""bookkeeping_source"": ""OL_D read-only snapshot"", ""observed_ol_d_before_m"": 3.121840563835576e-10, ""observed_ol_d_time"": ""2020-08-01T00:04:00"", ""requested_step_depth_m"": 5.555555555555556e-06, ""step_volume_m3"": 0.0014222222222222223, ""storage_units"": ""m"", ""target_units"": ""m3/s""}"
2020-08-01 00:04:00,runoff,95,62,default,2020-08-01,2020-09-01,62.0,2678400.0,5.925925925925926e-06,3.104787538177334e-10,-5.555245076801738e-06,positive_daisy_runoff_to_positive_oldr_in_flo_and_negative_storage_sink,,"{""bookkeeping_after_m"": 0.0, ""bookkeeping_before_m"": 3.104787538177334e-10, ""bookkeeping_mode"": ""virtual_ol_d_snapshot"", ""bookkeeping_source"": ""OL_D read-only snapshot"", ""observed_ol_d_before_m"": 3.104787538177334e-10, ""observed_ol_d_time"": ""2020-08-01T00:04:00"", ""requested_step_depth_m"": 5.555555555555556e-06, ""step_volume_m3"": 0.0014222222222222223, ""storage_units"": ""m"", ""target_units"": ""m3/s""}"
2020-08-01 00:04:00,runoff,95,63,default,2020-08-01,2020-09-01,62.0,2678400.0,5.925925925925926e-06,2.9967850423417985e-10,-5.555255877051322e-06,positive_daisy_runoff_to_positive_oldr_in_flo_and_negative_storage_sink,,"{""bookkeeping_after_m"": 0.0, ""bookkeeping_before_m"": 2.9967850423417985e-10, ""bookkeeping_mode"": ""virtual_ol_d_snapshot"", ""bookkeeping_source"": ""OL_D read-only snapshot"", ""observed_ol_d_before_m"": 2.9967850423417985e-10, ""observed_ol_d_time"": ""2020-08-01T00:04:00"", ""requested_step_depth_m"": 5.555555555555556e-06, ""step_volume_m3"": 0.0014222222222222223, ""storage_units"": ""m"", ""target_units"": ""m3/s""}"
2020-08-01 00:04:00,runoff,95,64,default,2020-08-01,2020-09-01,62.0,2678400.0,5.925925925925926e-06,3.1673152989242226e-10,-5.555238824025663e-06,positive_daisy_runoff_to_positive_oldr_in_flo_and_negative_storage_sink,,"{""bookkeeping_after_m"": 0.0, ""bookkeeping_before_m"": 3.1673152989242226e-10, ""bookkeeping_mode"": ""virtual_ol_d_snapshot"", ""bookkeeping_source"": ""OL_D read-only snapshot"", ""observed_ol_d_before_m"": 3.1673152989242226e-10, ""observed_ol_d_time"": ""2020-08-01T00:04:00"", ""requested_step_depth_m"": 5.555555555555556e-06, ""step_volume_m3"": 0.0014222222222222223, ""storage_units"": ""m"", ""target_units"": ""m3/s""}"
2020-08-01 00:04:00,runoff,95,65,default,2020-08-01,2020-09-01,62.0,2678400.0,5.925925925925926e-06,3.5174707591068e-10,-5.555203808479645e-06,positive_daisy_runoff_to_positive_oldr_in_flo_and_negative_storage_sink,,"{""bookkeeping_after_m"": 0.0, ""bookkeeping_before_m"": 3.5174707591068e-10, ""bookkeeping_mode"": ""virtual_ol_d_snapshot"", ""bookkeeping_source"": ""OL_D read-only snapshot"", ""observed_ol_d_before_m"": 3.5174707591068e-10, ""observed_ol_d_time"": ""2020-08-01T00:04:00"", ""requested_step_depth_m"": 5.555555555555556e-06, ""step_volume_m3"": 0.0014222222222222223, ""storage_units"": ""m"", ""target_units"": ""m3/s""}"
2020-08-01 00:04:00,runoff,95,66,default,2020-08-01,2020-09-01,62.0,2678400.0,5.925925925925926e-06,3.418563210288994e-10,-5.555213699234527e-06,positive_daisy_runoff_to_positive_oldr_in_flo_and_negative_storage_sink,,"{""bookkeeping_after_m"": 0.0, ""bookkeeping_before_m"": 3.418563210288994e-10, ""bookkeeping_mode"": ""virtual_ol_d_snapshot"", ""bookkeeping_source"": ""OL_D read-only snapshot"", ""observed_ol_d_before_m"": 3.418563210288994e-10, ""observed_ol_d_time"": ""2020-08-01T00:04:00"", ""requested_step_depth_m"": 5.555555555555556e-06, ""step_volume_m3"": 0.0014222222222222223, ""storage_units"": ""m"", ""target_units"": ""m3/s""}"
2020-08-01 00:04:00,runoff,95,67,default,2020-08-01,2020-09-01,62.0,2678400.0,5.925925925925926e-06,3.2787283998914063e-10,-5.555227682715567e-06,positive_daisy_runoff_to_positive_oldr_in_flo_and_negative_storage_sink,,"{""bookkeeping_after_m"": 0.0, ""bookkeeping_before_m"": 3.2787283998914063e-10, ""bookkeeping_mode"": ""virtual_ol_d_snapshot"", ""bookkeeping_source"": ""OL_D read-only snapshot"", ""observed_ol_d_before_m"": 3.2787283998914063e-10, ""observed_ol_d_time"": ""2020-08-01T00:04:00"", ""requested_step_depth_m"": 5.555555555555556e-06, ""step_volume_m3"": 0.0014222222222222223, ""storage_units"": ""m"", ""target_units"": ""m3/s""}"
2020-08-01 00:04:00,runoff,95,68,default,2020-08-01,2020-09-01,62.0,2678400.0,5.925925925925926e-06,3.15026227326598e-10,-5.555240529328229e-06,positive_daisy_runoff_to_positive_oldr_in_flo_and_negative_storage_sink,,"{""bookkeeping_after_m"": 0.0, ""bookkeeping_before_m"": 3.15026227326598e-10, ""bookkeeping_mode"": ""virtual_ol_d_snapshot"", ""bookkeeping_source"": ""OL_D read-only snapshot"", ""observed_ol_d_before_m"": 3.15026227326598e-10, ""observed_ol_d_time"": ""2020-08-01T00:04:00"", ""requested_step_depth_m"": 5.555555555555556e-06, ""step_volume_m3"": 0.0014222222222222223, ""storage_units"": ""m"", ""target_units"": ""m3/s""}"
2020-08-01 00:04:00,runoff,95,69,default,2020-08-01,2020-09-01,62.0,2678400.0,5.925925925925926e-06,2.99337443721015e-10,-5.555256218111835e-06,positive_daisy_runoff_to_positive_oldr_in_flo_and_negative_storage_sink,,"{""bookkeeping_after_m"": 0.0, ""bookkeeping_before_m"": 2.99337443721015e-10, ""bookkeeping_mode"": ""virtual_ol_d_snapshot"", ""bookkeeping_source"": ""OL_D read-only snapshot"", ""observed_ol_d_before_m"": 2.99337443721015e-10, ""observed_ol_d_time"": ""2020-08-01T00:04:00"", ""requested_step_depth_m"": 5.555555555555556e-06, ""step_volume_m3"": 0.0014222222222222223, ""storage_units"": ""m"", ""target_units"": ""m3/s""}"
2020-08-01 00:04:00,runoff,95,70,default,2020-08-01,2020-09-01,62.0,2678400.0,5.925925925925926e-06,3.115019353572279e-10,-5.555244053620199e-06,positive_daisy_runoff_to_positive_oldr_in_flo_and_negative_storage_sink,,"{""bookkeeping_after_m"": 0.0, ""bookkeeping_before_m"": 3.115019353572279e-10, ""bookkeeping_mode"": ""virtual_ol_d_snapshot"", ""bookkeeping_source"": ""OL_D read-only snapshot"", ""observed_ol_d_before_m"": 3.115019353572279e-10, ""observed_ol_d_time"": ""2020-08-01T00:04:00"", ""requested_step_depth_m"": 5.555555555555556e-06, ""step_volume_m3"": 0.0014222222222222223, ""storage_units"": ""m"", ""target_units"": ""m3/s""}"
2020-08-01 00:04:00,runoff,95,71,default,2020-08-01,2020-09-01,62.0,2678400.0,5.925925925925926e-06,3.133209247607738e-10,-5.555242234630795e-06,positive_daisy_runoff_to_positive_oldr_in_flo_and_negative_storage_sink,,"{""bookkeeping_after_m"": 0.0, ""bookkeeping_before_m"": 3.133209247607738e-10, ""bookkeeping_mode"": ""virtual_ol_d_snapshot"", ""bookkeeping_source"": ""OL_D read-only snapshot"", ""observed_ol_d_before_m"": 3.133209247607738e-10, ""observed_ol_d_time"": ""2020-08-01T00:04:00"", ""requested_step_depth_m"": 5.555555555555556e-06, ""step_volume_m3"": 0.0014222222222222223, ""storage_units"": ""m"", ""target_units"": ""m3/s""}"
2020-08-01 00:04:00,runoff,95,72,default,2020-08-01,2020-09-01,62.0,2678400.0,5.925925925925926e-06,3.1309355108533055e-10,-5.5552424620044705e-06,positive_daisy_runoff_to_positive_oldr_in_flo_and_negative_storage_sink,,"{""bookkeeping_after_m"": 0.0, ""bookkeeping_before_m"": 3.1309355108533055e-10, ""bookkeeping_mode"": ""virtual_ol_d_snapshot"", ""bookkeeping_source"": ""OL_D read-only snapshot"", ""observed_ol_d_before_m"": 3.1309355108533055e-10, ""observed_ol_d_time"": ""2020-08-01T00:04:00"", ""requested_step_depth_m"": 5.555555555555556e-06, ""step_volume_m3"": 0.0014222222222222223, ""storage_units"": ""m"", ""target_units"": ""m3/s""}"
2020-08-01 00:04:00,runoff,95,73,default,2020-08-01,2020-09-01,62.0,2678400.0,5.925925925925926e-06,3.1252511689672247e-10,-5.555243030438659e-06,positive_daisy_runoff_to_positive_oldr_in_flo_and_negative_storage_sink,,"{""bookkeeping_after_m"": 0.0, ""bookkeeping_before_m"": 3.1252511689672247e-10, ""bookkeeping_mode"": ""virtual_ol_d_snapshot"", ""bookkeeping_source"": ""OL_D read-only snapshot"", ""observed_ol_d_before_m"": 3.1252511689672247e-10, ""observed_ol_d_time"": ""2020-08-01T00:04:00"", ""requested_step_depth_m"": 5.555555555555556e-06, ""step_volume_m3"": 0.0014222222222222223, ""storage_units"": ""m"", ""target_units"": ""m3/s""}"
2020-08-01 00:04:00,runoff,95,74,default,2020-08-01,2020-09-01,62.0,2678400.0,5.925925925925926e-06,3.1309355108533055e-10,-5.5552424620044705e-06,positive_daisy_runoff_to_positive_oldr_in_flo_and_negative_storage_sink,,"{""bookkeeping_after_m"": 0.0, ""bookkeeping_before_m"": 3.1309355108533055e-10, ""bookkeeping_mode"": ""virtual_ol_d_snapshot"", ""bookkeeping_source"": ""OL_D read-only snapshot"", ""observed_ol_d_before_m"": 3.1309355108533055e-10, ""observed_ol_d_time"": ""2020-08-01T00:04:00"", ""requested_step_depth_m"": 5.555555555555556e-06, ""step_volume_m3"": 0.0014222222222222223, ""storage_units"": ""m"", ""target_units"": ""m3/s""}"
2020-08-01 00:04:00,runoff,95,75,default,2020-08-01,2020-09-01,62.0,2678400.0,5.925925925925926e-06,3.1241143005900085e-10,-5.555243144125497e-06,positive_daisy_runoff_to_positive_oldr_in_flo_and_negative_storage_sink,,"{""bookkeeping_after_m"": 0.0, ""bookkeeping_before_m"": 3.1241143005900085e-10, ""bookkeeping_mode"": ""virtual_ol_d_snapshot"", ""bookkeeping_source"": ""OL_D read-only snapshot"", ""observed_ol_d_before_m"": 3.1241143005900085e-10, ""observed_ol_d_time"": ""2020-08-01T00:04:00"", ""requested_step_depth_m"": 5.555555555555556e-06, ""step_volume_m3"": 0.0014222222222222223, ""storage_units"": ""m"", ""target_units"": ""m3/s""}"
2020-08-01 00:04:00,runoff,95,76,default,2020-08-01,2020-09-01,62.0,2678400.0,5.925925925925926e-06,3.112745616817847e-10,-5.555244280993874e-06,positive_daisy_runoff_to_positive_oldr_in_flo_and_negative_storage_sink,,"{""bookkeeping_after_m"": 0.0, ""bookkeeping_before_m"": 3.112745616817847e-10, ""bookkeeping_mode"": ""virtual_ol_d_snapshot"", ""bookkeeping_source"": ""OL_D read-only snapshot"", ""observed_ol_d_before_m"": 3.112745616817847e-10, ""observed_ol_d_time"": ""2020-08-01T00:04:00"", ""requested_step_depth_m"": 5.555555555555556e-06, ""step_volume_m3"": 0.0014222222222222223, ""storage_units"": ""m"", ""target_units"": ""m3/s""}"
2020-08-01 00:04:00,runoff,95,77,default,2020-08-01,2020-09-01,62.0,2678400.0,5.925925925925926e-06,3.1036506698001176e-10,-5.555245190488576e-06,positive_daisy_runoff_to_positive_oldr_in_flo_and_negative_storage_sink,,"{""bookkeeping_after_m"": 0.0, ""bookkeeping_before_m"": 3.1036506698001176e-10, ""bookkeeping_mode"": ""virtual_ol_d_snapshot"", ""bookkeeping_source"": ""OL_D read-only snapshot"", ""observed_ol_d_before_m"": 3.1036506698001176e-10, ""observed_ol_d_time"": ""2020-08-01T00:04:00"", ""requested_step_depth_m"": 5.555555555555556e-06, ""step_volume_m3"": 0.0014222222222222223, ""storage_units"": ""m"", ""target_units"": ""m3/s""}"
2020-08-01 00:04:00,runoff,95,78,default,2020-08-01,2020-09-01,62.0,2678400.0,5.925925925925926e-06,3.0104274628683925e-10,-5.555254512809269e-06,positive_daisy_runoff_to_positive_oldr_in_flo_and_negative_storage_sink,,"{""bookkeeping_after_m"": 0.0, ""bookkeeping_before_m"": 3.0104274628683925e-10, ""bookkeeping_mode"": ""virtual_ol_d_snapshot"", ""bookkeeping_source"": ""OL_D read-only snapshot"", ""observed_ol_d_before_m"": 3.0104274628683925e-10, ""observed_ol_d_time"": ""2020-08-01T00:04:00"", ""requested_step_depth_m"": 5.555555555555556e-06, ""step_volume_m3"": 0.0014222222222222223, ""storage_units"": ""m"", ""target_units"": ""m3/s""}"
2020-08-01 00:04:00,runoff,95,79,default,2020-08-01,2020-09-01,62.0,2678400.0,5.925925925925926e-06,3.0104274628683925e-10,-5.555254512809269e-06,positive_daisy_runoff_to_positive_oldr_in_flo_and_negative_storage_sink,,"{""bookkeeping_after_m"": 0.0, ""bookkeeping_before_m"": 3.0104274628683925e-10, ""bookkeeping_mode"": ""virtual_ol_d_snapshot"", ""bookkeeping_source"": ""OL_D read-only snapshot"", ""observed_ol_d_before_m"": 3.0104274628683925e-10, ""observed_ol_d_time"": ""2020-08-01T00:04:00"", ""requested_step_depth_m"": 5.555555555555556e-06, ""step_volume_m3"": 0.0014222222222222223, ""storage_units"": ""m"", ""target_units"": ""m3/s""}"
2020-08-01 00:04:00,runoff,95,80,default,2020-08-01,2020-09-01,62.0,2678400.0,5.925925925925926e-06,2.9979219107190147e-10,-5.555255763364484e-06,positive_daisy_runoff_to_positive_oldr_in_flo_and_negative_storage_sink,,"{""bookkeeping_after_m"": 0.0, ""bookkeeping_before_m"": 2.9979219107190147e-10, ""bookkeeping_mode"": ""virtual_ol_d_snapshot"", ""bookkeeping_source"": ""OL_D read-only snapshot"", ""observed_ol_d_before_m"": 2.9979219107190147e-10, ""observed_ol_d_time"": ""2020-08-01T00:04:00"", ""requested_step_depth_m"": 5.555555555555556e-06, ""step_volume_m3"": 0.0014222222222222223, ""storage_units"": ""m"", ""target_units"": ""m3/s""}"
2020-08-01 00:04:00,runoff,95,81,default,2020-08-01,2020-09-01,62.0,2678400.0,5.925925925925926e-06,2.992237568832934e-10,-5.5552563317986725e-06,positive_daisy_runoff_to_positive_oldr_in_flo_and_negative_storage_sink,,"{""bookkeeping_after_m"": 0.0, ""bookkeeping_before_m"": 2.992237568832934e-10, ""bookkeeping_mode"": ""virtual_ol_d_snapshot"", ""bookkeeping_source"": ""OL_D read-only snapshot"", ""observed_ol_d_before_m"": 2.992237568832934e-10, ""observed_ol_d_time"": ""2020-08-01T00:04:00"", ""requested_step_depth_m"": 5.555555555555556e-06, ""step_volume_m3"": 0.0014222222222222223, ""storage_units"": ""m"", ""target_units"": ""m3/s""}"
2020-08-01 00:04:00,runoff,95,82,default,2020-08-01,2020-09-01,62.0,2678400.0,5.925925925925926e-06,2.9888269637012854e-10,-5.555256672859186e-06,positive_daisy_runoff_to_positive_oldr_in_flo_and_negative_storage_sink,,"{""bookkeeping_after_m"": 0.0, ""bookkeeping_before_m"": 2.9888269637012854e-10, ""bookkeeping_mode"": ""virtual_ol_d_snapshot"", ""bookkeeping_source"": ""OL_D read-only snapshot"", ""observed_ol_d_before_m"": 2.9888269637012854e-10, ""observed_ol_d_time"": ""2020-08-01T00:04:00"", ""requested_step_depth_m"": 5.555555555555556e-06, ""step_volume_m3"": 0.0014222222222222223, ""storage_units"": ""m"", ""target_units"": ""m3/s""}"
2020-08-01 00:04:00,runoff,95,83,default,2020-08-01,2020-09-01,62.0,2678400.0,5.925925925925926e-06,2.992237568832934e-10,-5.5552563317986725e-06,positive_daisy_runoff_to_positive_oldr_in_flo_and_negative_storage_sink,,"{""bookkeeping_after_m"": 0.0, ""bookkeeping_before_m"": 2.992237568832934e-10, ""bookkeeping_mode"": ""virtual_ol_d_snapshot"", ""bookkeeping_source"": ""OL_D read-only snapshot"", ""observed_ol_d_before_m"": 2.992237568832934e-10, ""observed_ol_d_time"": ""2020-08-01T00:04:00"", ""requested_step_depth_m"": 5.555555555555556e-06, ""step_volume_m3"": 0.0014222222222222223, ""storage_units"": ""m"", ""target_units"": ""m3/s""}"
2020-08-01 00:04:00,runoff,95,84,default,2020-08-01,2020-09-01,62.0,2678400.0,5.925925925925926e-06,2.99337443721015e-10,-5.555256218111835e-06,positive_daisy_runoff_to_positive_oldr_in_flo_and_negative_storage_sink,,"{""bookkeeping_after_m"": 0.0, ""bookkeeping_before_m"": 2.99337443721015e-10, ""bookkeeping_mode"": ""virtual_ol_d_snapshot"", ""bookkeeping_source"": ""OL_D read-only snapshot"", ""observed_ol_d_before_m"": 2.99337443721015e-10, ""observed_ol_d_time"": ""2020-08-01T00:04:00"", ""requested_step_depth_m"": 5.555555555555556e-06, ""step_volume_m3"": 0.0014222222222222223, ""storage_units"": ""m"", ""target_units"": ""m3/s""}"
2020-08-01 00:04:00,runoff,95,85,default,2020-08-01,2020-09-01,62.0,2678400.0,5.925925925925926e-06,2.99337443721015e-10,-5.555256218111835e-06,positive_daisy_runoff_to_positive_oldr_in_flo_and_negative_storage_sink,,"{""bookkeeping_after_m"": 0.0, ""bookkeeping_before_m"": 2.99337443721015e-10, ""bookkeeping_mode"": ""virtual_ol_d_snapshot"", ""bookkeeping_source"": ""OL_D read-only snapshot"", ""observed_ol_d_before_m"": 2.99337443721015e-10, ""observed_ol_d_time"": ""2020-08-01T00:04:00"", ""requested_step_depth_m"": 5.555555555555556e-06, ""step_volume_m3"": 0.0014222222222222223, ""storage_units"": ""m"", ""target_units"": ""m3/s""}"
2020-08-01 00:04:00,runoff,95,86,default,2020-08-01,2020-09-01,62.0,2678400.0,5.925925925925926e-06,2.9967850423417985e-10,-5.555255877051322e-06,positive_daisy_runoff_to_positive_oldr_in_flo_and_negative_storage_sink,,"{""bookkeeping_after_m"": 0.0, ""bookkeeping_before_m"": 2.9967850423417985e-10, ""bookkeeping_mode"": ""virtual_ol_d_snapshot"", ""bookkeeping_source"": ""OL_D read-only snapshot"", ""observed_ol_d_before_m"": 2.9967850423417985e-10, ""observed_ol_d_time"": ""2020-08-01T00:04:00"", ""requested_step_depth_m"": 5.555555555555556e-06, ""step_volume_m3"": 0.0014222222222222223, ""storage_units"": ""m"", ""target_units"": ""m3/s""}"
2020-08-01 00:04:00,runoff,95,87,default,2020-08-01,2020-09-01,62.0,2678400.0,5.925925925925926e-06,2.991100700455718e-10,-5.55525644548551e-06,positive_daisy_runoff_to_positive_oldr_in_flo_and_negative_storage_sink,,"{""bookkeeping_after_m"": 0.0, ""bookkeeping_before_m"": 2.991100700455718e-10, ""bookkeeping_mode"": ""virtual_ol_d_snapshot"", ""bookkeeping_source"": ""OL_D read-only snapshot"", ""observed_ol_d_before_m"": 2.991100700455718e-10, ""observed_ol_d_time"": ""2020-08-01T00:04:00"", ""requested_step_depth_m"": 5.555555555555556e-06, ""step_volume_m3"": 0.0014222222222222223, ""storage_units"": ""m"", ""target_units"": ""m3/s""}"
2020-08-01 00:04:00,runoff,95,88,default,2020-08-01,2020-09-01,62.0,2678400.0,5.925925925925926e-06,2.9888269637012854e-10,-5.555256672859186e-06,positive_daisy_runoff_to_positive_oldr_in_flo_and_negative_storage_sink,,"{""bookkeeping_after_m"": 0.0, ""bookkeeping_before_m"": 2.9888269637012854e-10, ""bookkeeping_mode"": ""virtual_ol_d_snapshot"", ""bookkeeping_source"": ""OL_D read-only snapshot"", ""observed_ol_d_before_m"": 2.9888269637012854e-10, ""observed_ol_d_time"": ""2020-08-01T00:04:00"", ""requested_step_depth_m"": 5.555555555555556e-06, ""step_volume_m3"": 0.0014222222222222223, ""storage_units"": ""m"", ""target_units"": ""m3/s""}"
2020-08-01 00:04:00,runoff,95,89,default,2020-08-01,2020-09-01,62.0,2678400.0,5.925925925925926e-06,2.9888269637012854e-10,-5.555256672859186e-06,positive_daisy_runoff_to_positive_oldr_in_flo_and_negative_storage_sink,,"{""bookkeeping_after_m"": 0.0, ""bookkeeping_before_m"": 2.9888269637012854e-10, ""bookkeeping_mode"": ""virtual_ol_d_snapshot"", ""bookkeeping_source"": ""OL_D read-only snapshot"", ""observed_ol_d_before_m"": 2.9888269637012854e-10, ""observed_ol_d_time"": ""2020-08-01T00:04:00"", ""requested_step_depth_m"": 5.555555555555556e-06, ""step_volume_m3"": 0.0014222222222222223, ""storage_units"": ""m"", ""target_units"": ""m3/s""}"
2020-08-01 00:04:00,runoff,95,90,default,2020-08-01,2020-09-01,62.0,2678400.0,5.925925925925926e-06,3.000195647473447e-10,-5.5552555359908085e-06,positive_daisy_runoff_to_positive_oldr_in_flo_and_negative_storage_sink,,"{""bookkeeping_after_m"": 0.0, ""bookkeeping_before_m"": 3.000195647473447e-10, ""bookkeeping_mode"": ""virtual_ol_d_snapshot"", ""bookkeeping_source"": ""OL_D read-only snapshot"", ""observed_ol_d_before_m"": 3.000195647473447e-10, ""observed_ol_d_time"": ""2020-08-01T00:04:00"", ""requested_step_depth_m"": 5.555555555555556e-06, ""step_volume_m3"": 0.0014222222222222223, ""storage_units"": ""m"", ""target_units"": ""m3/s""}"
2020-08-01 00:04:00,runoff,95,91,default,2020-08-01,2020-09-01,62.0,2678400.0,5.925925925925926e-06,2.999058779096231e-10,-5.555255649677646e-06,positive_daisy_runoff_to_positive_oldr_in_flo_and_negative_storage_sink,,"{""bookkeeping_after_m"": 0.0, ""bookkeeping_before_m"": 2.999058779096231e-10, ""bookkeeping_mode"": ""virtual_ol_d_snapshot"", ""bookkeeping_source"": ""OL_D read-only snapshot"", ""observed_ol_d_before_m"": 2.999058779096231e-10, ""observed_ol_d_time"": ""2020-08-01T00:04:00"", ""requested_step_depth_m"": 5.555555555555556e-06, ""step_volume_m3"": 0.0014222222222222223, ""storage_units"": ""m"", ""target_units"": ""m3/s""}"
2020-08-01 00:04:00,runoff,95,92,default,2020-08-01,2020-09-01,62.0,2678400.0,5.925925925925926e-06,2.9973534765304066e-10,-5.555255820207903e-06,positive_daisy_runoff_to_positive_oldr_in_flo_and_negative_storage_sink,,"{""bookkeeping_after_m"": 0.0, ""bookkeeping_before_m"": 2.9973534765304066e-10, ""bookkeeping_mode"": ""virtual_ol_d_snapshot"", ""bookkeeping_source"": ""OL_D read-only snapshot"", ""observed_ol_d_before_m"": 2.9973534765304066e-10, ""observed_ol_d_time"": ""2020-08-01T00:04:00"", ""requested_step_depth_m"": 5.555555555555556e-06, ""step_volume_m3"": 0.0014222222222222223, ""storage_units"": ""m"", ""target_units"": ""m3/s""}"
2020-08-01 00:04:00,runoff,95,93,default,2020-08-01,2020-09-01,62.0,2678400.0,5.925925925925926e-06,3.007585291925352e-10,-5.555254797026363e-06,positive_daisy_runoff_to_positive_oldr_in_flo_and_negative_storage_sink,,"{""bookkeeping_after_m"": 0.0, ""bookkeeping_before_m"": 3.007585291925352e-10, ""bookkeeping_mode"": ""virtual_ol_d_snapshot"", ""bookkeeping_source"": ""OL_D read-only snapshot"", ""observed_ol_d_before_m"": 3.007585291925352e-10, ""observed_ol_d_time"": ""2020-08-01T00:04:00"", ""requested_step_depth_m"": 5.555555555555556e-06, ""step_volume_m3"": 0.0014222222222222223, ""storage_units"": ""m"", ""target_units"": ""m3/s""}"
2020-08-01 00:04:00,runoff,95,94,default,2020-08-01,2020-09-01,62.0,2678400.0,5.925925925925926e-06,3.000195647473447e-10,-5.5552555359908085e-06,positive_daisy_runoff_to_positive_oldr_in_flo_and_negative_storage_sink,,"{""bookkeeping_after_m"": 0.0, ""bookkeeping_before_m"": 3.000195647473447e-10, ""bookkeeping_mode"": ""virtual_ol_d_snapshot"", ""bookkeeping_source"": ""OL_D read-only snapshot"", ""observed_ol_d_before_m"": 3.000195647473447e-10, ""observed_ol_d_time"": ""2020-08-01T00:04:00"", ""requested_step_depth_m"": 5.555555555555556e-06, ""step_volume_m3"": 0.0014222222222222223, ""storage_units"": ""m"", ""target_units"": ""m3/s""}"
2020-08-01 00:04:00,runoff,95,95,default,2020-08-01,2020-09-01,62.0,2678400.0,5.925925925925926e-06,3.0115643312456086e-10,-5.555254399122431e-06,positive_daisy_runoff_to_positive_oldr_in_flo_and_negative_storage_sink,,"{""bookkeeping_after_m"": 0.0, ""bookkeeping_before_m"": 3.0115643312456086e-10, ""bookkeeping_mode"": ""virtual_ol_d_snapshot"", ""bookkeeping_source"": ""OL_D read-only snapshot"", ""observed_ol_d_before_m"": 3.0115643312456086e-10, ""observed_ol_d_time"": ""2020-08-01T00:04:00"", ""requested_step_depth_m"": 5.555555555555556e-06, ""step_volume_m3"": 0.0014222222222222223, ""storage_units"": ""m"", ""target_units"": ""m3/s""}"
2020-08-01 00:04:00,runoff,95,96,default,2020-08-01,2020-09-01,62.0,2678400.0,5.925925925925926e-06,2.994511305587366e-10,-5.555256104424997e-06,positive_daisy_runoff_to_positive_oldr_in_flo_and_negative_storage_sink,,"{""bookkeeping_after_m"": 0.0, ""bookkeeping_before_m"": 2.994511305587366e-10, ""bookkeeping_mode"": ""virtual_ol_d_snapshot"", ""bookkeeping_source"": ""OL_D read-only snapshot"", ""observed_ol_d_before_m"": 2.994511305587366e-10, ""observed_ol_d_time"": ""2020-08-01T00:04:00"", ""requested_step_depth_m"": 5.555555555555556e-06, ""step_volume_m3"": 0.0014222222222222223, ""storage_units"": ""m"", ""target_units"": ""m3/s""}"
2020-08-01 00:04:00,runoff,95,97,default,2020-08-01,2020-09-01,62.0,2678400.0,5.925925925925926e-06,3.0610181056545116e-10,-5.55524945374499e-06,positive_daisy_runoff_to_positive_oldr_in_flo_and_negative_storage_sink,,"{""bookkeeping_after_m"": 0.0, ""bookkeeping_before_m"": 3.0610181056545116e-10, ""bookkeeping_mode"": ""virtual_ol_d_snapshot"", ""bookkeeping_source"": ""OL_D read-only snapshot"", ""observed_ol_d_before_m"": 3.0610181056545116e-10, ""observed_ol_d_time"": ""2020-08-01T00:04:00"", ""requested_step_depth_m"": 5.555555555555556e-06, ""step_volume_m3"": 0.0014222222222222223, ""storage_units"": ""m"", ""target_units"": ""m3/s""}"
2020-08-01 00:04:00,runoff,95,98,default,2020-08-01,2020-09-01,62.0,2678400.0,5.925925925925926e-06,3.2383695725002326e-10,-5.555231718598306e-06,positive_daisy_runoff_to_positive_oldr_in_flo_and_negative_storage_sink,,"{""bookkeeping_after_m"": 0.0, ""bookkeeping_before_m"": 3.2383695725002326e-10, ""bookkeeping_mode"": ""virtual_ol_d_snapshot"", ""bookkeeping_source"": ""OL_D read-only snapshot"", ""observed_ol_d_before_m"": 3.2383695725002326e-10, ""observed_ol_d_time"": ""2020-08-01T00:04:00"", ""requested_step_depth_m"": 5.555555555555556e-06, ""step_volume_m3"": 0.0014222222222222223, ""storage_units"": ""m"", ""target_units"": ""m3/s""}"
2020-08-01 00:04:00,runoff,95,99,default,2020-08-01,2020-09-01,62.0,2678400.0,5.925925925925926e-06,3.149693839077372e-10,-5.555240586171648e-06,positive_daisy_runoff_to_positive_oldr_in_flo_and_negative_storage_sink,,"{""bookkeeping_after_m"": 0.0, ""bookkeeping_before_m"": 3.149693839077372e-10, ""bookkeeping_mode"": ""virtual_ol_d_snapshot"", ""bookkeeping_source"": ""OL_D read-only snapshot"", ""observed_ol_d_before_m"": 3.149693839077372e-10, ""observed_ol_d_time"": ""2020-08-01T00:04:00"", ""requested_step_depth_m"": 5.555555555555556e-06, ""step_volume_m3"": 0.0014222222222222223, ""storage_units"": ""m"", ""target_units"": ""m3/s""}"
2020-08-01 00:04:00,runoff,95,100,default,2020-08-01,2020-09-01,62.0,2678400.0,5.925925925925926e-06,2.992237568832934e-10,-5.5552563317986725e-06,positive_daisy_runoff_to_positive_oldr_in_flo_and_negative_storage_sink,,"{""bookkeeping_after_m"": 0.0, ""bookkeeping_before_m"": 2.992237568832934e-10, ""bookkeeping_mode"": ""virtual_ol_d_snapshot"", ""bookkeeping_source"": ""OL_D read-only snapshot"", ""observed_ol_d_before_m"": 2.992237568832934e-10, ""observed_ol_d_time"": ""2020-08-01T00:04:00"", ""requested_step_depth_m"": 5.555555555555556e-06, ""step_volume_m3"": 0.0014222222222222223, ""storage_units"": ""m"", ""target_units"": ""m3/s""}"
2020-08-01 00:04:00,runoff,95,101,default,2020-08-01,2020-09-01,62.0,2678400.0,5.925925925925926e-06,2.9973534765304066e-10,-5.555255820207903e-06,positive_daisy_runoff_to_positive_oldr_in_flo_and_negative_storage_sink,,"{""bookkeeping_after_m"": 0.0, ""bookkeeping_before_m"": 2.9973534765304066e-10, ""bookkeeping_mode"": ""virtual_ol_d_snapshot"", ""bookkeeping_source"": ""OL_D read-only snapshot"", ""observed_ol_d_before_m"": 2.9973534765304066e-10, ""observed_ol_d_time"": ""2020-08-01T00:04:00"", ""requested_step_depth_m"": 5.555555555555556e-06, ""step_volume_m3"": 0.0014222222222222223, ""storage_units"": ""m"", ""target_units"": ""m3/s""}"
2020-08-01 00:04:00,runoff,95,102,default,2020-08-01,2020-09-01,62.0,2678400.0,5.925925925925926e-06,2.99337443721015e-10,-5.555256218111835e-06,positive_daisy_runoff_to_positive_oldr_in_flo_and_negative_storage_sink,,"{""bookkeeping_after_m"": 0.0, ""bookkeeping_before_m"": 2.99337443721015e-10, ""bookkeeping_mode"": ""virtual_ol_d_snapshot"", ""bookkeeping_source"": ""OL_D read-only snapshot"", ""observed_ol_d_before_m"": 2.99337443721015e-10, ""observed_ol_d_time"": ""2020-08-01T00:04:00"", ""requested_step_depth_m"": 5.555555555555556e-06, ""step_volume_m3"": 0.0014222222222222223, ""storage_units"": ""m"", ""target_units"": ""m3/s""}"
2020-08-01 00:04:00,runoff,95,103,default,2020-08-01,2020-09-01,62.0,2678400.0,5.925925925925926e-06,2.999058779096231e-10,-5.555255649677646e-06,positive_daisy_runoff_to_positive_oldr_in_flo_and_negative_storage_sink,,"{""bookkeeping_after_m"": 0.0, ""bookkeeping_before_m"": 2.999058779096231e-10, ""bookkeeping_mode"": ""virtual_ol_d_snapshot"", ""bookkeeping_source"": ""OL_D read-only snapshot"", ""observed_ol_d_before_m"": 2.999058779096231e-10, ""observed_ol_d_time"": ""2020-08-01T00:04:00"", ""requested_step_depth_m"": 5.555555555555556e-06, ""step_volume_m3"": 0.0014222222222222223, ""storage_units"": ""m"", ""target_units"": ""m3/s""}"
2020-08-01 00:04:00,runoff,95,104,default,2020-08-01,2020-09-01,62.0,2678400.0,5.925925925925926e-06,3.041691343241837e-10,-5.555251386421232e-06,positive_daisy_runoff_to_positive_oldr_in_flo_and_negative_storage_sink,,"{""bookkeeping_after_m"": 0.0, ""bookkeeping_before_m"": 3.041691343241837e-10, ""bookkeeping_mode"": ""virtual_ol_d_snapshot"", ""bookkeeping_source"": ""OL_D read-only snapshot"", ""observed_ol_d_before_m"": 3.041691343241837e-10, ""observed_ol_d_time"": ""2020-08-01T00:04:00"", ""requested_step_depth_m"": 5.555555555555556e-06, ""step_volume_m3"": 0.0014222222222222223, ""storage_units"": ""m"", ""target_units"": ""m3/s""}"
2020-08-01 00:04:00,runoff,95,105,default,2020-08-01,2020-09-01,62.0,2678400.0,5.925925925925926e-06,2.9979219107190147e-10,-5.555255763364484e-06,positive_daisy_runoff_to_positive_oldr_in_flo_and_negative_storage_sink,,"{""bookkeeping_after_m"": 0.0, ""bookkeeping_before_m"": 2.9979219107190147e-10, ""bookkeeping_mode"": ""virtual_ol_d_snapshot"", ""bookkeeping_source"": ""OL_D read-only snapshot"", ""observed_ol_d_before_m"": 2.9979219107190147e-10, ""observed_ol_d_time"": ""2020-08-01T00:04:00"", ""requested_step_depth_m"": 5.555555555555556e-06, ""step_volume_m3"": 0.0014222222222222223, ""storage_units"": ""m"", ""target_units"": ""m3/s""}"
2020-08-01 00:04:00,runoff,95,106,default,2020-08-01,2020-09-01,62.0,2678400.0,5.925925925925926e-06,3.1172930903267115e-10,-5.555243826246523e-06,positive_daisy_runoff_to_positive_oldr_in_flo_and_negative_storage_sink,,"{""bookkeeping_after_m"": 0.0, ""bookkeeping_before_m"": 3.1172930903267115e-10, ""bookkeeping_mode"": ""virtual_ol_d_snapshot"", ""bookkeeping_source"": ""OL_D read-only snapshot"", ""observed_ol_d_before_m"": 3.1172930903267115e-10, ""observed_ol_d_time"": ""2020-08-01T00:04:00"", ""requested_step_depth_m"": 5.555555555555556e-06, ""step_volume_m3"": 0.0014222222222222223, ""storage_units"": ""m"", ""target_units"": ""m3/s""}"
2020-08-01 00:04:00,runoff,95,107,default,2020-08-01,2020-09-01,62.0,2678400.0,5.925925925925926e-06,3.0468072509393096e-10,-5.555250874830462e-06,positive_daisy_runoff_to_positive_oldr_in_flo_and_negative_storage_sink,,"{""bookkeeping_after_m"": 0.0, ""bookkeeping_before_m"": 3.0468072509393096e-10, ""bookkeeping_mode"": ""virtual_ol_d_snapshot"", ""bookkeeping_source"": ""OL_D read-only snapshot"", ""observed_ol_d_before_m"": 3.0468072509393096e-10, ""observed_ol_d_time"": ""2020-08-01T00:04:00"", ""requested_step_depth_m"": 5.555555555555556e-06, ""step_volume_m3"": 0.0014222222222222223, ""storage_units"": ""m"", ""target_units"": ""m3/s""}"
2020-08-01 00:04:00,runoff,95,108,default,2020-08-01,2020-09-01,62.0,2678400.0,5.925925925925926e-06,3.0030378184164874e-10,-5.555255251773714e-06,positive_daisy_runoff_to_positive_oldr_in_flo_and_negative_storage_sink,,"{""bookkeeping_after_m"": 0.0, ""bookkeeping_before_m"": 3.0030378184164874e-10, ""bookkeeping_mode"": ""virtual_ol_d_snapshot"", ""bookkeeping_source"": ""OL_D read-only snapshot"", ""observed_ol_d_before_m"": 3.0030378184164874e-10, ""observed_ol_d_time"": ""2020-08-01T00:04:00"", ""requested_step_depth_m"": 5.555555555555556e-06, ""step_volume_m3"": 0.0014222222222222223, ""storage_units"": ""m"", ""target_units"": ""m3/s""}"
2020-08-01 00:04:00,runoff,95,109,default,2020-08-01,2020-09-01,62.0,2678400.0,5.925925925925926e-06,3.000764081662055e-10,-5.55525547914739e-06,positive_daisy_runoff_to_positive_oldr_in_flo_and_negative_storage_sink,,"{""bookkeeping_after_m"": 0.0, ""bookkeeping_before_m"": 3.000764081662055e-10, ""bookkeeping_mode"": ""virtual_ol_d_snapshot"", ""bookkeeping_source"": ""OL_D read-only snapshot"", ""observed_ol_d_before_m"": 3.000764081662055e-10, ""observed_ol_d_time"": ""2020-08-01T00:04:00"", ""requested_step_depth_m"": 5.555555555555556e-06, ""step_volume_m3"": 0.0014222222222222223, ""storage_units"": ""m"", ""target_units"": ""m3/s""}"
2020-08-01 00:04:00,runoff,95,110,default,2020-08-01,2020-09-01,62.0,2678400.0,5.925925925925926e-06,3.0189539756975137e-10,-5.555253660157986e-06,positive_daisy_runoff_to_positive_oldr_in_flo_and_negative_storage_sink,,"{""bookkeeping_after_m"": 0.0, ""bookkeeping_before_m"": 3.0189539756975137e-10, ""bookkeeping_mode"": ""virtual_ol_d_snapshot"", ""bookkeeping_source"": ""OL_D read-only snapshot"", ""observed_ol_d_before_m"": 3.0189539756975137e-10, ""observed_ol_d_time"": ""2020-08-01T00:04:00"", ""requested_step_depth_m"": 5.555555555555556e-06, ""step_volume_m3"": 0.0014222222222222223, ""storage_units"": ""m"", ""target_units"": ""m3/s""}"
2020-08-01 00:04:00,runoff,95,111,default,2020-08-01,2020-09-01,62.0,2678400.0,5.925925925925926e-06,3.021227712451946e-10,-5.555253432784311e-06,positive_daisy_runoff_to_positive_oldr_in_flo_and_negative_storage_sink,,"{""bookkeeping_after_m"": 0.0, ""bookkeeping_before_m"": 3.021227712451946e-10, ""bookkeeping_mode"": ""virtual_ol_d_snapshot"", ""bookkeeping_source"": ""OL_D read-only snapshot"", ""observed_ol_d_before_m"": 3.021227712451946e-10, ""observed_ol_d_time"": ""2020-08-01T00:04:00"", ""requested_step_depth_m"": 5.555555555555556e-06, ""step_volume_m3"": 0.0014222222222222223, ""storage_units"": ""m"", ""target_units"": ""m3/s""}"
2020-08-01 00:04:00,runoff,95,112,default,2020-08-01,2020-09-01,62.0,2678400.0,5.925925925925926e-06,2.9956481739645824e-10,-5.555255990738159e-06,positive_daisy_runoff_to_positive_oldr_in_flo_and_negative_storage_sink,,"{""bookkeeping_after_m"": 0.0, ""bookkeeping_before_m"": 2.9956481739645824e-10, ""bookkeeping_mode"": ""virtual_ol_d_snapshot"", ""bookkeeping_source"": ""OL_D read-only snapshot"", ""observed_ol_d_before_m"": 2.9956481739645824e-10, ""observed_ol_d_time"": ""2020-08-01T00:04:00"", ""requested_step_depth_m"": 5.555555555555556e-06, ""step_volume_m3"": 0.0014222222222222223, ""storage_units"": ""m"", ""target_units"": ""m3/s""}"
2020-08-01 00:04:00,runoff,95,113,default,2020-08-01,2020-09-01,62.0,2678400.0,5.925925925925926e-06,3.013838068000041e-10,-5.555254171748756e-06,positive_daisy_runoff_to_positive_oldr_in_flo_and_negative_storage_sink,,"{""bookkeeping_after_m"": 0.0, ""bookkeeping_before_m"": 3.013838068000041e-10, ""bookkeeping_mode"": ""virtual_ol_d_snapshot"", ""bookkeeping_source"": ""OL_D read-only snapshot"", ""observed_ol_d_before_m"": 3.013838068000041e-10, ""observed_ol_d_time"": ""2020-08-01T00:04:00"", ""requested_step_depth_m"": 5.555555555555556e-06, ""step_volume_m3"": 0.0014222222222222223, ""storage_units"": ""m"", ""target_units"": ""m3/s""}"
2020-08-01 00:04:00,runoff,95,114,default,2020-08-01,2020-09-01,62.0,2678400.0,5.925925925925926e-06,3.1661784305470064e-10,-5.555238937712501e-06,positive_daisy_runoff_to_positive_oldr_in_flo_and_negative_storage_sink,,"{""bookkeeping_after_m"": 0.0, ""bookkeeping_before_m"": 3.1661784305470064e-10, ""bookkeeping_mode"": ""virtual_ol_d_snapshot"", ""bookkeeping_source"": ""OL_D read-only snapshot"", ""observed_ol_d_before_m"": 3.1661784305470064e-10, ""observed_ol_d_time"": ""2020-08-01T00:04:00"", ""requested_step_depth_m"": 5.555555555555556e-06, ""step_volume_m3"": 0.0014222222222222223, ""storage_units"": ""m"", ""target_units"": ""m3/s""}"
2020-08-01 00:04:00,runoff,95,115,default,2020-08-01,2020-09-01,62.0,2678400.0,5.925925925925926e-06,3.19175796903437e-10,-5.555236379758652e-06,positive_daisy_runoff_to_positive_oldr_in_flo_and_negative_storage_sink,,"{""bookkeeping_after_m"": 0.0, ""bookkeeping_before_m"": 3.19175796903437e-10, ""bookkeeping_mode"": ""virtual_ol_d_snapshot"", ""bookkeeping_source"": ""OL_D read-only snapshot"", ""observed_ol_d_before_m"": 3.19175796903437e-10, ""observed_ol_d_time"": ""2020-08-01T00:04:00"", ""requested_step_depth_m"": 5.555555555555556e-06, ""step_volume_m3"": 0.0014222222222222223, ""storage_units"": ""m"", ""target_units"": ""m3/s""}"
2020-08-01 00:04:00,runoff,95,116,default,2020-08-01,2020-09-01,62.0,2678400.0,5.925925925925926e-06,3.3378455555066466e-10,-5.555221771000005e-06,positive_daisy_runoff_to_positive_oldr_in_flo_and_negative_storage_sink,,"{""bookkeeping_after_m"": 0.0, ""bookkeeping_before_m"": 3.3378455555066466e-10, ""bookkeeping_mode"": ""virtual_ol_d_snapshot"", ""bookkeeping_source"": ""OL_D read-only snapshot"", ""observed_ol_d_before_m"": 3.3378455555066466e-10, ""observed_ol_d_time"": ""2020-08-01T00:04:00"", ""requested_step_depth_m"": 5.555555555555556e-06, ""step_volume_m3"": 0.0014222222222222223, ""storage_units"": ""m"", ""target_units"": ""m3/s""}"
2020-08-01 00:04:00,runoff,96,55,default,2020-08-01,2020-09-01,62.0,2678400.0,5.925925925925926e-06,-0.0,-5.555555555555556e-06,positive_daisy_runoff_to_positive_oldr_in_flo_and_negative_storage_sink,,"{""bookkeeping_after_m"": 0.0, ""bookkeeping_before_m"": 0.0, ""bookkeeping_mode"": ""virtual_ol_d_snapshot"", ""bookkeeping_source"": ""OL_D read-only snapshot"", ""observed_ol_d_before_m"": 0.0, ""observed_ol_d_time"": ""2020-08-01T00:04:00"", ""requested_step_depth_m"": 5.555555555555556e-06, ""step_volume_m3"": 0.0014222222222222223, ""storage_units"": ""m"", ""target_units"": ""m3/s""}"
2020-08-01 00:04:00,runoff,96,56,default,2020-08-01,2020-09-01,62.0,2678400.0,5.925925925925926e-06,3.1320723792305216e-10,-5.555242348317633e-06,positive_daisy_runoff_to_positive_oldr_in_flo_and_negative_storage_sink,,"{""bookkeeping_after_m"": 0.0, ""bookkeeping_before_m"": 3.1320723792305216e-10, ""bookkeeping_mode"": ""virtual_ol_d_snapshot"", ""bookkeeping_source"": ""OL_D read-only snapshot"", ""observed_ol_d_before_m"": 3.1320723792305216e-10, ""observed_ol_d_time"": ""2020-08-01T00:04:00"", ""requested_step_depth_m"": 5.555555555555556e-06, ""step_volume_m3"": 0.0014222222222222223, ""storage_units"": ""m"", ""target_units"": ""m3/s""}"
2020-08-01 00:04:00,runoff,96,57,default,2020-08-01,2020-09-01,62.0,2678400.0,5.925925925925926e-06,3.134346115984954e-10,-5.555242120943957e-06,positive_daisy_runoff_to_positive_oldr_in_flo_and_negative_storage_sink,,"{""bookkeeping_after_m"": 0.0, ""bookkeeping_before_m"": 3.134346115984954e-10, ""bookkeeping_mode"": ""virtual_ol_d_snapshot"", ""bookkeeping_source"": ""OL_D read-only snapshot"", ""observed_ol_d_before_m"": 3.134346115984954e-10, ""observed_ol_d_time"": ""2020-08-01T00:04:00"", ""requested_step_depth_m"": 5.555555555555556e-06, ""step_volume_m3"": 0.0014222222222222223, ""storage_units"": ""m"", ""target_units"": ""m3/s""}"
2020-08-01 00:04:00,runoff,96,58,default,2020-08-01,2020-09-01,62.0,2678400.0,5.925925925925926e-06,3.1252511689672247e-10,-5.555243030438659e-06,positive_daisy_runoff_to_positive_oldr_in_flo_and_negative_storage_sink,,"{""bookkeeping_after_m"": 0.0, ""bookkeeping_before_m"": 3.1252511689672247e-10, ""bookkeeping_mode"": ""virtual_ol_d_snapshot"", ""bookkeeping_source"": ""OL_D read-only snapshot"", ""observed_ol_d_before_m"": 3.1252511689672247e-10, ""observed_ol_d_time"": ""2020-08-01T00:04:00"", ""requested_step_depth_m"": 5.555555555555556e-06, ""step_volume_m3"": 0.0014222222222222223, ""storage_units"": ""m"", ""target_units"": ""m3/s""}"
2020-08-01 00:04:00,runoff,96,59,default,2020-08-01,2020-09-01,62.0,2678400.0,5.925925925925926e-06,3.1297986424760893e-10,-5.555242575691308e-06,positive_daisy_runoff_to_positive_oldr_in_flo_and_negative_storage_sink,,"{""bookkeeping_after_m"": 0.0, ""bookkeeping_before_m"": 3.1297986424760893e-10, ""bookkeeping_mode"": ""virtual_ol_d_snapshot"", ""bookkeeping_source"": ""OL_D read-only snapshot"", ""observed_ol_d_before_m"": 3.1297986424760893e-10, ""observed_ol_d_time"": ""2020-08-01T00:04:00"", ""requested_step_depth_m"": 5.555555555555556e-06, ""step_volume_m3"": 0.0014222222222222223, ""storage_units"": ""m"", ""target_units"": ""m3/s""}"
2020-08-01 00:04:00,runoff,96,60,default,2020-08-01,2020-09-01,62.0,2678400.0,5.925925925925926e-06,3.128661774098873e-10,-5.555242689378146e-06,positive_daisy_runoff_to_positive_oldr_in_flo_and_negative_storage_sink,,"{""bookkeeping_after_m"": 0.0, ""bookkeeping_before_m"": 3.128661774098873e-10, ""bookkeeping_mode"": ""virtual_ol_d_snapshot"", ""bookkeeping_source"": ""OL_D read-only snapshot"", ""observed_ol_d_before_m"": 3.128661774098873e-10, ""observed_ol_d_time"": ""2020-08-01T00:04:00"", ""requested_step_depth_m"": 5.555555555555556e-06, ""step_volume_m3"": 0.0014222222222222223, ""storage_units"": ""m"", ""target_units"": ""m3/s""}"
2020-08-01 00:04:00,runoff,96,61,default,2020-08-01,2020-09-01,62.0,2678400.0,5.925925925925926e-06,3.1252511689672247e-10,-5.555243030438659e-06,positive_daisy_runoff_to_positive_oldr_in_flo_and_negative_storage_sink,,"{""bookkeeping_after_m"": 0.0, ""bookkeeping_before_m"": 3.1252511689672247e-10, ""bookkeeping_mode"": ""virtual_ol_d_snapshot"", ""bookkeeping_source"": ""OL_D read-only snapshot"", ""observed_ol_d_before_m"": 3.1252511689672247e-10, ""observed_ol_d_time"": ""2020-08-01T00:04:00"", ""requested_step_depth_m"": 5.555555555555556e-06, ""step_volume_m3"": 0.0014222222222222223, ""storage_units"": ""m"", ""target_units"": ""m3/s""}"
2020-08-01 00:04:00,runoff,96,62,default,2020-08-01,2020-09-01,62.0,2678400.0,5.925925925925926e-06,3.1093350116861984e-10,-5.555244622054387e-06,positive_daisy_runoff_to_positive_oldr_in_flo_and_negative_storage_sink,,"{""bookkeeping_after_m"": 0.0, ""bookkeeping_before_m"": 3.1093350116861984e-10, ""bookkeeping_mode"": ""virtual_ol_d_snapshot"", ""bookkeeping_source"": ""OL_D read-only snapshot"", ""observed_ol_d_before_m"": 3.1093350116861984e-10, ""observed_ol_d_time"": ""2020-08-01T00:04:00"", ""requested_step_depth_m"": 5.555555555555556e-06, ""step_volume_m3"": 0.0014222222222222223, ""storage_units"": ""m"", ""target_units"": ""m3/s""}"
2020-08-01 00:04:00,runoff,96,63,default,2020-08-01,2020-09-01,62.0,2678400.0,5.925925925925926e-06,3.0399860406760126e-10,-5.555251556951488e-06,positive_daisy_runoff_to_positive_oldr_in_flo_and_negative_storage_sink,,"{""bookkeeping_after_m"": 0.0, ""bookkeeping_before_m"": 3.0399860406760126e-10, ""bookkeeping_mode"": ""virtual_ol_d_snapshot"", ""bookkeeping_source"": ""OL_D read-only snapshot"", ""observed_ol_d_before_m"": 3.0399860406760126e-10, ""observed_ol_d_time"": ""2020-08-01T00:04:00"", ""requested_step_depth_m"": 5.555555555555556e-06, ""step_volume_m3"": 0.0014222222222222223, ""storage_units"": ""m"", ""target_units"": ""m3/s""}"
2020-08-01 00:04:00,runoff,96,64,default,2020-08-01,2020-09-01,62.0,2678400.0,5.925925925925926e-06,3.1525360100204125e-10,-5.555240301954554e-06,positive_daisy_runoff_to_positive_oldr_in_flo_and_negative_storage_sink,,"{""bookkeeping_after_m"": 0.0, ""bookkeeping_before_m"": 3.1525360100204125e-10, ""bookkeeping_mode"": ""virtual_ol_d_snapshot"", ""bookkeeping_source"": ""OL_D read-only snapshot"", ""observed_ol_d_before_m"": 3.1525360100204125e-10, ""observed_ol_d_time"": ""2020-08-01T00:04:00"", ""requested_step_depth_m"": 5.555555555555556e-06, ""step_volume_m3"": 0.0014222222222222223, ""storage_units"": ""m"", ""target_units"": ""m3/s""}"
2020-08-01 00:04:00,runoff,96,65,default,2020-08-01,2020-09-01,62.0,2678400.0,5.925925925925926e-06,3.3446667657699436e-10,-5.555221088878979e-06,positive_daisy_runoff_to_positive_oldr_in_flo_and_negative_storage_sink,,"{""bookkeeping_after_m"": 0.0, ""bookkeeping_before_m"": 3.3446667657699436e-10, ""bookkeeping_mode"": ""virtual_ol_d_snapshot"", ""bookkeeping_source"": ""OL_D read-only snapshot"", ""observed_ol_d_before_m"": 3.3446667657699436e-10, ""observed_ol_d_time"": ""2020-08-01T00:04:00"", ""requested_step_depth_m"": 5.555555555555556e-06, ""step_volume_m3"": 0.0014222222222222223, ""storage_units"": ""m"", ""target_units"": ""m3/s""}"
2020-08-01 00:04:00,runoff,96,66,default,2020-08-01,2020-09-01,62.0,2678400.0,5.925925925925926e-06,3.3082869776990265e-10,-5.555224726857786e-06,positive_daisy_runoff_to_positive_oldr_in_flo_and_negative_storage_sink,,"{""bookkeeping_after_m"": 0.0, ""bookkeeping_before_m"": 3.3082869776990265e-10, ""bookkeeping_mode"": ""virtual_ol_d_snapshot"", ""bookkeeping_source"": ""OL_D read-only snapshot"", ""observed_ol_d_before_m"": 3.3082869776990265e-10, ""observed_ol_d_time"": ""2020-08-01T00:04:00"", ""requested_step_depth_m"": 5.555555555555556e-06, ""step_volume_m3"": 0.0014222222222222223, ""storage_units"": ""m"", ""target_units"": ""m3/s""}"
2020-08-01 00:04:00,runoff,96,67,default,2020-08-01,2020-09-01,62.0,2678400.0,5.925925925925926e-06,3.383320290595293e-10,-5.555217223526496e-06,positive_daisy_runoff_to_positive_oldr_in_flo_and_negative_storage_sink,,"{""bookkeeping_after_m"": 0.0, ""bookkeeping_before_m"": 3.383320290595293e-10, ""bookkeeping_mode"": ""virtual_ol_d_snapshot"", ""bookkeeping_source"": ""OL_D read-only snapshot"", ""observed_ol_d_before_m"": 3.383320290595293e-10, ""observed_ol_d_time"": ""2020-08-01T00:04:00"", ""requested_step_depth_m"": 5.555555555555556e-06, ""step_volume_m3"": 0.0014222222222222223, ""storage_units"": ""m"", ""target_units"": ""m3/s""}"
2020-08-01 00:04:00,runoff,96,68,default,2020-08-01,2020-09-01,62.0,2678400.0,5.925925925925926e-06,3.1457147997571155e-10,-5.55524098407558e-06,positive_daisy_runoff_to_positive_oldr_in_flo_and_negative_storage_sink,,"{""bookkeeping_after_m"": 0.0, ""bookkeeping_before_m"": 3.1457147997571155e-10, ""bookkeeping_mode"": ""virtual_ol_d_snapshot"", ""bookkeeping_source"": ""OL_D read-only snapshot"", ""observed_ol_d_before_m"": 3.1457147997571155e-10, ""observed_ol_d_time"": ""2020-08-01T00:04:00"", ""requested_step_depth_m"": 5.555555555555556e-06, ""step_volume_m3"": 0.0014222222222222223, ""storage_units"": ""m"", ""target_units"": ""m3/s""}"
2020-08-01 00:04:00,runoff,96,69,default,2020-08-01,2020-09-01,62.0,2678400.0,5.925925925925926e-06,3.051354724448174e-10,-5.555250420083111e-06,positive_daisy_runoff_to_positive_oldr_in_flo_and_negative_storage_sink,,"{""bookkeeping_after_m"": 0.0, ""bookkeeping_before_m"": 3.051354724448174e-10, ""bookkeeping_mode"": ""virtual_ol_d_snapshot"", ""bookkeeping_source"": ""OL_D read-only snapshot"", ""observed_ol_d_before_m"": 3.051354724448174e-10, ""observed_ol_d_time"": ""2020-08-01T00:04:00"", ""requested_step_depth_m"": 5.555555555555556e-06, ""step_volume_m3"": 0.0014222222222222223, ""storage_units"": ""m"", ""target_units"": ""m3/s""}"
2020-08-01 00:04:00,runoff,96,70,default,2020-08-01,2020-09-01,62.0,2678400.0,5.925925925925926e-06,3.1184299587039277e-10,-5.5552437125596854e-06,positive_daisy_runoff_to_positive_oldr_in_flo_and_negative_storage_sink,,"{""bookkeeping_after_m"": 0.0, ""bookkeeping_before_m"": 3.1184299587039277e-10, ""bookkeeping_mode"": ""virtual_ol_d_snapshot"", ""bookkeeping_source"": ""OL_D read-only snapshot"", ""observed_ol_d_before_m"": 3.1184299587039277e-10, ""observed_ol_d_time"": ""2020-08-01T00:04:00"", ""requested_step_depth_m"": 5.555555555555556e-06, ""step_volume_m3"": 0.0014222222222222223, ""storage_units"": ""m"", ""target_units"": ""m3/s""}"
2020-08-01 00:04:00,runoff,96,71,default,2020-08-01,2020-09-01,62.0,2678400.0,5.925925925925926e-06,3.1297986424760893e-10,-5.555242575691308e-06,positive_daisy_runoff_to_positive_oldr_in_flo_and_negative_storage_sink,,"{""bookkeeping_after_m"": 0.0, ""bookkeeping_before_m"": 3.1297986424760893e-10, ""bookkeeping_mode"": ""virtual_ol_d_snapshot"", ""bookkeeping_source"": ""OL_D read-only snapshot"", ""observed_ol_d_before_m"": 3.1297986424760893e-10, ""observed_ol_d_time"": ""2020-08-01T00:04:00"", ""requested_step_depth_m"": 5.555555555555556e-06, ""step_volume_m3"": 0.0014222222222222223, ""storage_units"": ""m"", ""target_units"": ""m3/s""}"
2020-08-01 00:04:00,runoff,96,72,default,2020-08-01,2020-09-01,62.0,2678400.0,5.925925925925926e-06,3.121840563835576e-10,-5.555243371499172e-06,positive_daisy_runoff_to_positive_oldr_in_flo_and_negative_storage_sink,,"{""bookkeeping_after_m"": 0.0, ""bookkeeping_before_m"": 3.121840563835576e-10, ""bookkeeping_mode"": ""virtual_ol_d_snapshot"", ""bookkeeping_source"": ""OL_D read-only snapshot"", ""observed_ol_d_before_m"": 3.121840563835576e-10, ""observed_ol_d_time"": ""2020-08-01T00:04:00"", ""requested_step_depth_m"": 5.555555555555556e-06, ""step_volume_m3"": 0.0014222222222222223, ""storage_units"": ""m"", ""target_units"": ""m3/s""}"
2020-08-01 00:04:00,runoff,96,73,default,2020-08-01,2020-09-01,62.0,2678400.0,5.925925925925926e-06,3.133209247607738e-10,-5.555242234630795e-06,positive_daisy_runoff_to_positive_oldr_in_flo_and_negative_storage_sink,,"{""bookkeeping_after_m"": 0.0, ""bookkeeping_before_m"": 3.133209247607738e-10, ""bookkeeping_mode"": ""virtual_ol_d_snapshot"", ""bookkeeping_source"": ""OL_D read-only snapshot"", ""observed_ol_d_before_m"": 3.133209247607738e-10, ""observed_ol_d_time"": ""2020-08-01T00:04:00"", ""requested_step_depth_m"": 5.555555555555556e-06, ""step_volume_m3"": 0.0014222222222222223, ""storage_units"": ""m"", ""target_units"": ""m3/s""}"
2020-08-01 00:04:00,runoff,96,74,default,2020-08-01,2020-09-01,62.0,2678400.0,5.925925925925926e-06,3.1320723792305216e-10,-5.555242348317633e-06,positive_daisy_runoff_to_positive_oldr_in_flo_and_negative_storage_sink,,"{""bookkeeping_after_m"": 0.0, ""bookkeeping_before_m"": 3.1320723792305216e-10, ""bookkeeping_mode"": ""virtual_ol_d_snapshot"", ""bookkeeping_source"": ""OL_D read-only snapshot"", ""observed_ol_d_before_m"": 3.1320723792305216e-10, ""observed_ol_d_time"": ""2020-08-01T00:04:00"", ""requested_step_depth_m"": 5.555555555555556e-06, ""step_volume_m3"": 0.0014222222222222223, ""storage_units"": ""m"", ""target_units"": ""m3/s""}"
2020-08-01 00:04:00,runoff,96,75,default,2020-08-01,2020-09-01,62.0,2678400.0,5.925925925925926e-06,3.1320723792305216e-10,-5.555242348317633e-06,positive_daisy_runoff_to_positive_oldr_in_flo_and_negative_storage_sink,,"{""bookkeeping_after_m"": 0.0, ""bookkeeping_before_m"": 3.1320723792305216e-10, ""bookkeeping_mode"": ""virtual_ol_d_snapshot"", ""bookkeeping_source"": ""OL_D read-only snapshot"", ""observed_ol_d_before_m"": 3.1320723792305216e-10, ""observed_ol_d_time"": ""2020-08-01T00:04:00"", ""requested_step_depth_m"": 5.555555555555556e-06, ""step_volume_m3"": 0.0014222222222222223, ""storage_units"": ""m"", ""target_units"": ""m3/s""}"
2020-08-01 00:04:00,runoff,96,76,default,2020-08-01,2020-09-01,62.0,2678400.0,5.925925925925926e-06,3.1093350116861984e-10,-5.555244622054387e-06,positive_daisy_runoff_to_positive_oldr_in_flo_and_negative_storage_sink,,"{""bookkeeping_after_m"": 0.0, ""bookkeeping_before_m"": 3.1093350116861984e-10, ""bookkeeping_mode"": ""virtual_ol_d_snapshot"", ""bookkeeping_source"": ""OL_D read-only snapshot"", ""observed_ol_d_before_m"": 3.1093350116861984e-10, ""observed_ol_d_time"": ""2020-08-01T00:04:00"", ""requested_step_depth_m"": 5.555555555555556e-06, ""step_volume_m3"": 0.0014222222222222223, ""storage_units"": ""m"", ""target_units"": ""m3/s""}"
2020-08-01 00:04:00,runoff,96,77,default,2020-08-01,2020-09-01,62.0,2678400.0,5.925925925925926e-06,3.1025138014229015e-10,-5.5552453041754135e-06,positive_daisy_runoff_to_positive_oldr_in_flo_and_negative_storage_sink,,"{""bookkeeping_after_m"": 0.0, ""bookkeeping_before_m"": 3.1025138014229015e-10, ""bookkeeping_mode"": ""virtual_ol_d_snapshot"", ""bookkeeping_source"": ""OL_D read-only snapshot"", ""observed_ol_d_before_m"": 3.1025138014229015e-10, ""observed_ol_d_time"": ""2020-08-01T00:04:00"", ""requested_step_depth_m"": 5.555555555555556e-06, ""step_volume_m3"": 0.0014222222222222223, ""storage_units"": ""m"", ""target_units"": ""m3/s""}"
2020-08-01 00:04:00,runoff,96,78,default,2020-08-01,2020-09-01,62.0,2678400.0,5.925925925925926e-06,3.0104274628683925e-10,-5.555254512809269e-06,positive_daisy_runoff_to_positive_oldr_in_flo_and_negative_storage_sink,,"{""bookkeeping_after_m"": 0.0, ""bookkeeping_before_m"": 3.0104274628683925e-10, ""bookkeeping_mode"": ""virtual_ol_d_snapshot"", ""bookkeeping_source"": ""OL_D read-only snapshot"", ""observed_ol_d_before_m"": 3.0104274628683925e-10, ""observed_ol_d_time"": ""2020-08-01T00:04:00"", ""requested_step_depth_m"": 5.555555555555556e-06, ""step_volume_m3"": 0.0014222222222222223, ""storage_units"": ""m"", ""target_units"": ""m3/s""}"
2020-08-01 00:04:00,runoff,96,79,default,2020-08-01,2020-09-01,62.0,2678400.0,5.925925925925926e-06,3.0024693842278793e-10,-5.555255308617133e-06,positive_daisy_runoff_to_positive_oldr_in_flo_and_negative_storage_sink,,"{""bookkeeping_after_m"": 0.0, ""bookkeeping_before_m"": 3.0024693842278793e-10, ""bookkeeping_mode"": ""virtual_ol_d_snapshot"", ""bookkeeping_source"": ""OL_D read-only snapshot"", ""observed_ol_d_before_m"": 3.0024693842278793e-10, ""observed_ol_d_time"": ""2020-08-01T00:04:00"", ""requested_step_depth_m"": 5.555555555555556e-06, ""step_volume_m3"": 0.0014222222222222223, ""storage_units"": ""m"", ""target_units"": ""m3/s""}"
2020-08-01 00:04:00,runoff,96,80,default,2020-08-01,2020-09-01,62.0,2678400.0,5.925925925925926e-06,2.991100700455718e-10,-5.55525644548551e-06,positive_daisy_runoff_to_positive_oldr_in_flo_and_negative_storage_sink,,"{""bookkeeping_after_m"": 0.0, ""bookkeeping_before_m"": 2.991100700455718e-10, ""bookkeeping_mode"": ""virtual_ol_d_snapshot"", ""bookkeeping_source"": ""OL_D read-only snapshot"", ""observed_ol_d_before_m"": 2.991100700455718e-10, ""observed_ol_d_time"": ""2020-08-01T00:04:00"", ""requested_step_depth_m"": 5.555555555555556e-06, ""step_volume_m3"": 0.0014222222222222223, ""storage_units"": ""m"", ""target_units"": ""m3/s""}"
2020-08-01 00:04:00,runoff,96,81,default,2020-08-01,2020-09-01,62.0,2678400.0,5.925925925925926e-06,2.99337443721015e-10,-5.555256218111835e-06,positive_daisy_runoff_to_positive_oldr_in_flo_and_negative_storage_sink,,"{""bookkeeping_after_m"": 0.0, ""bookkeeping_before_m"": 2.99337443721015e-10, ""bookkeeping_mode"": ""virtual_ol_d_snapshot"", ""bookkeeping_source"": ""OL_D read-only snapshot"", ""observed_ol_d_before_m"": 2.99337443721015e-10, ""observed_ol_d_time"": ""2020-08-01T00:04:00"", ""requested_step_depth_m"": 5.555555555555556e-06, ""step_volume_m3"": 0.0014222222222222223, ""storage_units"": ""m"", ""target_units"": ""m3/s""}"
2020-08-01 00:04:00,runoff,96,82,default,2020-08-01,2020-09-01,62.0,2678400.0,5.925925925925926e-06,2.994511305587366e-10,-5.555256104424997e-06,positive_daisy_runoff_to_positive_oldr_in_flo_and_negative_storage_sink,,"{""bookkeeping_after_m"": 0.0, ""bookkeeping_before_m"": 2.994511305587366e-10, ""bookkeeping_mode"": ""virtual_ol_d_snapshot"", ""bookkeeping_source"": ""OL_D read-only snapshot"", ""observed_ol_d_before_m"": 2.994511305587366e-10, ""observed_ol_d_time"": ""2020-08-01T00:04:00"", ""requested_step_depth_m"": 5.555555555555556e-06, ""step_volume_m3"": 0.0014222222222222223, ""storage_units"": ""m"", ""target_units"": ""m3/s""}"
2020-08-01 00:04:00,runoff,96,83,default,2020-08-01,2020-09-01,62.0,2678400.0,5.925925925925926e-06,2.9956481739645824e-10,-5.555255990738159e-06,positive_daisy_runoff_to_positive_oldr_in_flo_and_negative_storage_sink,,"{""bookkeeping_after_m"": 0.0, ""bookkeeping_before_m"": 2.9956481739645824e-10, ""bookkeeping_mode"": ""virtual_ol_d_snapshot"", ""bookkeeping_source"": ""OL_D read-only snapshot"", ""observed_ol_d_before_m"": 2.9956481739645824e-10, ""observed_ol_d_time"": ""2020-08-01T00:04:00"", ""requested_step_depth_m"": 5.555555555555556e-06, ""step_volume_m3"": 0.0014222222222222223, ""storage_units"": ""m"", ""target_units"": ""m3/s""}"
2020-08-01 00:04:00,runoff,96,84,default,2020-08-01,2020-09-01,62.0,2678400.0,5.925925925925926e-06,2.9967850423417985e-10,-5.555255877051322e-06,positive_daisy_runoff_to_positive_oldr_in_flo_and_negative_storage_sink,,"{""bookkeeping_after_m"": 0.0, ""bookkeeping_before_m"": 2.9967850423417985e-10, ""bookkeeping_mode"": ""virtual_ol_d_snapshot"", ""bookkeeping_source"": ""OL_D read-only snapshot"", ""observed_ol_d_before_m"": 2.9967850423417985e-10, ""observed_ol_d_time"": ""2020-08-01T00:04:00"", ""requested_step_depth_m"": 5.555555555555556e-06, ""step_volume_m3"": 0.0014222222222222223, ""storage_units"": ""m"", ""target_units"": ""m3/s""}"
2020-08-01 00:04:00,runoff,96,85,default,2020-08-01,2020-09-01,62.0,2678400.0,5.925925925925926e-06,2.99337443721015e-10,-5.555256218111835e-06,positive_daisy_runoff_to_positive_oldr_in_flo_and_negative_storage_sink,,"{""bookkeeping_after_m"": 0.0, ""bookkeeping_before_m"": 2.99337443721015e-10, ""bookkeeping_mode"": ""virtual_ol_d_snapshot"", ""bookkeeping_source"": ""OL_D read-only snapshot"", ""observed_ol_d_before_m"": 2.99337443721015e-10, ""observed_ol_d_time"": ""2020-08-01T00:04:00"", ""requested_step_depth_m"": 5.555555555555556e-06, ""step_volume_m3"": 0.0014222222222222223, ""storage_units"": ""m"", ""target_units"": ""m3/s""}"
2020-08-01 00:04:00,runoff,96,86,default,2020-08-01,2020-09-01,62.0,2678400.0,5.925925925925926e-06,3.001332515850663e-10,-5.555255422303971e-06,positive_daisy_runoff_to_positive_oldr_in_flo_and_negative_storage_sink,,"{""bookkeeping_after_m"": 0.0, ""bookkeeping_before_m"": 3.001332515850663e-10, ""bookkeeping_mode"": ""virtual_ol_d_snapshot"", ""bookkeeping_source"": ""OL_D read-only snapshot"", ""observed_ol_d_before_m"": 3.001332515850663e-10, ""observed_ol_d_time"": ""2020-08-01T00:04:00"", ""requested_step_depth_m"": 5.555555555555556e-06, ""step_volume_m3"": 0.0014222222222222223, ""storage_units"": ""m"", ""target_units"": ""m3/s""}"
2020-08-01 00:04:00,runoff,96,87,default,2020-08-01,2020-09-01,62.0,2678400.0,5.925925925925926e-06,2.994511305587366e-10,-5.555256104424997e-06,positive_daisy_runoff_to_positive_oldr_in_flo_and_negative_storage_sink,,"{""bookkeeping_after_m"": 0.0, ""bookkeeping_before_m"": 2.994511305587366e-10, ""bookkeeping_mode"": ""virtual_ol_d_snapshot"", ""bookkeeping_source"": ""OL_D read-only snapshot"", ""observed_ol_d_before_m"": 2.994511305587366e-10, ""observed_ol_d_time"": ""2020-08-01T00:04:00"", ""requested_step_depth_m"": 5.555555555555556e-06, ""step_volume_m3"": 0.0014222222222222223, ""storage_units"": ""m"", ""target_units"": ""m3/s""}"
2020-08-01 00:04:00,runoff,96,88,default,2020-08-01,2020-09-01,62.0,2678400.0,5.925925925925926e-06,3.0036062526050955e-10,-5.555255194930295e-06,positive_daisy_runoff_to_positive_oldr_in_flo_and_negative_storage_sink,,"{""bookkeeping_after_m"": 0.0, ""bookkeeping_before_m"": 3.0036062526050955e-10, ""bookkeeping_mode"": ""virtual_ol_d_snapshot"", ""bookkeeping_source"": ""OL_D read-only snapshot"", ""observed_ol_d_before_m"": 3.0036062526050955e-10, ""observed_ol_d_time"": ""2020-08-01T00:04:00"", ""requested_step_depth_m"": 5.555555555555556e-06, ""step_volume_m3"": 0.0014222222222222223, ""storage_units"": ""m"", ""target_units"": ""m3/s""}"
2020-08-01 00:04:00,runoff,96,89,default,2020-08-01,2020-09-01,62.0,2678400.0,5.925925925925926e-06,2.99337443721015e-10,-5.555256218111835e-06,positive_daisy_runoff_to_positive_oldr_in_flo_and_negative_storage_sink,,"{""bookkeeping_after_m"": 0.0, ""bookkeeping_before_m"": 2.99337443721015e-10, ""bookkeeping_mode"": ""virtual_ol_d_snapshot"", ""bookkeeping_source"": ""OL_D read-only snapshot"", ""observed_ol_d_before_m"": 2.99337443721015e-10, ""observed_ol_d_time"": ""2020-08-01T00:04:00"", ""requested_step_depth_m"": 5.555555555555556e-06, ""step_volume_m3"": 0.0014222222222222223, ""storage_units"": ""m"", ""target_units"": ""m3/s""}"
2020-08-01 00:04:00,runoff,96,90,default,2020-08-01,2020-09-01,62.0,2678400.0,5.925925925925926e-06,3.000195647473447e-10,-5.5552555359908085e-06,positive_daisy_runoff_to_positive_oldr_in_flo_and_negative_storage_sink,,"{""bookkeeping_after_m"": 0.0, ""bookkeeping_before_m"": 3.000195647473447e-10, ""bookkeeping_mode"": ""virtual_ol_d_snapshot"", ""bookkeeping_source"": ""OL_D read-only snapshot"", ""observed_ol_d_before_m"": 3.000195647473447e-10, ""observed_ol_d_time"": ""2020-08-01T00:04:00"", ""requested_step_depth_m"": 5.555555555555556e-06, ""step_volume_m3"": 0.0014222222222222223, ""storage_units"": ""m"", ""target_units"": ""m3/s""}"
2020-08-01 00:04:00,runoff,96,91,default,2020-08-01,2020-09-01,62.0,2678400.0,5.925925925925926e-06,3.0115643312456086e-10,-5.555254399122431e-06,positive_daisy_runoff_to_positive_oldr_in_flo_and_negative_storage_sink,,"{""bookkeeping_after_m"": 0.0, ""bookkeeping_before_m"": 3.0115643312456086e-10, ""bookkeeping_mode"": ""virtual_ol_d_snapshot"", ""bookkeeping_source"": ""OL_D read-only snapshot"", ""observed_ol_d_before_m"": 3.0115643312456086e-10, ""observed_ol_d_time"": ""2020-08-01T00:04:00"", ""requested_step_depth_m"": 5.555555555555556e-06, ""step_volume_m3"": 0.0014222222222222223, ""storage_units"": ""m"", ""target_units"": ""m3/s""}"
2020-08-01 00:04:00,runoff,96,92,default,2020-08-01,2020-09-01,62.0,2678400.0,5.925925925925926e-06,2.9888269637012854e-10,-5.555256672859186e-06,positive_daisy_runoff_to_positive_oldr_in_flo_and_negative_storage_sink,,"{""bookkeeping_after_m"": 0.0, ""bookkeeping_before_m"": 2.9888269637012854e-10, ""bookkeeping_mode"": ""virtual_ol_d_snapshot"", ""bookkeeping_source"": ""OL_D read-only snapshot"", ""observed_ol_d_before_m"": 2.9888269637012854e-10, ""observed_ol_d_time"": ""2020-08-01T00:04:00"", ""requested_step_depth_m"": 5.555555555555556e-06, ""step_volume_m3"": 0.0014222222222222223, ""storage_units"": ""m"", ""target_units"": ""m3/s""}"
2020-08-01 00:04:00,runoff,96,93,default,2020-08-01,2020-09-01,62.0,2678400.0,5.925925925925926e-06,3.000764081662055e-10,-5.55525547914739e-06,positive_daisy_runoff_to_positive_oldr_in_flo_and_negative_storage_sink,,"{""bookkeeping_after_m"": 0.0, ""bookkeeping_before_m"": 3.000764081662055e-10, ""bookkeeping_mode"": ""virtual_ol_d_snapshot"", ""bookkeeping_source"": ""OL_D read-only snapshot"", ""observed_ol_d_before_m"": 3.000764081662055e-10, ""observed_ol_d_time"": ""2020-08-01T00:04:00"", ""requested_step_depth_m"": 5.555555555555556e-06, ""step_volume_m3"": 0.0014222222222222223, ""storage_units"": ""m"", ""target_units"": ""m3/s""}"
2020-08-01 00:04:00,runoff,96,94,default,2020-08-01,2020-09-01,62.0,2678400.0,5.925925925925926e-06,2.999627213284839e-10,-5.555255592834227e-06,positive_daisy_runoff_to_positive_oldr_in_flo_and_negative_storage_sink,,"{""bookkeeping_after_m"": 0.0, ""bookkeeping_before_m"": 2.999627213284839e-10, ""bookkeeping_mode"": ""virtual_ol_d_snapshot"", ""bookkeeping_source"": ""OL_D read-only snapshot"", ""observed_ol_d_before_m"": 2.999627213284839e-10, ""observed_ol_d_time"": ""2020-08-01T00:04:00"", ""requested_step_depth_m"": 5.555555555555556e-06, ""step_volume_m3"": 0.0014222222222222223, ""storage_units"": ""m"", ""target_units"": ""m3/s""}"
2020-08-01 00:04:00,runoff,96,95,default,2020-08-01,2020-09-01,62.0,2678400.0,5.925925925925926e-06,3.007585291925352e-10,-5.555254797026363e-06,positive_daisy_runoff_to_positive_oldr_in_flo_and_negative_storage_sink,,"{""bookkeeping_after_m"": 0.0, ""bookkeeping_before_m"": 3.007585291925352e-10, ""bookkeeping_mode"": ""virtual_ol_d_snapshot"", ""bookkeeping_source"": ""OL_D read-only snapshot"", ""observed_ol_d_before_m"": 3.007585291925352e-10, ""observed_ol_d_time"": ""2020-08-01T00:04:00"", ""requested_step_depth_m"": 5.555555555555556e-06, ""step_volume_m3"": 0.0014222222222222223, ""storage_units"": ""m"", ""target_units"": ""m3/s""}"
2020-08-01 00:04:00,runoff,96,96,default,2020-08-01,2020-09-01,62.0,2678400.0,5.925925925925926e-06,3.424815986363683e-10,-5.5552130739569195e-06,positive_daisy_runoff_to_positive_oldr_in_flo_and_negative_storage_sink,,"{""bookkeeping_after_m"": 0.0, ""bookkeeping_before_m"": 3.424815986363683e-10, ""bookkeeping_mode"": ""virtual_ol_d_snapshot"", ""bookkeeping_source"": ""OL_D read-only snapshot"", ""observed_ol_d_before_m"": 3.424815986363683e-10, ""observed_ol_d_time"": ""2020-08-01T00:04:00"", ""requested_step_depth_m"": 5.555555555555556e-06, ""step_volume_m3"": 0.0014222222222222223, ""storage_units"": ""m"", ""target_units"": ""m3/s""}"
2020-08-01 00:04:00,runoff,96,97,default,2020-08-01,2020-09-01,62.0,2678400.0,5.925925925925926e-06,3.559534889063798e-10,-5.5551996020666494e-06,positive_daisy_runoff_to_positive_oldr_in_flo_and_negative_storage_sink,,"{""bookkeeping_after_m"": 0.0, ""bookkeeping_before_m"": 3.559534889063798e-10, ""bookkeeping_mode"": ""virtual_ol_d_snapshot"", ""bookkeeping_source"": ""OL_D read-only snapshot"", ""observed_ol_d_before_m"": 3.559534889063798e-10, ""observed_ol_d_time"": ""2020-08-01T00:04:00"", ""requested_step_depth_m"": 5.555555555555556e-06, ""step_volume_m3"": 0.0014222222222222223, ""storage_units"": ""m"", ""target_units"": ""m3/s""}"
2020-08-01 00:04:00,runoff,96,98,default,2020-08-01,2020-09-01,62.0,2678400.0,5.925925925925926e-06,3.0235014492063783e-10,-5.555253205410635e-06,positive_daisy_runoff_to_positive_oldr_in_flo_and_negative_storage_sink,,"{""bookkeeping_after_m"": 0.0, ""bookkeeping_before_m"": 3.0235014492063783e-10, ""bookkeeping_mode"": ""virtual_ol_d_snapshot"", ""bookkeeping_source"": ""OL_D read-only snapshot"", ""observed_ol_d_before_m"": 3.0235014492063783e-10, ""observed_ol_d_time"": ""2020-08-01T00:04:00"", ""requested_step_depth_m"": 5.555555555555556e-06, ""step_volume_m3"": 0.0014222222222222223, ""storage_units"": ""m"", ""target_units"": ""m3/s""}"
2020-08-01 00:04:00,runoff,96,99,default,2020-08-01,2020-09-01,62.0,2678400.0,5.925925925925926e-06,3.0615865398431197e-10,-5.5552493969015715e-06,positive_daisy_runoff_to_positive_oldr_in_flo_and_negative_storage_sink,,"{""bookkeeping_after_m"": 0.0, ""bookkeeping_before_m"": 3.0615865398431197e-10, ""bookkeeping_mode"": ""virtual_ol_d_snapshot"", ""bookkeeping_source"": ""OL_D read-only snapshot"", ""observed_ol_d_before_m"": 3.0615865398431197e-10, ""observed_ol_d_time"": ""2020-08-01T00:04:00"", ""requested_step_depth_m"": 5.555555555555556e-06, ""step_volume_m3"": 0.0014222222222222223, ""storage_units"": ""m"", ""target_units"": ""m3/s""}"
2020-08-01 00:04:00,runoff,96,100,default,2020-08-01,2020-09-01,62.0,2678400.0,5.925925925925926e-06,2.9893953978898935e-10,-5.555256616015767e-06,positive_daisy_runoff_to_positive_oldr_in_flo_and_negative_storage_sink,,"{""bookkeeping_after_m"": 0.0, ""bookkeeping_before_m"": 2.9893953978898935e-10, ""bookkeeping_mode"": ""virtual_ol_d_snapshot"", ""bookkeeping_source"": ""OL_D read-only snapshot"", ""observed_ol_d_before_m"": 2.9893953978898935e-10, ""observed_ol_d_time"": ""2020-08-01T00:04:00"", ""requested_step_depth_m"": 5.555555555555556e-06, ""step_volume_m3"": 0.0014222222222222223, ""storage_units"": ""m"", ""target_units"": ""m3/s""}"
2020-08-01 00:04:00,runoff,96,101,default,2020-08-01,2020-09-01,62.0,2678400.0,5.925925925925926e-06,2.9962166081531905e-10,-5.5552559338947405e-06,positive_daisy_runoff_to_positive_oldr_in_flo_and_negative_storage_sink,,"{""bookkeeping_after_m"": 0.0, ""bookkeeping_before_m"": 2.9962166081531905e-10, ""bookkeeping_mode"": ""virtual_ol_d_snapshot"", ""bookkeeping_source"": ""OL_D read-only snapshot"", ""observed_ol_d_before_m"": 2.9962166081531905e-10, ""observed_ol_d_time"": ""2020-08-01T00:04:00"", ""requested_step_depth_m"": 5.555555555555556e-06, ""step_volume_m3"": 0.0014222222222222223, ""storage_units"": ""m"", ""target_units"": ""m3/s""}"
2020-08-01 00:04:00,runoff,96,102,default,2020-08-01,2020-09-01,62.0,2678400.0,5.925925925925926e-06,3.0036062526050955e-10,-5.555255194930295e-06,positive_daisy_runoff_to_positive_oldr_in_flo_and_negative_storage_sink,,"{""bookkeeping_after_m"": 0.0, ""bookkeeping_before_m"": 3.0036062526050955e-10, ""bookkeeping_mode"": ""virtual_ol_d_snapshot"", ""bookkeeping_source"": ""OL_D read-only snapshot"", ""observed_ol_d_before_m"": 3.0036062526050955e-10, ""observed_ol_d_time"": ""2020-08-01T00:04:00"", ""requested_step_depth_m"": 5.555555555555556e-06, ""step_volume_m3"": 0.0014222222222222223, ""storage_units"": ""m"", ""target_units"": ""m3/s""}"
2020-08-01 00:04:00,runoff,96,103,default,2020-08-01,2020-09-01,62.0,2678400.0,5.925925925925926e-06,3.042828211619053e-10,-5.555251272734394e-06,positive_daisy_runoff_to_positive_oldr_in_flo_and_negative_storage_sink,,"{""bookkeeping_after_m"": 0.0, ""bookkeeping_before_m"": 3.042828211619053e-10, ""bookkeeping_mode"": ""virtual_ol_d_snapshot"", ""bookkeeping_source"": ""OL_D read-only snapshot"", ""observed_ol_d_before_m"": 3.042828211619053e-10, ""observed_ol_d_time"": ""2020-08-01T00:04:00"", ""requested_step_depth_m"": 5.555555555555556e-06, ""step_volume_m3"": 0.0014222222222222223, ""storage_units"": ""m"", ""target_units"": ""m3/s""}"
2020-08-01 00:04:00,runoff,96,104,default,2020-08-01,2020-09-01,62.0,2678400.0,5.925925925925926e-06,3.1036506698001176e-10,-5.555245190488576e-06,positive_daisy_runoff_to_positive_oldr_in_flo_and_negative_storage_sink,,"{""bookkeeping_after_m"": 0.0, ""bookkeeping_before_m"": 3.1036506698001176e-10, ""bookkeeping_mode"": ""virtual_ol_d_snapshot"", ""bookkeeping_source"": ""OL_D read-only snapshot"", ""observed_ol_d_before_m"": 3.1036506698001176e-10, ""observed_ol_d_time"": ""2020-08-01T00:04:00"", ""requested_step_depth_m"": 5.555555555555556e-06, ""step_volume_m3"": 0.0014222222222222223, ""storage_units"": ""m"", ""target_units"": ""m3/s""}"
2020-08-01 00:04:00,runoff,96,105,default,2020-08-01,2020-09-01,62.0,2678400.0,5.925925925925926e-06,3.008722160302568e-10,-5.5552546833395256e-06,positive_daisy_runoff_to_positive_oldr_in_flo_and_negative_storage_sink,,"{""bookkeeping_after_m"": 0.0, ""bookkeeping_before_m"": 3.008722160302568e-10, ""bookkeeping_mode"": ""virtual_ol_d_snapshot"", ""bookkeeping_source"": ""OL_D read-only snapshot"", ""observed_ol_d_before_m"": 3.008722160302568e-10, ""observed_ol_d_time"": ""2020-08-01T00:04:00"", ""requested_step_depth_m"": 5.555555555555556e-06, ""step_volume_m3"": 0.0014222222222222223, ""storage_units"": ""m"", ""target_units"": ""m3/s""}"
2020-08-01 00:04:00,runoff,96,106,default,2020-08-01,2020-09-01,62.0,2678400.0,5.925925925925926e-06,2.998490344907623e-10,-5.555255706521065e-06,positive_daisy_runoff_to_positive_oldr_in_flo_and_negative_storage_sink,,"{""bookkeeping_after_m"": 0.0, ""bookkeeping_before_m"": 2.998490344907623e-10, ""bookkeeping_mode"": ""virtual_ol_d_snapshot"", ""bookkeeping_source"": ""OL_D read-only snapshot"", ""observed_ol_d_before_m"": 2.998490344907623e-10, ""observed_ol_d_time"": ""2020-08-01T00:04:00"", ""requested_step_depth_m"": 5.555555555555556e-06, ""step_volume_m3"": 0.0014222222222222223, ""storage_units"": ""m"", ""target_units"": ""m3/s""}"
2020-08-01 00:04:00,runoff,96,107,default,2020-08-01,2020-09-01,62.0,2678400.0,5.925925925925926e-06,3.0394176064874046e-10,-5.555251613794907e-06,positive_daisy_runoff_to_positive_oldr_in_flo_and_negative_storage_sink,,"{""bookkeeping_after_m"": 0.0, ""bookkeeping_before_m"": 3.0394176064874046e-10, ""bookkeeping_mode"": ""virtual_ol_d_snapshot"", ""bookkeeping_source"": ""OL_D read-only snapshot"", ""observed_ol_d_before_m"": 3.0394176064874046e-10, ""observed_ol_d_time"": ""2020-08-01T00:04:00"", ""requested_step_depth_m"": 5.555555555555556e-06, ""step_volume_m3"": 0.0014222222222222223, ""storage_units"": ""m"", ""target_units"": ""m3/s""}"
2020-08-01 00:04:00,runoff,96,108,default,2020-08-01,2020-09-01,62.0,2678400.0,5.925925925925926e-06,3.105355972365942e-10,-5.555245019958319e-06,positive_daisy_runoff_to_positive_oldr_in_flo_and_negative_storage_sink,,"{""bookkeeping_after_m"": 0.0, ""bookkeeping_before_m"": 3.105355972365942e-10, ""bookkeeping_mode"": ""virtual_ol_d_snapshot"", ""bookkeeping_source"": ""OL_D read-only snapshot"", ""observed_ol_d_before_m"": 3.105355972365942e-10, ""observed_ol_d_time"": ""2020-08-01T00:04:00"", ""requested_step_depth_m"": 5.555555555555556e-06, ""step_volume_m3"": 0.0014222222222222223, ""storage_units"": ""m"", ""target_units"": ""m3/s""}"
2020-08-01 00:04:00,runoff,96,109,default,2020-08-01,2020-09-01,62.0,2678400.0,5.925925925925926e-06,2.9967850423417985e-10,-5.555255877051322e-06,positive_daisy_runoff_to_positive_oldr_in_flo_and_negative_storage_sink,,"{""bookkeeping_after_m"": 0.0, ""bookkeeping_before_m"": 2.9967850423417985e-10, ""bookkeeping_mode"": ""virtual_ol_d_snapshot"", ""bookkeeping_source"": ""OL_D read-only snapshot"", ""observed_ol_d_before_m"": 2.9967850423417985e-10, ""observed_ol_d_time"": ""2020-08-01T00:04:00"", ""requested_step_depth_m"": 5.555555555555556e-06, ""step_volume_m3"": 0.0014222222222222223, ""storage_units"": ""m"", ""target_units"": ""m3/s""}"
2020-08-01 00:04:00,runoff,96,110,default,2020-08-01,2020-09-01,62.0,2678400.0,5.925925925925926e-06,2.993942871398758e-10,-5.555256161268416e-06,positive_daisy_runoff_to_positive_oldr_in_flo_and_negative_storage_sink,,"{""bookkeeping_after_m"": 0.0, ""bookkeeping_before_m"": 2.993942871398758e-10, ""bookkeeping_mode"": ""virtual_ol_d_snapshot"", ""bookkeeping_source"": ""OL_D read-only snapshot"", ""observed_ol_d_before_m"": 2.993942871398758e-10, ""observed_ol_d_time"": ""2020-08-01T00:04:00"", ""requested_step_depth_m"": 5.555555555555556e-06, ""step_volume_m3"": 0.0014222222222222223, ""storage_units"": ""m"", ""target_units"": ""m3/s""}"
2020-08-01 00:04:00,runoff,96,111,default,2020-08-01,2020-09-01,62.0,2678400.0,5.925925925925926e-06,3.000764081662055e-10,-5.55525547914739e-06,positive_daisy_runoff_to_positive_oldr_in_flo_and_negative_storage_sink,,"{""bookkeeping_after_m"": 0.0, ""bookkeeping_before_m"": 3.000764081662055e-10, ""bookkeeping_mode"": ""virtual_ol_d_snapshot"", ""bookkeeping_source"": ""OL_D read-only snapshot"", ""observed_ol_d_before_m"": 3.000764081662055e-10, ""observed_ol_d_time"": ""2020-08-01T00:04:00"", ""requested_step_depth_m"": 5.555555555555556e-06, ""step_volume_m3"": 0.0014222222222222223, ""storage_units"": ""m"", ""target_units"": ""m3/s""}"
2020-08-01 00:04:00,runoff,96,112,default,2020-08-01,2020-09-01,62.0,2678400.0,5.925925925925926e-06,3.028617356903851e-10,-5.5552526938198654e-06,positive_daisy_runoff_to_positive_oldr_in_flo_and_negative_storage_sink,,"{""bookkeeping_after_m"": 0.0, ""bookkeeping_before_m"": 3.028617356903851e-10, ""bookkeeping_mode"": ""virtual_ol_d_snapshot"", ""bookkeeping_source"": ""OL_D read-only snapshot"", ""observed_ol_d_before_m"": 3.028617356903851e-10, ""observed_ol_d_time"": ""2020-08-01T00:04:00"", ""requested_step_depth_m"": 5.555555555555556e-06, ""step_volume_m3"": 0.0014222222222222223, ""storage_units"": ""m"", ""target_units"": ""m3/s""}"
2020-08-01 00:04:00,runoff,96,113,default,2020-08-01,2020-09-01,62.0,2678400.0,5.925925925925926e-06,3.0036062526050955e-10,-5.555255194930295e-06,positive_daisy_runoff_to_positive_oldr_in_flo_and_negative_storage_sink,,"{""bookkeeping_after_m"": 0.0, ""bookkeeping_before_m"": 3.0036062526050955e-10, ""bookkeeping_mode"": ""virtual_ol_d_snapshot"", ""bookkeeping_source"": ""OL_D read-only snapshot"", ""observed_ol_d_before_m"": 3.0036062526050955e-10, ""observed_ol_d_time"": ""2020-08-01T00:04:00"", ""requested_step_depth_m"": 5.555555555555556e-06, ""step_volume_m3"": 0.0014222222222222223, ""storage_units"": ""m"", ""target_units"": ""m3/s""}"
2020-08-01 00:04:00,runoff,96,114,default,2020-08-01,2020-09-01,62.0,2678400.0,5.925925925925926e-06,3.2014213502407074e-10,-5.555235413420532e-06,positive_daisy_runoff_to_positive_oldr_in_flo_and_negative_storage_sink,,"{""bookkeeping_after_m"": 0.0, ""bookkeeping_before_m"": 3.2014213502407074e-10, ""bookkeeping_mode"": ""virtual_ol_d_snapshot"", ""bookkeeping_source"": ""OL_D read-only snapshot"", ""observed_ol_d_before_m"": 3.2014213502407074e-10, ""observed_ol_d_time"": ""2020-08-01T00:04:00"", ""requested_step_depth_m"": 5.555555555555556e-06, ""step_volume_m3"": 0.0014222222222222223, ""storage_units"": ""m"", ""target_units"": ""m3/s""}"
2020-08-01 00:04:00,runoff,96,115,default,2020-08-01,2020-09-01,62.0,2678400.0,5.925925925925926e-06,3.197442310920451e-10,-5.555235811324464e-06,positive_daisy_runoff_to_positive_oldr_in_flo_and_negative_storage_sink,,"{""bookkeeping_after_m"": 0.0, ""bookkeeping_before_m"": 3.197442310920451e-10, ""bookkeeping_mode"": ""virtual_ol_d_snapshot"", ""bookkeeping_source"": ""OL_D read-only snapshot"", ""observed_ol_d_before_m"": 3.197442310920451e-10, ""observed_ol_d_time"": ""2020-08-01T00:04:00"", ""requested_step_depth_m"": 5.555555555555556e-06, ""step_volume_m3"": 0.0014222222222222223, ""storage_units"": ""m"", ""target_units"": ""m3/s""}"
2020-08-01 00:04:00,runoff,97,57,default,2020-08-01,2020-09-01,62.0,2678400.0,5.925925925925926e-06,3.133209247607738e-10,-5.555242234630795e-06,positive_daisy_runoff_to_positive_oldr_in_flo_and_negative_storage_sink,,"{""bookkeeping_after_m"": 0.0, ""bookkeeping_before_m"": 3.133209247607738e-10, ""bookkeeping_mode"": ""virtual_ol_d_snapshot"", ""bookkeeping_source"": ""OL_D read-only snapshot"", ""observed_ol_d_before_m"": 3.133209247607738e-10, ""observed_ol_d_time"": ""2020-08-01T00:04:00"", ""requested_step_depth_m"": 5.555555555555556e-06, ""step_volume_m3"": 0.0014222222222222223, ""storage_units"": ""m"", ""target_units"": ""m3/s""}"
2020-08-01 00:04:00,runoff,97,58,default,2020-08-01,2020-09-01,62.0,2678400.0,5.925925925925926e-06,3.1320723792305216e-10,-5.555242348317633e-06,positive_daisy_runoff_to_positive_oldr_in_flo_and_negative_storage_sink,,"{""bookkeeping_after_m"": 0.0, ""bookkeeping_before_m"": 3.1320723792305216e-10, ""bookkeeping_mode"": ""virtual_ol_d_snapshot"", ""bookkeeping_source"": ""OL_D read-only snapshot"", ""observed_ol_d_before_m"": 3.1320723792305216e-10, ""observed_ol_d_time"": ""2020-08-01T00:04:00"", ""requested_step_depth_m"": 5.555555555555556e-06, ""step_volume_m3"": 0.0014222222222222223, ""storage_units"": ""m"", ""target_units"": ""m3/s""}"
2020-08-01 00:04:00,runoff,97,59,default,2020-08-01,2020-09-01,62.0,2678400.0,5.925925925925926e-06,3.10592440655455e-10,-5.5552449631149e-06,positive_daisy_runoff_to_positive_oldr_in_flo_and_negative_storage_sink,,"{""bookkeeping_after_m"": 0.0, ""bookkeeping_before_m"": 3.10592440655455e-10, ""bookkeeping_mode"": ""virtual_ol_d_snapshot"", ""bookkeeping_source"": ""OL_D read-only snapshot"", ""observed_ol_d_before_m"": 3.10592440655455e-10, ""observed_ol_d_time"": ""2020-08-01T00:04:00"", ""requested_step_depth_m"": 5.555555555555556e-06, ""step_volume_m3"": 0.0014222222222222223, ""storage_units"": ""m"", ""target_units"": ""m3/s""}"
2020-08-01 00:04:00,runoff,97,60,default,2020-08-01,2020-09-01,62.0,2678400.0,5.925925925925926e-06,3.126388037344441e-10,-5.555242916751821e-06,positive_daisy_runoff_to_positive_oldr_in_flo_and_negative_storage_sink,,"{""bookkeeping_after_m"": 0.0, ""bookkeeping_before_m"": 3.126388037344441e-10, ""bookkeeping_mode"": ""virtual_ol_d_snapshot"", ""bookkeeping_source"": ""OL_D read-only snapshot"", ""observed_ol_d_before_m"": 3.126388037344441e-10, ""observed_ol_d_time"": ""2020-08-01T00:04:00"", ""requested_step_depth_m"": 5.555555555555556e-06, ""step_volume_m3"": 0.0014222222222222223, ""storage_units"": ""m"", ""target_units"": ""m3/s""}"
2020-08-01 00:04:00,runoff,97,61,default,2020-08-01,2020-09-01,62.0,2678400.0,5.925925925925926e-06,3.126388037344441e-10,-5.555242916751821e-06,positive_daisy_runoff_to_positive_oldr_in_flo_and_negative_storage_sink,,"{""bookkeeping_after_m"": 0.0, ""bookkeeping_before_m"": 3.126388037344441e-10, ""bookkeeping_mode"": ""virtual_ol_d_snapshot"", ""bookkeeping_source"": ""OL_D read-only snapshot"", ""observed_ol_d_before_m"": 3.126388037344441e-10, ""observed_ol_d_time"": ""2020-08-01T00:04:00"", ""requested_step_depth_m"": 5.555555555555556e-06, ""step_volume_m3"": 0.0014222222222222223, ""storage_units"": ""m"", ""target_units"": ""m3/s""}"
2020-08-01 00:04:00,runoff,97,62,default,2020-08-01,2020-09-01,62.0,2678400.0,5.925925925925926e-06,3.047944119316526e-10,-5.555250761143624e-06,positive_daisy_runoff_to_positive_oldr_in_flo_and_negative_storage_sink,,"{""bookkeeping_after_m"": 0.0, ""bookkeeping_before_m"": 3.047944119316526e-10, ""bookkeeping_mode"": ""virtual_ol_d_snapshot"", ""bookkeeping_source"": ""OL_D read-only snapshot"", ""observed_ol_d_before_m"": 3.047944119316526e-10, ""observed_ol_d_time"": ""2020-08-01T00:04:00"", ""requested_step_depth_m"": 5.555555555555556e-06, ""step_volume_m3"": 0.0014222222222222223, ""storage_units"": ""m"", ""target_units"": ""m3/s""}"
2020-08-01 00:04:00,runoff,97,63,default,2020-08-01,2020-09-01,62.0,2678400.0,5.925925925925926e-06,3.0240698833949864e-10,-5.555253148567216e-06,positive_daisy_runoff_to_positive_oldr_in_flo_and_negative_storage_sink,,"{""bookkeeping_after_m"": 0.0, ""bookkeeping_before_m"": 3.0240698833949864e-10, ""bookkeeping_mode"": ""virtual_ol_d_snapshot"", ""bookkeeping_source"": ""OL_D read-only snapshot"", ""observed_ol_d_before_m"": 3.0240698833949864e-10, ""observed_ol_d_time"": ""2020-08-01T00:04:00"", ""requested_step_depth_m"": 5.555555555555556e-06, ""step_volume_m3"": 0.0014222222222222223, ""storage_units"": ""m"", ""target_units"": ""m3/s""}"
2020-08-01 00:04:00,runoff,97,64,default,2020-08-01,2020-09-01,62.0,2678400.0,5.925925925925926e-06,3.3298874768661335e-10,-5.555222566807869e-06,positive_daisy_runoff_to_positive_oldr_in_flo_and_negative_storage_sink,,"{""bookkeeping_after_m"": 0.0, ""bookkeeping_before_m"": 3.3298874768661335e-10, ""bookkeeping_mode"": ""virtual_ol_d_snapshot"", ""bookkeeping_source"": ""OL_D read-only snapshot"", ""observed_ol_d_before_m"": 3.3298874768661335e-10, ""observed_ol_d_time"": ""2020-08-01T00:04:00"", ""requested_step_depth_m"": 5.555555555555556e-06, ""step_volume_m3"": 0.0014222222222222223, ""storage_units"": ""m"", ""target_units"": ""m3/s""}"
2020-08-01 00:04:00,runoff,97,65,default,2020-08-01,2020-09-01,62.0,2678400.0,5.925925925925926e-06,3.4367531043244526e-10,-5.555211880245123e-06,positive_daisy_runoff_to_positive_oldr_in_flo_and_negative_storage_sink,,"{""bookkeeping_after_m"": 0.0, ""bookkeeping_before_m"": 3.4367531043244526e-10, ""bookkeeping_mode"": ""virtual_ol_d_snapshot"", ""bookkeeping_source"": ""OL_D read-only snapshot"", ""observed_ol_d_before_m"": 3.4367531043244526e-10, ""observed_ol_d_time"": ""2020-08-01T00:04:00"", ""requested_step_depth_m"": 5.555555555555556e-06, ""step_volume_m3"": 0.0014222222222222223, ""storage_units"": ""m"", ""target_units"": ""m3/s""}"
2020-08-01 00:04:00,runoff,97,66,default,2020-08-01,2020-09-01,62.0,2678400.0,5.925925925925926e-06,3.104787538177334e-10,-5.555245076801738e-06,positive_daisy_runoff_to_positive_oldr_in_flo_and_negative_storage_sink,,"{""bookkeeping_after_m"": 0.0, ""bookkeeping_before_m"": 3.104787538177334e-10, ""bookkeeping_mode"": ""virtual_ol_d_snapshot"", ""bookkeeping_source"": ""OL_D read-only snapshot"", ""observed_ol_d_before_m"": 3.104787538177334e-10, ""observed_ol_d_time"": ""2020-08-01T00:04:00"", ""requested_step_depth_m"": 5.555555555555556e-06, ""step_volume_m3"": 0.0014222222222222223, ""storage_units"": ""m"", ""target_units"": ""m3/s""}"
2020-08-01 00:04:00,runoff,97,67,default,2020-08-01,2020-09-01,62.0,2678400.0,5.925925925925926e-06,3.0536284612026066e-10,-5.5552501927094356e-06,positive_daisy_runoff_to_positive_oldr_in_flo_and_negative_storage_sink,,"{""bookkeeping_after_m"": 0.0, ""bookkeeping_before_m"": 3.0536284612026066e-10, ""bookkeeping_mode"": ""virtual_ol_d_snapshot"", ""bookkeeping_source"": ""OL_D read-only snapshot"", ""observed_ol_d_before_m"": 3.0536284612026066e-10, ""observed_ol_d_time"": ""2020-08-01T00:04:00"", ""requested_step_depth_m"": 5.555555555555556e-06, ""step_volume_m3"": 0.0014222222222222223, ""storage_units"": ""m"", ""target_units"": ""m3/s""}"
2020-08-01 00:04:00,runoff,97,68,default,2020-08-01,2020-09-01,62.0,2678400.0,5.925925925925926e-06,3.000195647473447e-10,-5.5552555359908085e-06,positive_daisy_runoff_to_positive_oldr_in_flo_and_negative_storage_sink,,"{""bookkeeping_after_m"": 0.0, ""bookkeeping_before_m"": 3.000195647473447e-10, ""bookkeeping_mode"": ""virtual_ol_d_snapshot"", ""bookkeeping_source"": ""OL_D read-only snapshot"", ""observed_ol_d_before_m"": 3.000195647473447e-10, ""observed_ol_d_time"": ""2020-08-01T00:04:00"", ""requested_step_depth_m"": 5.555555555555556e-06, ""step_volume_m3"": 0.0014222222222222223, ""storage_units"": ""m"", ""target_units"": ""m3/s""}"
2020-08-01 00:04:00,runoff,97,69,default,2020-08-01,2020-09-01,62.0,2678400.0,5.925925925925926e-06,3.112745616817847e-10,-5.555244280993874e-06,positive_daisy_runoff_to_positive_oldr_in_flo_and_negative_storage_sink,,"{""bookkeeping_after_m"": 0.0, ""bookkeeping_before_m"": 3.112745616817847e-10, ""bookkeeping_mode"": ""virtual_ol_d_snapshot"", ""bookkeeping_source"": ""OL_D read-only snapshot"", ""observed_ol_d_before_m"": 3.112745616817847e-10, ""observed_ol_d_time"": ""2020-08-01T00:04:00"", ""requested_step_depth_m"": 5.555555555555556e-06, ""step_volume_m3"": 0.0014222222222222223, ""storage_units"": ""m"", ""target_units"": ""m3/s""}"
2020-08-01 00:04:00,runoff,97,70,default,2020-08-01,2020-09-01,62.0,2678400.0,5.925925925925926e-06,3.12070369545836e-10,-5.55524348518601e-06,positive_daisy_runoff_to_positive_oldr_in_flo_and_negative_storage_sink,,"{""bookkeeping_after_m"": 0.0, ""bookkeeping_before_m"": 3.12070369545836e-10, ""bookkeeping_mode"": ""virtual_ol_d_snapshot"", ""bookkeeping_source"": ""OL_D read-only snapshot"", ""observed_ol_d_before_m"": 3.12070369545836e-10, ""observed_ol_d_time"": ""2020-08-01T00:04:00"", ""requested_step_depth_m"": 5.555555555555556e-06, ""step_volume_m3"": 0.0014222222222222223, ""storage_units"": ""m"", ""target_units"": ""m3/s""}"
2020-08-01 00:04:00,runoff,97,71,default,2020-08-01,2020-09-01,62.0,2678400.0,5.925925925925926e-06,3.1320723792305216e-10,-5.555242348317633e-06,positive_daisy_runoff_to_positive_oldr_in_flo_and_negative_storage_sink,,"{""bookkeeping_after_m"": 0.0, ""bookkeeping_before_m"": 3.1320723792305216e-10, ""bookkeeping_mode"": ""virtual_ol_d_snapshot"", ""bookkeeping_source"": ""OL_D read-only snapshot"", ""observed_ol_d_before_m"": 3.1320723792305216e-10, ""observed_ol_d_time"": ""2020-08-01T00:04:00"", ""requested_step_depth_m"": 5.555555555555556e-06, ""step_volume_m3"": 0.0014222222222222223, ""storage_units"": ""m"", ""target_units"": ""m3/s""}"
2020-08-01 00:04:00,runoff,97,72,default,2020-08-01,2020-09-01,62.0,2678400.0,5.925925925925926e-06,3.1241143005900085e-10,-5.555243144125497e-06,positive_daisy_runoff_to_positive_oldr_in_flo_and_negative_storage_sink,,"{""bookkeeping_after_m"": 0.0, ""bookkeeping_before_m"": 3.1241143005900085e-10, ""bookkeeping_mode"": ""virtual_ol_d_snapshot"", ""bookkeeping_source"": ""OL_D read-only snapshot"", ""observed_ol_d_before_m"": 3.1241143005900085e-10, ""observed_ol_d_time"": ""2020-08-01T00:04:00"", ""requested_step_depth_m"": 5.555555555555556e-06, ""step_volume_m3"": 0.0014222222222222223, ""storage_units"": ""m"", ""target_units"": ""m3/s""}"
2020-08-01 00:04:00,runoff,97,73,default,2020-08-01,2020-09-01,62.0,2678400.0,5.925925925925926e-06,3.1161562219494954e-10,-5.555243939933361e-06,positive_daisy_runoff_to_positive_oldr_in_flo_and_negative_storage_sink,,"{""bookkeeping_after_m"": 0.0, ""bookkeeping_before_m"": 3.1161562219494954e-10, ""bookkeeping_mode"": ""virtual_ol_d_snapshot"", ""bookkeeping_source"": ""OL_D read-only snapshot"", ""observed_ol_d_before_m"": 3.1161562219494954e-10, ""observed_ol_d_time"": ""2020-08-01T00:04:00"", ""requested_step_depth_m"": 5.555555555555556e-06, ""step_volume_m3"": 0.0014222222222222223, ""storage_units"": ""m"", ""target_units"": ""m3/s""}"
2020-08-01 00:04:00,runoff,97,74,default,2020-08-01,2020-09-01,62.0,2678400.0,5.925925925925926e-06,3.1320723792305216e-10,-5.555242348317633e-06,positive_daisy_runoff_to_positive_oldr_in_flo_and_negative_storage_sink,,"{""bookkeeping_after_m"": 0.0, ""bookkeeping_before_m"": 3.1320723792305216e-10, ""bookkeeping_mode"": ""virtual_ol_d_snapshot"", ""bookkeeping_source"": ""OL_D read-only snapshot"", ""observed_ol_d_before_m"": 3.1320723792305216e-10, ""observed_ol_d_time"": ""2020-08-01T00:04:00"", ""requested_step_depth_m"": 5.555555555555556e-06, ""step_volume_m3"": 0.0014222222222222223, ""storage_units"": ""m"", ""target_units"": ""m3/s""}"
2020-08-01 00:04:00,runoff,97,75,default,2020-08-01,2020-09-01,62.0,2678400.0,5.925925925925926e-06,3.115019353572279e-10,-5.555244053620199e-06,positive_daisy_runoff_to_positive_oldr_in_flo_and_negative_storage_sink,,"{""bookkeeping_after_m"": 0.0, ""bookkeeping_before_m"": 3.115019353572279e-10, ""bookkeeping_mode"": ""virtual_ol_d_snapshot"", ""bookkeeping_source"": ""OL_D read-only snapshot"", ""observed_ol_d_before_m"": 3.115019353572279e-10, ""observed_ol_d_time"": ""2020-08-01T00:04:00"", ""requested_step_depth_m"": 5.555555555555556e-06, ""step_volume_m3"": 0.0014222222222222223, ""storage_units"": ""m"", ""target_units"": ""m3/s""}"
2020-08-01 00:04:00,runoff,97,76,default,2020-08-01,2020-09-01,62.0,2678400.0,5.925925925925926e-06,3.1241143005900085e-10,-5.555243144125497e-06,positive_daisy_runoff_to_positive_oldr_in_flo_and_negative_storage_sink,,"{""bookkeeping_after_m"": 0.0, ""bookkeeping_before_m"": 3.1241143005900085e-10, ""bookkeeping_mode"": ""virtual_ol_d_snapshot"", ""bookkeeping_source"": ""OL_D read-only snapshot"", ""observed_ol_d_before_m"": 3.1241143005900085e-10, ""observed_ol_d_time"": ""2020-08-01T00:04:00"", ""requested_step_depth_m"": 5.555555555555556e-06, ""step_volume_m3"": 0.0014222222222222223, ""storage_units"": ""m"", ""target_units"": ""m3/s""}"
2020-08-01 00:04:00,runoff,97,77,default,2020-08-01,2020-09-01,62.0,2678400.0,5.925925925925926e-06,3.1104718800634146e-10,-5.5552445083675495e-06,positive_daisy_runoff_to_positive_oldr_in_flo_and_negative_storage_sink,,"{""bookkeeping_after_m"": 0.0, ""bookkeeping_before_m"": 3.1104718800634146e-10, ""bookkeeping_mode"": ""virtual_ol_d_snapshot"", ""bookkeeping_source"": ""OL_D read-only snapshot"", ""observed_ol_d_before_m"": 3.1104718800634146e-10, ""observed_ol_d_time"": ""2020-08-01T00:04:00"", ""requested_step_depth_m"": 5.555555555555556e-06, ""step_volume_m3"": 0.0014222222222222223, ""storage_units"": ""m"", ""target_units"": ""m3/s""}"
2020-08-01 00:04:00,runoff,97,78,default,2020-08-01,2020-09-01,62.0,2678400.0,5.925925925925926e-06,3.1036506698001176e-10,-5.555245190488576e-06,positive_daisy_runoff_to_positive_oldr_in_flo_and_negative_storage_sink,,"{""bookkeeping_after_m"": 0.0, ""bookkeeping_before_m"": 3.1036506698001176e-10, ""bookkeeping_mode"": ""virtual_ol_d_snapshot"", ""bookkeeping_source"": ""OL_D read-only snapshot"", ""observed_ol_d_before_m"": 3.1036506698001176e-10, ""observed_ol_d_time"": ""2020-08-01T00:04:00"", ""requested_step_depth_m"": 5.555555555555556e-06, ""step_volume_m3"": 0.0014222222222222223, ""storage_units"": ""m"", ""target_units"": ""m3/s""}"
2020-08-01 00:04:00,runoff,97,79,default,2020-08-01,2020-09-01,62.0,2678400.0,5.925925925925926e-06,3.043396645807661e-10,-5.555251215890975e-06,positive_daisy_runoff_to_positive_oldr_in_flo_and_negative_storage_sink,,"{""bookkeeping_after_m"": 0.0, ""bookkeeping_before_m"": 3.043396645807661e-10, ""bookkeeping_mode"": ""virtual_ol_d_snapshot"", ""bookkeeping_source"": ""OL_D read-only snapshot"", ""observed_ol_d_before_m"": 3.043396645807661e-10, ""observed_ol_d_time"": ""2020-08-01T00:04:00"", ""requested_step_depth_m"": 5.555555555555556e-06, ""step_volume_m3"": 0.0014222222222222223, ""storage_units"": ""m"", ""target_units"": ""m3/s""}"
2020-08-01 00:04:00,runoff,97,80,default,2020-08-01,2020-09-01,62.0,2678400.0,5.925925925925926e-06,3.0445335141848773e-10,-5.555251102204137e-06,positive_daisy_runoff_to_positive_oldr_in_flo_and_negative_storage_sink,,"{""bookkeeping_after_m"": 0.0, ""bookkeeping_before_m"": 3.0445335141848773e-10, ""bookkeeping_mode"": ""virtual_ol_d_snapshot"", ""bookkeeping_source"": ""OL_D read-only snapshot"", ""observed_ol_d_before_m"": 3.0445335141848773e-10, ""observed_ol_d_time"": ""2020-08-01T00:04:00"", ""requested_step_depth_m"": 5.555555555555556e-06, ""step_volume_m3"": 0.0014222222222222223, ""storage_units"": ""m"", ""target_units"": ""m3/s""}"
2020-08-01 00:04:00,runoff,97,81,default,2020-08-01,2020-09-01,62.0,2678400.0,5.925925925925926e-06,3.005879989359528e-10,-5.55525496755662e-06,positive_daisy_runoff_to_positive_oldr_in_flo_and_negative_storage_sink,,"{""bookkeeping_after_m"": 0.0, ""bookkeeping_before_m"": 3.005879989359528e-10, ""bookkeeping_mode"": ""virtual_ol_d_snapshot"", ""bookkeeping_source"": ""OL_D read-only snapshot"", ""observed_ol_d_before_m"": 3.005879989359528e-10, ""observed_ol_d_time"": ""2020-08-01T00:04:00"", ""requested_step_depth_m"": 5.555555555555556e-06, ""step_volume_m3"": 0.0014222222222222223, ""storage_units"": ""m"", ""target_units"": ""m3/s""}"
2020-08-01 00:04:00,runoff,97,82,default,2020-08-01,2020-09-01,62.0,2678400.0,5.925925925925926e-06,3.0377123039215803e-10,-5.555251784325164e-06,positive_daisy_runoff_to_positive_oldr_in_flo_and_negative_storage_sink,,"{""bookkeeping_after_m"": 0.0, ""bookkeeping_before_m"": 3.0377123039215803e-10, ""bookkeeping_mode"": ""virtual_ol_d_snapshot"", ""bookkeeping_source"": ""OL_D read-only snapshot"", ""observed_ol_d_before_m"": 3.0377123039215803e-10, ""observed_ol_d_time"": ""2020-08-01T00:04:00"", ""requested_step_depth_m"": 5.555555555555556e-06, ""step_volume_m3"": 0.0014222222222222223, ""storage_units"": ""m"", ""target_units"": ""m3/s""}"
2020-08-01 00:04:00,runoff,97,83,default,2020-08-01,2020-09-01,62.0,2678400.0,5.925925925925926e-06,2.9967850423417985e-10,-5.555255877051322e-06,positive_daisy_runoff_to_positive_oldr_in_flo_and_negative_storage_sink,,"{""bookkeeping_after_m"": 0.0, ""bookkeeping_before_m"": 2.9967850423417985e-10, ""bookkeeping_mode"": ""virtual_ol_d_snapshot"", ""bookkeeping_source"": ""OL_D read-only snapshot"", ""observed_ol_d_before_m"": 2.9967850423417985e-10, ""observed_ol_d_time"": ""2020-08-01T00:04:00"", ""requested_step_depth_m"": 5.555555555555556e-06, ""step_volume_m3"": 0.0014222222222222223, ""storage_units"": ""m"", ""target_units"": ""m3/s""}"
2020-08-01 00:04:00,runoff,97,84,default,2020-08-01,2020-09-01,62.0,2678400.0,5.925925925925926e-06,2.9899638320785016e-10,-5.555256559172348e-06,positive_daisy_runoff_to_positive_oldr_in_flo_and_negative_storage_sink,,"{""bookkeeping_after_m"": 0.0, ""bookkeeping_before_m"": 2.9899638320785016e-10, ""bookkeeping_mode"": ""virtual_ol_d_snapshot"", ""bookkeeping_source"": ""OL_D read-only snapshot"", ""observed_ol_d_before_m"": 2.9899638320785016e-10, ""observed_ol_d_time"": ""2020-08-01T00:04:00"", ""requested_step_depth_m"": 5.555555555555556e-06, ""step_volume_m3"": 0.0014222222222222223, ""storage_units"": ""m"", ""target_units"": ""m3/s""}"
2020-08-01 00:04:00,runoff,97,85,default,2020-08-01,2020-09-01,62.0,2678400.0,5.925925925925926e-06,2.99337443721015e-10,-5.555256218111835e-06,positive_daisy_runoff_to_positive_oldr_in_flo_and_negative_storage_sink,,"{""bookkeeping_after_m"": 0.0, ""bookkeeping_before_m"": 2.99337443721015e-10, ""bookkeeping_mode"": ""virtual_ol_d_snapshot"", ""bookkeeping_source"": ""OL_D read-only snapshot"", ""observed_ol_d_before_m"": 2.99337443721015e-10, ""observed_ol_d_time"": ""2020-08-01T00:04:00"", ""requested_step_depth_m"": 5.555555555555556e-06, ""step_volume_m3"": 0.0014222222222222223, ""storage_units"": ""m"", ""target_units"": ""m3/s""}"
2020-08-01 00:04:00,runoff,97,86,default,2020-08-01,2020-09-01,62.0,2678400.0,5.925925925925926e-06,2.9888269637012854e-10,-5.555256672859186e-06,positive_daisy_runoff_to_positive_oldr_in_flo_and_negative_storage_sink,,"{""bookkeeping_after_m"": 0.0, ""bookkeeping_before_m"": 2.9888269637012854e-10, ""bookkeeping_mode"": ""virtual_ol_d_snapshot"", ""bookkeeping_source"": ""OL_D read-only snapshot"", ""observed_ol_d_before_m"": 2.9888269637012854e-10, ""observed_ol_d_time"": ""2020-08-01T00:04:00"", ""requested_step_depth_m"": 5.555555555555556e-06, ""step_volume_m3"": 0.0014222222222222223, ""storage_units"": ""m"", ""target_units"": ""m3/s""}"
2020-08-01 00:04:00,runoff,97,87,default,2020-08-01,2020-09-01,62.0,2678400.0,5.925925925925926e-06,2.9899638320785016e-10,-5.555256559172348e-06,positive_daisy_runoff_to_positive_oldr_in_flo_and_negative_storage_sink,,"{""bookkeeping_after_m"": 0.0, ""bookkeeping_before_m"": 2.9899638320785016e-10, ""bookkeeping_mode"": ""virtual_ol_d_snapshot"", ""bookkeeping_source"": ""OL_D read-only snapshot"", ""observed_ol_d_before_m"": 2.9899638320785016e-10, ""observed_ol_d_time"": ""2020-08-01T00:04:00"", ""requested_step_depth_m"": 5.555555555555556e-06, ""step_volume_m3"": 0.0014222222222222223, ""storage_units"": ""m"", ""target_units"": ""m3/s""}"
2020-08-01 00:04:00,runoff,97,88,default,2020-08-01,2020-09-01,62.0,2678400.0,5.925925925925926e-06,2.9899638320785016e-10,-5.555256559172348e-06,positive_daisy_runoff_to_positive_oldr_in_flo_and_negative_storage_sink,,"{""bookkeeping_after_m"": 0.0, ""bookkeeping_before_m"": 2.9899638320785016e-10, ""bookkeeping_mode"": ""virtual_ol_d_snapshot"", ""bookkeeping_source"": ""OL_D read-only snapshot"", ""observed_ol_d_before_m"": 2.9899638320785016e-10, ""observed_ol_d_time"": ""2020-08-01T00:04:00"", ""requested_step_depth_m"": 5.555555555555556e-06, ""step_volume_m3"": 0.0014222222222222223, ""storage_units"": ""m"", ""target_units"": ""m3/s""}"
2020-08-01 00:04:00,runoff,97,89,default,2020-08-01,2020-09-01,62.0,2678400.0,5.925925925925926e-06,2.9979219107190147e-10,-5.555255763364484e-06,positive_daisy_runoff_to_positive_oldr_in_flo_and_negative_storage_sink,,"{""bookkeeping_after_m"": 0.0, ""bookkeeping_before_m"": 2.9979219107190147e-10, ""bookkeeping_mode"": ""virtual_ol_d_snapshot"", ""bookkeeping_source"": ""OL_D read-only snapshot"", ""observed_ol_d_before_m"": 2.9979219107190147e-10, ""observed_ol_d_time"": ""2020-08-01T00:04:00"", ""requested_step_depth_m"": 5.555555555555556e-06, ""step_volume_m3"": 0.0014222222222222223, ""storage_units"": ""m"", ""target_units"": ""m3/s""}"
2020-08-01 00:04:00,runoff,97,90,default,2020-08-01,2020-09-01,62.0,2678400.0,5.925925925925926e-06,3.0047431209823117e-10,-5.555255081243458e-06,positive_daisy_runoff_to_positive_oldr_in_flo_and_negative_storage_sink,,"{""bookkeeping_after_m"": 0.0, ""bookkeeping_before_m"": 3.0047431209823117e-10, ""bookkeeping_mode"": ""virtual_ol_d_snapshot"", ""bookkeeping_source"": ""OL_D read-only snapshot"", ""observed_ol_d_before_m"": 3.0047431209823117e-10, ""observed_ol_d_time"": ""2020-08-01T00:04:00"", ""requested_step_depth_m"": 5.555555555555556e-06, ""step_volume_m3"": 0.0014222222222222223, ""storage_units"": ""m"", ""target_units"": ""m3/s""}"
2020-08-01 00:04:00,runoff,97,91,default,2020-08-01,2020-09-01,62.0,2678400.0,5.925925925925926e-06,3.0047431209823117e-10,-5.555255081243458e-06,positive_daisy_runoff_to_positive_oldr_in_flo_and_negative_storage_sink,,"{""bookkeeping_after_m"": 0.0, ""bookkeeping_before_m"": 3.0047431209823117e-10, ""bookkeeping_mode"": ""virtual_ol_d_snapshot"", ""bookkeeping_source"": ""OL_D read-only snapshot"", ""observed_ol_d_before_m"": 3.0047431209823117e-10, ""observed_ol_d_time"": ""2020-08-01T00:04:00"", ""requested_step_depth_m"": 5.555555555555556e-06, ""step_volume_m3"": 0.0014222222222222223, ""storage_units"": ""m"", ""target_units"": ""m3/s""}"
2020-08-01 00:04:00,runoff,97,92,default,2020-08-01,2020-09-01,62.0,2678400.0,5.925925925925926e-06,3.000764081662055e-10,-5.55525547914739e-06,positive_daisy_runoff_to_positive_oldr_in_flo_and_negative_storage_sink,,"{""bookkeeping_after_m"": 0.0, ""bookkeeping_before_m"": 3.000764081662055e-10, ""bookkeeping_mode"": ""virtual_ol_d_snapshot"", ""bookkeeping_source"": ""OL_D read-only snapshot"", ""observed_ol_d_before_m"": 3.000764081662055e-10, ""observed_ol_d_time"": ""2020-08-01T00:04:00"", ""requested_step_depth_m"": 5.555555555555556e-06, ""step_volume_m3"": 0.0014222222222222223, ""storage_units"": ""m"", ""target_units"": ""m3/s""}"
2020-08-01 00:04:00,runoff,97,93,default,2020-08-01,2020-09-01,62.0,2678400.0,5.925925925925926e-06,3.000764081662055e-10,-5.55525547914739e-06,positive_daisy_runoff_to_positive_oldr_in_flo_and_negative_storage_sink,,"{""bookkeeping_after_m"": 0.0, ""bookkeeping_before_m"": 3.000764081662055e-10, ""bookkeeping_mode"": ""virtual_ol_d_snapshot"", ""bookkeeping_source"": ""OL_D read-only snapshot"", ""observed_ol_d_before_m"": 3.000764081662055e-10, ""observed_ol_d_time"": ""2020-08-01T00:04:00"", ""requested_step_depth_m"": 5.555555555555556e-06, ""step_volume_m3"": 0.0014222222222222223, ""storage_units"": ""m"", ""target_units"": ""m3/s""}"
2020-08-01 00:04:00,runoff,97,94,default,2020-08-01,2020-09-01,62.0,2678400.0,5.925925925925926e-06,2.9950797397759743e-10,-5.555256047581578e-06,positive_daisy_runoff_to_positive_oldr_in_flo_and_negative_storage_sink,,"{""bookkeeping_after_m"": 0.0, ""bookkeeping_before_m"": 2.9950797397759743e-10, ""bookkeeping_mode"": ""virtual_ol_d_snapshot"", ""bookkeeping_source"": ""OL_D read-only snapshot"", ""observed_ol_d_before_m"": 2.9950797397759743e-10, ""observed_ol_d_time"": ""2020-08-01T00:04:00"", ""requested_step_depth_m"": 5.555555555555556e-06, ""step_volume_m3"": 0.0014222222222222223, ""storage_units"": ""m"", ""target_units"": ""m3/s""}"
2020-08-01 00:04:00,runoff,97,95,default,2020-08-01,2020-09-01,62.0,2678400.0,5.925925925925926e-06,3.0024693842278793e-10,-5.555255308617133e-06,positive_daisy_runoff_to_positive_oldr_in_flo_and_negative_storage_sink,,"{""bookkeeping_after_m"": 0.0, ""bookkeeping_before_m"": 3.0024693842278793e-10, ""bookkeeping_mode"": ""virtual_ol_d_snapshot"", ""bookkeeping_source"": ""OL_D read-only snapshot"", ""observed_ol_d_before_m"": 3.0024693842278793e-10, ""observed_ol_d_time"": ""2020-08-01T00:04:00"", ""requested_step_depth_m"": 5.555555555555556e-06, ""step_volume_m3"": 0.0014222222222222223, ""storage_units"": ""m"", ""target_units"": ""m3/s""}"
2020-08-01 00:04:00,runoff,97,96,default,2020-08-01,2020-09-01,62.0,2678400.0,5.925925925925926e-06,3.09398728859378e-10,-5.5552461568266964e-06,positive_daisy_runoff_to_positive_oldr_in_flo_and_negative_storage_sink,,"{""bookkeeping_after_m"": 0.0, ""bookkeeping_before_m"": 3.09398728859378e-10, ""bookkeeping_mode"": ""virtual_ol_d_snapshot"", ""bookkeeping_source"": ""OL_D read-only snapshot"", ""observed_ol_d_before_m"": 3.09398728859378e-10, ""observed_ol_d_time"": ""2020-08-01T00:04:00"", ""requested_step_depth_m"": 5.555555555555556e-06, ""step_volume_m3"": 0.0014222222222222223, ""storage_units"": ""m"", ""target_units"": ""m3/s""}"
2020-08-01 00:04:00,runoff,97,97,default,2020-08-01,2020-09-01,62.0,2678400.0,5.925925925925926e-06,3.4503955248510465e-10,-5.555210516003071e-06,positive_daisy_runoff_to_positive_oldr_in_flo_and_negative_storage_sink,,"{""bookkeeping_after_m"": 0.0, ""bookkeeping_before_m"": 3.4503955248510465e-10, ""bookkeeping_mode"": ""virtual_ol_d_snapshot"", ""bookkeeping_source"": ""OL_D read-only snapshot"", ""observed_ol_d_before_m"": 3.4503955248510465e-10, ""observed_ol_d_time"": ""2020-08-01T00:04:00"", ""requested_step_depth_m"": 5.555555555555556e-06, ""step_volume_m3"": 0.0014222222222222223, ""storage_units"": ""m"", ""target_units"": ""m3/s""}"
2020-08-01 00:04:00,runoff,97,98,default,2020-08-01,2020-09-01,62.0,2678400.0,5.925925925925926e-06,3.389573066669982e-10,-5.555216598248889e-06,positive_daisy_runoff_to_positive_oldr_in_flo_and_negative_storage_sink,,"{""bookkeeping_after_m"": 0.0, ""bookkeeping_before_m"": 3.389573066669982e-10, ""bookkeeping_mode"": ""virtual_ol_d_snapshot"", ""bookkeeping_source"": ""OL_D read-only snapshot"", ""observed_ol_d_before_m"": 3.389573066669982e-10, ""observed_ol_d_time"": ""2020-08-01T00:04:00"", ""requested_step_depth_m"": 5.555555555555556e-06, ""step_volume_m3"": 0.0014222222222222223, ""storage_units"": ""m"", ""target_units"": ""m3/s""}"
2020-08-01 00:04:00,runoff,97,99,default,2020-08-01,2020-09-01,62.0,2678400.0,5.925925925925926e-06,3.235527401557192e-10,-5.5552320028154e-06,positive_daisy_runoff_to_positive_oldr_in_flo_and_negative_storage_sink,,"{""bookkeeping_after_m"": 0.0, ""bookkeeping_before_m"": 3.235527401557192e-10, ""bookkeeping_mode"": ""virtual_ol_d_snapshot"", ""bookkeeping_source"": ""OL_D read-only snapshot"", ""observed_ol_d_before_m"": 3.235527401557192e-10, ""observed_ol_d_time"": ""2020-08-01T00:04:00"", ""requested_step_depth_m"": 5.555555555555556e-06, ""step_volume_m3"": 0.0014222222222222223, ""storage_units"": ""m"", ""target_units"": ""m3/s""}"
2020-08-01 00:04:00,runoff,97,100,default,2020-08-01,2020-09-01,62.0,2678400.0,5.925925925925926e-06,3.07920799968997e-10,-5.555247634755587e-06,positive_daisy_runoff_to_positive_oldr_in_flo_and_negative_storage_sink,,"{""bookkeeping_after_m"": 0.0, ""bookkeeping_before_m"": 3.07920799968997e-10, ""bookkeeping_mode"": ""virtual_ol_d_snapshot"", ""bookkeeping_source"": ""OL_D read-only snapshot"", ""observed_ol_d_before_m"": 3.07920799968997e-10, ""observed_ol_d_time"": ""2020-08-01T00:04:00"", ""requested_step_depth_m"": 5.555555555555556e-06, ""step_volume_m3"": 0.0014222222222222223, ""storage_units"": ""m"", ""target_units"": ""m3/s""}"
2020-08-01 00:04:00,runoff,97,101,default,2020-08-01,2020-09-01,62.0,2678400.0,5.925925925925926e-06,2.999627213284839e-10,-5.555255592834227e-06,positive_daisy_runoff_to_positive_oldr_in_flo_and_negative_storage_sink,,"{""bookkeeping_after_m"": 0.0, ""bookkeeping_before_m"": 2.999627213284839e-10, ""bookkeeping_mode"": ""virtual_ol_d_snapshot"", ""bookkeeping_source"": ""OL_D read-only snapshot"", ""observed_ol_d_before_m"": 2.999627213284839e-10, ""observed_ol_d_time"": ""2020-08-01T00:04:00"", ""requested_step_depth_m"": 5.555555555555556e-06, ""step_volume_m3"": 0.0014222222222222223, ""storage_units"": ""m"", ""target_units"": ""m3/s""}"
2020-08-01 00:04:00,runoff,97,102,default,2020-08-01,2020-09-01,62.0,2678400.0,5.925925925925926e-06,3.050217856070958e-10,-5.555250533769949e-06,positive_daisy_runoff_to_positive_oldr_in_flo_and_negative_storage_sink,,"{""bookkeeping_after_m"": 0.0, ""bookkeeping_before_m"": 3.050217856070958e-10, ""bookkeeping_mode"": ""virtual_ol_d_snapshot"", ""bookkeeping_source"": ""OL_D read-only snapshot"", ""observed_ol_d_before_m"": 3.050217856070958e-10, ""observed_ol_d_time"": ""2020-08-01T00:04:00"", ""requested_step_depth_m"": 5.555555555555556e-06, ""step_volume_m3"": 0.0014222222222222223, ""storage_units"": ""m"", ""target_units"": ""m3/s""}"
2020-08-01 00:04:00,runoff,97,103,default,2020-08-01,2020-09-01,62.0,2678400.0,5.925925925925926e-06,3.104787538177334e-10,-5.555245076801738e-06,positive_daisy_runoff_to_positive_oldr_in_flo_and_negative_storage_sink,,"{""bookkeeping_after_m"": 0.0, ""bookkeeping_before_m"": 3.104787538177334e-10, ""bookkeeping_mode"": ""virtual_ol_d_snapshot"", ""bookkeeping_source"": ""OL_D read-only snapshot"", ""observed_ol_d_before_m"": 3.104787538177334e-10, ""observed_ol_d_time"": ""2020-08-01T00:04:00"", ""requested_step_depth_m"": 5.555555555555556e-06, ""step_volume_m3"": 0.0014222222222222223, ""storage_units"": ""m"", ""target_units"": ""m3/s""}"
2020-08-01 00:04:00,runoff,97,104,default,2020-08-01,2020-09-01,62.0,2678400.0,5.925925925925926e-06,2.9888269637012854e-10,-5.555256672859186e-06,positive_daisy_runoff_to_positive_oldr_in_flo_and_negative_storage_sink,,"{""bookkeeping_after_m"": 0.0, ""bookkeeping_before_m"": 2.9888269637012854e-10, ""bookkeeping_mode"": ""virtual_ol_d_snapshot"", ""bookkeeping_source"": ""OL_D read-only snapshot"", ""observed_ol_d_before_m"": 2.9888269637012854e-10, ""observed_ol_d_time"": ""2020-08-01T00:04:00"", ""requested_step_depth_m"": 5.555555555555556e-06, ""step_volume_m3"": 0.0014222222222222223, ""storage_units"": ""m"", ""target_units"": ""m3/s""}"
2020-08-01 00:04:00,runoff,97,105,default,2020-08-01,2020-09-01,62.0,2678400.0,5.925925925925926e-06,3.042828211619053e-10,-5.555251272734394e-06,positive_daisy_runoff_to_positive_oldr_in_flo_and_negative_storage_sink,,"{""bookkeeping_after_m"": 0.0, ""bookkeeping_before_m"": 3.042828211619053e-10, ""bookkeeping_mode"": ""virtual_ol_d_snapshot"", ""bookkeeping_source"": ""OL_D read-only snapshot"", ""observed_ol_d_before_m"": 3.042828211619053e-10, ""observed_ol_d_time"": ""2020-08-01T00:04:00"", ""requested_step_depth_m"": 5.555555555555556e-06, ""step_volume_m3"": 0.0014222222222222223, ""storage_units"": ""m"", ""target_units"": ""m3/s""}"
2020-08-01 00:04:00,runoff,97,106,default,2020-08-01,2020-09-01,62.0,2678400.0,5.925925925925926e-06,3.1309355108533055e-10,-5.5552424620044705e-06,positive_daisy_runoff_to_positive_oldr_in_flo_and_negative_storage_sink,,"{""bookkeeping_after_m"": 0.0, ""bookkeeping_before_m"": 3.1309355108533055e-10, ""bookkeeping_mode"": ""virtual_ol_d_snapshot"", ""bookkeeping_source"": ""OL_D read-only snapshot"", ""observed_ol_d_before_m"": 3.1309355108533055e-10, ""observed_ol_d_time"": ""2020-08-01T00:04:00"", ""requested_step_depth_m"": 5.555555555555556e-06, ""step_volume_m3"": 0.0014222222222222223, ""storage_units"": ""m"", ""target_units"": ""m3/s""}"
2020-08-01 00:04:00,runoff,97,107,default,2020-08-01,2020-09-01,62.0,2678400.0,5.925925925925926e-06,3.0377123039215803e-10,-5.555251784325164e-06,positive_daisy_runoff_to_positive_oldr_in_flo_and_negative_storage_sink,,"{""bookkeeping_after_m"": 0.0, ""bookkeeping_before_m"": 3.0377123039215803e-10, ""bookkeeping_mode"": ""virtual_ol_d_snapshot"", ""bookkeeping_source"": ""OL_D read-only snapshot"", ""observed_ol_d_before_m"": 3.0377123039215803e-10, ""observed_ol_d_time"": ""2020-08-01T00:04:00"", ""requested_step_depth_m"": 5.555555555555556e-06, ""step_volume_m3"": 0.0014222222222222223, ""storage_units"": ""m"", ""target_units"": ""m3/s""}"
2020-08-01 00:04:00,runoff,97,108,default,2020-08-01,2020-09-01,62.0,2678400.0,5.925925925925926e-06,2.991100700455718e-10,-5.55525644548551e-06,positive_daisy_runoff_to_positive_oldr_in_flo_and_negative_storage_sink,,"{""bookkeeping_after_m"": 0.0, ""bookkeeping_before_m"": 2.991100700455718e-10, ""bookkeeping_mode"": ""virtual_ol_d_snapshot"", ""bookkeeping_source"": ""OL_D read-only snapshot"", ""observed_ol_d_before_m"": 2.991100700455718e-10, ""observed_ol_d_time"": ""2020-08-01T00:04:00"", ""requested_step_depth_m"": 5.555555555555556e-06, ""step_volume_m3"": 0.0014222222222222223, ""storage_units"": ""m"", ""target_units"": ""m3/s""}"
2020-08-01 00:04:00,runoff,97,109,default,2020-08-01,2020-09-01,62.0,2678400.0,5.925925925925926e-06,2.992237568832934e-10,-5.5552563317986725e-06,positive_daisy_runoff_to_positive_oldr_in_flo_and_negative_storage_sink,,"{""bookkeeping_after_m"": 0.0, ""bookkeeping_before_m"": 2.992237568832934e-10, ""bookkeeping_mode"": ""virtual_ol_d_snapshot"", ""bookkeeping_source"": ""OL_D read-only snapshot"", ""observed_ol_d_before_m"": 2.992237568832934e-10, ""observed_ol_d_time"": ""2020-08-01T00:04:00"", ""requested_step_depth_m"": 5.555555555555556e-06, ""step_volume_m3"": 0.0014222222222222223, ""storage_units"": ""m"", ""target_units"": ""m3/s""}"
2020-08-01 00:04:00,runoff,97,110,default,2020-08-01,2020-09-01,62.0,2678400.0,5.925925925925926e-06,3.013269633811433e-10,-5.555254228592175e-06,positive_daisy_runoff_to_positive_oldr_in_flo_and_negative_storage_sink,,"{""bookkeeping_after_m"": 0.0, ""bookkeeping_before_m"": 3.013269633811433e-10, ""bookkeeping_mode"": ""virtual_ol_d_snapshot"", ""bookkeeping_source"": ""OL_D read-only snapshot"", ""observed_ol_d_before_m"": 3.013269633811433e-10, ""observed_ol_d_time"": ""2020-08-01T00:04:00"", ""requested_step_depth_m"": 5.555555555555556e-06, ""step_volume_m3"": 0.0014222222222222223, ""storage_units"": ""m"", ""target_units"": ""m3/s""}"
2020-08-01 00:04:00,runoff,97,111,default,2020-08-01,2020-09-01,62.0,2678400.0,5.925925925925926e-06,2.999058779096231e-10,-5.555255649677646e-06,positive_daisy_runoff_to_positive_oldr_in_flo_and_negative_storage_sink,,"{""bookkeeping_after_m"": 0.0, ""bookkeeping_before_m"": 2.999058779096231e-10, ""bookkeeping_mode"": ""virtual_ol_d_snapshot"", ""bookkeeping_source"": ""OL_D read-only snapshot"", ""observed_ol_d_before_m"": 2.999058779096231e-10, ""observed_ol_d_time"": ""2020-08-01T00:04:00"", ""requested_step_depth_m"": 5.555555555555556e-06, ""step_volume_m3"": 0.0014222222222222223, ""storage_units"": ""m"", ""target_units"": ""m3/s""}"
2020-08-01 00:04:00,runoff,97,112,default,2020-08-01,2020-09-01,62.0,2678400.0,5.925925925925926e-06,3.000764081662055e-10,-5.55525547914739e-06,positive_daisy_runoff_to_positive_oldr_in_flo_and_negative_storage_sink,,"{""bookkeeping_after_m"": 0.0, ""bookkeeping_before_m"": 3.000764081662055e-10, ""bookkeeping_mode"": ""virtual_ol_d_snapshot"", ""bookkeeping_source"": ""OL_D read-only snapshot"", ""observed_ol_d_before_m"": 3.000764081662055e-10, ""observed_ol_d_time"": ""2020-08-01T00:04:00"", ""requested_step_depth_m"": 5.555555555555556e-06, ""step_volume_m3"": 0.0014222222222222223, ""storage_units"": ""m"", ""target_units"": ""m3/s""}"
2020-08-01 00:04:00,runoff,97,113,default,2020-08-01,2020-09-01,62.0,2678400.0,5.925925925925926e-06,3.0121327654342167e-10,-5.555254342279012e-06,positive_daisy_runoff_to_positive_oldr_in_flo_and_negative_storage_sink,,"{""bookkeeping_after_m"": 0.0, ""bookkeeping_before_m"": 3.0121327654342167e-10, ""bookkeeping_mode"": ""virtual_ol_d_snapshot"", ""bookkeeping_source"": ""OL_D read-only snapshot"", ""observed_ol_d_before_m"": 3.0121327654342167e-10, ""observed_ol_d_time"": ""2020-08-01T00:04:00"", ""requested_step_depth_m"": 5.555555555555556e-06, ""step_volume_m3"": 0.0014222222222222223, ""storage_units"": ""m"", ""target_units"": ""m3/s""}"
2020-08-01 00:04:00,runoff,97,114,default,2020-08-01,2020-09-01,62.0,2678400.0,5.925925925925926e-06,3.036007001355756e-10,-5.55525195485542e-06,positive_daisy_runoff_to_positive_oldr_in_flo_and_negative_storage_sink,,"{""bookkeeping_after_m"": 0.0, ""bookkeeping_before_m"": 3.036007001355756e-10, ""bookkeeping_mode"": ""virtual_ol_d_snapshot"", ""bookkeeping_source"": ""OL_D read-only snapshot"", ""observed_ol_d_before_m"": 3.036007001355756e-10, ""observed_ol_d_time"": ""2020-08-01T00:04:00"", ""requested_step_depth_m"": 5.555555555555556e-06, ""step_volume_m3"": 0.0014222222222222223, ""storage_units"": ""m"", ""target_units"": ""m3/s""}"
2020-08-01 00:04:00,runoff,98,58,default,2020-08-01,2020-09-01,62.0,2678400.0,5.925925925925926e-06,3.1093350116861984e-10,-5.555244622054387e-06,positive_daisy_runoff_to_positive_oldr_in_flo_and_negative_storage_sink,,"{""bookkeeping_after_m"": 0.0, ""bookkeeping_before_m"": 3.1093350116861984e-10, ""bookkeeping_mode"": ""virtual_ol_d_snapshot"", ""bookkeeping_source"": ""OL_D read-only snapshot"", ""observed_ol_d_before_m"": 3.1093350116861984e-10, ""observed_ol_d_time"": ""2020-08-01T00:04:00"", ""requested_step_depth_m"": 5.555555555555556e-06, ""step_volume_m3"": 0.0014222222222222223, ""storage_units"": ""m"", ""target_units"": ""m3/s""}"
2020-08-01 00:04:00,runoff,98,59,default,2020-08-01,2020-09-01,62.0,2678400.0,5.925925925925926e-06,3.121840563835576e-10,-5.555243371499172e-06,positive_daisy_runoff_to_positive_oldr_in_flo_and_negative_storage_sink,,"{""bookkeeping_after_m"": 0.0, ""bookkeeping_before_m"": 3.121840563835576e-10, ""bookkeeping_mode"": ""virtual_ol_d_snapshot"", ""bookkeeping_source"": ""OL_D read-only snapshot"", ""observed_ol_d_before_m"": 3.121840563835576e-10, ""observed_ol_d_time"": ""2020-08-01T00:04:00"", ""requested_step_depth_m"": 5.555555555555556e-06, ""step_volume_m3"": 0.0014222222222222223, ""storage_units"": ""m"", ""target_units"": ""m3/s""}"
2020-08-01 00:04:00,runoff,98,60,default,2020-08-01,2020-09-01,62.0,2678400.0,5.925925925925926e-06,3.115019353572279e-10,-5.555244053620199e-06,positive_daisy_runoff_to_positive_oldr_in_flo_and_negative_storage_sink,,"{""bookkeeping_after_m"": 0.0, ""bookkeeping_before_m"": 3.115019353572279e-10, ""bookkeeping_mode"": ""virtual_ol_d_snapshot"", ""bookkeeping_source"": ""OL_D read-only snapshot"", ""observed_ol_d_before_m"": 3.115019353572279e-10, ""observed_ol_d_time"": ""2020-08-01T00:04:00"", ""requested_step_depth_m"": 5.555555555555556e-06, ""step_volume_m3"": 0.0014222222222222223, ""storage_units"": ""m"", ""target_units"": ""m3/s""}"
2020-08-01 00:04:00,runoff,98,61,default,2020-08-01,2020-09-01,62.0,2678400.0,5.925925925925926e-06,2.9967850423417985e-10,-5.555255877051322e-06,positive_daisy_runoff_to_positive_oldr_in_flo_and_negative_storage_sink,,"{""bookkeeping_after_m"": 0.0, ""bookkeeping_before_m"": 2.9967850423417985e-10, ""bookkeeping_mode"": ""virtual_ol_d_snapshot"", ""bookkeeping_source"": ""OL_D read-only snapshot"", ""observed_ol_d_before_m"": 2.9967850423417985e-10, ""observed_ol_d_time"": ""2020-08-01T00:04:00"", ""requested_step_depth_m"": 5.555555555555556e-06, ""step_volume_m3"": 0.0014222222222222223, ""storage_units"": ""m"", ""target_units"": ""m3/s""}"
2020-08-01 00:04:00,runoff,98,62,default,2020-08-01,2020-09-01,62.0,2678400.0,5.925925925925926e-06,3.155946615152061e-10,-5.555239960894041e-06,positive_daisy_runoff_to_positive_oldr_in_flo_and_negative_storage_sink,,"{""bookkeeping_after_m"": 0.0, ""bookkeeping_before_m"": 3.155946615152061e-10, ""bookkeeping_mode"": ""virtual_ol_d_snapshot"", ""bookkeeping_source"": ""OL_D read-only snapshot"", ""observed_ol_d_before_m"": 3.155946615152061e-10, ""observed_ol_d_time"": ""2020-08-01T00:04:00"", ""requested_step_depth_m"": 5.555555555555556e-06, ""step_volume_m3"": 0.0014222222222222223, ""storage_units"": ""m"", ""target_units"": ""m3/s""}"
2020-08-01 00:04:00,runoff,98,63,default,2020-08-01,2020-09-01,62.0,2678400.0,5.925925925925926e-06,3.15026227326598e-10,-5.555240529328229e-06,positive_daisy_runoff_to_positive_oldr_in_flo_and_negative_storage_sink,,"{""bookkeeping_after_m"": 0.0, ""bookkeeping_before_m"": 3.15026227326598e-10, ""bookkeeping_mode"": ""virtual_ol_d_snapshot"", ""bookkeeping_source"": ""OL_D read-only snapshot"", ""observed_ol_d_before_m"": 3.15026227326598e-10, ""observed_ol_d_time"": ""2020-08-01T00:04:00"", ""requested_step_depth_m"": 5.555555555555556e-06, ""step_volume_m3"": 0.0014222222222222223, ""storage_units"": ""m"", ""target_units"": ""m3/s""}"
2020-08-01 00:04:00,runoff,98,64,default,2020-08-01,2020-09-01,62.0,2678400.0,5.925925925925926e-06,3.261675374233164e-10,-5.5552293880181325e-06,positive_daisy_runoff_to_positive_oldr_in_flo_and_negative_storage_sink,,"{""bookkeeping_after_m"": 0.0, ""bookkeeping_before_m"": 3.261675374233164e-10, ""bookkeeping_mode"": ""virtual_ol_d_snapshot"", ""bookkeeping_source"": ""OL_D read-only snapshot"", ""observed_ol_d_before_m"": 3.261675374233164e-10, ""observed_ol_d_time"": ""2020-08-01T00:04:00"", ""requested_step_depth_m"": 5.555555555555556e-06, ""step_volume_m3"": 0.0014222222222222223, ""storage_units"": ""m"", ""target_units"": ""m3/s""}"
2020-08-01 00:04:00,runoff,98,65,default,2020-08-01,2020-09-01,62.0,2678400.0,5.925925925925926e-06,3.2525804272154346e-10,-5.555230297512834e-06,positive_daisy_runoff_to_positive_oldr_in_flo_and_negative_storage_sink,,"{""bookkeeping_after_m"": 0.0, ""bookkeeping_before_m"": 3.2525804272154346e-10, ""bookkeeping_mode"": ""virtual_ol_d_snapshot"", ""bookkeeping_source"": ""OL_D read-only snapshot"", ""observed_ol_d_before_m"": 3.2525804272154346e-10, ""observed_ol_d_time"": ""2020-08-01T00:04:00"", ""requested_step_depth_m"": 5.555555555555556e-06, ""step_volume_m3"": 0.0014222222222222223, ""storage_units"": ""m"", ""target_units"": ""m3/s""}"
2020-08-01 00:04:00,runoff,98,66,default,2020-08-01,2020-09-01,62.0,2678400.0,5.925925925925926e-06,3.3503511076560244e-10,-5.55522052044479e-06,positive_daisy_runoff_to_positive_oldr_in_flo_and_negative_storage_sink,,"{""bookkeeping_after_m"": 0.0, ""bookkeeping_before_m"": 3.3503511076560244e-10, ""bookkeeping_mode"": ""virtual_ol_d_snapshot"", ""bookkeeping_source"": ""OL_D read-only snapshot"", ""observed_ol_d_before_m"": 3.3503511076560244e-10, ""observed_ol_d_time"": ""2020-08-01T00:04:00"", ""requested_step_depth_m"": 5.555555555555556e-06, ""step_volume_m3"": 0.0014222222222222223, ""storage_units"": ""m"", ""target_units"": ""m3/s""}"
2020-08-01 00:04:00,runoff,98,67,default,2020-08-01,2020-09-01,62.0,2678400.0,5.925925925925926e-06,3.02293301501777e-10,-5.555253262254054e-06,positive_daisy_runoff_to_positive_oldr_in_flo_and_negative_storage_sink,,"{""bookkeeping_after_m"": 0.0, ""bookkeeping_before_m"": 3.02293301501777e-10, ""bookkeeping_mode"": ""virtual_ol_d_snapshot"", ""bookkeeping_source"": ""OL_D read-only snapshot"", ""observed_ol_d_before_m"": 3.02293301501777e-10, ""observed_ol_d_time"": ""2020-08-01T00:04:00"", ""requested_step_depth_m"": 5.555555555555556e-06, ""step_volume_m3"": 0.0014222222222222223, ""storage_units"": ""m"", ""target_units"": ""m3/s""}"
2020-08-01 00:04:00,runoff,98,68,default,2020-08-01,2020-09-01,62.0,2678400.0,5.925925925925926e-06,3.100240064668469e-10,-5.555245531549089e-06,positive_daisy_runoff_to_positive_oldr_in_flo_and_negative_storage_sink,,"{""bookkeeping_after_m"": 0.0, ""bookkeeping_before_m"": 3.100240064668469e-10, ""bookkeeping_mode"": ""virtual_ol_d_snapshot"", ""bookkeeping_source"": ""OL_D read-only snapshot"", ""observed_ol_d_before_m"": 3.100240064668469e-10, ""observed_ol_d_time"": ""2020-08-01T00:04:00"", ""requested_step_depth_m"": 5.555555555555556e-06, ""step_volume_m3"": 0.0014222222222222223, ""storage_units"": ""m"", ""target_units"": ""m3/s""}"
2020-08-01 00:04:00,runoff,98,69,default,2020-08-01,2020-09-01,62.0,2678400.0,5.925925925925926e-06,3.126388037344441e-10,-5.555242916751821e-06,positive_daisy_runoff_to_positive_oldr_in_flo_and_negative_storage_sink,,"{""bookkeeping_after_m"": 0.0, ""bookkeeping_before_m"": 3.126388037344441e-10, ""bookkeeping_mode"": ""virtual_ol_d_snapshot"", ""bookkeeping_source"": ""OL_D read-only snapshot"", ""observed_ol_d_before_m"": 3.126388037344441e-10, ""observed_ol_d_time"": ""2020-08-01T00:04:00"", ""requested_step_depth_m"": 5.555555555555556e-06, ""step_volume_m3"": 0.0014222222222222223, ""storage_units"": ""m"", ""target_units"": ""m3/s""}"
2020-08-01 00:04:00,runoff,98,70,default,2020-08-01,2020-09-01,62.0,2678400.0,5.925925925925926e-06,3.115019353572279e-10,-5.555244053620199e-06,positive_daisy_runoff_to_positive_oldr_in_flo_and_negative_storage_sink,,"{""bookkeeping_after_m"": 0.0, ""bookkeeping_before_m"": 3.115019353572279e-10, ""bookkeeping_mode"": ""virtual_ol_d_snapshot"", ""bookkeeping_source"": ""OL_D read-only snapshot"", ""observed_ol_d_before_m"": 3.115019353572279e-10, ""observed_ol_d_time"": ""2020-08-01T00:04:00"", ""requested_step_depth_m"": 5.555555555555556e-06, ""step_volume_m3"": 0.0014222222222222223, ""storage_units"": ""m"", ""target_units"": ""m3/s""}"
2020-08-01 00:04:00,runoff,98,71,default,2020-08-01,2020-09-01,62.0,2678400.0,5.925925925925926e-06,3.133209247607738e-10,-5.555242234630795e-06,positive_daisy_runoff_to_positive_oldr_in_flo_and_negative_storage_sink,,"{""bookkeeping_after_m"": 0.0, ""bookkeeping_before_m"": 3.133209247607738e-10, ""bookkeeping_mode"": ""virtual_ol_d_snapshot"", ""bookkeeping_source"": ""OL_D read-only snapshot"", ""observed_ol_d_before_m"": 3.133209247607738e-10, ""observed_ol_d_time"": ""2020-08-01T00:04:00"", ""requested_step_depth_m"": 5.555555555555556e-06, ""step_volume_m3"": 0.0014222222222222223, ""storage_units"": ""m"", ""target_units"": ""m3/s""}"
2020-08-01 00:04:00,runoff,98,72,default,2020-08-01,2020-09-01,62.0,2678400.0,5.925925925925926e-06,3.1184299587039277e-10,-5.5552437125596854e-06,positive_daisy_runoff_to_positive_oldr_in_flo_and_negative_storage_sink,,"{""bookkeeping_after_m"": 0.0, ""bookkeeping_before_m"": 3.1184299587039277e-10, ""bookkeeping_mode"": ""virtual_ol_d_snapshot"", ""bookkeeping_source"": ""OL_D read-only snapshot"", ""observed_ol_d_before_m"": 3.1184299587039277e-10, ""observed_ol_d_time"": ""2020-08-01T00:04:00"", ""requested_step_depth_m"": 5.555555555555556e-06, ""step_volume_m3"": 0.0014222222222222223, ""storage_units"": ""m"", ""target_units"": ""m3/s""}"
2020-08-01 00:04:00,runoff,98,73,default,2020-08-01,2020-09-01,62.0,2678400.0,5.925925925925926e-06,3.1320723792305216e-10,-5.555242348317633e-06,positive_daisy_runoff_to_positive_oldr_in_flo_and_negative_storage_sink,,"{""bookkeeping_after_m"": 0.0, ""bookkeeping_before_m"": 3.1320723792305216e-10, ""bookkeeping_mode"": ""virtual_ol_d_snapshot"", ""bookkeeping_source"": ""OL_D read-only snapshot"", ""observed_ol_d_before_m"": 3.1320723792305216e-10, ""observed_ol_d_time"": ""2020-08-01T00:04:00"", ""requested_step_depth_m"": 5.555555555555556e-06, ""step_volume_m3"": 0.0014222222222222223, ""storage_units"": ""m"", ""target_units"": ""m3/s""}"
2020-08-01 00:04:00,runoff,98,74,default,2020-08-01,2020-09-01,62.0,2678400.0,5.925925925925926e-06,3.1320723792305216e-10,-5.555242348317633e-06,positive_daisy_runoff_to_positive_oldr_in_flo_and_negative_storage_sink,,"{""bookkeeping_after_m"": 0.0, ""bookkeeping_before_m"": 3.1320723792305216e-10, ""bookkeeping_mode"": ""virtual_ol_d_snapshot"", ""bookkeeping_source"": ""OL_D read-only snapshot"", ""observed_ol_d_before_m"": 3.1320723792305216e-10, ""observed_ol_d_time"": ""2020-08-01T00:04:00"", ""requested_step_depth_m"": 5.555555555555556e-06, ""step_volume_m3"": 0.0014222222222222223, ""storage_units"": ""m"", ""target_units"": ""m3/s""}"
2020-08-01 00:04:00,runoff,98,75,default,2020-08-01,2020-09-01,62.0,2678400.0,5.925925925925926e-06,3.1252511689672247e-10,-5.555243030438659e-06,positive_daisy_runoff_to_positive_oldr_in_flo_and_negative_storage_sink,,"{""bookkeeping_after_m"": 0.0, ""bookkeeping_before_m"": 3.1252511689672247e-10, ""bookkeeping_mode"": ""virtual_ol_d_snapshot"", ""bookkeeping_source"": ""OL_D read-only snapshot"", ""observed_ol_d_before_m"": 3.1252511689672247e-10, ""observed_ol_d_time"": ""2020-08-01T00:04:00"", ""requested_step_depth_m"": 5.555555555555556e-06, ""step_volume_m3"": 0.0014222222222222223, ""storage_units"": ""m"", ""target_units"": ""m3/s""}"
2020-08-01 00:04:00,runoff,98,76,default,2020-08-01,2020-09-01,62.0,2678400.0,5.925925925925926e-06,3.1161562219494954e-10,-5.555243939933361e-06,positive_daisy_runoff_to_positive_oldr_in_flo_and_negative_storage_sink,,"{""bookkeeping_after_m"": 0.0, ""bookkeeping_before_m"": 3.1161562219494954e-10, ""bookkeeping_mode"": ""virtual_ol_d_snapshot"", ""bookkeeping_source"": ""OL_D read-only snapshot"", ""observed_ol_d_before_m"": 3.1161562219494954e-10, ""observed_ol_d_time"": ""2020-08-01T00:04:00"", ""requested_step_depth_m"": 5.555555555555556e-06, ""step_volume_m3"": 0.0014222222222222223, ""storage_units"": ""m"", ""target_units"": ""m3/s""}"
2020-08-01 00:04:00,runoff,98,77,default,2020-08-01,2020-09-01,62.0,2678400.0,5.925925925925926e-06,3.1320723792305216e-10,-5.555242348317633e-06,positive_daisy_runoff_to_positive_oldr_in_flo_and_negative_storage_sink,,"{""bookkeeping_after_m"": 0.0, ""bookkeeping_before_m"": 3.1320723792305216e-10, ""bookkeeping_mode"": ""virtual_ol_d_snapshot"", ""bookkeeping_source"": ""OL_D read-only snapshot"", ""observed_ol_d_before_m"": 3.1320723792305216e-10, ""observed_ol_d_time"": ""2020-08-01T00:04:00"", ""requested_step_depth_m"": 5.555555555555556e-06, ""step_volume_m3"": 0.0014222222222222223, ""storage_units"": ""m"", ""target_units"": ""m3/s""}"
2020-08-01 00:04:00,runoff,98,78,default,2020-08-01,2020-09-01,62.0,2678400.0,5.925925925925926e-06,3.1093350116861984e-10,-5.555244622054387e-06,positive_daisy_runoff_to_positive_oldr_in_flo_and_negative_storage_sink,,"{""bookkeeping_after_m"": 0.0, ""bookkeeping_before_m"": 3.1093350116861984e-10, ""bookkeeping_mode"": ""virtual_ol_d_snapshot"", ""bookkeeping_source"": ""OL_D read-only snapshot"", ""observed_ol_d_before_m"": 3.1093350116861984e-10, ""observed_ol_d_time"": ""2020-08-01T00:04:00"", ""requested_step_depth_m"": 5.555555555555556e-06, ""step_volume_m3"": 0.0014222222222222223, ""storage_units"": ""m"", ""target_units"": ""m3/s""}"
2020-08-01 00:04:00,runoff,98,79,default,2020-08-01,2020-09-01,62.0,2678400.0,5.925925925925926e-06,3.1036506698001176e-10,-5.555245190488576e-06,positive_daisy_runoff_to_positive_oldr_in_flo_and_negative_storage_sink,,"{""bookkeeping_after_m"": 0.0, ""bookkeeping_before_m"": 3.1036506698001176e-10, ""bookkeeping_mode"": ""virtual_ol_d_snapshot"", ""bookkeeping_source"": ""OL_D read-only snapshot"", ""observed_ol_d_before_m"": 3.1036506698001176e-10, ""observed_ol_d_time"": ""2020-08-01T00:04:00"", ""requested_step_depth_m"": 5.555555555555556e-06, ""step_volume_m3"": 0.0014222222222222223, ""storage_units"": ""m"", ""target_units"": ""m3/s""}"
2020-08-01 00:04:00,runoff,98,80,default,2020-08-01,2020-09-01,62.0,2678400.0,5.925925925925926e-06,3.0445335141848773e-10,-5.555251102204137e-06,positive_daisy_runoff_to_positive_oldr_in_flo_and_negative_storage_sink,,"{""bookkeeping_after_m"": 0.0, ""bookkeeping_before_m"": 3.0445335141848773e-10, ""bookkeeping_mode"": ""virtual_ol_d_snapshot"", ""bookkeeping_source"": ""OL_D read-only snapshot"", ""observed_ol_d_before_m"": 3.0445335141848773e-10, ""observed_ol_d_time"": ""2020-08-01T00:04:00"", ""requested_step_depth_m"": 5.555555555555556e-06, ""step_volume_m3"": 0.0014222222222222223, ""storage_units"": ""m"", ""target_units"": ""m3/s""}"
2020-08-01 00:04:00,runoff,98,81,default,2020-08-01,2020-09-01,62.0,2678400.0,5.925925925925926e-06,3.0524915928253904e-10,-5.555250306396273e-06,positive_daisy_runoff_to_positive_oldr_in_flo_and_negative_storage_sink,,"{""bookkeeping_after_m"": 0.0, ""bookkeeping_before_m"": 3.0524915928253904e-10, ""bookkeeping_mode"": ""virtual_ol_d_snapshot"", ""bookkeeping_source"": ""OL_D read-only snapshot"", ""observed_ol_d_before_m"": 3.0524915928253904e-10, ""observed_ol_d_time"": ""2020-08-01T00:04:00"", ""requested_step_depth_m"": 5.555555555555556e-06, ""step_volume_m3"": 0.0014222222222222223, ""storage_units"": ""m"", ""target_units"": ""m3/s""}"
2020-08-01 00:04:00,runoff,98,82,default,2020-08-01,2020-09-01,62.0,2678400.0,5.925925925925926e-06,3.0036062526050955e-10,-5.555255194930295e-06,positive_daisy_runoff_to_positive_oldr_in_flo_and_negative_storage_sink,,"{""bookkeeping_after_m"": 0.0, ""bookkeeping_before_m"": 3.0036062526050955e-10, ""bookkeeping_mode"": ""virtual_ol_d_snapshot"", ""bookkeeping_source"": ""OL_D read-only snapshot"", ""observed_ol_d_before_m"": 3.0036062526050955e-10, ""observed_ol_d_time"": ""2020-08-01T00:04:00"", ""requested_step_depth_m"": 5.555555555555556e-06, ""step_volume_m3"": 0.0014222222222222223, ""storage_units"": ""m"", ""target_units"": ""m3/s""}"
2020-08-01 00:04:00,runoff,98,83,default,2020-08-01,2020-09-01,62.0,2678400.0,5.925925925925926e-06,2.9899638320785016e-10,-5.555256559172348e-06,positive_daisy_runoff_to_positive_oldr_in_flo_and_negative_storage_sink,,"{""bookkeeping_after_m"": 0.0, ""bookkeeping_before_m"": 2.9899638320785016e-10, ""bookkeeping_mode"": ""virtual_ol_d_snapshot"", ""bookkeeping_source"": ""OL_D read-only snapshot"", ""observed_ol_d_before_m"": 2.9899638320785016e-10, ""observed_ol_d_time"": ""2020-08-01T00:04:00"", ""requested_step_depth_m"": 5.555555555555556e-06, ""step_volume_m3"": 0.0014222222222222223, ""storage_units"": ""m"", ""target_units"": ""m3/s""}"
2020-08-01 00:04:00,runoff,98,84,default,2020-08-01,2020-09-01,62.0,2678400.0,5.925925925925926e-06,2.99337443721015e-10,-5.555256218111835e-06,positive_daisy_runoff_to_positive_oldr_in_flo_and_negative_storage_sink,,"{""bookkeeping_after_m"": 0.0, ""bookkeeping_before_m"": 2.99337443721015e-10, ""bookkeeping_mode"": ""virtual_ol_d_snapshot"", ""bookkeeping_source"": ""OL_D read-only snapshot"", ""observed_ol_d_before_m"": 2.99337443721015e-10, ""observed_ol_d_time"": ""2020-08-01T00:04:00"", ""requested_step_depth_m"": 5.555555555555556e-06, ""step_volume_m3"": 0.0014222222222222223, ""storage_units"": ""m"", ""target_units"": ""m3/s""}"
2020-08-01 00:04:00,runoff,98,85,default,2020-08-01,2020-09-01,62.0,2678400.0,5.925925925925926e-06,2.9899638320785016e-10,-5.555256559172348e-06,positive_daisy_runoff_to_positive_oldr_in_flo_and_negative_storage_sink,,"{""bookkeeping_after_m"": 0.0, ""bookkeeping_before_m"": 2.9899638320785016e-10, ""bookkeeping_mode"": ""virtual_ol_d_snapshot"", ""bookkeeping_source"": ""OL_D read-only snapshot"", ""observed_ol_d_before_m"": 2.9899638320785016e-10, ""observed_ol_d_time"": ""2020-08-01T00:04:00"", ""requested_step_depth_m"": 5.555555555555556e-06, ""step_volume_m3"": 0.0014222222222222223, ""storage_units"": ""m"", ""target_units"": ""m3/s""}"
2020-08-01 00:04:00,runoff,98,86,default,2020-08-01,2020-09-01,62.0,2678400.0,5.925925925925926e-06,2.99337443721015e-10,-5.555256218111835e-06,positive_daisy_runoff_to_positive_oldr_in_flo_and_negative_storage_sink,,"{""bookkeeping_after_m"": 0.0, ""bookkeeping_before_m"": 2.99337443721015e-10, ""bookkeeping_mode"": ""virtual_ol_d_snapshot"", ""bookkeeping_source"": ""OL_D read-only snapshot"", ""observed_ol_d_before_m"": 2.99337443721015e-10, ""observed_ol_d_time"": ""2020-08-01T00:04:00"", ""requested_step_depth_m"": 5.555555555555556e-06, ""step_volume_m3"": 0.0014222222222222223, ""storage_units"": ""m"", ""target_units"": ""m3/s""}"
2020-08-01 00:04:00,runoff,98,87,default,2020-08-01,2020-09-01,62.0,2678400.0,5.925925925925926e-06,2.9967850423417985e-10,-5.555255877051322e-06,positive_daisy_runoff_to_positive_oldr_in_flo_and_negative_storage_sink,,"{""bookkeeping_after_m"": 0.0, ""bookkeeping_before_m"": 2.9967850423417985e-10, ""bookkeeping_mode"": ""virtual_ol_d_snapshot"", ""bookkeeping_source"": ""OL_D read-only snapshot"", ""observed_ol_d_before_m"": 2.9967850423417985e-10, ""observed_ol_d_time"": ""2020-08-01T00:04:00"", ""requested_step_depth_m"": 5.555555555555556e-06, ""step_volume_m3"": 0.0014222222222222223, ""storage_units"": ""m"", ""target_units"": ""m3/s""}"
2020-08-01 00:04:00,runoff,98,88,default,2020-08-01,2020-09-01,62.0,2678400.0,5.925925925925926e-06,2.9967850423417985e-10,-5.555255877051322e-06,positive_daisy_runoff_to_positive_oldr_in_flo_and_negative_storage_sink,,"{""bookkeeping_after_m"": 0.0, ""bookkeeping_before_m"": 2.9967850423417985e-10, ""bookkeeping_mode"": ""virtual_ol_d_snapshot"", ""bookkeeping_source"": ""OL_D read-only snapshot"", ""observed_ol_d_before_m"": 2.9967850423417985e-10, ""observed_ol_d_time"": ""2020-08-01T00:04:00"", ""requested_step_depth_m"": 5.555555555555556e-06, ""step_volume_m3"": 0.0014222222222222223, ""storage_units"": ""m"", ""target_units"": ""m3/s""}"
2020-08-01 00:04:00,runoff,98,89,default,2020-08-01,2020-09-01,62.0,2678400.0,5.925925925925926e-06,2.9956481739645824e-10,-5.555255990738159e-06,positive_daisy_runoff_to_positive_oldr_in_flo_and_negative_storage_sink,,"{""bookkeeping_after_m"": 0.0, ""bookkeeping_before_m"": 2.9956481739645824e-10, ""bookkeeping_mode"": ""virtual_ol_d_snapshot"", ""bookkeeping_source"": ""OL_D read-only snapshot"", ""observed_ol_d_before_m"": 2.9956481739645824e-10, ""observed_ol_d_time"": ""2020-08-01T00:04:00"", ""requested_step_depth_m"": 5.555555555555556e-06, ""step_volume_m3"": 0.0014222222222222223, ""storage_units"": ""m"", ""target_units"": ""m3/s""}"
2020-08-01 00:04:00,runoff,98,90,default,2020-08-01,2020-09-01,62.0,2678400.0,5.925925925925926e-06,2.9899638320785016e-10,-5.555256559172348e-06,positive_daisy_runoff_to_positive_oldr_in_flo_and_negative_storage_sink,,"{""bookkeeping_after_m"": 0.0, ""bookkeeping_before_m"": 2.9899638320785016e-10, ""bookkeeping_mode"": ""virtual_ol_d_snapshot"", ""bookkeeping_source"": ""OL_D read-only snapshot"", ""observed_ol_d_before_m"": 2.9899638320785016e-10, ""observed_ol_d_time"": ""2020-08-01T00:04:00"", ""requested_step_depth_m"": 5.555555555555556e-06, ""step_volume_m3"": 0.0014222222222222223, ""storage_units"": ""m"", ""target_units"": ""m3/s""}"
2020-08-01 00:04:00,runoff,98,91,default,2020-08-01,2020-09-01,62.0,2678400.0,5.925925925925926e-06,2.9979219107190147e-10,-5.555255763364484e-06,positive_daisy_runoff_to_positive_oldr_in_flo_and_negative_storage_sink,,"{""bookkeeping_after_m"": 0.0, ""bookkeeping_before_m"": 2.9979219107190147e-10, ""bookkeeping_mode"": ""virtual_ol_d_snapshot"", ""bookkeeping_source"": ""OL_D read-only snapshot"", ""observed_ol_d_before_m"": 2.9979219107190147e-10, ""observed_ol_d_time"": ""2020-08-01T00:04:00"", ""requested_step_depth_m"": 5.555555555555556e-06, ""step_volume_m3"": 0.0014222222222222223, ""storage_units"": ""m"", ""target_units"": ""m3/s""}"
2020-08-01 00:04:00,runoff,98,92,default,2020-08-01,2020-09-01,62.0,2678400.0,5.925925925925926e-06,2.9950797397759743e-10,-5.555256047581578e-06,positive_daisy_runoff_to_positive_oldr_in_flo_and_negative_storage_sink,,"{""bookkeeping_after_m"": 0.0, ""bookkeeping_before_m"": 2.9950797397759743e-10, ""bookkeeping_mode"": ""virtual_ol_d_snapshot"", ""bookkeeping_source"": ""OL_D read-only snapshot"", ""observed_ol_d_before_m"": 2.9950797397759743e-10, ""observed_ol_d_time"": ""2020-08-01T00:04:00"", ""requested_step_depth_m"": 5.555555555555556e-06, ""step_volume_m3"": 0.0014222222222222223, ""storage_units"": ""m"", ""target_units"": ""m3/s""}"
2020-08-01 00:04:00,runoff,98,93,default,2020-08-01,2020-09-01,62.0,2678400.0,5.925925925925926e-06,2.9967850423417985e-10,-5.555255877051322e-06,positive_daisy_runoff_to_positive_oldr_in_flo_and_negative_storage_sink,,"{""bookkeeping_after_m"": 0.0, ""bookkeeping_before_m"": 2.9967850423417985e-10, ""bookkeeping_mode"": ""virtual_ol_d_snapshot"", ""bookkeeping_source"": ""OL_D read-only snapshot"", ""observed_ol_d_before_m"": 2.9967850423417985e-10, ""observed_ol_d_time"": ""2020-08-01T00:04:00"", ""requested_step_depth_m"": 5.555555555555556e-06, ""step_volume_m3"": 0.0014222222222222223, ""storage_units"": ""m"", ""target_units"": ""m3/s""}"
2020-08-01 00:04:00,runoff,98,94,default,2020-08-01,2020-09-01,62.0,2678400.0,5.925925925925926e-06,3.0036062526050955e-10,-5.555255194930295e-06,positive_daisy_runoff_to_positive_oldr_in_flo_and_negative_storage_sink,,"{""bookkeeping_after_m"": 0.0, ""bookkeeping_before_m"": 3.0036062526050955e-10, ""bookkeeping_mode"": ""virtual_ol_d_snapshot"", ""bookkeeping_source"": ""OL_D read-only snapshot"", ""observed_ol_d_before_m"": 3.0036062526050955e-10, ""observed_ol_d_time"": ""2020-08-01T00:04:00"", ""requested_step_depth_m"": 5.555555555555556e-06, ""step_volume_m3"": 0.0014222222222222223, ""storage_units"": ""m"", ""target_units"": ""m3/s""}"
2020-08-01 00:04:00,runoff,98,95,default,2020-08-01,2020-09-01,62.0,2678400.0,5.925925925925926e-06,3.141735760436859e-10,-5.555241381979512e-06,positive_daisy_runoff_to_positive_oldr_in_flo_and_negative_storage_sink,,"{""bookkeeping_after_m"": 0.0, ""bookkeeping_before_m"": 3.141735760436859e-10, ""bookkeeping_mode"": ""virtual_ol_d_snapshot"", ""bookkeeping_source"": ""OL_D read-only snapshot"", ""observed_ol_d_before_m"": 3.141735760436859e-10, ""observed_ol_d_time"": ""2020-08-01T00:04:00"", ""requested_step_depth_m"": 5.555555555555556e-06, ""step_volume_m3"": 0.0014222222222222223, ""storage_units"": ""m"", ""target_units"": ""m3/s""}"
2020-08-01 00:04:00,runoff,98,96,default,2020-08-01,2020-09-01,62.0,2678400.0,5.925925925925926e-06,3.2150637707673013e-10,-5.555234049178479e-06,positive_daisy_runoff_to_positive_oldr_in_flo_and_negative_storage_sink,,"{""bookkeeping_after_m"": 0.0, ""bookkeeping_before_m"": 3.2150637707673013e-10, ""bookkeeping_mode"": ""virtual_ol_d_snapshot"", ""bookkeeping_source"": ""OL_D read-only snapshot"", ""observed_ol_d_before_m"": 3.2150637707673013e-10, ""observed_ol_d_time"": ""2020-08-01T00:04:00"", ""requested_step_depth_m"": 5.555555555555556e-06, ""step_volume_m3"": 0.0014222222222222223, ""storage_units"": ""m"", ""target_units"": ""m3/s""}"
2020-08-01 00:04:00,runoff,98,97,default,2020-08-01,2020-09-01,62.0,2678400.0,5.925925925925926e-06,3.3367086871294305e-10,-5.555221884686843e-06,positive_daisy_runoff_to_positive_oldr_in_flo_and_negative_storage_sink,,"{""bookkeeping_after_m"": 0.0, ""bookkeeping_before_m"": 3.3367086871294305e-10, ""bookkeeping_mode"": ""virtual_ol_d_snapshot"", ""bookkeeping_source"": ""OL_D read-only snapshot"", ""observed_ol_d_before_m"": 3.3367086871294305e-10, ""observed_ol_d_time"": ""2020-08-01T00:04:00"", ""requested_step_depth_m"": 5.555555555555556e-06, ""step_volume_m3"": 0.0014222222222222223, ""storage_units"": ""m"", ""target_units"": ""m3/s""}"
2020-08-01 00:04:00,runoff,98,98,default,2020-08-01,2020-09-01,62.0,2678400.0,5.925925925925926e-06,3.403215487196576e-10,-5.555215234006836e-06,positive_daisy_runoff_to_positive_oldr_in_flo_and_negative_storage_sink,,"{""bookkeeping_after_m"": 0.0, ""bookkeeping_before_m"": 3.403215487196576e-10, ""bookkeeping_mode"": ""virtual_ol_d_snapshot"", ""bookkeeping_source"": ""OL_D read-only snapshot"", ""observed_ol_d_before_m"": 3.403215487196576e-10, ""observed_ol_d_time"": ""2020-08-01T00:04:00"", ""requested_step_depth_m"": 5.555555555555556e-06, ""step_volume_m3"": 0.0014222222222222223, ""storage_units"": ""m"", ""target_units"": ""m3/s""}"
2020-08-01 00:04:00,runoff,98,99,default,2020-08-01,2020-09-01,62.0,2678400.0,5.925925925925926e-06,3.5220182326156646e-10,-5.555203353732294e-06,positive_daisy_runoff_to_positive_oldr_in_flo_and_negative_storage_sink,,"{""bookkeeping_after_m"": 0.0, ""bookkeeping_before_m"": 3.5220182326156646e-10, ""bookkeeping_mode"": ""virtual_ol_d_snapshot"", ""bookkeeping_source"": ""OL_D read-only snapshot"", ""observed_ol_d_before_m"": 3.5220182326156646e-10, ""observed_ol_d_time"": ""2020-08-01T00:04:00"", ""requested_step_depth_m"": 5.555555555555556e-06, ""step_volume_m3"": 0.0014222222222222223, ""storage_units"": ""m"", ""target_units"": ""m3/s""}"
2020-08-01 00:04:00,runoff,98,100,default,2020-08-01,2020-09-01,62.0,2678400.0,5.925925925925926e-06,3.0399860406760126e-10,-5.555251556951488e-06,positive_daisy_runoff_to_positive_oldr_in_flo_and_negative_storage_sink,,"{""bookkeeping_after_m"": 0.0, ""bookkeeping_before_m"": 3.0399860406760126e-10, ""bookkeeping_mode"": ""virtual_ol_d_snapshot"", ""bookkeeping_source"": ""OL_D read-only snapshot"", ""observed_ol_d_before_m"": 3.0399860406760126e-10, ""observed_ol_d_time"": ""2020-08-01T00:04:00"", ""requested_step_depth_m"": 5.555555555555556e-06, ""step_volume_m3"": 0.0014222222222222223, ""storage_units"": ""m"", ""target_units"": ""m3/s""}"
2020-08-01 00:04:00,runoff,98,101,default,2020-08-01,2020-09-01,62.0,2678400.0,5.925925925925926e-06,3.000764081662055e-10,-5.55525547914739e-06,positive_daisy_runoff_to_positive_oldr_in_flo_and_negative_storage_sink,,"{""bookkeeping_after_m"": 0.0, ""bookkeeping_before_m"": 3.000764081662055e-10, ""bookkeeping_mode"": ""virtual_ol_d_snapshot"", ""bookkeeping_source"": ""OL_D read-only snapshot"", ""observed_ol_d_before_m"": 3.000764081662055e-10, ""observed_ol_d_time"": ""2020-08-01T00:04:00"", ""requested_step_depth_m"": 5.555555555555556e-06, ""step_volume_m3"": 0.0014222222222222223, ""storage_units"": ""m"", ""target_units"": ""m3/s""}"
2020-08-01 00:04:00,runoff,98,102,default,2020-08-01,2020-09-01,62.0,2678400.0,5.925925925925926e-06,2.991100700455718e-10,-5.55525644548551e-06,positive_daisy_runoff_to_positive_oldr_in_flo_and_negative_storage_sink,,"{""bookkeeping_after_m"": 0.0, ""bookkeeping_before_m"": 2.991100700455718e-10, ""bookkeeping_mode"": ""virtual_ol_d_snapshot"", ""bookkeeping_source"": ""OL_D read-only snapshot"", ""observed_ol_d_before_m"": 2.991100700455718e-10, ""observed_ol_d_time"": ""2020-08-01T00:04:00"", ""requested_step_depth_m"": 5.555555555555556e-06, ""step_volume_m3"": 0.0014222222222222223, ""storage_units"": ""m"", ""target_units"": ""m3/s""}"
2020-08-01 00:04:00,runoff,98,103,default,2020-08-01,2020-09-01,62.0,2678400.0,5.925925925925926e-06,3.0473756851279177e-10,-5.555250817987043e-06,positive_daisy_runoff_to_positive_oldr_in_flo_and_negative_storage_sink,,"{""bookkeeping_after_m"": 0.0, ""bookkeeping_before_m"": 3.0473756851279177e-10, ""bookkeeping_mode"": ""virtual_ol_d_snapshot"", ""bookkeeping_source"": ""OL_D read-only snapshot"", ""observed_ol_d_before_m"": 3.0473756851279177e-10, ""observed_ol_d_time"": ""2020-08-01T00:04:00"", ""requested_step_depth_m"": 5.555555555555556e-06, ""step_volume_m3"": 0.0014222222222222223, ""storage_units"": ""m"", ""target_units"": ""m3/s""}"
2020-08-01 00:04:00,runoff,98,104,default,2020-08-01,2020-09-01,62.0,2678400.0,5.925925925925926e-06,3.1013769330456853e-10,-5.555245417862251e-06,positive_daisy_runoff_to_positive_oldr_in_flo_and_negative_storage_sink,,"{""bookkeeping_after_m"": 0.0, ""bookkeeping_before_m"": 3.1013769330456853e-10, ""bookkeeping_mode"": ""virtual_ol_d_snapshot"", ""bookkeeping_source"": ""OL_D read-only snapshot"", ""observed_ol_d_before_m"": 3.1013769330456853e-10, ""observed_ol_d_time"": ""2020-08-01T00:04:00"", ""requested_step_depth_m"": 5.555555555555556e-06, ""step_volume_m3"": 0.0014222222222222223, ""storage_units"": ""m"", ""target_units"": ""m3/s""}"
2020-08-01 00:04:00,runoff,98,105,default,2020-08-01,2020-09-01,62.0,2678400.0,5.925925925925926e-06,3.055902197957039e-10,-5.55524996533576e-06,positive_daisy_runoff_to_positive_oldr_in_flo_and_negative_storage_sink,,"{""bookkeeping_after_m"": 0.0, ""bookkeeping_before_m"": 3.055902197957039e-10, ""bookkeeping_mode"": ""virtual_ol_d_snapshot"", ""bookkeeping_source"": ""OL_D read-only snapshot"", ""observed_ol_d_before_m"": 3.055902197957039e-10, ""observed_ol_d_time"": ""2020-08-01T00:04:00"", ""requested_step_depth_m"": 5.555555555555556e-06, ""step_volume_m3"": 0.0014222222222222223, ""storage_units"": ""m"", ""target_units"": ""m3/s""}"
2020-08-01 00:04:00,runoff,98,106,default,2020-08-01,2020-09-01,62.0,2678400.0,5.925925925925926e-06,3.0462388167507015e-10,-5.555250931673881e-06,positive_daisy_runoff_to_positive_oldr_in_flo_and_negative_storage_sink,,"{""bookkeeping_after_m"": 0.0, ""bookkeeping_before_m"": 3.0462388167507015e-10, ""bookkeeping_mode"": ""virtual_ol_d_snapshot"", ""bookkeeping_source"": ""OL_D read-only snapshot"", ""observed_ol_d_before_m"": 3.0462388167507015e-10, ""observed_ol_d_time"": ""2020-08-01T00:04:00"", ""requested_step_depth_m"": 5.555555555555556e-06, ""step_volume_m3"": 0.0014222222222222223, ""storage_units"": ""m"", ""target_units"": ""m3/s""}"
2020-08-01 00:04:00,runoff,98,107,default,2020-08-01,2020-09-01,62.0,2678400.0,5.925925925925926e-06,2.9950797397759743e-10,-5.555256047581578e-06,positive_daisy_runoff_to_positive_oldr_in_flo_and_negative_storage_sink,,"{""bookkeeping_after_m"": 0.0, ""bookkeeping_before_m"": 2.9950797397759743e-10, ""bookkeeping_mode"": ""virtual_ol_d_snapshot"", ""bookkeeping_source"": ""OL_D read-only snapshot"", ""observed_ol_d_before_m"": 2.9950797397759743e-10, ""observed_ol_d_time"": ""2020-08-01T00:04:00"", ""requested_step_depth_m"": 5.555555555555556e-06, ""step_volume_m3"": 0.0014222222222222223, ""storage_units"": ""m"", ""target_units"": ""m3/s""}"
2020-08-01 00:04:00,runoff,98,108,default,2020-08-01,2020-09-01,62.0,2678400.0,5.925925925925926e-06,2.999058779096231e-10,-5.555255649677646e-06,positive_daisy_runoff_to_positive_oldr_in_flo_and_negative_storage_sink,,"{""bookkeeping_after_m"": 0.0, ""bookkeeping_before_m"": 2.999058779096231e-10, ""bookkeeping_mode"": ""virtual_ol_d_snapshot"", ""bookkeeping_source"": ""OL_D read-only snapshot"", ""observed_ol_d_before_m"": 2.999058779096231e-10, ""observed_ol_d_time"": ""2020-08-01T00:04:00"", ""requested_step_depth_m"": 5.555555555555556e-06, ""step_volume_m3"": 0.0014222222222222223, ""storage_units"": ""m"", ""target_units"": ""m3/s""}"
2020-08-01 00:04:00,runoff,98,109,default,2020-08-01,2020-09-01,62.0,2678400.0,5.925925925925926e-06,2.9962166081531905e-10,-5.5552559338947405e-06,positive_daisy_runoff_to_positive_oldr_in_flo_and_negative_storage_sink,,"{""bookkeeping_after_m"": 0.0, ""bookkeeping_before_m"": 2.9962166081531905e-10, ""bookkeeping_mode"": ""virtual_ol_d_snapshot"", ""bookkeeping_source"": ""OL_D read-only snapshot"", ""observed_ol_d_before_m"": 2.9962166081531905e-10, ""observed_ol_d_time"": ""2020-08-01T00:04:00"", ""requested_step_depth_m"": 5.555555555555556e-06, ""step_volume_m3"": 0.0014222222222222223, ""storage_units"": ""m"", ""target_units"": ""m3/s""}"
2020-08-01 00:04:00,runoff,98,110,default,2020-08-01,2020-09-01,62.0,2678400.0,5.925925925925926e-06,2.992237568832934e-10,-5.5552563317986725e-06,positive_daisy_runoff_to_positive_oldr_in_flo_and_negative_storage_sink,,"{""bookkeeping_after_m"": 0.0, ""bookkeeping_before_m"": 2.992237568832934e-10, ""bookkeeping_mode"": ""virtual_ol_d_snapshot"", ""bookkeeping_source"": ""OL_D read-only snapshot"", ""observed_ol_d_before_m"": 2.992237568832934e-10, ""observed_ol_d_time"": ""2020-08-01T00:04:00"", ""requested_step_depth_m"": 5.555555555555556e-06, ""step_volume_m3"": 0.0014222222222222223, ""storage_units"": ""m"", ""target_units"": ""m3/s""}"
2020-08-01 00:04:00,runoff,98,111,default,2020-08-01,2020-09-01,62.0,2678400.0,5.925925925925926e-06,2.9950797397759743e-10,-5.555256047581578e-06,positive_daisy_runoff_to_positive_oldr_in_flo_and_negative_storage_sink,,"{""bookkeeping_after_m"": 0.0, ""bookkeeping_before_m"": 2.9950797397759743e-10, ""bookkeeping_mode"": ""virtual_ol_d_snapshot"", ""bookkeeping_source"": ""OL_D read-only snapshot"", ""observed_ol_d_before_m"": 2.9950797397759743e-10, ""observed_ol_d_time"": ""2020-08-01T00:04:00"", ""requested_step_depth_m"": 5.555555555555556e-06, ""step_volume_m3"": 0.0014222222222222223, ""storage_units"": ""m"", ""target_units"": ""m3/s""}"
2020-08-01 00:04:00,runoff,99,59,default,2020-08-01,2020-09-01,62.0,2678400.0,5.925925925925926e-06,3.113882485195063e-10,-5.555244167307036e-06,positive_daisy_runoff_to_positive_oldr_in_flo_and_negative_storage_sink,,"{""bookkeeping_after_m"": 0.0, ""bookkeeping_before_m"": 3.113882485195063e-10, ""bookkeeping_mode"": ""virtual_ol_d_snapshot"", ""bookkeeping_source"": ""OL_D read-only snapshot"", ""observed_ol_d_before_m"": 3.113882485195063e-10, ""observed_ol_d_time"": ""2020-08-01T00:04:00"", ""requested_step_depth_m"": 5.555555555555556e-06, ""step_volume_m3"": 0.0014222222222222223, ""storage_units"": ""m"", ""target_units"": ""m3/s""}"
2020-08-01 00:04:00,runoff,99,60,default,2020-08-01,2020-09-01,62.0,2678400.0,5.925925925925926e-06,3.113882485195063e-10,-5.555244167307036e-06,positive_daisy_runoff_to_positive_oldr_in_flo_and_negative_storage_sink,,"{""bookkeeping_after_m"": 0.0, ""bookkeeping_before_m"": 3.113882485195063e-10, ""bookkeeping_mode"": ""virtual_ol_d_snapshot"", ""bookkeeping_source"": ""OL_D read-only snapshot"", ""observed_ol_d_before_m"": 3.113882485195063e-10, ""observed_ol_d_time"": ""2020-08-01T00:04:00"", ""requested_step_depth_m"": 5.555555555555556e-06, ""step_volume_m3"": 0.0014222222222222223, ""storage_units"": ""m"", ""target_units"": ""m3/s""}"
2020-08-01 00:04:00,runoff,99,61,default,2020-08-01,2020-09-01,62.0,2678400.0,5.925925925925926e-06,3.0161118047544733e-10,-5.55525394437508e-06,positive_daisy_runoff_to_positive_oldr_in_flo_and_negative_storage_sink,,"{""bookkeeping_after_m"": 0.0, ""bookkeeping_before_m"": 3.0161118047544733e-10, ""bookkeeping_mode"": ""virtual_ol_d_snapshot"", ""bookkeeping_source"": ""OL_D read-only snapshot"", ""observed_ol_d_before_m"": 3.0161118047544733e-10, ""observed_ol_d_time"": ""2020-08-01T00:04:00"", ""requested_step_depth_m"": 5.555555555555556e-06, ""step_volume_m3"": 0.0014222222222222223, ""storage_units"": ""m"", ""target_units"": ""m3/s""}"
2020-08-01 00:04:00,runoff,99,62,default,2020-08-01,2020-09-01,62.0,2678400.0,5.925925925925926e-06,3.185505192959681e-10,-5.55523700503626e-06,positive_daisy_runoff_to_positive_oldr_in_flo_and_negative_storage_sink,,"{""bookkeeping_after_m"": 0.0, ""bookkeeping_before_m"": 3.185505192959681e-10, ""bookkeeping_mode"": ""virtual_ol_d_snapshot"", ""bookkeeping_source"": ""OL_D read-only snapshot"", ""observed_ol_d_before_m"": 3.185505192959681e-10, ""observed_ol_d_time"": ""2020-08-01T00:04:00"", ""requested_step_depth_m"": 5.555555555555556e-06, ""step_volume_m3"": 0.0014222222222222223, ""storage_units"": ""m"", ""target_units"": ""m3/s""}"
2020-08-01 00:04:00,runoff,99,63,default,2020-08-01,2020-09-01,62.0,2678400.0,5.925925925925926e-06,3.306013240944594e-10,-5.555224954231461e-06,positive_daisy_runoff_to_positive_oldr_in_flo_and_negative_storage_sink,,"{""bookkeeping_after_m"": 0.0, ""bookkeeping_before_m"": 3.306013240944594e-10, ""bookkeeping_mode"": ""virtual_ol_d_snapshot"", ""bookkeeping_source"": ""OL_D read-only snapshot"", ""observed_ol_d_before_m"": 3.306013240944594e-10, ""observed_ol_d_time"": ""2020-08-01T00:04:00"", ""requested_step_depth_m"": 5.555555555555556e-06, ""step_volume_m3"": 0.0014222222222222223, ""storage_units"": ""m"", ""target_units"": ""m3/s""}"
2020-08-01 00:04:00,runoff,99,64,default,2020-08-01,2020-09-01,62.0,2678400.0,5.925925925925926e-06,3.292370820418e-10,-5.555226318473514e-06,positive_daisy_runoff_to_positive_oldr_in_flo_and_negative_storage_sink,,"{""bookkeeping_after_m"": 0.0, ""bookkeeping_before_m"": 3.292370820418e-10, ""bookkeeping_mode"": ""virtual_ol_d_snapshot"", ""bookkeeping_source"": ""OL_D read-only snapshot"", ""observed_ol_d_before_m"": 3.292370820418e-10, ""observed_ol_d_time"": ""2020-08-01T00:04:00"", ""requested_step_depth_m"": 5.555555555555556e-06, ""step_volume_m3"": 0.0014222222222222223, ""storage_units"": ""m"", ""target_units"": ""m3/s""}"
2020-08-01 00:04:00,runoff,99,65,default,2020-08-01,2020-09-01,62.0,2678400.0,5.925925925925926e-06,3.154809746774845e-10,-5.555240074580878e-06,positive_daisy_runoff_to_positive_oldr_in_flo_and_negative_storage_sink,,"{""bookkeeping_after_m"": 0.0, ""bookkeeping_before_m"": 3.154809746774845e-10, ""bookkeeping_mode"": ""virtual_ol_d_snapshot"", ""bookkeeping_source"": ""OL_D read-only snapshot"", ""observed_ol_d_before_m"": 3.154809746774845e-10, ""observed_ol_d_time"": ""2020-08-01T00:04:00"", ""requested_step_depth_m"": 5.555555555555556e-06, ""step_volume_m3"": 0.0014222222222222223, ""storage_units"": ""m"", ""target_units"": ""m3/s""}"
2020-08-01 00:04:00,runoff,99,66,default,2020-08-01,2020-09-01,62.0,2678400.0,5.925925925925926e-06,3.0172486731316894e-10,-5.555253830688243e-06,positive_daisy_runoff_to_positive_oldr_in_flo_and_negative_storage_sink,,"{""bookkeeping_after_m"": 0.0, ""bookkeeping_before_m"": 3.0172486731316894e-10, ""bookkeeping_mode"": ""virtual_ol_d_snapshot"", ""bookkeeping_source"": ""OL_D read-only snapshot"", ""observed_ol_d_before_m"": 3.0172486731316894e-10, ""observed_ol_d_time"": ""2020-08-01T00:04:00"", ""requested_step_depth_m"": 5.555555555555556e-06, ""step_volume_m3"": 0.0014222222222222223, ""storage_units"": ""m"", ""target_units"": ""m3/s""}"
2020-08-01 00:04:00,runoff,99,67,default,2020-08-01,2020-09-01,62.0,2678400.0,5.925925925925926e-06,3.035438567167148e-10,-5.555252011698839e-06,positive_daisy_runoff_to_positive_oldr_in_flo_and_negative_storage_sink,,"{""bookkeeping_after_m"": 0.0, ""bookkeeping_before_m"": 3.035438567167148e-10, ""bookkeeping_mode"": ""virtual_ol_d_snapshot"", ""bookkeeping_source"": ""OL_D read-only snapshot"", ""observed_ol_d_before_m"": 3.035438567167148e-10, ""observed_ol_d_time"": ""2020-08-01T00:04:00"", ""requested_step_depth_m"": 5.555555555555556e-06, ""step_volume_m3"": 0.0014222222222222223, ""storage_units"": ""m"", ""target_units"": ""m3/s""}"
2020-08-01 00:04:00,runoff,99,68,default,2020-08-01,2020-09-01,62.0,2678400.0,5.925925925925926e-06,3.126388037344441e-10,-5.555242916751821e-06,positive_daisy_runoff_to_positive_oldr_in_flo_and_negative_storage_sink,,"{""bookkeeping_after_m"": 0.0, ""bookkeeping_before_m"": 3.126388037344441e-10, ""bookkeeping_mode"": ""virtual_ol_d_snapshot"", ""bookkeeping_source"": ""OL_D read-only snapshot"", ""observed_ol_d_before_m"": 3.126388037344441e-10, ""observed_ol_d_time"": ""2020-08-01T00:04:00"", ""requested_step_depth_m"": 5.555555555555556e-06, ""step_volume_m3"": 0.0014222222222222223, ""storage_units"": ""m"", ""target_units"": ""m3/s""}"
2020-08-01 00:04:00,runoff,99,69,default,2020-08-01,2020-09-01,62.0,2678400.0,5.925925925925926e-06,3.1320723792305216e-10,-5.555242348317633e-06,positive_daisy_runoff_to_positive_oldr_in_flo_and_negative_storage_sink,,"{""bookkeeping_after_m"": 0.0, ""bookkeeping_before_m"": 3.1320723792305216e-10, ""bookkeeping_mode"": ""virtual_ol_d_snapshot"", ""bookkeeping_source"": ""OL_D read-only snapshot"", ""observed_ol_d_before_m"": 3.1320723792305216e-10, ""observed_ol_d_time"": ""2020-08-01T00:04:00"", ""requested_step_depth_m"": 5.555555555555556e-06, ""step_volume_m3"": 0.0014222222222222223, ""storage_units"": ""m"", ""target_units"": ""m3/s""}"
2020-08-01 00:04:00,runoff,99,70,default,2020-08-01,2020-09-01,62.0,2678400.0,5.925925925925926e-06,-0.0,-5.555555555555556e-06,positive_daisy_runoff_to_positive_oldr_in_flo_and_negative_storage_sink,,"{""bookkeeping_after_m"": 0.0, ""bookkeeping_before_m"": 0.0, ""bookkeeping_mode"": ""virtual_ol_d_snapshot"", ""bookkeeping_source"": ""OL_D read-only snapshot"", ""observed_ol_d_before_m"": 0.0, ""observed_ol_d_time"": ""2020-08-01T00:04:00"", ""requested_step_depth_m"": 5.555555555555556e-06, ""step_volume_m3"": 0.0014222222222222223, ""storage_units"": ""m"", ""target_units"": ""m3/s""}"
2020-08-01 00:04:00,runoff,99,74,default,2020-08-01,2020-09-01,62.0,2678400.0,5.925925925925926e-06,3.10592440655455e-10,-5.5552449631149e-06,positive_daisy_runoff_to_positive_oldr_in_flo_and_negative_storage_sink,,"{""bookkeeping_after_m"": 0.0, ""bookkeeping_before_m"": 3.10592440655455e-10, ""bookkeeping_mode"": ""virtual_ol_d_snapshot"", ""bookkeeping_source"": ""OL_D read-only snapshot"", ""observed_ol_d_before_m"": 3.10592440655455e-10, ""observed_ol_d_time"": ""2020-08-01T00:04:00"", ""requested_step_depth_m"": 5.555555555555556e-06, ""step_volume_m3"": 0.0014222222222222223, ""storage_units"": ""m"", ""target_units"": ""m3/s""}"
2020-08-01 00:04:00,runoff,99,75,default,2020-08-01,2020-09-01,62.0,2678400.0,5.925925925925926e-06,3.1320723792305216e-10,-5.555242348317633e-06,positive_daisy_runoff_to_positive_oldr_in_flo_and_negative_storage_sink,,"{""bookkeeping_after_m"": 0.0, ""bookkeeping_before_m"": 3.1320723792305216e-10, ""bookkeeping_mode"": ""virtual_ol_d_snapshot"", ""bookkeeping_source"": ""OL_D read-only snapshot"", ""observed_ol_d_before_m"": 3.1320723792305216e-10, ""observed_ol_d_time"": ""2020-08-01T00:04:00"", ""requested_step_depth_m"": 5.555555555555556e-06, ""step_volume_m3"": 0.0014222222222222223, ""storage_units"": ""m"", ""target_units"": ""m3/s""}"
2020-08-01 00:04:00,runoff,99,76,default,2020-08-01,2020-09-01,62.0,2678400.0,5.925925925925926e-06,3.1320723792305216e-10,-5.555242348317633e-06,positive_daisy_runoff_to_positive_oldr_in_flo_and_negative_storage_sink,,"{""bookkeeping_after_m"": 0.0, ""bookkeeping_before_m"": 3.1320723792305216e-10, ""bookkeeping_mode"": ""virtual_ol_d_snapshot"", ""bookkeeping_source"": ""OL_D read-only snapshot"", ""observed_ol_d_before_m"": 3.1320723792305216e-10, ""observed_ol_d_time"": ""2020-08-01T00:04:00"", ""requested_step_depth_m"": 5.555555555555556e-06, ""step_volume_m3"": 0.0014222222222222223, ""storage_units"": ""m"", ""target_units"": ""m3/s""}"
2020-08-01 00:04:00,runoff,99,77,default,2020-08-01,2020-09-01,62.0,2678400.0,5.925925925925926e-06,3.119566827081144e-10,-5.555243598872848e-06,positive_daisy_runoff_to_positive_oldr_in_flo_and_negative_storage_sink,,"{""bookkeeping_after_m"": 0.0, ""bookkeeping_before_m"": 3.119566827081144e-10, ""bookkeeping_mode"": ""virtual_ol_d_snapshot"", ""bookkeeping_source"": ""OL_D read-only snapshot"", ""observed_ol_d_before_m"": 3.119566827081144e-10, ""observed_ol_d_time"": ""2020-08-01T00:04:00"", ""requested_step_depth_m"": 5.555555555555556e-06, ""step_volume_m3"": 0.0014222222222222223, ""storage_units"": ""m"", ""target_units"": ""m3/s""}"
2020-08-01 00:04:00,runoff,99,78,default,2020-08-01,2020-09-01,62.0,2678400.0,5.925925925925926e-06,3.1320723792305216e-10,-5.555242348317633e-06,positive_daisy_runoff_to_positive_oldr_in_flo_and_negative_storage_sink,,"{""bookkeeping_after_m"": 0.0, ""bookkeeping_before_m"": 3.1320723792305216e-10, ""bookkeeping_mode"": ""virtual_ol_d_snapshot"", ""bookkeeping_source"": ""OL_D read-only snapshot"", ""observed_ol_d_before_m"": 3.1320723792305216e-10, ""observed_ol_d_time"": ""2020-08-01T00:04:00"", ""requested_step_depth_m"": 5.555555555555556e-06, ""step_volume_m3"": 0.0014222222222222223, ""storage_units"": ""m"", ""target_units"": ""m3/s""}"
2020-08-01 00:04:00,runoff,99,79,default,2020-08-01,2020-09-01,62.0,2678400.0,5.925925925925926e-06,3.099103196291253e-10,-5.555245645235927e-06,positive_daisy_runoff_to_positive_oldr_in_flo_and_negative_storage_sink,,"{""bookkeeping_after_m"": 0.0, ""bookkeeping_before_m"": 3.099103196291253e-10, ""bookkeeping_mode"": ""virtual_ol_d_snapshot"", ""bookkeeping_source"": ""OL_D read-only snapshot"", ""observed_ol_d_before_m"": 3.099103196291253e-10, ""observed_ol_d_time"": ""2020-08-01T00:04:00"", ""requested_step_depth_m"": 5.555555555555556e-06, ""step_volume_m3"": 0.0014222222222222223, ""storage_units"": ""m"", ""target_units"": ""m3/s""}"
2020-08-01 00:04:00,runoff,99,80,default,2020-08-01,2020-09-01,62.0,2678400.0,5.925925925925926e-06,3.034301698789932e-10,-5.555252125385677e-06,positive_daisy_runoff_to_positive_oldr_in_flo_and_negative_storage_sink,,"{""bookkeeping_after_m"": 0.0, ""bookkeeping_before_m"": 3.034301698789932e-10, ""bookkeeping_mode"": ""virtual_ol_d_snapshot"", ""bookkeeping_source"": ""OL_D read-only snapshot"", ""observed_ol_d_before_m"": 3.034301698789932e-10, ""observed_ol_d_time"": ""2020-08-01T00:04:00"", ""requested_step_depth_m"": 5.555555555555556e-06, ""step_volume_m3"": 0.0014222222222222223, ""storage_units"": ""m"", ""target_units"": ""m3/s""}"
2020-08-01 00:04:00,runoff,99,81,default,2020-08-01,2020-09-01,62.0,2678400.0,5.925925925925926e-06,3.00815372611396e-10,-5.5552547401829444e-06,positive_daisy_runoff_to_positive_oldr_in_flo_and_negative_storage_sink,,"{""bookkeeping_after_m"": 0.0, ""bookkeeping_before_m"": 3.00815372611396e-10, ""bookkeeping_mode"": ""virtual_ol_d_snapshot"", ""bookkeeping_source"": ""OL_D read-only snapshot"", ""observed_ol_d_before_m"": 3.00815372611396e-10, ""observed_ol_d_time"": ""2020-08-01T00:04:00"", ""requested_step_depth_m"": 5.555555555555556e-06, ""step_volume_m3"": 0.0014222222222222223, ""storage_units"": ""m"", ""target_units"": ""m3/s""}"
2020-08-01 00:04:00,runoff,99,82,default,2020-08-01,2020-09-01,62.0,2678400.0,5.925925925925926e-06,3.1036506698001176e-10,-5.555245190488576e-06,positive_daisy_runoff_to_positive_oldr_in_flo_and_negative_storage_sink,,"{""bookkeeping_after_m"": 0.0, ""bookkeeping_before_m"": 3.1036506698001176e-10, ""bookkeeping_mode"": ""virtual_ol_d_snapshot"", ""bookkeeping_source"": ""OL_D read-only snapshot"", ""observed_ol_d_before_m"": 3.1036506698001176e-10, ""observed_ol_d_time"": ""2020-08-01T00:04:00"", ""requested_step_depth_m"": 5.555555555555556e-06, ""step_volume_m3"": 0.0014222222222222223, ""storage_units"": ""m"", ""target_units"": ""m3/s""}"
2020-08-01 00:04:00,runoff,99,83,default,2020-08-01,2020-09-01,62.0,2678400.0,5.925925925925926e-06,3.104787538177334e-10,-5.555245076801738e-06,positive_daisy_runoff_to_positive_oldr_in_flo_and_negative_storage_sink,,"{""bookkeeping_after_m"": 0.0, ""bookkeeping_before_m"": 3.104787538177334e-10, ""bookkeeping_mode"": ""virtual_ol_d_snapshot"", ""bookkeeping_source"": ""OL_D read-only snapshot"", ""observed_ol_d_before_m"": 3.104787538177334e-10, ""observed_ol_d_time"": ""2020-08-01T00:04:00"", ""requested_step_depth_m"": 5.555555555555556e-06, ""step_volume_m3"": 0.0014222222222222223, ""storage_units"": ""m"", ""target_units"": ""m3/s""}"
2020-08-01 00:04:00,runoff,99,84,default,2020-08-01,2020-09-01,62.0,2678400.0,5.925925925925926e-06,3.100240064668469e-10,-5.555245531549089e-06,positive_daisy_runoff_to_positive_oldr_in_flo_and_negative_storage_sink,,"{""bookkeeping_after_m"": 0.0, ""bookkeeping_before_m"": 3.100240064668469e-10, ""bookkeeping_mode"": ""virtual_ol_d_snapshot"", ""bookkeeping_source"": ""OL_D read-only snapshot"", ""observed_ol_d_before_m"": 3.100240064668469e-10, ""observed_ol_d_time"": ""2020-08-01T00:04:00"", ""requested_step_depth_m"": 5.555555555555556e-06, ""step_volume_m3"": 0.0014222222222222223, ""storage_units"": ""m"", ""target_units"": ""m3/s""}"
2020-08-01 00:04:00,runoff,99,85,default,2020-08-01,2020-09-01,62.0,2678400.0,5.925925925925926e-06,3.104787538177334e-10,-5.555245076801738e-06,positive_daisy_runoff_to_positive_oldr_in_flo_and_negative_storage_sink,,"{""bookkeeping_after_m"": 0.0, ""bookkeeping_before_m"": 3.104787538177334e-10, ""bookkeeping_mode"": ""virtual_ol_d_snapshot"", ""bookkeeping_source"": ""OL_D read-only snapshot"", ""observed_ol_d_before_m"": 3.104787538177334e-10, ""observed_ol_d_time"": ""2020-08-01T00:04:00"", ""requested_step_depth_m"": 5.555555555555556e-06, ""step_volume_m3"": 0.0014222222222222223, ""storage_units"": ""m"", ""target_units"": ""m3/s""}"
2020-08-01 00:04:00,runoff,99,86,default,2020-08-01,2020-09-01,62.0,2678400.0,5.925925925925926e-06,3.036575435544364e-10,-5.555251898012001e-06,positive_daisy_runoff_to_positive_oldr_in_flo_and_negative_storage_sink,,"{""bookkeeping_after_m"": 0.0, ""bookkeeping_before_m"": 3.036575435544364e-10, ""bookkeeping_mode"": ""virtual_ol_d_snapshot"", ""bookkeeping_source"": ""OL_D read-only snapshot"", ""observed_ol_d_before_m"": 3.036575435544364e-10, ""observed_ol_d_time"": ""2020-08-01T00:04:00"", ""requested_step_depth_m"": 5.555555555555556e-06, ""step_volume_m3"": 0.0014222222222222223, ""storage_units"": ""m"", ""target_units"": ""m3/s""}"
2020-08-01 00:04:00,runoff,99,87,default,2020-08-01,2020-09-01,62.0,2678400.0,5.925925925925926e-06,3.104787538177334e-10,-5.555245076801738e-06,positive_daisy_runoff_to_positive_oldr_in_flo_and_negative_storage_sink,,"{""bookkeeping_after_m"": 0.0, ""bookkeeping_before_m"": 3.104787538177334e-10, ""bookkeeping_mode"": ""virtual_ol_d_snapshot"", ""bookkeeping_source"": ""OL_D read-only snapshot"", ""observed_ol_d_before_m"": 3.104787538177334e-10, ""observed_ol_d_time"": ""2020-08-01T00:04:00"", ""requested_step_depth_m"": 5.555555555555556e-06, ""step_volume_m3"": 0.0014222222222222223, ""storage_units"": ""m"", ""target_units"": ""m3/s""}"
2020-08-01 00:04:00,runoff,99,88,default,2020-08-01,2020-09-01,62.0,2678400.0,5.925925925925926e-06,3.0047431209823117e-10,-5.555255081243458e-06,positive_daisy_runoff_to_positive_oldr_in_flo_and_negative_storage_sink,,"{""bookkeeping_after_m"": 0.0, ""bookkeeping_before_m"": 3.0047431209823117e-10, ""bookkeeping_mode"": ""virtual_ol_d_snapshot"", ""bookkeeping_source"": ""OL_D read-only snapshot"", ""observed_ol_d_before_m"": 3.0047431209823117e-10, ""observed_ol_d_time"": ""2020-08-01T00:04:00"", ""requested_step_depth_m"": 5.555555555555556e-06, ""step_volume_m3"": 0.0014222222222222223, ""storage_units"": ""m"", ""target_units"": ""m3/s""}"
2020-08-01 00:04:00,runoff,99,89,default,2020-08-01,2020-09-01,62.0,2678400.0,5.925925925925926e-06,2.999058779096231e-10,-5.555255649677646e-06,positive_daisy_runoff_to_positive_oldr_in_flo_and_negative_storage_sink,,"{""bookkeeping_after_m"": 0.0, ""bookkeeping_before_m"": 2.999058779096231e-10, ""bookkeeping_mode"": ""virtual_ol_d_snapshot"", ""bookkeeping_source"": ""OL_D read-only snapshot"", ""observed_ol_d_before_m"": 2.999058779096231e-10, ""observed_ol_d_time"": ""2020-08-01T00:04:00"", ""requested_step_depth_m"": 5.555555555555556e-06, ""step_volume_m3"": 0.0014222222222222223, ""storage_units"": ""m"", ""target_units"": ""m3/s""}"
2020-08-01 00:04:00,runoff,99,90,default,2020-08-01,2020-09-01,62.0,2678400.0,5.925925925925926e-06,3.0399860406760126e-10,-5.555251556951488e-06,positive_daisy_runoff_to_positive_oldr_in_flo_and_negative_storage_sink,,"{""bookkeeping_after_m"": 0.0, ""bookkeeping_before_m"": 3.0399860406760126e-10, ""bookkeeping_mode"": ""virtual_ol_d_snapshot"", ""bookkeeping_source"": ""OL_D read-only snapshot"", ""observed_ol_d_before_m"": 3.0399860406760126e-10, ""observed_ol_d_time"": ""2020-08-01T00:04:00"", ""requested_step_depth_m"": 5.555555555555556e-06, ""step_volume_m3"": 0.0014222222222222223, ""storage_units"": ""m"", ""target_units"": ""m3/s""}"
2020-08-01 00:04:00,runoff,99,91,default,2020-08-01,2020-09-01,62.0,2678400.0,5.925925925925926e-06,3.0047431209823117e-10,-5.555255081243458e-06,positive_daisy_runoff_to_positive_oldr_in_flo_and_negative_storage_sink,,"{""bookkeeping_after_m"": 0.0, ""bookkeeping_before_m"": 3.0047431209823117e-10, ""bookkeeping_mode"": ""virtual_ol_d_snapshot"", ""bookkeeping_source"": ""OL_D read-only snapshot"", ""observed_ol_d_before_m"": 3.0047431209823117e-10, ""observed_ol_d_time"": ""2020-08-01T00:04:00"", ""requested_step_depth_m"": 5.555555555555556e-06, ""step_volume_m3"": 0.0014222222222222223, ""storage_units"": ""m"", ""target_units"": ""m3/s""}"
2020-08-01 00:04:00,runoff,99,92,default,2020-08-01,2020-09-01,62.0,2678400.0,5.925925925925926e-06,2.9979219107190147e-10,-5.555255763364484e-06,positive_daisy_runoff_to_positive_oldr_in_flo_and_negative_storage_sink,,"{""bookkeeping_after_m"": 0.0, ""bookkeeping_before_m"": 2.9979219107190147e-10, ""bookkeeping_mode"": ""virtual_ol_d_snapshot"", ""bookkeeping_source"": ""OL_D read-only snapshot"", ""observed_ol_d_before_m"": 2.9979219107190147e-10, ""observed_ol_d_time"": ""2020-08-01T00:04:00"", ""requested_step_depth_m"": 5.555555555555556e-06, ""step_volume_m3"": 0.0014222222222222223, ""storage_units"": ""m"", ""target_units"": ""m3/s""}"
2020-08-01 00:04:00,runoff,99,93,default,2020-08-01,2020-09-01,62.0,2678400.0,5.925925925925926e-06,2.9967850423417985e-10,-5.555255877051322e-06,positive_daisy_runoff_to_positive_oldr_in_flo_and_negative_storage_sink,,"{""bookkeeping_after_m"": 0.0, ""bookkeeping_before_m"": 2.9967850423417985e-10, ""bookkeeping_mode"": ""virtual_ol_d_snapshot"", ""bookkeeping_source"": ""OL_D read-only snapshot"", ""observed_ol_d_before_m"": 2.9967850423417985e-10, ""observed_ol_d_time"": ""2020-08-01T00:04:00"", ""requested_step_depth_m"": 5.555555555555556e-06, ""step_volume_m3"": 0.0014222222222222223, ""storage_units"": ""m"", ""target_units"": ""m3/s""}"
2020-08-01 00:04:00,runoff,99,94,default,2020-08-01,2020-09-01,62.0,2678400.0,5.925925925925926e-06,3.157083483529277e-10,-5.555239847207203e-06,positive_daisy_runoff_to_positive_oldr_in_flo_and_negative_storage_sink,,"{""bookkeeping_after_m"": 0.0, ""bookkeeping_before_m"": 3.157083483529277e-10, ""bookkeeping_mode"": ""virtual_ol_d_snapshot"", ""bookkeeping_source"": ""OL_D read-only snapshot"", ""observed_ol_d_before_m"": 3.157083483529277e-10, ""observed_ol_d_time"": ""2020-08-01T00:04:00"", ""requested_step_depth_m"": 5.555555555555556e-06, ""step_volume_m3"": 0.0014222222222222223, ""storage_units"": ""m"", ""target_units"": ""m3/s""}"
2020-08-01 00:04:00,runoff,99,95,default,2020-08-01,2020-09-01,62.0,2678400.0,5.925925925925926e-06,3.4094682632712647e-10,-5.555214608729229e-06,positive_daisy_runoff_to_positive_oldr_in_flo_and_negative_storage_sink,,"{""bookkeeping_after_m"": 0.0, ""bookkeeping_before_m"": 3.4094682632712647e-10, ""bookkeeping_mode"": ""virtual_ol_d_snapshot"", ""bookkeeping_source"": ""OL_D read-only snapshot"", ""observed_ol_d_before_m"": 3.4094682632712647e-10, ""observed_ol_d_time"": ""2020-08-01T00:04:00"", ""requested_step_depth_m"": 5.555555555555556e-06, ""step_volume_m3"": 0.0014222222222222223, ""storage_units"": ""m"", ""target_units"": ""m3/s""}"
2020-08-01 00:04:00,runoff,99,96,default,2020-08-01,2020-09-01,62.0,2678400.0,5.925925925925926e-06,3.3423930290155113e-10,-5.555221316252654e-06,positive_daisy_runoff_to_positive_oldr_in_flo_and_negative_storage_sink,,"{""bookkeeping_after_m"": 0.0, ""bookkeeping_before_m"": 3.3423930290155113e-10, ""bookkeeping_mode"": ""virtual_ol_d_snapshot"", ""bookkeeping_source"": ""OL_D read-only snapshot"", ""observed_ol_d_before_m"": 3.3423930290155113e-10, ""observed_ol_d_time"": ""2020-08-01T00:04:00"", ""requested_step_depth_m"": 5.555555555555556e-06, ""step_volume_m3"": 0.0014222222222222223, ""storage_units"": ""m"", ""target_units"": ""m3/s""}"
2020-08-01 00:04:00,runoff,99,97,default,2020-08-01,2020-09-01,62.0,2678400.0,5.925925925925926e-06,3.2360958357458003e-10,-5.555231945971981e-06,positive_daisy_runoff_to_positive_oldr_in_flo_and_negative_storage_sink,,"{""bookkeeping_after_m"": 0.0, ""bookkeeping_before_m"": 3.2360958357458003e-10, ""bookkeeping_mode"": ""virtual_ol_d_snapshot"", ""bookkeeping_source"": ""OL_D read-only snapshot"", ""observed_ol_d_before_m"": 3.2360958357458003e-10, ""observed_ol_d_time"": ""2020-08-01T00:04:00"", ""requested_step_depth_m"": 5.555555555555556e-06, ""step_volume_m3"": 0.0014222222222222223, ""storage_units"": ""m"", ""target_units"": ""m3/s""}"
2020-08-01 00:04:00,runoff,99,98,default,2020-08-01,2020-09-01,62.0,2678400.0,5.925925925925926e-06,3.354898581164889e-10,-5.555220065697439e-06,positive_daisy_runoff_to_positive_oldr_in_flo_and_negative_storage_sink,,"{""bookkeeping_after_m"": 0.0, ""bookkeeping_before_m"": 3.354898581164889e-10, ""bookkeeping_mode"": ""virtual_ol_d_snapshot"", ""bookkeeping_source"": ""OL_D read-only snapshot"", ""observed_ol_d_before_m"": 3.354898581164889e-10, ""observed_ol_d_time"": ""2020-08-01T00:04:00"", ""requested_step_depth_m"": 5.555555555555556e-06, ""step_volume_m3"": 0.0014222222222222223, ""storage_units"": ""m"", ""target_units"": ""m3/s""}"
2020-08-01 00:04:00,runoff,99,99,default,2020-08-01,2020-09-01,62.0,2678400.0,5.925925925925926e-06,3.1371882869279943e-10,-5.555241836726863e-06,positive_daisy_runoff_to_positive_oldr_in_flo_and_negative_storage_sink,,"{""bookkeeping_after_m"": 0.0, ""bookkeeping_before_m"": 3.1371882869279943e-10, ""bookkeeping_mode"": ""virtual_ol_d_snapshot"", ""bookkeeping_source"": ""OL_D read-only snapshot"", ""observed_ol_d_before_m"": 3.1371882869279943e-10, ""observed_ol_d_time"": ""2020-08-01T00:04:00"", ""requested_step_depth_m"": 5.555555555555556e-06, ""step_volume_m3"": 0.0014222222222222223, ""storage_units"": ""m"", ""target_units"": ""m3/s""}"
2020-08-01 00:04:00,runoff,99,100,default,2020-08-01,2020-09-01,62.0,2678400.0,5.925925925925926e-06,3.0871660783304833e-10,-5.555246838947723e-06,positive_daisy_runoff_to_positive_oldr_in_flo_and_negative_storage_sink,,"{""bookkeeping_after_m"": 0.0, ""bookkeeping_before_m"": 3.0871660783304833e-10, ""bookkeeping_mode"": ""virtual_ol_d_snapshot"", ""bookkeeping_source"": ""OL_D read-only snapshot"", ""observed_ol_d_before_m"": 3.0871660783304833e-10, ""observed_ol_d_time"": ""2020-08-01T00:04:00"", ""requested_step_depth_m"": 5.555555555555556e-06, ""step_volume_m3"": 0.0014222222222222223, ""storage_units"": ""m"", ""target_units"": ""m3/s""}"
2020-08-01 00:04:00,runoff,99,101,default,2020-08-01,2020-09-01,62.0,2678400.0,5.925925925925926e-06,3.196873876731843e-10,-5.555235868167883e-06,positive_daisy_runoff_to_positive_oldr_in_flo_and_negative_storage_sink,,"{""bookkeeping_after_m"": 0.0, ""bookkeeping_before_m"": 3.196873876731843e-10, ""bookkeeping_mode"": ""virtual_ol_d_snapshot"", ""bookkeeping_source"": ""OL_D read-only snapshot"", ""observed_ol_d_before_m"": 3.196873876731843e-10, ""observed_ol_d_time"": ""2020-08-01T00:04:00"", ""requested_step_depth_m"": 5.555555555555556e-06, ""step_volume_m3"": 0.0014222222222222223, ""storage_units"": ""m"", ""target_units"": ""m3/s""}"
2020-08-01 00:04:00,runoff,99,102,default,2020-08-01,2020-09-01,62.0,2678400.0,5.925925925925926e-06,2.9973534765304066e-10,-5.555255820207903e-06,positive_daisy_runoff_to_positive_oldr_in_flo_and_negative_storage_sink,,"{""bookkeeping_after_m"": 0.0, ""bookkeeping_before_m"": 2.9973534765304066e-10, ""bookkeeping_mode"": ""virtual_ol_d_snapshot"", ""bookkeeping_source"": ""OL_D read-only snapshot"", ""observed_ol_d_before_m"": 2.9973534765304066e-10, ""observed_ol_d_time"": ""2020-08-01T00:04:00"", ""requested_step_depth_m"": 5.555555555555556e-06, ""step_volume_m3"": 0.0014222222222222223, ""storage_units"": ""m"", ""target_units"": ""m3/s""}"
2020-08-01 00:04:00,runoff,99,103,default,2020-08-01,2020-09-01,62.0,2678400.0,5.925925925925926e-06,3.0530600270139985e-10,-5.555250249552854e-06,positive_daisy_runoff_to_positive_oldr_in_flo_and_negative_storage_sink,,"{""bookkeeping_after_m"": 0.0, ""bookkeeping_before_m"": 3.0530600270139985e-10, ""bookkeeping_mode"": ""virtual_ol_d_snapshot"", ""bookkeeping_source"": ""OL_D read-only snapshot"", ""observed_ol_d_before_m"": 3.0530600270139985e-10, ""observed_ol_d_time"": ""2020-08-01T00:04:00"", ""requested_step_depth_m"": 5.555555555555556e-06, ""step_volume_m3"": 0.0014222222222222223, ""storage_units"": ""m"", ""target_units"": ""m3/s""}"
2020-08-01 00:04:00,runoff,99,104,default,2020-08-01,2020-09-01,62.0,2678400.0,5.925925925925926e-06,3.108198143308982e-10,-5.555244735741225e-06,positive_daisy_runoff_to_positive_oldr_in_flo_and_negative_storage_sink,,"{""bookkeeping_after_m"": 0.0, ""bookkeeping_before_m"": 3.108198143308982e-10, ""bookkeeping_mode"": ""virtual_ol_d_snapshot"", ""bookkeeping_source"": ""OL_D read-only snapshot"", ""observed_ol_d_before_m"": 3.108198143308982e-10, ""observed_ol_d_time"": ""2020-08-01T00:04:00"", ""requested_step_depth_m"": 5.555555555555556e-06, ""step_volume_m3"": 0.0014222222222222223, ""storage_units"": ""m"", ""target_units"": ""m3/s""}"
2020-08-01 00:04:00,runoff,99,105,default,2020-08-01,2020-09-01,62.0,2678400.0,5.925925925925926e-06,3.042259777430445e-10,-5.555251329577813e-06,positive_daisy_runoff_to_positive_oldr_in_flo_and_negative_storage_sink,,"{""bookkeeping_after_m"": 0.0, ""bookkeeping_before_m"": 3.042259777430445e-10, ""bookkeeping_mode"": ""virtual_ol_d_snapshot"", ""bookkeeping_source"": ""OL_D read-only snapshot"", ""observed_ol_d_before_m"": 3.042259777430445e-10, ""observed_ol_d_time"": ""2020-08-01T00:04:00"", ""requested_step_depth_m"": 5.555555555555556e-06, ""step_volume_m3"": 0.0014222222222222223, ""storage_units"": ""m"", ""target_units"": ""m3/s""}"
2020-08-01 00:04:00,runoff,99,106,default,2020-08-01,2020-09-01,62.0,2678400.0,5.925925925925926e-06,3.0377123039215803e-10,-5.555251784325164e-06,positive_daisy_runoff_to_positive_oldr_in_flo_and_negative_storage_sink,,"{""bookkeeping_after_m"": 0.0, ""bookkeeping_before_m"": 3.0377123039215803e-10, ""bookkeeping_mode"": ""virtual_ol_d_snapshot"", ""bookkeeping_source"": ""OL_D read-only snapshot"", ""observed_ol_d_before_m"": 3.0377123039215803e-10, ""observed_ol_d_time"": ""2020-08-01T00:04:00"", ""requested_step_depth_m"": 5.555555555555556e-06, ""step_volume_m3"": 0.0014222222222222223, ""storage_units"": ""m"", ""target_units"": ""m3/s""}"
2020-08-01 00:04:00,runoff,99,107,default,2020-08-01,2020-09-01,62.0,2678400.0,5.925925925925926e-06,3.043396645807661e-10,-5.555251215890975e-06,positive_daisy_runoff_to_positive_oldr_in_flo_and_negative_storage_sink,,"{""bookkeeping_after_m"": 0.0, ""bookkeeping_before_m"": 3.043396645807661e-10, ""bookkeeping_mode"": ""virtual_ol_d_snapshot"", ""bookkeeping_source"": ""OL_D read-only snapshot"", ""observed_ol_d_before_m"": 3.043396645807661e-10, ""observed_ol_d_time"": ""2020-08-01T00:04:00"", ""requested_step_depth_m"": 5.555555555555556e-06, ""step_volume_m3"": 0.0014222222222222223, ""storage_units"": ""m"", ""target_units"": ""m3/s""}"
2020-08-01 00:04:00,runoff,99,108,default,2020-08-01,2020-09-01,62.0,2678400.0,5.925925925925926e-06,3.000764081662055e-10,-5.55525547914739e-06,positive_daisy_runoff_to_positive_oldr_in_flo_and_negative_storage_sink,,"{""bookkeeping_after_m"": 0.0, ""bookkeeping_before_m"": 3.000764081662055e-10, ""bookkeeping_mode"": ""virtual_ol_d_snapshot"", ""bookkeeping_source"": ""OL_D read-only snapshot"", ""observed_ol_d_before_m"": 3.000764081662055e-10, ""observed_ol_d_time"": ""2020-08-01T00:04:00"", ""requested_step_depth_m"": 5.555555555555556e-06, ""step_volume_m3"": 0.0014222222222222223, ""storage_units"": ""m"", ""target_units"": ""m3/s""}"
2020-08-01 00:04:00,runoff,99,109,default,2020-08-01,2020-09-01,62.0,2678400.0,5.925925925925926e-06,3.0024693842278793e-10,-5.555255308617133e-06,positive_daisy_runoff_to_positive_oldr_in_flo_and_negative_storage_sink,,"{""bookkeeping_after_m"": 0.0, ""bookkeeping_before_m"": 3.0024693842278793e-10, ""bookkeeping_mode"": ""virtual_ol_d_snapshot"", ""bookkeeping_source"": ""OL_D read-only snapshot"", ""observed_ol_d_before_m"": 3.0024693842278793e-10, ""observed_ol_d_time"": ""2020-08-01T00:04:00"", ""requested_step_depth_m"": 5.555555555555556e-06, ""step_volume_m3"": 0.0014222222222222223, ""storage_units"": ""m"", ""target_units"": ""m3/s""}"
2020-08-01 00:04:00,runoff,99,110,default,2020-08-01,2020-09-01,62.0,2678400.0,5.925925925925926e-06,3.041691343241837e-10,-5.555251386421232e-06,positive_daisy_runoff_to_positive_oldr_in_flo_and_negative_storage_sink,,"{""bookkeeping_after_m"": 0.0, ""bookkeeping_before_m"": 3.041691343241837e-10, ""bookkeeping_mode"": ""virtual_ol_d_snapshot"", ""bookkeeping_source"": ""OL_D read-only snapshot"", ""observed_ol_d_before_m"": 3.041691343241837e-10, ""observed_ol_d_time"": ""2020-08-01T00:04:00"", ""requested_step_depth_m"": 5.555555555555556e-06, ""step_volume_m3"": 0.0014222222222222223, ""storage_units"": ""m"", ""target_units"": ""m3/s""}"
2020-08-01 00:04:00,runoff,100,61,default,2020-08-01,2020-09-01,62.0,2678400.0,5.925925925925926e-06,3.099103196291253e-10,-5.555245645235927e-06,positive_daisy_runoff_to_positive_oldr_in_flo_and_negative_storage_sink,,"{""bookkeeping_after_m"": 0.0, ""bookkeeping_before_m"": 3.099103196291253e-10, ""bookkeeping_mode"": ""virtual_ol_d_snapshot"", ""bookkeeping_source"": ""OL_D read-only snapshot"", ""observed_ol_d_before_m"": 3.099103196291253e-10, ""observed_ol_d_time"": ""2020-08-01T00:04:00"", ""requested_step_depth_m"": 5.555555555555556e-06, ""step_volume_m3"": 0.0014222222222222223, ""storage_units"": ""m"", ""target_units"": ""m3/s""}"
2020-08-01 00:04:00,runoff,100,62,default,2020-08-01,2020-09-01,62.0,2678400.0,5.925925925925926e-06,3.084323907387443e-10,-5.555247123164817e-06,positive_daisy_runoff_to_positive_oldr_in_flo_and_negative_storage_sink,,"{""bookkeeping_after_m"": 0.0, ""bookkeeping_before_m"": 3.084323907387443e-10, ""bookkeeping_mode"": ""virtual_ol_d_snapshot"", ""bookkeeping_source"": ""OL_D read-only snapshot"", ""observed_ol_d_before_m"": 3.084323907387443e-10, ""observed_ol_d_time"": ""2020-08-01T00:04:00"", ""requested_step_depth_m"": 5.555555555555556e-06, ""step_volume_m3"": 0.0014222222222222223, ""storage_units"": ""m"", ""target_units"": ""m3/s""}"
2020-08-01 00:04:00,runoff,100,63,default,2020-08-01,2020-09-01,62.0,2678400.0,5.925925925925926e-06,3.034301698789932e-10,-5.555252125385677e-06,positive_daisy_runoff_to_positive_oldr_in_flo_and_negative_storage_sink,,"{""bookkeeping_after_m"": 0.0, ""bookkeeping_before_m"": 3.034301698789932e-10, ""bookkeeping_mode"": ""virtual_ol_d_snapshot"", ""bookkeeping_source"": ""OL_D read-only snapshot"", ""observed_ol_d_before_m"": 3.034301698789932e-10, ""observed_ol_d_time"": ""2020-08-01T00:04:00"", ""requested_step_depth_m"": 5.555555555555556e-06, ""step_volume_m3"": 0.0014222222222222223, ""storage_units"": ""m"", ""target_units"": ""m3/s""}"
2020-08-01 00:04:00,runoff,100,64,default,2020-08-01,2020-09-01,62.0,2678400.0,5.925925925925926e-06,3.27759153151419e-10,-5.555227796402404e-06,positive_daisy_runoff_to_positive_oldr_in_flo_and_negative_storage_sink,,"{""bookkeeping_after_m"": 0.0, ""bookkeeping_before_m"": 3.27759153151419e-10, ""bookkeeping_mode"": ""virtual_ol_d_snapshot"", ""bookkeeping_source"": ""OL_D read-only snapshot"", ""observed_ol_d_before_m"": 3.27759153151419e-10, ""observed_ol_d_time"": ""2020-08-01T00:04:00"", ""requested_step_depth_m"": 5.555555555555556e-06, ""step_volume_m3"": 0.0014222222222222223, ""storage_units"": ""m"", ""target_units"": ""m3/s""}"
2020-08-01 00:04:00,runoff,100,65,default,2020-08-01,2020-09-01,62.0,2678400.0,5.925925925925926e-06,3.24803295370657e-10,-5.555230752260185e-06,positive_daisy_runoff_to_positive_oldr_in_flo_and_negative_storage_sink,,"{""bookkeeping_after_m"": 0.0, ""bookkeeping_before_m"": 3.24803295370657e-10, ""bookkeeping_mode"": ""virtual_ol_d_snapshot"", ""bookkeeping_source"": ""OL_D read-only snapshot"", ""observed_ol_d_before_m"": 3.24803295370657e-10, ""observed_ol_d_time"": ""2020-08-01T00:04:00"", ""requested_step_depth_m"": 5.555555555555556e-06, ""step_volume_m3"": 0.0014222222222222223, ""storage_units"": ""m"", ""target_units"": ""m3/s""}"
2020-08-01 00:04:00,runoff,100,66,default,2020-08-01,2020-09-01,62.0,2678400.0,5.925925925925926e-06,2.9967850423417985e-10,-5.555255877051322e-06,positive_daisy_runoff_to_positive_oldr_in_flo_and_negative_storage_sink,,"{""bookkeeping_after_m"": 0.0, ""bookkeeping_before_m"": 2.9967850423417985e-10, ""bookkeeping_mode"": ""virtual_ol_d_snapshot"", ""bookkeeping_source"": ""OL_D read-only snapshot"", ""observed_ol_d_before_m"": 2.9967850423417985e-10, ""observed_ol_d_time"": ""2020-08-01T00:04:00"", ""requested_step_depth_m"": 5.555555555555556e-06, ""step_volume_m3"": 0.0014222222222222223, ""storage_units"": ""m"", ""target_units"": ""m3/s""}"
2020-08-01 00:04:00,runoff,100,67,default,2020-08-01,2020-09-01,62.0,2678400.0,5.925925925925926e-06,3.0524915928253904e-10,-5.555250306396273e-06,positive_daisy_runoff_to_positive_oldr_in_flo_and_negative_storage_sink,,"{""bookkeeping_after_m"": 0.0, ""bookkeeping_before_m"": 3.0524915928253904e-10, ""bookkeeping_mode"": ""virtual_ol_d_snapshot"", ""bookkeeping_source"": ""OL_D read-only snapshot"", ""observed_ol_d_before_m"": 3.0524915928253904e-10, ""observed_ol_d_time"": ""2020-08-01T00:04:00"", ""requested_step_depth_m"": 5.555555555555556e-06, ""step_volume_m3"": 0.0014222222222222223, ""storage_units"": ""m"", ""target_units"": ""m3/s""}"
2020-08-01 00:04:00,runoff,100,68,default,2020-08-01,2020-09-01,62.0,2678400.0,5.925925925925926e-06,3.128661774098873e-10,-5.555242689378146e-06,positive_daisy_runoff_to_positive_oldr_in_flo_and_negative_storage_sink,,"{""bookkeeping_after_m"": 0.0, ""bookkeeping_before_m"": 3.128661774098873e-10, ""bookkeeping_mode"": ""virtual_ol_d_snapshot"", ""bookkeeping_source"": ""OL_D read-only snapshot"", ""observed_ol_d_before_m"": 3.128661774098873e-10, ""observed_ol_d_time"": ""2020-08-01T00:04:00"", ""requested_step_depth_m"": 5.555555555555556e-06, ""step_volume_m3"": 0.0014222222222222223, ""storage_units"": ""m"", ""target_units"": ""m3/s""}"
2020-08-01 00:04:00,runoff,100,69,default,2020-08-01,2020-09-01,62.0,2678400.0,5.925925925925926e-06,-0.0,-5.555555555555556e-06,positive_daisy_runoff_to_positive_oldr_in_flo_and_negative_storage_sink,,"{""bookkeeping_after_m"": 0.0, ""bookkeeping_before_m"": 0.0, ""bookkeeping_mode"": ""virtual_ol_d_snapshot"", ""bookkeeping_source"": ""OL_D read-only snapshot"", ""observed_ol_d_before_m"": 0.0, ""observed_ol_d_time"": ""2020-08-01T00:04:00"", ""requested_step_depth_m"": 5.555555555555556e-06, ""step_volume_m3"": 0.0014222222222222223, ""storage_units"": ""m"", ""target_units"": ""m3/s""}"
2020-08-01 00:04:00,runoff,100,70,default,2020-08-01,2020-09-01,62.0,2678400.0,5.925925925925926e-06,-0.0,-5.555555555555556e-06,positive_daisy_runoff_to_positive_oldr_in_flo_and_negative_storage_sink,,"{""bookkeeping_after_m"": 0.0, ""bookkeeping_before_m"": 0.0, ""bookkeeping_mode"": ""virtual_ol_d_snapshot"", ""bookkeeping_source"": ""OL_D read-only snapshot"", ""observed_ol_d_before_m"": 0.0, ""observed_ol_d_time"": ""2020-08-01T00:04:00"", ""requested_step_depth_m"": 5.555555555555556e-06, ""step_volume_m3"": 0.0014222222222222223, ""storage_units"": ""m"", ""target_units"": ""m3/s""}"
2020-08-01 00:04:00,runoff,100,75,default,2020-08-01,2020-09-01,62.0,2678400.0,5.925925925925926e-06,3.1320723792305216e-10,-5.555242348317633e-06,positive_daisy_runoff_to_positive_oldr_in_flo_and_negative_storage_sink,,"{""bookkeeping_after_m"": 0.0, ""bookkeeping_before_m"": 3.1320723792305216e-10, ""bookkeeping_mode"": ""virtual_ol_d_snapshot"", ""bookkeeping_source"": ""OL_D read-only snapshot"", ""observed_ol_d_before_m"": 3.1320723792305216e-10, ""observed_ol_d_time"": ""2020-08-01T00:04:00"", ""requested_step_depth_m"": 5.555555555555556e-06, ""step_volume_m3"": 0.0014222222222222223, ""storage_units"": ""m"", ""target_units"": ""m3/s""}"
2020-08-01 00:04:00,runoff,100,76,default,2020-08-01,2020-09-01,62.0,2678400.0,5.925925925925926e-06,3.112745616817847e-10,-5.555244280993874e-06,positive_daisy_runoff_to_positive_oldr_in_flo_and_negative_storage_sink,,"{""bookkeeping_after_m"": 0.0, ""bookkeeping_before_m"": 3.112745616817847e-10, ""bookkeeping_mode"": ""virtual_ol_d_snapshot"", ""bookkeeping_source"": ""OL_D read-only snapshot"", ""observed_ol_d_before_m"": 3.112745616817847e-10, ""observed_ol_d_time"": ""2020-08-01T00:04:00"", ""requested_step_depth_m"": 5.555555555555556e-06, ""step_volume_m3"": 0.0014222222222222223, ""storage_units"": ""m"", ""target_units"": ""m3/s""}"
2020-08-01 00:04:00,runoff,100,77,default,2020-08-01,2020-09-01,62.0,2678400.0,5.925925925925926e-06,3.1252511689672247e-10,-5.555243030438659e-06,positive_daisy_runoff_to_positive_oldr_in_flo_and_negative_storage_sink,,"{""bookkeeping_after_m"": 0.0, ""bookkeeping_before_m"": 3.1252511689672247e-10, ""bookkeeping_mode"": ""virtual_ol_d_snapshot"", ""bookkeeping_source"": ""OL_D read-only snapshot"", ""observed_ol_d_before_m"": 3.1252511689672247e-10, ""observed_ol_d_time"": ""2020-08-01T00:04:00"", ""requested_step_depth_m"": 5.555555555555556e-06, ""step_volume_m3"": 0.0014222222222222223, ""storage_units"": ""m"", ""target_units"": ""m3/s""}"
2020-08-01 00:04:00,runoff,100,78,default,2020-08-01,2020-09-01,62.0,2678400.0,5.925925925925926e-06,3.1320723792305216e-10,-5.555242348317633e-06,positive_daisy_runoff_to_positive_oldr_in_flo_and_negative_storage_sink,,"{""bookkeeping_after_m"": 0.0, ""bookkeeping_before_m"": 3.1320723792305216e-10, ""bookkeeping_mode"": ""virtual_ol_d_snapshot"", ""bookkeeping_source"": ""OL_D read-only snapshot"", ""observed_ol_d_before_m"": 3.1320723792305216e-10, ""observed_ol_d_time"": ""2020-08-01T00:04:00"", ""requested_step_depth_m"": 5.555555555555556e-06, ""step_volume_m3"": 0.0014222222222222223, ""storage_units"": ""m"", ""target_units"": ""m3/s""}"
2020-08-01 00:04:00,runoff,100,79,default,2020-08-01,2020-09-01,62.0,2678400.0,5.925925925925926e-06,3.1241143005900085e-10,-5.555243144125497e-06,positive_daisy_runoff_to_positive_oldr_in_flo_and_negative_storage_sink,,"{""bookkeeping_after_m"": 0.0, ""bookkeeping_before_m"": 3.1241143005900085e-10, ""bookkeeping_mode"": ""virtual_ol_d_snapshot"", ""bookkeeping_source"": ""OL_D read-only snapshot"", ""observed_ol_d_before_m"": 3.1241143005900085e-10, ""observed_ol_d_time"": ""2020-08-01T00:04:00"", ""requested_step_depth_m"": 5.555555555555556e-06, ""step_volume_m3"": 0.0014222222222222223, ""storage_units"": ""m"", ""target_units"": ""m3/s""}"
2020-08-01 00:04:00,runoff,100,80,default,2020-08-01,2020-09-01,62.0,2678400.0,5.925925925925926e-06,3.1241143005900085e-10,-5.555243144125497e-06,positive_daisy_runoff_to_positive_oldr_in_flo_and_negative_storage_sink,,"{""bookkeeping_after_m"": 0.0, ""bookkeeping_before_m"": 3.1241143005900085e-10, ""bookkeeping_mode"": ""virtual_ol_d_snapshot"", ""bookkeeping_source"": ""OL_D read-only snapshot"", ""observed_ol_d_before_m"": 3.1241143005900085e-10, ""observed_ol_d_time"": ""2020-08-01T00:04:00"", ""requested_step_depth_m"": 5.555555555555556e-06, ""step_volume_m3"": 0.0014222222222222223, ""storage_units"": ""m"", ""target_units"": ""m3/s""}"
2020-08-01 00:04:00,runoff,100,81,default,2020-08-01,2020-09-01,62.0,2678400.0,5.925925925925926e-06,3.134346115984954e-10,-5.555242120943957e-06,positive_daisy_runoff_to_positive_oldr_in_flo_and_negative_storage_sink,,"{""bookkeeping_after_m"": 0.0, ""bookkeeping_before_m"": 3.134346115984954e-10, ""bookkeeping_mode"": ""virtual_ol_d_snapshot"", ""bookkeeping_source"": ""OL_D read-only snapshot"", ""observed_ol_d_before_m"": 3.134346115984954e-10, ""observed_ol_d_time"": ""2020-08-01T00:04:00"", ""requested_step_depth_m"": 5.555555555555556e-06, ""step_volume_m3"": 0.0014222222222222223, ""storage_units"": ""m"", ""target_units"": ""m3/s""}"
2020-08-01 00:04:00,runoff,100,82,default,2020-08-01,2020-09-01,62.0,2678400.0,5.925925925925926e-06,3.128661774098873e-10,-5.555242689378146e-06,positive_daisy_runoff_to_positive_oldr_in_flo_and_negative_storage_sink,,"{""bookkeeping_after_m"": 0.0, ""bookkeeping_before_m"": 3.128661774098873e-10, ""bookkeeping_mode"": ""virtual_ol_d_snapshot"", ""bookkeeping_source"": ""OL_D read-only snapshot"", ""observed_ol_d_before_m"": 3.128661774098873e-10, ""observed_ol_d_time"": ""2020-08-01T00:04:00"", ""requested_step_depth_m"": 5.555555555555556e-06, ""step_volume_m3"": 0.0014222222222222223, ""storage_units"": ""m"", ""target_units"": ""m3/s""}"
2020-08-01 00:04:00,runoff,100,83,default,2020-08-01,2020-09-01,62.0,2678400.0,5.925925925925926e-06,3.121840563835576e-10,-5.555243371499172e-06,positive_daisy_runoff_to_positive_oldr_in_flo_and_negative_storage_sink,,"{""bookkeeping_after_m"": 0.0, ""bookkeeping_before_m"": 3.121840563835576e-10, ""bookkeeping_mode"": ""virtual_ol_d_snapshot"", ""bookkeeping_source"": ""OL_D read-only snapshot"", ""observed_ol_d_before_m"": 3.121840563835576e-10, ""observed_ol_d_time"": ""2020-08-01T00:04:00"", ""requested_step_depth_m"": 5.555555555555556e-06, ""step_volume_m3"": 0.0014222222222222223, ""storage_units"": ""m"", ""target_units"": ""m3/s""}"
2020-08-01 00:04:00,runoff,100,84,default,2020-08-01,2020-09-01,62.0,2678400.0,5.925925925925926e-06,3.1241143005900085e-10,-5.555243144125497e-06,positive_daisy_runoff_to_positive_oldr_in_flo_and_negative_storage_sink,,"{""bookkeeping_after_m"": 0.0, ""bookkeeping_before_m"": 3.1241143005900085e-10, ""bookkeeping_mode"": ""virtual_ol_d_snapshot"", ""bookkeeping_source"": ""OL_D read-only snapshot"", ""observed_ol_d_before_m"": 3.1241143005900085e-10, ""observed_ol_d_time"": ""2020-08-01T00:04:00"", ""requested_step_depth_m"": 5.555555555555556e-06, ""step_volume_m3"": 0.0014222222222222223, ""storage_units"": ""m"", ""target_units"": ""m3/s""}"
2020-08-01 00:04:00,runoff,100,85,default,2020-08-01,2020-09-01,62.0,2678400.0,5.925925925925926e-06,3.1229774322127923e-10,-5.5552432578123345e-06,positive_daisy_runoff_to_positive_oldr_in_flo_and_negative_storage_sink,,"{""bookkeeping_after_m"": 0.0, ""bookkeeping_before_m"": 3.1229774322127923e-10, ""bookkeeping_mode"": ""virtual_ol_d_snapshot"", ""bookkeeping_source"": ""OL_D read-only snapshot"", ""observed_ol_d_before_m"": 3.1229774322127923e-10, ""observed_ol_d_time"": ""2020-08-01T00:04:00"", ""requested_step_depth_m"": 5.555555555555556e-06, ""step_volume_m3"": 0.0014222222222222223, ""storage_units"": ""m"", ""target_units"": ""m3/s""}"
2020-08-01 00:04:00,runoff,100,86,default,2020-08-01,2020-09-01,62.0,2678400.0,5.925925925925926e-06,3.1252511689672247e-10,-5.555243030438659e-06,positive_daisy_runoff_to_positive_oldr_in_flo_and_negative_storage_sink,,"{""bookkeeping_after_m"": 0.0, ""bookkeeping_before_m"": 3.1252511689672247e-10, ""bookkeeping_mode"": ""virtual_ol_d_snapshot"", ""bookkeeping_source"": ""OL_D read-only snapshot"", ""observed_ol_d_before_m"": 3.1252511689672247e-10, ""observed_ol_d_time"": ""2020-08-01T00:04:00"", ""requested_step_depth_m"": 5.555555555555556e-06, ""step_volume_m3"": 0.0014222222222222223, ""storage_units"": ""m"", ""target_units"": ""m3/s""}"
2020-08-01 00:04:00,runoff,100,87,default,2020-08-01,2020-09-01,62.0,2678400.0,5.925925925925926e-06,3.1104718800634146e-10,-5.5552445083675495e-06,positive_daisy_runoff_to_positive_oldr_in_flo_and_negative_storage_sink,,"{""bookkeeping_after_m"": 0.0, ""bookkeeping_before_m"": 3.1104718800634146e-10, ""bookkeeping_mode"": ""virtual_ol_d_snapshot"", ""bookkeeping_source"": ""OL_D read-only snapshot"", ""observed_ol_d_before_m"": 3.1104718800634146e-10, ""observed_ol_d_time"": ""2020-08-01T00:04:00"", ""requested_step_depth_m"": 5.555555555555556e-06, ""step_volume_m3"": 0.0014222222222222223, ""storage_units"": ""m"", ""target_units"": ""m3/s""}"
2020-08-01 00:04:00,runoff,100,88,default,2020-08-01,2020-09-01,62.0,2678400.0,5.925925925925926e-06,3.1093350116861984e-10,-5.555244622054387e-06,positive_daisy_runoff_to_positive_oldr_in_flo_and_negative_storage_sink,,"{""bookkeeping_after_m"": 0.0, ""bookkeeping_before_m"": 3.1093350116861984e-10, ""bookkeeping_mode"": ""virtual_ol_d_snapshot"", ""bookkeeping_source"": ""OL_D read-only snapshot"", ""observed_ol_d_before_m"": 3.1093350116861984e-10, ""observed_ol_d_time"": ""2020-08-01T00:04:00"", ""requested_step_depth_m"": 5.555555555555556e-06, ""step_volume_m3"": 0.0014222222222222223, ""storage_units"": ""m"", ""target_units"": ""m3/s""}"
2020-08-01 00:04:00,runoff,100,89,default,2020-08-01,2020-09-01,62.0,2678400.0,5.925925925925926e-06,3.104787538177334e-10,-5.555245076801738e-06,positive_daisy_runoff_to_positive_oldr_in_flo_and_negative_storage_sink,,"{""bookkeeping_after_m"": 0.0, ""bookkeeping_before_m"": 3.104787538177334e-10, ""bookkeeping_mode"": ""virtual_ol_d_snapshot"", ""bookkeeping_source"": ""OL_D read-only snapshot"", ""observed_ol_d_before_m"": 3.104787538177334e-10, ""observed_ol_d_time"": ""2020-08-01T00:04:00"", ""requested_step_depth_m"": 5.555555555555556e-06, ""step_volume_m3"": 0.0014222222222222223, ""storage_units"": ""m"", ""target_units"": ""m3/s""}"
2020-08-01 00:04:00,runoff,100,90,default,2020-08-01,2020-09-01,62.0,2678400.0,5.925925925925926e-06,3.12070369545836e-10,-5.55524348518601e-06,positive_daisy_runoff_to_positive_oldr_in_flo_and_negative_storage_sink,,"{""bookkeeping_after_m"": 0.0, ""bookkeeping_before_m"": 3.12070369545836e-10, ""bookkeeping_mode"": ""virtual_ol_d_snapshot"", ""bookkeeping_source"": ""OL_D read-only snapshot"", ""observed_ol_d_before_m"": 3.12070369545836e-10, ""observed_ol_d_time"": ""2020-08-01T00:04:00"", ""requested_step_depth_m"": 5.555555555555556e-06, ""step_volume_m3"": 0.0014222222222222223, ""storage_units"": ""m"", ""target_units"": ""m3/s""}"
2020-08-01 00:04:00,runoff,100,91,default,2020-08-01,2020-09-01,62.0,2678400.0,5.925925925925926e-06,3.1036506698001176e-10,-5.555245190488576e-06,positive_daisy_runoff_to_positive_oldr_in_flo_and_negative_storage_sink,,"{""bookkeeping_after_m"": 0.0, ""bookkeeping_before_m"": 3.1036506698001176e-10, ""bookkeeping_mode"": ""virtual_ol_d_snapshot"", ""bookkeeping_source"": ""OL_D read-only snapshot"", ""observed_ol_d_before_m"": 3.1036506698001176e-10, ""observed_ol_d_time"": ""2020-08-01T00:04:00"", ""requested_step_depth_m"": 5.555555555555556e-06, ""step_volume_m3"": 0.0014222222222222223, ""storage_units"": ""m"", ""target_units"": ""m3/s""}"
2020-08-01 00:04:00,runoff,100,92,default,2020-08-01,2020-09-01,62.0,2678400.0,5.925925925925926e-06,3.0388491722987965e-10,-5.555251670638326e-06,positive_daisy_runoff_to_positive_oldr_in_flo_and_negative_storage_sink,,"{""bookkeeping_after_m"": 0.0, ""bookkeeping_before_m"": 3.0388491722987965e-10, ""bookkeeping_mode"": ""virtual_ol_d_snapshot"", ""bookkeeping_source"": ""OL_D read-only snapshot"", ""observed_ol_d_before_m"": 3.0388491722987965e-10, ""observed_ol_d_time"": ""2020-08-01T00:04:00"", ""requested_step_depth_m"": 5.555555555555556e-06, ""step_volume_m3"": 0.0014222222222222223, ""storage_units"": ""m"", ""target_units"": ""m3/s""}"
2020-08-01 00:04:00,runoff,100,93,default,2020-08-01,2020-09-01,62.0,2678400.0,5.925925925925926e-06,2.9888269637012854e-10,-5.555256672859186e-06,positive_daisy_runoff_to_positive_oldr_in_flo_and_negative_storage_sink,,"{""bookkeeping_after_m"": 0.0, ""bookkeeping_before_m"": 2.9888269637012854e-10, ""bookkeeping_mode"": ""virtual_ol_d_snapshot"", ""bookkeeping_source"": ""OL_D read-only snapshot"", ""observed_ol_d_before_m"": 2.9888269637012854e-10, ""observed_ol_d_time"": ""2020-08-01T00:04:00"", ""requested_step_depth_m"": 5.555555555555556e-06, ""step_volume_m3"": 0.0014222222222222223, ""storage_units"": ""m"", ""target_units"": ""m3/s""}"
2020-08-01 00:04:00,runoff,100,94,default,2020-08-01,2020-09-01,62.0,2678400.0,5.925925925925926e-06,3.020659278263338e-10,-5.5552534896277295e-06,positive_daisy_runoff_to_positive_oldr_in_flo_and_negative_storage_sink,,"{""bookkeeping_after_m"": 0.0, ""bookkeeping_before_m"": 3.020659278263338e-10, ""bookkeeping_mode"": ""virtual_ol_d_snapshot"", ""bookkeeping_source"": ""OL_D read-only snapshot"", ""observed_ol_d_before_m"": 3.020659278263338e-10, ""observed_ol_d_time"": ""2020-08-01T00:04:00"", ""requested_step_depth_m"": 5.555555555555556e-06, ""step_volume_m3"": 0.0014222222222222223, ""storage_units"": ""m"", ""target_units"": ""m3/s""}"
2020-08-01 00:04:00,runoff,100,95,default,2020-08-01,2020-09-01,62.0,2678400.0,5.925925925925926e-06,3.1025138014229015e-10,-5.5552453041754135e-06,positive_daisy_runoff_to_positive_oldr_in_flo_and_negative_storage_sink,,"{""bookkeeping_after_m"": 0.0, ""bookkeeping_before_m"": 3.1025138014229015e-10, ""bookkeeping_mode"": ""virtual_ol_d_snapshot"", ""bookkeeping_source"": ""OL_D read-only snapshot"", ""observed_ol_d_before_m"": 3.1025138014229015e-10, ""observed_ol_d_time"": ""2020-08-01T00:04:00"", ""requested_step_depth_m"": 5.555555555555556e-06, ""step_volume_m3"": 0.0014222222222222223, ""storage_units"": ""m"", ""target_units"": ""m3/s""}"
2020-08-01 00:04:00,runoff,100,96,default,2020-08-01,2020-09-01,62.0,2678400.0,5.925925925925926e-06,3.3139713195851073e-10,-5.555224158423597e-06,positive_daisy_runoff_to_positive_oldr_in_flo_and_negative_storage_sink,,"{""bookkeeping_after_m"": 0.0, ""bookkeeping_before_m"": 3.3139713195851073e-10, ""bookkeeping_mode"": ""virtual_ol_d_snapshot"", ""bookkeeping_source"": ""OL_D read-only snapshot"", ""observed_ol_d_before_m"": 3.3139713195851073e-10, ""observed_ol_d_time"": ""2020-08-01T00:04:00"", ""requested_step_depth_m"": 5.555555555555556e-06, ""step_volume_m3"": 0.0014222222222222223, ""storage_units"": ""m"", ""target_units"": ""m3/s""}"
2020-08-01 00:04:00,runoff,100,97,default,2020-08-01,2020-09-01,62.0,2678400.0,5.925925925925926e-06,3.3281821743003093e-10,-5.555222737338126e-06,positive_daisy_runoff_to_positive_oldr_in_flo_and_negative_storage_sink,,"{""bookkeeping_after_m"": 0.0, ""bookkeeping_before_m"": 3.3281821743003093e-10, ""bookkeeping_mode"": ""virtual_ol_d_snapshot"", ""bookkeeping_source"": ""OL_D read-only snapshot"", ""observed_ol_d_before_m"": 3.3281821743003093e-10, ""observed_ol_d_time"": ""2020-08-01T00:04:00"", ""requested_step_depth_m"": 5.555555555555556e-06, ""step_volume_m3"": 0.0014222222222222223, ""storage_units"": ""m"", ""target_units"": ""m3/s""}"
2020-08-01 00:04:00,runoff,100,98,default,2020-08-01,2020-09-01,62.0,2678400.0,5.925925925925926e-06,3.0877345125190914e-10,-5.555246782104304e-06,positive_daisy_runoff_to_positive_oldr_in_flo_and_negative_storage_sink,,"{""bookkeeping_after_m"": 0.0, ""bookkeeping_before_m"": 3.0877345125190914e-10, ""bookkeeping_mode"": ""virtual_ol_d_snapshot"", ""bookkeeping_source"": ""OL_D read-only snapshot"", ""observed_ol_d_before_m"": 3.0877345125190914e-10, ""observed_ol_d_time"": ""2020-08-01T00:04:00"", ""requested_step_depth_m"": 5.555555555555556e-06, ""step_volume_m3"": 0.0014222222222222223, ""storage_units"": ""m"", ""target_units"": ""m3/s""}"
2020-08-01 00:04:00,runoff,100,99,default,2020-08-01,2020-09-01,62.0,2678400.0,5.925925925925926e-06,3.368541001691483e-10,-5.555218701455387e-06,positive_daisy_runoff_to_positive_oldr_in_flo_and_negative_storage_sink,,"{""bookkeeping_after_m"": 0.0, ""bookkeeping_before_m"": 3.368541001691483e-10, ""bookkeeping_mode"": ""virtual_ol_d_snapshot"", ""bookkeeping_source"": ""OL_D read-only snapshot"", ""observed_ol_d_before_m"": 3.368541001691483e-10, ""observed_ol_d_time"": ""2020-08-01T00:04:00"", ""requested_step_depth_m"": 5.555555555555556e-06, ""step_volume_m3"": 0.0014222222222222223, ""storage_units"": ""m"", ""target_units"": ""m3/s""}"
2020-08-01 00:04:00,runoff,100,100,default,2020-08-01,2020-09-01,62.0,2678400.0,5.925925925925926e-06,3.199147613486275e-10,-5.555235640794207e-06,positive_daisy_runoff_to_positive_oldr_in_flo_and_negative_storage_sink,,"{""bookkeeping_after_m"": 0.0, ""bookkeeping_before_m"": 3.199147613486275e-10, ""bookkeeping_mode"": ""virtual_ol_d_snapshot"", ""bookkeeping_source"": ""OL_D read-only snapshot"", ""observed_ol_d_before_m"": 3.199147613486275e-10, ""observed_ol_d_time"": ""2020-08-01T00:04:00"", ""requested_step_depth_m"": 5.555555555555556e-06, ""step_volume_m3"": 0.0014222222222222223, ""storage_units"": ""m"", ""target_units"": ""m3/s""}"
2020-08-01 00:04:00,runoff,100,101,default,2020-08-01,2020-09-01,62.0,2678400.0,5.925925925925926e-06,3.0900082492735237e-10,-5.5552465547306285e-06,positive_daisy_runoff_to_positive_oldr_in_flo_and_negative_storage_sink,,"{""bookkeeping_after_m"": 0.0, ""bookkeeping_before_m"": 3.0900082492735237e-10, ""bookkeeping_mode"": ""virtual_ol_d_snapshot"", ""bookkeeping_source"": ""OL_D read-only snapshot"", ""observed_ol_d_before_m"": 3.0900082492735237e-10, ""observed_ol_d_time"": ""2020-08-01T00:04:00"", ""requested_step_depth_m"": 5.555555555555556e-06, ""step_volume_m3"": 0.0014222222222222223, ""storage_units"": ""m"", ""target_units"": ""m3/s""}"
2020-08-01 00:04:00,runoff,100,102,default,2020-08-01,2020-09-01,62.0,2678400.0,5.925925925925926e-06,3.014974936377257e-10,-5.555254058061918e-06,positive_daisy_runoff_to_positive_oldr_in_flo_and_negative_storage_sink,,"{""bookkeeping_after_m"": 0.0, ""bookkeeping_before_m"": 3.014974936377257e-10, ""bookkeeping_mode"": ""virtual_ol_d_snapshot"", ""bookkeeping_source"": ""OL_D read-only snapshot"", ""observed_ol_d_before_m"": 3.014974936377257e-10, ""observed_ol_d_time"": ""2020-08-01T00:04:00"", ""requested_step_depth_m"": 5.555555555555556e-06, ""step_volume_m3"": 0.0014222222222222223, ""storage_units"": ""m"", ""target_units"": ""m3/s""}"
2020-08-01 00:04:00,runoff,100,103,default,2020-08-01,2020-09-01,62.0,2678400.0,5.925925925925926e-06,3.001332515850663e-10,-5.555255422303971e-06,positive_daisy_runoff_to_positive_oldr_in_flo_and_negative_storage_sink,,"{""bookkeeping_after_m"": 0.0, ""bookkeeping_before_m"": 3.001332515850663e-10, ""bookkeeping_mode"": ""virtual_ol_d_snapshot"", ""bookkeeping_source"": ""OL_D read-only snapshot"", ""observed_ol_d_before_m"": 3.001332515850663e-10, ""observed_ol_d_time"": ""2020-08-01T00:04:00"", ""requested_step_depth_m"": 5.555555555555556e-06, ""step_volume_m3"": 0.0014222222222222223, ""storage_units"": ""m"", ""target_units"": ""m3/s""}"
2020-08-01 00:04:00,runoff,100,104,default,2020-08-01,2020-09-01,62.0,2678400.0,5.925925925925926e-06,3.1116087484406307e-10,-5.555244394680712e-06,positive_daisy_runoff_to_positive_oldr_in_flo_and_negative_storage_sink,,"{""bookkeeping_after_m"": 0.0, ""bookkeeping_before_m"": 3.1116087484406307e-10, ""bookkeeping_mode"": ""virtual_ol_d_snapshot"", ""bookkeeping_source"": ""OL_D read-only snapshot"", ""observed_ol_d_before_m"": 3.1116087484406307e-10, ""observed_ol_d_time"": ""2020-08-01T00:04:00"", ""requested_step_depth_m"": 5.555555555555556e-06, ""step_volume_m3"": 0.0014222222222222223, ""storage_units"": ""m"", ""target_units"": ""m3/s""}"
2020-08-01 00:04:00,runoff,100,105,default,2020-08-01,2020-09-01,62.0,2678400.0,5.925925925925926e-06,2.9956481739645824e-10,-5.555255990738159e-06,positive_daisy_runoff_to_positive_oldr_in_flo_and_negative_storage_sink,,"{""bookkeeping_after_m"": 0.0, ""bookkeeping_before_m"": 2.9956481739645824e-10, ""bookkeeping_mode"": ""virtual_ol_d_snapshot"", ""bookkeeping_source"": ""OL_D read-only snapshot"", ""observed_ol_d_before_m"": 2.9956481739645824e-10, ""observed_ol_d_time"": ""2020-08-01T00:04:00"", ""requested_step_depth_m"": 5.555555555555556e-06, ""step_volume_m3"": 0.0014222222222222223, ""storage_units"": ""m"", ""target_units"": ""m3/s""}"
2020-08-01 00:04:00,runoff,100,106,default,2020-08-01,2020-09-01,62.0,2678400.0,5.925925925925926e-06,3.1036506698001176e-10,-5.555245190488576e-06,positive_daisy_runoff_to_positive_oldr_in_flo_and_negative_storage_sink,,"{""bookkeeping_after_m"": 0.0, ""bookkeeping_before_m"": 3.1036506698001176e-10, ""bookkeeping_mode"": ""virtual_ol_d_snapshot"", ""bookkeeping_source"": ""OL_D read-only snapshot"", ""observed_ol_d_before_m"": 3.1036506698001176e-10, ""observed_ol_d_time"": ""2020-08-01T00:04:00"", ""requested_step_depth_m"": 5.555555555555556e-06, ""step_volume_m3"": 0.0014222222222222223, ""storage_units"": ""m"", ""target_units"": ""m3/s""}"
2020-08-01 00:04:00,runoff,100,107,default,2020-08-01,2020-09-01,62.0,2678400.0,5.925925925925926e-06,3.050786290259566e-10,-5.55525047692653e-06,positive_daisy_runoff_to_positive_oldr_in_flo_and_negative_storage_sink,,"{""bookkeeping_after_m"": 0.0, ""bookkeeping_before_m"": 3.050786290259566e-10, ""bookkeeping_mode"": ""virtual_ol_d_snapshot"", ""bookkeeping_source"": ""OL_D read-only snapshot"", ""observed_ol_d_before_m"": 3.050786290259566e-10, ""observed_ol_d_time"": ""2020-08-01T00:04:00"", ""requested_step_depth_m"": 5.555555555555556e-06, ""step_volume_m3"": 0.0014222222222222223, ""storage_units"": ""m"", ""target_units"": ""m3/s""}"
2020-08-01 00:04:00,runoff,100,108,default,2020-08-01,2020-09-01,62.0,2678400.0,5.925925925925926e-06,3.042828211619053e-10,-5.555251272734394e-06,positive_daisy_runoff_to_positive_oldr_in_flo_and_negative_storage_sink,,"{""bookkeeping_after_m"": 0.0, ""bookkeeping_before_m"": 3.042828211619053e-10, ""bookkeeping_mode"": ""virtual_ol_d_snapshot"", ""bookkeeping_source"": ""OL_D read-only snapshot"", ""observed_ol_d_before_m"": 3.042828211619053e-10, ""observed_ol_d_time"": ""2020-08-01T00:04:00"", ""requested_step_depth_m"": 5.555555555555556e-06, ""step_volume_m3"": 0.0014222222222222223, ""storage_units"": ""m"", ""target_units"": ""m3/s""}"
2020-08-01 00:04:00,runoff,101,63,default,2020-08-01,2020-09-01,62.0,2678400.0,5.925925925925926e-06,2.99337443721015e-10,-5.555256218111835e-06,positive_daisy_runoff_to_positive_oldr_in_flo_and_negative_storage_sink,,"{""bookkeeping_after_m"": 0.0, ""bookkeeping_before_m"": 2.99337443721015e-10, ""bookkeeping_mode"": ""virtual_ol_d_snapshot"", ""bookkeeping_source"": ""OL_D read-only snapshot"", ""observed_ol_d_before_m"": 2.99337443721015e-10, ""observed_ol_d_time"": ""2020-08-01T00:04:00"", ""requested_step_depth_m"": 5.555555555555556e-06, ""step_volume_m3"": 0.0014222222222222223, ""storage_units"": ""m"", ""target_units"": ""m3/s""}"
2020-08-01 00:04:00,runoff,101,64,default,2020-08-01,2020-09-01,62.0,2678400.0,5.925925925925926e-06,3.1820945878280327e-10,-5.555237346096773e-06,positive_daisy_runoff_to_positive_oldr_in_flo_and_negative_storage_sink,,"{""bookkeeping_after_m"": 0.0, ""bookkeeping_before_m"": 3.1820945878280327e-10, ""bookkeeping_mode"": ""virtual_ol_d_snapshot"", ""bookkeeping_source"": ""OL_D read-only snapshot"", ""observed_ol_d_before_m"": 3.1820945878280327e-10, ""observed_ol_d_time"": ""2020-08-01T00:04:00"", ""requested_step_depth_m"": 5.555555555555556e-06, ""step_volume_m3"": 0.0014222222222222223, ""storage_units"": ""m"", ""target_units"": ""m3/s""}"
2020-08-01 00:04:00,runoff,101,65,default,2020-08-01,2020-09-01,62.0,2678400.0,5.925925925925926e-06,3.058175934711471e-10,-5.555249737962085e-06,positive_daisy_runoff_to_positive_oldr_in_flo_and_negative_storage_sink,,"{""bookkeeping_after_m"": 0.0, ""bookkeeping_before_m"": 3.058175934711471e-10, ""bookkeeping_mode"": ""virtual_ol_d_snapshot"", ""bookkeeping_source"": ""OL_D read-only snapshot"", ""observed_ol_d_before_m"": 3.058175934711471e-10, ""observed_ol_d_time"": ""2020-08-01T00:04:00"", ""requested_step_depth_m"": 5.555555555555556e-06, ""step_volume_m3"": 0.0014222222222222223, ""storage_units"": ""m"", ""target_units"": ""m3/s""}"
2020-08-01 00:04:00,runoff,101,66,default,2020-08-01,2020-09-01,62.0,2678400.0,5.925925925925926e-06,2.999058779096231e-10,-5.555255649677646e-06,positive_daisy_runoff_to_positive_oldr_in_flo_and_negative_storage_sink,,"{""bookkeeping_after_m"": 0.0, ""bookkeeping_before_m"": 2.999058779096231e-10, ""bookkeeping_mode"": ""virtual_ol_d_snapshot"", ""bookkeeping_source"": ""OL_D read-only snapshot"", ""observed_ol_d_before_m"": 2.999058779096231e-10, ""observed_ol_d_time"": ""2020-08-01T00:04:00"", ""requested_step_depth_m"": 5.555555555555556e-06, ""step_volume_m3"": 0.0014222222222222223, ""storage_units"": ""m"", ""target_units"": ""m3/s""}"
2020-08-01 00:04:00,runoff,101,67,default,2020-08-01,2020-09-01,62.0,2678400.0,5.925925925925926e-06,3.0468072509393096e-10,-5.555250874830462e-06,positive_daisy_runoff_to_positive_oldr_in_flo_and_negative_storage_sink,,"{""bookkeeping_after_m"": 0.0, ""bookkeeping_before_m"": 3.0468072509393096e-10, ""bookkeeping_mode"": ""virtual_ol_d_snapshot"", ""bookkeeping_source"": ""OL_D read-only snapshot"", ""observed_ol_d_before_m"": 3.0468072509393096e-10, ""observed_ol_d_time"": ""2020-08-01T00:04:00"", ""requested_step_depth_m"": 5.555555555555556e-06, ""step_volume_m3"": 0.0014222222222222223, ""storage_units"": ""m"", ""target_units"": ""m3/s""}"
2020-08-01 00:04:00,runoff,101,68,default,2020-08-01,2020-09-01,62.0,2678400.0,5.925925925925926e-06,-0.0,-5.555555555555556e-06,positive_daisy_runoff_to_positive_oldr_in_flo_and_negative_storage_sink,,"{""bookkeeping_after_m"": 0.0, ""bookkeeping_before_m"": 0.0, ""bookkeeping_mode"": ""virtual_ol_d_snapshot"", ""bookkeeping_source"": ""OL_D read-only snapshot"", ""observed_ol_d_before_m"": 0.0, ""observed_ol_d_time"": ""2020-08-01T00:04:00"", ""requested_step_depth_m"": 5.555555555555556e-06, ""step_volume_m3"": 0.0014222222222222223, ""storage_units"": ""m"", ""target_units"": ""m3/s""}"
2020-08-01 00:04:00,runoff,101,69,default,2020-08-01,2020-09-01,62.0,2678400.0,5.925925925925926e-06,-0.0,-5.555555555555556e-06,positive_daisy_runoff_to_positive_oldr_in_flo_and_negative_storage_sink,,"{""bookkeeping_after_m"": 0.0, ""bookkeeping_before_m"": 0.0, ""bookkeeping_mode"": ""virtual_ol_d_snapshot"", ""bookkeeping_source"": ""OL_D read-only snapshot"", ""observed_ol_d_before_m"": 0.0, ""observed_ol_d_time"": ""2020-08-01T00:04:00"", ""requested_step_depth_m"": 5.555555555555556e-06, ""step_volume_m3"": 0.0014222222222222223, ""storage_units"": ""m"", ""target_units"": ""m3/s""}"
2020-08-01 00:04:00,runoff,101,70,default,2020-08-01,2020-09-01,62.0,2678400.0,5.925925925925926e-06,-0.0,-5.555555555555556e-06,positive_daisy_runoff_to_positive_oldr_in_flo_and_negative_storage_sink,,"{""bookkeeping_after_m"": 0.0, ""bookkeeping_before_m"": 0.0, ""bookkeeping_mode"": ""virtual_ol_d_snapshot"", ""bookkeeping_source"": ""OL_D read-only snapshot"", ""observed_ol_d_before_m"": 0.0, ""observed_ol_d_time"": ""2020-08-01T00:04:00"", ""requested_step_depth_m"": 5.555555555555556e-06, ""step_volume_m3"": 0.0014222222222222223, ""storage_units"": ""m"", ""target_units"": ""m3/s""}"
2020-08-01 00:04:00,runoff,101,75,default,2020-08-01,2020-09-01,62.0,2678400.0,5.925925925925926e-06,3.1172930903267115e-10,-5.555243826246523e-06,positive_daisy_runoff_to_positive_oldr_in_flo_and_negative_storage_sink,,"{""bookkeeping_after_m"": 0.0, ""bookkeeping_before_m"": 3.1172930903267115e-10, ""bookkeeping_mode"": ""virtual_ol_d_snapshot"", ""bookkeeping_source"": ""OL_D read-only snapshot"", ""observed_ol_d_before_m"": 3.1172930903267115e-10, ""observed_ol_d_time"": ""2020-08-01T00:04:00"", ""requested_step_depth_m"": 5.555555555555556e-06, ""step_volume_m3"": 0.0014222222222222223, ""storage_units"": ""m"", ""target_units"": ""m3/s""}"
2020-08-01 00:04:00,runoff,101,76,default,2020-08-01,2020-09-01,62.0,2678400.0,5.925925925925926e-06,3.1309355108533055e-10,-5.5552424620044705e-06,positive_daisy_runoff_to_positive_oldr_in_flo_and_negative_storage_sink,,"{""bookkeeping_after_m"": 0.0, ""bookkeeping_before_m"": 3.1309355108533055e-10, ""bookkeeping_mode"": ""virtual_ol_d_snapshot"", ""bookkeeping_source"": ""OL_D read-only snapshot"", ""observed_ol_d_before_m"": 3.1309355108533055e-10, ""observed_ol_d_time"": ""2020-08-01T00:04:00"", ""requested_step_depth_m"": 5.555555555555556e-06, ""step_volume_m3"": 0.0014222222222222223, ""storage_units"": ""m"", ""target_units"": ""m3/s""}"
2020-08-01 00:04:00,runoff,101,77,default,2020-08-01,2020-09-01,62.0,2678400.0,5.925925925925926e-06,3.1320723792305216e-10,-5.555242348317633e-06,positive_daisy_runoff_to_positive_oldr_in_flo_and_negative_storage_sink,,"{""bookkeeping_after_m"": 0.0, ""bookkeeping_before_m"": 3.1320723792305216e-10, ""bookkeeping_mode"": ""virtual_ol_d_snapshot"", ""bookkeeping_source"": ""OL_D read-only snapshot"", ""observed_ol_d_before_m"": 3.1320723792305216e-10, ""observed_ol_d_time"": ""2020-08-01T00:04:00"", ""requested_step_depth_m"": 5.555555555555556e-06, ""step_volume_m3"": 0.0014222222222222223, ""storage_units"": ""m"", ""target_units"": ""m3/s""}"
2020-08-01 00:04:00,runoff,101,78,default,2020-08-01,2020-09-01,62.0,2678400.0,5.925925925925926e-06,3.1320723792305216e-10,-5.555242348317633e-06,positive_daisy_runoff_to_positive_oldr_in_flo_and_negative_storage_sink,,"{""bookkeeping_after_m"": 0.0, ""bookkeeping_before_m"": 3.1320723792305216e-10, ""bookkeeping_mode"": ""virtual_ol_d_snapshot"", ""bookkeeping_source"": ""OL_D read-only snapshot"", ""observed_ol_d_before_m"": 3.1320723792305216e-10, ""observed_ol_d_time"": ""2020-08-01T00:04:00"", ""requested_step_depth_m"": 5.555555555555556e-06, ""step_volume_m3"": 0.0014222222222222223, ""storage_units"": ""m"", ""target_units"": ""m3/s""}"
2020-08-01 00:04:00,runoff,101,79,default,2020-08-01,2020-09-01,62.0,2678400.0,5.925925925925926e-06,3.1241143005900085e-10,-5.555243144125497e-06,positive_daisy_runoff_to_positive_oldr_in_flo_and_negative_storage_sink,,"{""bookkeeping_after_m"": 0.0, ""bookkeeping_before_m"": 3.1241143005900085e-10, ""bookkeeping_mode"": ""virtual_ol_d_snapshot"", ""bookkeeping_source"": ""OL_D read-only snapshot"", ""observed_ol_d_before_m"": 3.1241143005900085e-10, ""observed_ol_d_time"": ""2020-08-01T00:04:00"", ""requested_step_depth_m"": 5.555555555555556e-06, ""step_volume_m3"": 0.0014222222222222223, ""storage_units"": ""m"", ""target_units"": ""m3/s""}"
2020-08-01 00:04:00,runoff,101,80,default,2020-08-01,2020-09-01,62.0,2678400.0,5.925925925925926e-06,3.119566827081144e-10,-5.555243598872848e-06,positive_daisy_runoff_to_positive_oldr_in_flo_and_negative_storage_sink,,"{""bookkeeping_after_m"": 0.0, ""bookkeeping_before_m"": 3.119566827081144e-10, ""bookkeeping_mode"": ""virtual_ol_d_snapshot"", ""bookkeeping_source"": ""OL_D read-only snapshot"", ""observed_ol_d_before_m"": 3.119566827081144e-10, ""observed_ol_d_time"": ""2020-08-01T00:04:00"", ""requested_step_depth_m"": 5.555555555555556e-06, ""step_volume_m3"": 0.0014222222222222223, ""storage_units"": ""m"", ""target_units"": ""m3/s""}"
2020-08-01 00:04:00,runoff,101,81,default,2020-08-01,2020-09-01,62.0,2678400.0,5.925925925925926e-06,3.134346115984954e-10,-5.555242120943957e-06,positive_daisy_runoff_to_positive_oldr_in_flo_and_negative_storage_sink,,"{""bookkeeping_after_m"": 0.0, ""bookkeeping_before_m"": 3.134346115984954e-10, ""bookkeeping_mode"": ""virtual_ol_d_snapshot"", ""bookkeeping_source"": ""OL_D read-only snapshot"", ""observed_ol_d_before_m"": 3.134346115984954e-10, ""observed_ol_d_time"": ""2020-08-01T00:04:00"", ""requested_step_depth_m"": 5.555555555555556e-06, ""step_volume_m3"": 0.0014222222222222223, ""storage_units"": ""m"", ""target_units"": ""m3/s""}"
2020-08-01 00:04:00,runoff,101,82,default,2020-08-01,2020-09-01,62.0,2678400.0,5.925925925925926e-06,3.113882485195063e-10,-5.555244167307036e-06,positive_daisy_runoff_to_positive_oldr_in_flo_and_negative_storage_sink,,"{""bookkeeping_after_m"": 0.0, ""bookkeeping_before_m"": 3.113882485195063e-10, ""bookkeeping_mode"": ""virtual_ol_d_snapshot"", ""bookkeeping_source"": ""OL_D read-only snapshot"", ""observed_ol_d_before_m"": 3.113882485195063e-10, ""observed_ol_d_time"": ""2020-08-01T00:04:00"", ""requested_step_depth_m"": 5.555555555555556e-06, ""step_volume_m3"": 0.0014222222222222223, ""storage_units"": ""m"", ""target_units"": ""m3/s""}"
2020-08-01 00:04:00,runoff,101,83,default,2020-08-01,2020-09-01,62.0,2678400.0,5.925925925925926e-06,3.1104718800634146e-10,-5.5552445083675495e-06,positive_daisy_runoff_to_positive_oldr_in_flo_and_negative_storage_sink,,"{""bookkeeping_after_m"": 0.0, ""bookkeeping_before_m"": 3.1104718800634146e-10, ""bookkeeping_mode"": ""virtual_ol_d_snapshot"", ""bookkeeping_source"": ""OL_D read-only snapshot"", ""observed_ol_d_before_m"": 3.1104718800634146e-10, ""observed_ol_d_time"": ""2020-08-01T00:04:00"", ""requested_step_depth_m"": 5.555555555555556e-06, ""step_volume_m3"": 0.0014222222222222223, ""storage_units"": ""m"", ""target_units"": ""m3/s""}"
2020-08-01 00:04:00,runoff,101,84,default,2020-08-01,2020-09-01,62.0,2678400.0,5.925925925925926e-06,3.1116087484406307e-10,-5.555244394680712e-06,positive_daisy_runoff_to_positive_oldr_in_flo_and_negative_storage_sink,,"{""bookkeeping_after_m"": 0.0, ""bookkeeping_before_m"": 3.1116087484406307e-10, ""bookkeeping_mode"": ""virtual_ol_d_snapshot"", ""bookkeeping_source"": ""OL_D read-only snapshot"", ""observed_ol_d_before_m"": 3.1116087484406307e-10, ""observed_ol_d_time"": ""2020-08-01T00:04:00"", ""requested_step_depth_m"": 5.555555555555556e-06, ""step_volume_m3"": 0.0014222222222222223, ""storage_units"": ""m"", ""target_units"": ""m3/s""}"
2020-08-01 00:04:00,runoff,101,85,default,2020-08-01,2020-09-01,62.0,2678400.0,5.925925925925926e-06,3.1309355108533055e-10,-5.5552424620044705e-06,positive_daisy_runoff_to_positive_oldr_in_flo_and_negative_storage_sink,,"{""bookkeeping_after_m"": 0.0, ""bookkeeping_before_m"": 3.1309355108533055e-10, ""bookkeeping_mode"": ""virtual_ol_d_snapshot"", ""bookkeeping_source"": ""OL_D read-only snapshot"", ""observed_ol_d_before_m"": 3.1309355108533055e-10, ""observed_ol_d_time"": ""2020-08-01T00:04:00"", ""requested_step_depth_m"": 5.555555555555556e-06, ""step_volume_m3"": 0.0014222222222222223, ""storage_units"": ""m"", ""target_units"": ""m3/s""}"
2020-08-01 00:04:00,runoff,101,86,default,2020-08-01,2020-09-01,62.0,2678400.0,5.925925925925926e-06,3.1241143005900085e-10,-5.555243144125497e-06,positive_daisy_runoff_to_positive_oldr_in_flo_and_negative_storage_sink,,"{""bookkeeping_after_m"": 0.0, ""bookkeeping_before_m"": 3.1241143005900085e-10, ""bookkeeping_mode"": ""virtual_ol_d_snapshot"", ""bookkeeping_source"": ""OL_D read-only snapshot"", ""observed_ol_d_before_m"": 3.1241143005900085e-10, ""observed_ol_d_time"": ""2020-08-01T00:04:00"", ""requested_step_depth_m"": 5.555555555555556e-06, ""step_volume_m3"": 0.0014222222222222223, ""storage_units"": ""m"", ""target_units"": ""m3/s""}"
2020-08-01 00:04:00,runoff,101,87,default,2020-08-01,2020-09-01,62.0,2678400.0,5.925925925925926e-06,3.1241143005900085e-10,-5.555243144125497e-06,positive_daisy_runoff_to_positive_oldr_in_flo_and_negative_storage_sink,,"{""bookkeeping_after_m"": 0.0, ""bookkeeping_before_m"": 3.1241143005900085e-10, ""bookkeeping_mode"": ""virtual_ol_d_snapshot"", ""bookkeeping_source"": ""OL_D read-only snapshot"", ""observed_ol_d_before_m"": 3.1241143005900085e-10, ""observed_ol_d_time"": ""2020-08-01T00:04:00"", ""requested_step_depth_m"": 5.555555555555556e-06, ""step_volume_m3"": 0.0014222222222222223, ""storage_units"": ""m"", ""target_units"": ""m3/s""}"
2020-08-01 00:04:00,runoff,101,88,default,2020-08-01,2020-09-01,62.0,2678400.0,5.925925925925926e-06,3.12070369545836e-10,-5.55524348518601e-06,positive_daisy_runoff_to_positive_oldr_in_flo_and_negative_storage_sink,,"{""bookkeeping_after_m"": 0.0, ""bookkeeping_before_m"": 3.12070369545836e-10, ""bookkeeping_mode"": ""virtual_ol_d_snapshot"", ""bookkeeping_source"": ""OL_D read-only snapshot"", ""observed_ol_d_before_m"": 3.12070369545836e-10, ""observed_ol_d_time"": ""2020-08-01T00:04:00"", ""requested_step_depth_m"": 5.555555555555556e-06, ""step_volume_m3"": 0.0014222222222222223, ""storage_units"": ""m"", ""target_units"": ""m3/s""}"
2020-08-01 00:04:00,runoff,101,89,default,2020-08-01,2020-09-01,62.0,2678400.0,5.925925925925926e-06,3.119566827081144e-10,-5.555243598872848e-06,positive_daisy_runoff_to_positive_oldr_in_flo_and_negative_storage_sink,,"{""bookkeeping_after_m"": 0.0, ""bookkeeping_before_m"": 3.119566827081144e-10, ""bookkeeping_mode"": ""virtual_ol_d_snapshot"", ""bookkeeping_source"": ""OL_D read-only snapshot"", ""observed_ol_d_before_m"": 3.119566827081144e-10, ""observed_ol_d_time"": ""2020-08-01T00:04:00"", ""requested_step_depth_m"": 5.555555555555556e-06, ""step_volume_m3"": 0.0014222222222222223, ""storage_units"": ""m"", ""target_units"": ""m3/s""}"
2020-08-01 00:04:00,runoff,101,90,default,2020-08-01,2020-09-01,62.0,2678400.0,5.925925925925926e-06,2.9967850423417985e-10,-5.555255877051322e-06,positive_daisy_runoff_to_positive_oldr_in_flo_and_negative_storage_sink,,"{""bookkeeping_after_m"": 0.0, ""bookkeeping_before_m"": 2.9967850423417985e-10, ""bookkeeping_mode"": ""virtual_ol_d_snapshot"", ""bookkeeping_source"": ""OL_D read-only snapshot"", ""observed_ol_d_before_m"": 2.9967850423417985e-10, ""observed_ol_d_time"": ""2020-08-01T00:04:00"", ""requested_step_depth_m"": 5.555555555555556e-06, ""step_volume_m3"": 0.0014222222222222223, ""storage_units"": ""m"", ""target_units"": ""m3/s""}"
2020-08-01 00:04:00,runoff,101,91,default,2020-08-01,2020-09-01,62.0,2678400.0,5.925925925925926e-06,3.0104274628683925e-10,-5.555254512809269e-06,positive_daisy_runoff_to_positive_oldr_in_flo_and_negative_storage_sink,,"{""bookkeeping_after_m"": 0.0, ""bookkeeping_before_m"": 3.0104274628683925e-10, ""bookkeeping_mode"": ""virtual_ol_d_snapshot"", ""bookkeeping_source"": ""OL_D read-only snapshot"", ""observed_ol_d_before_m"": 3.0104274628683925e-10, ""observed_ol_d_time"": ""2020-08-01T00:04:00"", ""requested_step_depth_m"": 5.555555555555556e-06, ""step_volume_m3"": 0.0014222222222222223, ""storage_units"": ""m"", ""target_units"": ""m3/s""}"
2020-08-01 00:04:00,runoff,101,92,default,2020-08-01,2020-09-01,62.0,2678400.0,5.925925925925926e-06,3.0036062526050955e-10,-5.555255194930295e-06,positive_daisy_runoff_to_positive_oldr_in_flo_and_negative_storage_sink,,"{""bookkeeping_after_m"": 0.0, ""bookkeeping_before_m"": 3.0036062526050955e-10, ""bookkeeping_mode"": ""virtual_ol_d_snapshot"", ""bookkeeping_source"": ""OL_D read-only snapshot"", ""observed_ol_d_before_m"": 3.0036062526050955e-10, ""observed_ol_d_time"": ""2020-08-01T00:04:00"", ""requested_step_depth_m"": 5.555555555555556e-06, ""step_volume_m3"": 0.0014222222222222223, ""storage_units"": ""m"", ""target_units"": ""m3/s""}"
2020-08-01 00:04:00,runoff,101,93,default,2020-08-01,2020-09-01,62.0,2678400.0,5.925925925925926e-06,3.000764081662055e-10,-5.55525547914739e-06,positive_daisy_runoff_to_positive_oldr_in_flo_and_negative_storage_sink,,"{""bookkeeping_after_m"": 0.0, ""bookkeeping_before_m"": 3.000764081662055e-10, ""bookkeeping_mode"": ""virtual_ol_d_snapshot"", ""bookkeeping_source"": ""OL_D read-only snapshot"", ""observed_ol_d_before_m"": 3.000764081662055e-10, ""observed_ol_d_time"": ""2020-08-01T00:04:00"", ""requested_step_depth_m"": 5.555555555555556e-06, ""step_volume_m3"": 0.0014222222222222223, ""storage_units"": ""m"", ""target_units"": ""m3/s""}"
2020-08-01 00:04:00,runoff,101,94,default,2020-08-01,2020-09-01,62.0,2678400.0,5.925925925925926e-06,3.0240698833949864e-10,-5.555253148567216e-06,positive_daisy_runoff_to_positive_oldr_in_flo_and_negative_storage_sink,,"{""bookkeeping_after_m"": 0.0, ""bookkeeping_before_m"": 3.0240698833949864e-10, ""bookkeeping_mode"": ""virtual_ol_d_snapshot"", ""bookkeeping_source"": ""OL_D read-only snapshot"", ""observed_ol_d_before_m"": 3.0240698833949864e-10, ""observed_ol_d_time"": ""2020-08-01T00:04:00"", ""requested_step_depth_m"": 5.555555555555556e-06, ""step_volume_m3"": 0.0014222222222222223, ""storage_units"": ""m"", ""target_units"": ""m3/s""}"
2020-08-01 00:04:00,runoff,101,95,default,2020-08-01,2020-09-01,62.0,2678400.0,5.925925925925926e-06,3.0672708817292005e-10,-5.555248828467383e-06,positive_daisy_runoff_to_positive_oldr_in_flo_and_negative_storage_sink,,"{""bookkeeping_after_m"": 0.0, ""bookkeeping_before_m"": 3.0672708817292005e-10, ""bookkeeping_mode"": ""virtual_ol_d_snapshot"", ""bookkeeping_source"": ""OL_D read-only snapshot"", ""observed_ol_d_before_m"": 3.0672708817292005e-10, ""observed_ol_d_time"": ""2020-08-01T00:04:00"", ""requested_step_depth_m"": 5.555555555555556e-06, ""step_volume_m3"": 0.0014222222222222223, ""storage_units"": ""m"", ""target_units"": ""m3/s""}"
2020-08-01 00:04:00,runoff,101,96,default,2020-08-01,2020-09-01,62.0,2678400.0,5.925925925925926e-06,3.377067514520604e-10,-5.555217848804104e-06,positive_daisy_runoff_to_positive_oldr_in_flo_and_negative_storage_sink,,"{""bookkeeping_after_m"": 0.0, ""bookkeeping_before_m"": 3.377067514520604e-10, ""bookkeeping_mode"": ""virtual_ol_d_snapshot"", ""bookkeeping_source"": ""OL_D read-only snapshot"", ""observed_ol_d_before_m"": 3.377067514520604e-10, ""observed_ol_d_time"": ""2020-08-01T00:04:00"", ""requested_step_depth_m"": 5.555555555555556e-06, ""step_volume_m3"": 0.0014222222222222223, ""storage_units"": ""m"", ""target_units"": ""m3/s""}"
2020-08-01 00:04:00,runoff,101,97,default,2020-08-01,2020-09-01,62.0,2678400.0,5.925925925925926e-06,3.348077370901592e-10,-5.555220747818466e-06,positive_daisy_runoff_to_positive_oldr_in_flo_and_negative_storage_sink,,"{""bookkeeping_after_m"": 0.0, ""bookkeeping_before_m"": 3.348077370901592e-10, ""bookkeeping_mode"": ""virtual_ol_d_snapshot"", ""bookkeeping_source"": ""OL_D read-only snapshot"", ""observed_ol_d_before_m"": 3.348077370901592e-10, ""observed_ol_d_time"": ""2020-08-01T00:04:00"", ""requested_step_depth_m"": 5.555555555555556e-06, ""step_volume_m3"": 0.0014222222222222223, ""storage_units"": ""m"", ""target_units"": ""m3/s""}"
2020-08-01 00:04:00,runoff,101,98,default,2020-08-01,2020-09-01,62.0,2678400.0,5.925925925925926e-06,3.297486728115473e-10,-5.555225806882744e-06,positive_daisy_runoff_to_positive_oldr_in_flo_and_negative_storage_sink,,"{""bookkeeping_after_m"": 0.0, ""bookkeeping_before_m"": 3.297486728115473e-10, ""bookkeeping_mode"": ""virtual_ol_d_snapshot"", ""bookkeeping_source"": ""OL_D read-only snapshot"", ""observed_ol_d_before_m"": 3.297486728115473e-10, ""observed_ol_d_time"": ""2020-08-01T00:04:00"", ""requested_step_depth_m"": 5.555555555555556e-06, ""step_volume_m3"": 0.0014222222222222223, ""storage_units"": ""m"", ""target_units"": ""m3/s""}"
2020-08-01 00:04:00,runoff,101,99,default,2020-08-01,2020-09-01,62.0,2678400.0,5.925925925925926e-06,3.1388935894938186e-10,-5.5552416661966064e-06,positive_daisy_runoff_to_positive_oldr_in_flo_and_negative_storage_sink,,"{""bookkeeping_after_m"": 0.0, ""bookkeeping_before_m"": 3.1388935894938186e-10, ""bookkeeping_mode"": ""virtual_ol_d_snapshot"", ""bookkeeping_source"": ""OL_D read-only snapshot"", ""observed_ol_d_before_m"": 3.1388935894938186e-10, ""observed_ol_d_time"": ""2020-08-01T00:04:00"", ""requested_step_depth_m"": 5.555555555555556e-06, ""step_volume_m3"": 0.0014222222222222223, ""storage_units"": ""m"", ""target_units"": ""m3/s""}"
2020-08-01 00:04:00,runoff,101,100,default,2020-08-01,2020-09-01,62.0,2678400.0,5.925925925925926e-06,3.249738256272394e-10,-5.555230581729929e-06,positive_daisy_runoff_to_positive_oldr_in_flo_and_negative_storage_sink,,"{""bookkeeping_after_m"": 0.0, ""bookkeeping_before_m"": 3.249738256272394e-10, ""bookkeeping_mode"": ""virtual_ol_d_snapshot"", ""bookkeeping_source"": ""OL_D read-only snapshot"", ""observed_ol_d_before_m"": 3.249738256272394e-10, ""observed_ol_d_time"": ""2020-08-01T00:04:00"", ""requested_step_depth_m"": 5.555555555555556e-06, ""step_volume_m3"": 0.0014222222222222223, ""storage_units"": ""m"", ""target_units"": ""m3/s""}"
2020-08-01 00:04:00,runoff,101,101,default,2020-08-01,2020-09-01,62.0,2678400.0,5.925925925925926e-06,3.026912054338027e-10,-5.555252864350122e-06,positive_daisy_runoff_to_positive_oldr_in_flo_and_negative_storage_sink,,"{""bookkeeping_after_m"": 0.0, ""bookkeeping_before_m"": 3.026912054338027e-10, ""bookkeeping_mode"": ""virtual_ol_d_snapshot"", ""bookkeeping_source"": ""OL_D read-only snapshot"", ""observed_ol_d_before_m"": 3.026912054338027e-10, ""observed_ol_d_time"": ""2020-08-01T00:04:00"", ""requested_step_depth_m"": 5.555555555555556e-06, ""step_volume_m3"": 0.0014222222222222223, ""storage_units"": ""m"", ""target_units"": ""m3/s""}"
2020-08-01 00:04:00,runoff,101,102,default,2020-08-01,2020-09-01,62.0,2678400.0,5.925925925925926e-06,3.1457147997571155e-10,-5.55524098407558e-06,positive_daisy_runoff_to_positive_oldr_in_flo_and_negative_storage_sink,,"{""bookkeeping_after_m"": 0.0, ""bookkeeping_before_m"": 3.1457147997571155e-10, ""bookkeeping_mode"": ""virtual_ol_d_snapshot"", ""bookkeeping_source"": ""OL_D read-only snapshot"", ""observed_ol_d_before_m"": 3.1457147997571155e-10, ""observed_ol_d_time"": ""2020-08-01T00:04:00"", ""requested_step_depth_m"": 5.555555555555556e-06, ""step_volume_m3"": 0.0014222222222222223, ""storage_units"": ""m"", ""target_units"": ""m3/s""}"
2020-08-01 00:04:00,runoff,101,103,default,2020-08-01,2020-09-01,62.0,2678400.0,5.925925925925926e-06,3.0092905944911763e-10,-5.555254626496107e-06,positive_daisy_runoff_to_positive_oldr_in_flo_and_negative_storage_sink,,"{""bookkeeping_after_m"": 0.0, ""bookkeeping_before_m"": 3.0092905944911763e-10, ""bookkeeping_mode"": ""virtual_ol_d_snapshot"", ""bookkeeping_source"": ""OL_D read-only snapshot"", ""observed_ol_d_before_m"": 3.0092905944911763e-10, ""observed_ol_d_time"": ""2020-08-01T00:04:00"", ""requested_step_depth_m"": 5.555555555555556e-06, ""step_volume_m3"": 0.0014222222222222223, ""storage_units"": ""m"", ""target_units"": ""m3/s""}"
2020-08-01 00:04:00,runoff,101,104,default,2020-08-01,2020-09-01,62.0,2678400.0,5.925925925925926e-06,3.001332515850663e-10,-5.555255422303971e-06,positive_daisy_runoff_to_positive_oldr_in_flo_and_negative_storage_sink,,"{""bookkeeping_after_m"": 0.0, ""bookkeeping_before_m"": 3.001332515850663e-10, ""bookkeeping_mode"": ""virtual_ol_d_snapshot"", ""bookkeeping_source"": ""OL_D read-only snapshot"", ""observed_ol_d_before_m"": 3.001332515850663e-10, ""observed_ol_d_time"": ""2020-08-01T00:04:00"", ""requested_step_depth_m"": 5.555555555555556e-06, ""step_volume_m3"": 0.0014222222222222223, ""storage_units"": ""m"", ""target_units"": ""m3/s""}"
2020-08-01 00:04:00,runoff,101,105,default,2020-08-01,2020-09-01,62.0,2678400.0,5.925925925925926e-06,3.042259777430445e-10,-5.555251329577813e-06,positive_daisy_runoff_to_positive_oldr_in_flo_and_negative_storage_sink,,"{""bookkeeping_after_m"": 0.0, ""bookkeeping_before_m"": 3.042259777430445e-10, ""bookkeeping_mode"": ""virtual_ol_d_snapshot"", ""bookkeeping_source"": ""OL_D read-only snapshot"", ""observed_ol_d_before_m"": 3.042259777430445e-10, ""observed_ol_d_time"": ""2020-08-01T00:04:00"", ""requested_step_depth_m"": 5.555555555555556e-06, ""step_volume_m3"": 0.0014222222222222223, ""storage_units"": ""m"", ""target_units"": ""m3/s""}"
2020-08-01 00:04:00,runoff,101,106,default,2020-08-01,2020-09-01,62.0,2678400.0,5.925925925925926e-06,3.0451019483734854e-10,-5.5552510453607185e-06,positive_daisy_runoff_to_positive_oldr_in_flo_and_negative_storage_sink,,"{""bookkeeping_after_m"": 0.0, ""bookkeeping_before_m"": 3.0451019483734854e-10, ""bookkeeping_mode"": ""virtual_ol_d_snapshot"", ""bookkeeping_source"": ""OL_D read-only snapshot"", ""observed_ol_d_before_m"": 3.0451019483734854e-10, ""observed_ol_d_time"": ""2020-08-01T00:04:00"", ""requested_step_depth_m"": 5.555555555555556e-06, ""step_volume_m3"": 0.0014222222222222223, ""storage_units"": ""m"", ""target_units"": ""m3/s""}"
2020-08-01 00:04:00,runoff,101,107,default,2020-08-01,2020-09-01,62.0,2678400.0,5.925925925925926e-06,3.0524915928253904e-10,-5.555250306396273e-06,positive_daisy_runoff_to_positive_oldr_in_flo_and_negative_storage_sink,,"{""bookkeeping_after_m"": 0.0, ""bookkeeping_before_m"": 3.0524915928253904e-10, ""bookkeeping_mode"": ""virtual_ol_d_snapshot"", ""bookkeeping_source"": ""OL_D read-only snapshot"", ""observed_ol_d_before_m"": 3.0524915928253904e-10, ""observed_ol_d_time"": ""2020-08-01T00:04:00"", ""requested_step_depth_m"": 5.555555555555556e-06, ""step_volume_m3"": 0.0014222222222222223, ""storage_units"": ""m"", ""target_units"": ""m3/s""}"
2020-08-01 00:04:00,runoff,102,65,default,2020-08-01,2020-09-01,62.0,2678400.0,5.925925925925926e-06,3.0092905944911763e-10,-5.555254626496107e-06,positive_daisy_runoff_to_positive_oldr_in_flo_and_negative_storage_sink,,"{""bookkeeping_after_m"": 0.0, ""bookkeeping_before_m"": 3.0092905944911763e-10, ""bookkeeping_mode"": ""virtual_ol_d_snapshot"", ""bookkeeping_source"": ""OL_D read-only snapshot"", ""observed_ol_d_before_m"": 3.0092905944911763e-10, ""observed_ol_d_time"": ""2020-08-01T00:04:00"", ""requested_step_depth_m"": 5.555555555555556e-06, ""step_volume_m3"": 0.0014222222222222223, ""storage_units"": ""m"", ""target_units"": ""m3/s""}"
2020-08-01 00:04:00,runoff,102,66,default,2020-08-01,2020-09-01,62.0,2678400.0,5.925925925925926e-06,3.001332515850663e-10,-5.555255422303971e-06,positive_daisy_runoff_to_positive_oldr_in_flo_and_negative_storage_sink,,"{""bookkeeping_after_m"": 0.0, ""bookkeeping_before_m"": 3.001332515850663e-10, ""bookkeeping_mode"": ""virtual_ol_d_snapshot"", ""bookkeeping_source"": ""OL_D read-only snapshot"", ""observed_ol_d_before_m"": 3.001332515850663e-10, ""observed_ol_d_time"": ""2020-08-01T00:04:00"", ""requested_step_depth_m"": 5.555555555555556e-06, ""step_volume_m3"": 0.0014222222222222223, ""storage_units"": ""m"", ""target_units"": ""m3/s""}"
2020-08-01 00:04:00,runoff,102,67,default,2020-08-01,2020-09-01,62.0,2678400.0,5.925925925925926e-06,-0.0,-5.555555555555556e-06,positive_daisy_runoff_to_positive_oldr_in_flo_and_negative_storage_sink,,"{""bookkeeping_after_m"": 0.0, ""bookkeeping_before_m"": 0.0, ""bookkeeping_mode"": ""virtual_ol_d_snapshot"", ""bookkeeping_source"": ""OL_D read-only snapshot"", ""observed_ol_d_before_m"": 0.0, ""observed_ol_d_time"": ""2020-08-01T00:04:00"", ""requested_step_depth_m"": 5.555555555555556e-06, ""step_volume_m3"": 0.0014222222222222223, ""storage_units"": ""m"", ""target_units"": ""m3/s""}"
2020-08-01 00:04:00,runoff,102,68,default,2020-08-01,2020-09-01,62.0,2678400.0,5.925925925925926e-06,-0.0,-5.555555555555556e-06,positive_daisy_runoff_to_positive_oldr_in_flo_and_negative_storage_sink,,"{""bookkeeping_after_m"": 0.0, ""bookkeeping_before_m"": 0.0, ""bookkeeping_mode"": ""virtual_ol_d_snapshot"", ""bookkeeping_source"": ""OL_D read-only snapshot"", ""observed_ol_d_before_m"": 0.0, ""observed_ol_d_time"": ""2020-08-01T00:04:00"", ""requested_step_depth_m"": 5.555555555555556e-06, ""step_volume_m3"": 0.0014222222222222223, ""storage_units"": ""m"", ""target_units"": ""m3/s""}"
2020-08-01 00:04:00,runoff,102,74,default,2020-08-01,2020-09-01,62.0,2678400.0,5.925925925925926e-06,-0.0,-5.555555555555556e-06,positive_daisy_runoff_to_positive_oldr_in_flo_and_negative_storage_sink,,"{""bookkeeping_after_m"": 0.0, ""bookkeeping_before_m"": 0.0, ""bookkeeping_mode"": ""virtual_ol_d_snapshot"", ""bookkeeping_source"": ""OL_D read-only snapshot"", ""observed_ol_d_before_m"": 0.0, ""observed_ol_d_time"": ""2020-08-01T00:04:00"", ""requested_step_depth_m"": 5.555555555555556e-06, ""step_volume_m3"": 0.0014222222222222223, ""storage_units"": ""m"", ""target_units"": ""m3/s""}"
2020-08-01 00:04:00,runoff,102,75,default,2020-08-01,2020-09-01,62.0,2678400.0,5.925925925925926e-06,3.121840563835576e-10,-5.555243371499172e-06,positive_daisy_runoff_to_positive_oldr_in_flo_and_negative_storage_sink,,"{""bookkeeping_after_m"": 0.0, ""bookkeeping_before_m"": 3.121840563835576e-10, ""bookkeeping_mode"": ""virtual_ol_d_snapshot"", ""bookkeeping_source"": ""OL_D read-only snapshot"", ""observed_ol_d_before_m"": 3.121840563835576e-10, ""observed_ol_d_time"": ""2020-08-01T00:04:00"", ""requested_step_depth_m"": 5.555555555555556e-06, ""step_volume_m3"": 0.0014222222222222223, ""storage_units"": ""m"", ""target_units"": ""m3/s""}"
2020-08-01 00:04:00,runoff,102,76,default,2020-08-01,2020-09-01,62.0,2678400.0,5.925925925925926e-06,3.1320723792305216e-10,-5.555242348317633e-06,positive_daisy_runoff_to_positive_oldr_in_flo_and_negative_storage_sink,,"{""bookkeeping_after_m"": 0.0, ""bookkeeping_before_m"": 3.1320723792305216e-10, ""bookkeeping_mode"": ""virtual_ol_d_snapshot"", ""bookkeeping_source"": ""OL_D read-only snapshot"", ""observed_ol_d_before_m"": 3.1320723792305216e-10, ""observed_ol_d_time"": ""2020-08-01T00:04:00"", ""requested_step_depth_m"": 5.555555555555556e-06, ""step_volume_m3"": 0.0014222222222222223, ""storage_units"": ""m"", ""target_units"": ""m3/s""}"
2020-08-01 00:04:00,runoff,102,77,default,2020-08-01,2020-09-01,62.0,2678400.0,5.925925925925926e-06,3.1309355108533055e-10,-5.5552424620044705e-06,positive_daisy_runoff_to_positive_oldr_in_flo_and_negative_storage_sink,,"{""bookkeeping_after_m"": 0.0, ""bookkeeping_before_m"": 3.1309355108533055e-10, ""bookkeeping_mode"": ""virtual_ol_d_snapshot"", ""bookkeeping_source"": ""OL_D read-only snapshot"", ""observed_ol_d_before_m"": 3.1309355108533055e-10, ""observed_ol_d_time"": ""2020-08-01T00:04:00"", ""requested_step_depth_m"": 5.555555555555556e-06, ""step_volume_m3"": 0.0014222222222222223, ""storage_units"": ""m"", ""target_units"": ""m3/s""}"
2020-08-01 00:04:00,runoff,102,78,default,2020-08-01,2020-09-01,62.0,2678400.0,5.925925925925926e-06,3.1320723792305216e-10,-5.555242348317633e-06,positive_daisy_runoff_to_positive_oldr_in_flo_and_negative_storage_sink,,"{""bookkeeping_after_m"": 0.0, ""bookkeeping_before_m"": 3.1320723792305216e-10, ""bookkeeping_mode"": ""virtual_ol_d_snapshot"", ""bookkeeping_source"": ""OL_D read-only snapshot"", ""observed_ol_d_before_m"": 3.1320723792305216e-10, ""observed_ol_d_time"": ""2020-08-01T00:04:00"", ""requested_step_depth_m"": 5.555555555555556e-06, ""step_volume_m3"": 0.0014222222222222223, ""storage_units"": ""m"", ""target_units"": ""m3/s""}"
2020-08-01 00:04:00,runoff,102,79,default,2020-08-01,2020-09-01,62.0,2678400.0,5.925925925925926e-06,3.115019353572279e-10,-5.555244053620199e-06,positive_daisy_runoff_to_positive_oldr_in_flo_and_negative_storage_sink,,"{""bookkeeping_after_m"": 0.0, ""bookkeeping_before_m"": 3.115019353572279e-10, ""bookkeeping_mode"": ""virtual_ol_d_snapshot"", ""bookkeeping_source"": ""OL_D read-only snapshot"", ""observed_ol_d_before_m"": 3.115019353572279e-10, ""observed_ol_d_time"": ""2020-08-01T00:04:00"", ""requested_step_depth_m"": 5.555555555555556e-06, ""step_volume_m3"": 0.0014222222222222223, ""storage_units"": ""m"", ""target_units"": ""m3/s""}"
2020-08-01 00:04:00,runoff,102,80,default,2020-08-01,2020-09-01,62.0,2678400.0,5.925925925925926e-06,3.126388037344441e-10,-5.555242916751821e-06,positive_daisy_runoff_to_positive_oldr_in_flo_and_negative_storage_sink,,"{""bookkeeping_after_m"": 0.0, ""bookkeeping_before_m"": 3.126388037344441e-10, ""bookkeeping_mode"": ""virtual_ol_d_snapshot"", ""bookkeeping_source"": ""OL_D read-only snapshot"", ""observed_ol_d_before_m"": 3.126388037344441e-10, ""observed_ol_d_time"": ""2020-08-01T00:04:00"", ""requested_step_depth_m"": 5.555555555555556e-06, ""step_volume_m3"": 0.0014222222222222223, ""storage_units"": ""m"", ""target_units"": ""m3/s""}"
2020-08-01 00:04:00,runoff,102,81,default,2020-08-01,2020-09-01,62.0,2678400.0,5.925925925925926e-06,3.10592440655455e-10,-5.5552449631149e-06,positive_daisy_runoff_to_positive_oldr_in_flo_and_negative_storage_sink,,"{""bookkeeping_after_m"": 0.0, ""bookkeeping_before_m"": 3.10592440655455e-10, ""bookkeeping_mode"": ""virtual_ol_d_snapshot"", ""bookkeeping_source"": ""OL_D read-only snapshot"", ""observed_ol_d_before_m"": 3.10592440655455e-10, ""observed_ol_d_time"": ""2020-08-01T00:04:00"", ""requested_step_depth_m"": 5.555555555555556e-06, ""step_volume_m3"": 0.0014222222222222223, ""storage_units"": ""m"", ""target_units"": ""m3/s""}"
2020-08-01 00:04:00,runoff,102,82,default,2020-08-01,2020-09-01,62.0,2678400.0,5.925925925925926e-06,3.104787538177334e-10,-5.555245076801738e-06,positive_daisy_runoff_to_positive_oldr_in_flo_and_negative_storage_sink,,"{""bookkeeping_after_m"": 0.0, ""bookkeeping_before_m"": 3.104787538177334e-10, ""bookkeeping_mode"": ""virtual_ol_d_snapshot"", ""bookkeeping_source"": ""OL_D read-only snapshot"", ""observed_ol_d_before_m"": 3.104787538177334e-10, ""observed_ol_d_time"": ""2020-08-01T00:04:00"", ""requested_step_depth_m"": 5.555555555555556e-06, ""step_volume_m3"": 0.0014222222222222223, ""storage_units"": ""m"", ""target_units"": ""m3/s""}"
2020-08-01 00:04:00,runoff,102,83,default,2020-08-01,2020-09-01,62.0,2678400.0,5.925925925925926e-06,3.1036506698001176e-10,-5.555245190488576e-06,positive_daisy_runoff_to_positive_oldr_in_flo_and_negative_storage_sink,,"{""bookkeeping_after_m"": 0.0, ""bookkeeping_before_m"": 3.1036506698001176e-10, ""bookkeeping_mode"": ""virtual_ol_d_snapshot"", ""bookkeeping_source"": ""OL_D read-only snapshot"", ""observed_ol_d_before_m"": 3.1036506698001176e-10, ""observed_ol_d_time"": ""2020-08-01T00:04:00"", ""requested_step_depth_m"": 5.555555555555556e-06, ""step_volume_m3"": 0.0014222222222222223, ""storage_units"": ""m"", ""target_units"": ""m3/s""}"
2020-08-01 00:04:00,runoff,102,84,default,2020-08-01,2020-09-01,62.0,2678400.0,5.925925925925926e-06,3.104787538177334e-10,-5.555245076801738e-06,positive_daisy_runoff_to_positive_oldr_in_flo_and_negative_storage_sink,,"{""bookkeeping_after_m"": 0.0, ""bookkeeping_before_m"": 3.104787538177334e-10, ""bookkeeping_mode"": ""virtual_ol_d_snapshot"", ""bookkeeping_source"": ""OL_D read-only snapshot"", ""observed_ol_d_before_m"": 3.104787538177334e-10, ""observed_ol_d_time"": ""2020-08-01T00:04:00"", ""requested_step_depth_m"": 5.555555555555556e-06, ""step_volume_m3"": 0.0014222222222222223, ""storage_units"": ""m"", ""target_units"": ""m3/s""}"
2020-08-01 00:04:00,runoff,102,85,default,2020-08-01,2020-09-01,62.0,2678400.0,5.925925925925926e-06,3.1093350116861984e-10,-5.555244622054387e-06,positive_daisy_runoff_to_positive_oldr_in_flo_and_negative_storage_sink,,"{""bookkeeping_after_m"": 0.0, ""bookkeeping_before_m"": 3.1093350116861984e-10, ""bookkeeping_mode"": ""virtual_ol_d_snapshot"", ""bookkeeping_source"": ""OL_D read-only snapshot"", ""observed_ol_d_before_m"": 3.1093350116861984e-10, ""observed_ol_d_time"": ""2020-08-01T00:04:00"", ""requested_step_depth_m"": 5.555555555555556e-06, ""step_volume_m3"": 0.0014222222222222223, ""storage_units"": ""m"", ""target_units"": ""m3/s""}"
2020-08-01 00:04:00,runoff,102,86,default,2020-08-01,2020-09-01,62.0,2678400.0,5.925925925925926e-06,3.104787538177334e-10,-5.555245076801738e-06,positive_daisy_runoff_to_positive_oldr_in_flo_and_negative_storage_sink,,"{""bookkeeping_after_m"": 0.0, ""bookkeeping_before_m"": 3.104787538177334e-10, ""bookkeeping_mode"": ""virtual_ol_d_snapshot"", ""bookkeeping_source"": ""OL_D read-only snapshot"", ""observed_ol_d_before_m"": 3.104787538177334e-10, ""observed_ol_d_time"": ""2020-08-01T00:04:00"", ""requested_step_depth_m"": 5.555555555555556e-06, ""step_volume_m3"": 0.0014222222222222223, ""storage_units"": ""m"", ""target_units"": ""m3/s""}"
2020-08-01 00:04:00,runoff,102,87,default,2020-08-01,2020-09-01,62.0,2678400.0,5.925925925925926e-06,3.1036506698001176e-10,-5.555245190488576e-06,positive_daisy_runoff_to_positive_oldr_in_flo_and_negative_storage_sink,,"{""bookkeeping_after_m"": 0.0, ""bookkeeping_before_m"": 3.1036506698001176e-10, ""bookkeeping_mode"": ""virtual_ol_d_snapshot"", ""bookkeeping_source"": ""OL_D read-only snapshot"", ""observed_ol_d_before_m"": 3.1036506698001176e-10, ""observed_ol_d_time"": ""2020-08-01T00:04:00"", ""requested_step_depth_m"": 5.555555555555556e-06, ""step_volume_m3"": 0.0014222222222222223, ""storage_units"": ""m"", ""target_units"": ""m3/s""}"
2020-08-01 00:04:00,runoff,102,88,default,2020-08-01,2020-09-01,62.0,2678400.0,5.925925925925926e-06,3.0524915928253904e-10,-5.555250306396273e-06,positive_daisy_runoff_to_positive_oldr_in_flo_and_negative_storage_sink,,"{""bookkeeping_after_m"": 0.0, ""bookkeeping_before_m"": 3.0524915928253904e-10, ""bookkeeping_mode"": ""virtual_ol_d_snapshot"", ""bookkeeping_source"": ""OL_D read-only snapshot"", ""observed_ol_d_before_m"": 3.0524915928253904e-10, ""observed_ol_d_time"": ""2020-08-01T00:04:00"", ""requested_step_depth_m"": 5.555555555555556e-06, ""step_volume_m3"": 0.0014222222222222223, ""storage_units"": ""m"", ""target_units"": ""m3/s""}"
2020-08-01 00:04:00,runoff,102,89,default,2020-08-01,2020-09-01,62.0,2678400.0,5.925925925925926e-06,2.9979219107190147e-10,-5.555255763364484e-06,positive_daisy_runoff_to_positive_oldr_in_flo_and_negative_storage_sink,,"{""bookkeeping_after_m"": 0.0, ""bookkeeping_before_m"": 2.9979219107190147e-10, ""bookkeeping_mode"": ""virtual_ol_d_snapshot"", ""bookkeeping_source"": ""OL_D read-only snapshot"", ""observed_ol_d_before_m"": 2.9979219107190147e-10, ""observed_ol_d_time"": ""2020-08-01T00:04:00"", ""requested_step_depth_m"": 5.555555555555556e-06, ""step_volume_m3"": 0.0014222222222222223, ""storage_units"": ""m"", ""target_units"": ""m3/s""}"
2020-08-01 00:04:00,runoff,102,90,default,2020-08-01,2020-09-01,62.0,2678400.0,5.925925925925926e-06,3.1036506698001176e-10,-5.555245190488576e-06,positive_daisy_runoff_to_positive_oldr_in_flo_and_negative_storage_sink,,"{""bookkeeping_after_m"": 0.0, ""bookkeeping_before_m"": 3.1036506698001176e-10, ""bookkeeping_mode"": ""virtual_ol_d_snapshot"", ""bookkeeping_source"": ""OL_D read-only snapshot"", ""observed_ol_d_before_m"": 3.1036506698001176e-10, ""observed_ol_d_time"": ""2020-08-01T00:04:00"", ""requested_step_depth_m"": 5.555555555555556e-06, ""step_volume_m3"": 0.0014222222222222223, ""storage_units"": ""m"", ""target_units"": ""m3/s""}"
2020-08-01 00:04:00,runoff,102,91,default,2020-08-01,2020-09-01,62.0,2678400.0,5.925925925925926e-06,3.049080987693742e-10,-5.5552506474567864e-06,positive_daisy_runoff_to_positive_oldr_in_flo_and_negative_storage_sink,,"{""bookkeeping_after_m"": 0.0, ""bookkeeping_before_m"": 3.049080987693742e-10, ""bookkeeping_mode"": ""virtual_ol_d_snapshot"", ""bookkeeping_source"": ""OL_D read-only snapshot"", ""observed_ol_d_before_m"": 3.049080987693742e-10, ""observed_ol_d_time"": ""2020-08-01T00:04:00"", ""requested_step_depth_m"": 5.555555555555556e-06, ""step_volume_m3"": 0.0014222222222222223, ""storage_units"": ""m"", ""target_units"": ""m3/s""}"
2020-08-01 00:04:00,runoff,102,92,default,2020-08-01,2020-09-01,62.0,2678400.0,5.925925925925926e-06,3.0024693842278793e-10,-5.555255308617133e-06,positive_daisy_runoff_to_positive_oldr_in_flo_and_negative_storage_sink,,"{""bookkeeping_after_m"": 0.0, ""bookkeeping_before_m"": 3.0024693842278793e-10, ""bookkeeping_mode"": ""virtual_ol_d_snapshot"", ""bookkeeping_source"": ""OL_D read-only snapshot"", ""observed_ol_d_before_m"": 3.0024693842278793e-10, ""observed_ol_d_time"": ""2020-08-01T00:04:00"", ""requested_step_depth_m"": 5.555555555555556e-06, ""step_volume_m3"": 0.0014222222222222223, ""storage_units"": ""m"", ""target_units"": ""m3/s""}"
2020-08-01 00:04:00,runoff,102,93,default,2020-08-01,2020-09-01,62.0,2678400.0,5.925925925925926e-06,3.0104274628683925e-10,-5.555254512809269e-06,positive_daisy_runoff_to_positive_oldr_in_flo_and_negative_storage_sink,,"{""bookkeeping_after_m"": 0.0, ""bookkeeping_before_m"": 3.0104274628683925e-10, ""bookkeeping_mode"": ""virtual_ol_d_snapshot"", ""bookkeeping_source"": ""OL_D read-only snapshot"", ""observed_ol_d_before_m"": 3.0104274628683925e-10, ""observed_ol_d_time"": ""2020-08-01T00:04:00"", ""requested_step_depth_m"": 5.555555555555556e-06, ""step_volume_m3"": 0.0014222222222222223, ""storage_units"": ""m"", ""target_units"": ""m3/s""}"
2020-08-01 00:04:00,runoff,102,94,default,2020-08-01,2020-09-01,62.0,2678400.0,5.925925925925926e-06,3.183799890393857e-10,-5.5552371755665164e-06,positive_daisy_runoff_to_positive_oldr_in_flo_and_negative_storage_sink,,"{""bookkeeping_after_m"": 0.0, ""bookkeeping_before_m"": 3.183799890393857e-10, ""bookkeeping_mode"": ""virtual_ol_d_snapshot"", ""bookkeeping_source"": ""OL_D read-only snapshot"", ""observed_ol_d_before_m"": 3.183799890393857e-10, ""observed_ol_d_time"": ""2020-08-01T00:04:00"", ""requested_step_depth_m"": 5.555555555555556e-06, ""step_volume_m3"": 0.0014222222222222223, ""storage_units"": ""m"", ""target_units"": ""m3/s""}"
2020-08-01 00:04:00,runoff,102,95,default,2020-08-01,2020-09-01,62.0,2678400.0,5.925925925925926e-06,3.2031266528065316e-10,-5.555235242890275e-06,positive_daisy_runoff_to_positive_oldr_in_flo_and_negative_storage_sink,,"{""bookkeeping_after_m"": 0.0, ""bookkeeping_before_m"": 3.2031266528065316e-10, ""bookkeeping_mode"": ""virtual_ol_d_snapshot"", ""bookkeeping_source"": ""OL_D read-only snapshot"", ""observed_ol_d_before_m"": 3.2031266528065316e-10, ""observed_ol_d_time"": ""2020-08-01T00:04:00"", ""requested_step_depth_m"": 5.555555555555556e-06, ""step_volume_m3"": 0.0014222222222222223, ""storage_units"": ""m"", ""target_units"": ""m3/s""}"
2020-08-01 00:04:00,runoff,102,96,default,2020-08-01,2020-09-01,62.0,2678400.0,5.925925925925926e-06,3.1951685741660185e-10,-5.555236038698139e-06,positive_daisy_runoff_to_positive_oldr_in_flo_and_negative_storage_sink,,"{""bookkeeping_after_m"": 0.0, ""bookkeeping_before_m"": 3.1951685741660185e-10, ""bookkeeping_mode"": ""virtual_ol_d_snapshot"", ""bookkeeping_source"": ""OL_D read-only snapshot"", ""observed_ol_d_before_m"": 3.1951685741660185e-10, ""observed_ol_d_time"": ""2020-08-01T00:04:00"", ""requested_step_depth_m"": 5.555555555555556e-06, ""step_volume_m3"": 0.0014222222222222223, ""storage_units"": ""m"", ""target_units"": ""m3/s""}"
2020-08-01 00:04:00,runoff,102,97,default,2020-08-01,2020-09-01,62.0,2678400.0,5.925925925925926e-06,3.1741365091875196e-10,-5.555238141904637e-06,positive_daisy_runoff_to_positive_oldr_in_flo_and_negative_storage_sink,,"{""bookkeeping_after_m"": 0.0, ""bookkeeping_before_m"": 3.1741365091875196e-10, ""bookkeeping_mode"": ""virtual_ol_d_snapshot"", ""bookkeeping_source"": ""OL_D read-only snapshot"", ""observed_ol_d_before_m"": 3.1741365091875196e-10, ""observed_ol_d_time"": ""2020-08-01T00:04:00"", ""requested_step_depth_m"": 5.555555555555556e-06, ""step_volume_m3"": 0.0014222222222222223, ""storage_units"": ""m"", ""target_units"": ""m3/s""}"
2020-08-01 00:04:00,runoff,102,98,default,2020-08-01,2020-09-01,62.0,2678400.0,5.925925925925926e-06,3.041122909053229e-10,-5.5552514432646505e-06,positive_daisy_runoff_to_positive_oldr_in_flo_and_negative_storage_sink,,"{""bookkeeping_after_m"": 0.0, ""bookkeeping_before_m"": 3.041122909053229e-10, ""bookkeeping_mode"": ""virtual_ol_d_snapshot"", ""bookkeeping_source"": ""OL_D read-only snapshot"", ""observed_ol_d_before_m"": 3.041122909053229e-10, ""observed_ol_d_time"": ""2020-08-01T00:04:00"", ""requested_step_depth_m"": 5.555555555555556e-06, ""step_volume_m3"": 0.0014222222222222223, ""storage_units"": ""m"", ""target_units"": ""m3/s""}"
2020-08-01 00:04:00,runoff,102,99,default,2020-08-01,2020-09-01,62.0,2678400.0,5.925925925925926e-06,3.177547114319168e-10,-5.555237800844124e-06,positive_daisy_runoff_to_positive_oldr_in_flo_and_negative_storage_sink,,"{""bookkeeping_after_m"": 0.0, ""bookkeeping_before_m"": 3.177547114319168e-10, ""bookkeeping_mode"": ""virtual_ol_d_snapshot"", ""bookkeeping_source"": ""OL_D read-only snapshot"", ""observed_ol_d_before_m"": 3.177547114319168e-10, ""observed_ol_d_time"": ""2020-08-01T00:04:00"", ""requested_step_depth_m"": 5.555555555555556e-06, ""step_volume_m3"": 0.0014222222222222223, ""storage_units"": ""m"", ""target_units"": ""m3/s""}"
2020-08-01 00:04:00,runoff,102,100,default,2020-08-01,2020-09-01,62.0,2678400.0,5.925925925925926e-06,3.312266017019283e-10,-5.555224328953854e-06,positive_daisy_runoff_to_positive_oldr_in_flo_and_negative_storage_sink,,"{""bookkeeping_after_m"": 0.0, ""bookkeeping_before_m"": 3.312266017019283e-10, ""bookkeeping_mode"": ""virtual_ol_d_snapshot"", ""bookkeeping_source"": ""OL_D read-only snapshot"", ""observed_ol_d_before_m"": 3.312266017019283e-10, ""observed_ol_d_time"": ""2020-08-01T00:04:00"", ""requested_step_depth_m"": 5.555555555555556e-06, ""step_volume_m3"": 0.0014222222222222223, ""storage_units"": ""m"", ""target_units"": ""m3/s""}"
2020-08-01 00:04:00,runoff,102,101,default,2020-08-01,2020-09-01,62.0,2678400.0,5.925925925925926e-06,3.1172930903267115e-10,-5.555243826246523e-06,positive_daisy_runoff_to_positive_oldr_in_flo_and_negative_storage_sink,,"{""bookkeeping_after_m"": 0.0, ""bookkeeping_before_m"": 3.1172930903267115e-10, ""bookkeeping_mode"": ""virtual_ol_d_snapshot"", ""bookkeeping_source"": ""OL_D read-only snapshot"", ""observed_ol_d_before_m"": 3.1172930903267115e-10, ""observed_ol_d_time"": ""2020-08-01T00:04:00"", ""requested_step_depth_m"": 5.555555555555556e-06, ""step_volume_m3"": 0.0014222222222222223, ""storage_units"": ""m"", ""target_units"": ""m3/s""}"
2020-08-01 00:04:00,runoff,102,102,default,2020-08-01,2020-09-01,62.0,2678400.0,5.925925925925926e-06,3.3867308957269415e-10,-5.555216882465983e-06,positive_daisy_runoff_to_positive_oldr_in_flo_and_negative_storage_sink,,"{""bookkeeping_after_m"": 0.0, ""bookkeeping_before_m"": 3.3867308957269415e-10, ""bookkeeping_mode"": ""virtual_ol_d_snapshot"", ""bookkeeping_source"": ""OL_D read-only snapshot"", ""observed_ol_d_before_m"": 3.3867308957269415e-10, ""observed_ol_d_time"": ""2020-08-01T00:04:00"", ""requested_step_depth_m"": 5.555555555555556e-06, ""step_volume_m3"": 0.0014222222222222223, ""storage_units"": ""m"", ""target_units"": ""m3/s""}"
2020-08-01 00:04:00,runoff,102,103,default,2020-08-01,2020-09-01,62.0,2678400.0,5.925925925925926e-06,3.0740920919924974e-10,-5.5552481463463566e-06,positive_daisy_runoff_to_positive_oldr_in_flo_and_negative_storage_sink,,"{""bookkeeping_after_m"": 0.0, ""bookkeeping_before_m"": 3.0740920919924974e-10, ""bookkeeping_mode"": ""virtual_ol_d_snapshot"", ""bookkeeping_source"": ""OL_D read-only snapshot"", ""observed_ol_d_before_m"": 3.0740920919924974e-10, ""observed_ol_d_time"": ""2020-08-01T00:04:00"", ""requested_step_depth_m"": 5.555555555555556e-06, ""step_volume_m3"": 0.0014222222222222223, ""storage_units"": ""m"", ""target_units"": ""m3/s""}"
2020-08-01 00:04:00,runoff,102,104,default,2020-08-01,2020-09-01,62.0,2678400.0,5.925925925925926e-06,3.177547114319168e-10,-5.555237800844124e-06,positive_daisy_runoff_to_positive_oldr_in_flo_and_negative_storage_sink,,"{""bookkeeping_after_m"": 0.0, ""bookkeeping_before_m"": 3.177547114319168e-10, ""bookkeeping_mode"": ""virtual_ol_d_snapshot"", ""bookkeeping_source"": ""OL_D read-only snapshot"", ""observed_ol_d_before_m"": 3.177547114319168e-10, ""observed_ol_d_time"": ""2020-08-01T00:04:00"", ""requested_step_depth_m"": 5.555555555555556e-06, ""step_volume_m3"": 0.0014222222222222223, ""storage_units"": ""m"", ""target_units"": ""m3/s""}"
2020-08-01 00:04:00,runoff,102,105,default,2020-08-01,2020-09-01,62.0,2678400.0,5.925925925925926e-06,3.07920799968997e-10,-5.555247634755587e-06,positive_daisy_runoff_to_positive_oldr_in_flo_and_negative_storage_sink,,"{""bookkeeping_after_m"": 0.0, ""bookkeeping_before_m"": 3.07920799968997e-10, ""bookkeeping_mode"": ""virtual_ol_d_snapshot"", ""bookkeeping_source"": ""OL_D read-only snapshot"", ""observed_ol_d_before_m"": 3.07920799968997e-10, ""observed_ol_d_time"": ""2020-08-01T00:04:00"", ""requested_step_depth_m"": 5.555555555555556e-06, ""step_volume_m3"": 0.0014222222222222223, ""storage_units"": ""m"", ""target_units"": ""m3/s""}"
2020-08-01 00:04:00,runoff,102,106,default,2020-08-01,2020-09-01,62.0,2678400.0,5.925925925925926e-06,3.000764081662055e-10,-5.55525547914739e-06,positive_daisy_runoff_to_positive_oldr_in_flo_and_negative_storage_sink,,"{""bookkeeping_after_m"": 0.0, ""bookkeeping_before_m"": 3.000764081662055e-10, ""bookkeeping_mode"": ""virtual_ol_d_snapshot"", ""bookkeeping_source"": ""OL_D read-only snapshot"", ""observed_ol_d_before_m"": 3.000764081662055e-10, ""observed_ol_d_time"": ""2020-08-01T00:04:00"", ""requested_step_depth_m"": 5.555555555555556e-06, ""step_volume_m3"": 0.0014222222222222223, ""storage_units"": ""m"", ""target_units"": ""m3/s""}"
2020-08-01 00:04:00,runoff,103,72,default,2020-08-01,2020-09-01,62.0,2678400.0,5.925925925925926e-06,-0.0,-5.555555555555556e-06,positive_daisy_runoff_to_positive_oldr_in_flo_and_negative_storage_sink,,"{""bookkeeping_after_m"": 0.0, ""bookkeeping_before_m"": 0.0, ""bookkeeping_mode"": ""virtual_ol_d_snapshot"", ""bookkeeping_source"": ""OL_D read-only snapshot"", ""observed_ol_d_before_m"": 0.0, ""observed_ol_d_time"": ""2020-08-01T00:04:00"", ""requested_step_depth_m"": 5.555555555555556e-06, ""step_volume_m3"": 0.0014222222222222223, ""storage_units"": ""m"", ""target_units"": ""m3/s""}"
2020-08-01 00:04:00,runoff,103,73,default,2020-08-01,2020-09-01,62.0,2678400.0,5.925925925925926e-06,-0.0,-5.555555555555556e-06,positive_daisy_runoff_to_positive_oldr_in_flo_and_negative_storage_sink,,"{""bookkeeping_after_m"": 0.0, ""bookkeeping_before_m"": 0.0, ""bookkeeping_mode"": ""virtual_ol_d_snapshot"", ""bookkeeping_source"": ""OL_D read-only snapshot"", ""observed_ol_d_before_m"": 0.0, ""observed_ol_d_time"": ""2020-08-01T00:04:00"", ""requested_step_depth_m"": 5.555555555555556e-06, ""step_volume_m3"": 0.0014222222222222223, ""storage_units"": ""m"", ""target_units"": ""m3/s""}"
2020-08-01 00:04:00,runoff,103,74,default,2020-08-01,2020-09-01,62.0,2678400.0,5.925925925925926e-06,3.1309355108533055e-10,-5.5552424620044705e-06,positive_daisy_runoff_to_positive_oldr_in_flo_and_negative_storage_sink,,"{""bookkeeping_after_m"": 0.0, ""bookkeeping_before_m"": 3.1309355108533055e-10, ""bookkeeping_mode"": ""virtual_ol_d_snapshot"", ""bookkeeping_source"": ""OL_D read-only snapshot"", ""observed_ol_d_before_m"": 3.1309355108533055e-10, ""observed_ol_d_time"": ""2020-08-01T00:04:00"", ""requested_step_depth_m"": 5.555555555555556e-06, ""step_volume_m3"": 0.0014222222222222223, ""storage_units"": ""m"", ""target_units"": ""m3/s""}"
2020-08-01 00:04:00,runoff,103,75,default,2020-08-01,2020-09-01,62.0,2678400.0,5.925925925925926e-06,3.1320723792305216e-10,-5.555242348317633e-06,positive_daisy_runoff_to_positive_oldr_in_flo_and_negative_storage_sink,,"{""bookkeeping_after_m"": 0.0, ""bookkeeping_before_m"": 3.1320723792305216e-10, ""bookkeeping_mode"": ""virtual_ol_d_snapshot"", ""bookkeeping_source"": ""OL_D read-only snapshot"", ""observed_ol_d_before_m"": 3.1320723792305216e-10, ""observed_ol_d_time"": ""2020-08-01T00:04:00"", ""requested_step_depth_m"": 5.555555555555556e-06, ""step_volume_m3"": 0.0014222222222222223, ""storage_units"": ""m"", ""target_units"": ""m3/s""}"
2020-08-01 00:04:00,runoff,103,76,default,2020-08-01,2020-09-01,62.0,2678400.0,5.925925925925926e-06,3.133209247607738e-10,-5.555242234630795e-06,positive_daisy_runoff_to_positive_oldr_in_flo_and_negative_storage_sink,,"{""bookkeeping_after_m"": 0.0, ""bookkeeping_before_m"": 3.133209247607738e-10, ""bookkeeping_mode"": ""virtual_ol_d_snapshot"", ""bookkeeping_source"": ""OL_D read-only snapshot"", ""observed_ol_d_before_m"": 3.133209247607738e-10, ""observed_ol_d_time"": ""2020-08-01T00:04:00"", ""requested_step_depth_m"": 5.555555555555556e-06, ""step_volume_m3"": 0.0014222222222222223, ""storage_units"": ""m"", ""target_units"": ""m3/s""}"
2020-08-01 00:04:00,runoff,103,77,default,2020-08-01,2020-09-01,62.0,2678400.0,5.925925925925926e-06,3.115019353572279e-10,-5.555244053620199e-06,positive_daisy_runoff_to_positive_oldr_in_flo_and_negative_storage_sink,,"{""bookkeeping_after_m"": 0.0, ""bookkeeping_before_m"": 3.115019353572279e-10, ""bookkeeping_mode"": ""virtual_ol_d_snapshot"", ""bookkeeping_source"": ""OL_D read-only snapshot"", ""observed_ol_d_before_m"": 3.115019353572279e-10, ""observed_ol_d_time"": ""2020-08-01T00:04:00"", ""requested_step_depth_m"": 5.555555555555556e-06, ""step_volume_m3"": 0.0014222222222222223, ""storage_units"": ""m"", ""target_units"": ""m3/s""}"
2020-08-01 00:04:00,runoff,103,78,default,2020-08-01,2020-09-01,62.0,2678400.0,5.925925925925926e-06,3.115019353572279e-10,-5.555244053620199e-06,positive_daisy_runoff_to_positive_oldr_in_flo_and_negative_storage_sink,,"{""bookkeeping_after_m"": 0.0, ""bookkeeping_before_m"": 3.115019353572279e-10, ""bookkeeping_mode"": ""virtual_ol_d_snapshot"", ""bookkeeping_source"": ""OL_D read-only snapshot"", ""observed_ol_d_before_m"": 3.115019353572279e-10, ""observed_ol_d_time"": ""2020-08-01T00:04:00"", ""requested_step_depth_m"": 5.555555555555556e-06, ""step_volume_m3"": 0.0014222222222222223, ""storage_units"": ""m"", ""target_units"": ""m3/s""}"
2020-08-01 00:04:00,runoff,103,79,default,2020-08-01,2020-09-01,62.0,2678400.0,5.925925925925926e-06,3.051354724448174e-10,-5.555250420083111e-06,positive_daisy_runoff_to_positive_oldr_in_flo_and_negative_storage_sink,,"{""bookkeeping_after_m"": 0.0, ""bookkeeping_before_m"": 3.051354724448174e-10, ""bookkeeping_mode"": ""virtual_ol_d_snapshot"", ""bookkeeping_source"": ""OL_D read-only snapshot"", ""observed_ol_d_before_m"": 3.051354724448174e-10, ""observed_ol_d_time"": ""2020-08-01T00:04:00"", ""requested_step_depth_m"": 5.555555555555556e-06, ""step_volume_m3"": 0.0014222222222222223, ""storage_units"": ""m"", ""target_units"": ""m3/s""}"
2020-08-01 00:04:00,runoff,103,80,default,2020-08-01,2020-09-01,62.0,2678400.0,5.925925925925926e-06,3.051354724448174e-10,-5.555250420083111e-06,positive_daisy_runoff_to_positive_oldr_in_flo_and_negative_storage_sink,,"{""bookkeeping_after_m"": 0.0, ""bookkeeping_before_m"": 3.051354724448174e-10, ""bookkeeping_mode"": ""virtual_ol_d_snapshot"", ""bookkeeping_source"": ""OL_D read-only snapshot"", ""observed_ol_d_before_m"": 3.051354724448174e-10, ""observed_ol_d_time"": ""2020-08-01T00:04:00"", ""requested_step_depth_m"": 5.555555555555556e-06, ""step_volume_m3"": 0.0014222222222222223, ""storage_units"": ""m"", ""target_units"": ""m3/s""}"
2020-08-01 00:04:00,runoff,103,81,default,2020-08-01,2020-09-01,62.0,2678400.0,5.925925925925926e-06,3.1036506698001176e-10,-5.555245190488576e-06,positive_daisy_runoff_to_positive_oldr_in_flo_and_negative_storage_sink,,"{""bookkeeping_after_m"": 0.0, ""bookkeeping_before_m"": 3.1036506698001176e-10, ""bookkeeping_mode"": ""virtual_ol_d_snapshot"", ""bookkeeping_source"": ""OL_D read-only snapshot"", ""observed_ol_d_before_m"": 3.1036506698001176e-10, ""observed_ol_d_time"": ""2020-08-01T00:04:00"", ""requested_step_depth_m"": 5.555555555555556e-06, ""step_volume_m3"": 0.0014222222222222223, ""storage_units"": ""m"", ""target_units"": ""m3/s""}"
2020-08-01 00:04:00,runoff,103,82,default,2020-08-01,2020-09-01,62.0,2678400.0,5.925925925925926e-06,3.104787538177334e-10,-5.555245076801738e-06,positive_daisy_runoff_to_positive_oldr_in_flo_and_negative_storage_sink,,"{""bookkeeping_after_m"": 0.0, ""bookkeeping_before_m"": 3.104787538177334e-10, ""bookkeeping_mode"": ""virtual_ol_d_snapshot"", ""bookkeeping_source"": ""OL_D read-only snapshot"", ""observed_ol_d_before_m"": 3.104787538177334e-10, ""observed_ol_d_time"": ""2020-08-01T00:04:00"", ""requested_step_depth_m"": 5.555555555555556e-06, ""step_volume_m3"": 0.0014222222222222223, ""storage_units"": ""m"", ""target_units"": ""m3/s""}"
2020-08-01 00:04:00,runoff,103,83,default,2020-08-01,2020-09-01,62.0,2678400.0,5.925925925925926e-06,3.099103196291253e-10,-5.555245645235927e-06,positive_daisy_runoff_to_positive_oldr_in_flo_and_negative_storage_sink,,"{""bookkeeping_after_m"": 0.0, ""bookkeeping_before_m"": 3.099103196291253e-10, ""bookkeeping_mode"": ""virtual_ol_d_snapshot"", ""bookkeeping_source"": ""OL_D read-only snapshot"", ""observed_ol_d_before_m"": 3.099103196291253e-10, ""observed_ol_d_time"": ""2020-08-01T00:04:00"", ""requested_step_depth_m"": 5.555555555555556e-06, ""step_volume_m3"": 0.0014222222222222223, ""storage_units"": ""m"", ""target_units"": ""m3/s""}"
2020-08-01 00:04:00,runoff,103,84,default,2020-08-01,2020-09-01,62.0,2678400.0,5.925925925925926e-06,3.035438567167148e-10,-5.555252011698839e-06,positive_daisy_runoff_to_positive_oldr_in_flo_and_negative_storage_sink,,"{""bookkeeping_after_m"": 0.0, ""bookkeeping_before_m"": 3.035438567167148e-10, ""bookkeeping_mode"": ""virtual_ol_d_snapshot"", ""bookkeeping_source"": ""OL_D read-only snapshot"", ""observed_ol_d_before_m"": 3.035438567167148e-10, ""observed_ol_d_time"": ""2020-08-01T00:04:00"", ""requested_step_depth_m"": 5.555555555555556e-06, ""step_volume_m3"": 0.0014222222222222223, ""storage_units"": ""m"", ""target_units"": ""m3/s""}"
2020-08-01 00:04:00,runoff,103,85,default,2020-08-01,2020-09-01,62.0,2678400.0,5.925925925925926e-06,3.0399860406760126e-10,-5.555251556951488e-06,positive_daisy_runoff_to_positive_oldr_in_flo_and_negative_storage_sink,,"{""bookkeeping_after_m"": 0.0, ""bookkeeping_before_m"": 3.0399860406760126e-10, ""bookkeeping_mode"": ""virtual_ol_d_snapshot"", ""bookkeeping_source"": ""OL_D read-only snapshot"", ""observed_ol_d_before_m"": 3.0399860406760126e-10, ""observed_ol_d_time"": ""2020-08-01T00:04:00"", ""requested_step_depth_m"": 5.555555555555556e-06, ""step_volume_m3"": 0.0014222222222222223, ""storage_units"": ""m"", ""target_units"": ""m3/s""}"
2020-08-01 00:04:00,runoff,103,86,default,2020-08-01,2020-09-01,62.0,2678400.0,5.925925925925926e-06,3.0036062526050955e-10,-5.555255194930295e-06,positive_daisy_runoff_to_positive_oldr_in_flo_and_negative_storage_sink,,"{""bookkeeping_after_m"": 0.0, ""bookkeeping_before_m"": 3.0036062526050955e-10, ""bookkeeping_mode"": ""virtual_ol_d_snapshot"", ""bookkeeping_source"": ""OL_D read-only snapshot"", ""observed_ol_d_before_m"": 3.0036062526050955e-10, ""observed_ol_d_time"": ""2020-08-01T00:04:00"", ""requested_step_depth_m"": 5.555555555555556e-06, ""step_volume_m3"": 0.0014222222222222223, ""storage_units"": ""m"", ""target_units"": ""m3/s""}"
2020-08-01 00:04:00,runoff,103,87,default,2020-08-01,2020-09-01,62.0,2678400.0,5.925925925925926e-06,2.99337443721015e-10,-5.555256218111835e-06,positive_daisy_runoff_to_positive_oldr_in_flo_and_negative_storage_sink,,"{""bookkeeping_after_m"": 0.0, ""bookkeeping_before_m"": 2.99337443721015e-10, ""bookkeeping_mode"": ""virtual_ol_d_snapshot"", ""bookkeeping_source"": ""OL_D read-only snapshot"", ""observed_ol_d_before_m"": 2.99337443721015e-10, ""observed_ol_d_time"": ""2020-08-01T00:04:00"", ""requested_step_depth_m"": 5.555555555555556e-06, ""step_volume_m3"": 0.0014222222222222223, ""storage_units"": ""m"", ""target_units"": ""m3/s""}"
2020-08-01 00:04:00,runoff,103,88,default,2020-08-01,2020-09-01,62.0,2678400.0,5.925925925925926e-06,2.9888269637012854e-10,-5.555256672859186e-06,positive_daisy_runoff_to_positive_oldr_in_flo_and_negative_storage_sink,,"{""bookkeeping_after_m"": 0.0, ""bookkeeping_before_m"": 2.9888269637012854e-10, ""bookkeeping_mode"": ""virtual_ol_d_snapshot"", ""bookkeeping_source"": ""OL_D read-only snapshot"", ""observed_ol_d_before_m"": 2.9888269637012854e-10, ""observed_ol_d_time"": ""2020-08-01T00:04:00"", ""requested_step_depth_m"": 5.555555555555556e-06, ""step_volume_m3"": 0.0014222222222222223, ""storage_units"": ""m"", ""target_units"": ""m3/s""}"
2020-08-01 00:04:00,runoff,103,89,default,2020-08-01,2020-09-01,62.0,2678400.0,5.925925925925926e-06,3.0047431209823117e-10,-5.555255081243458e-06,positive_daisy_runoff_to_positive_oldr_in_flo_and_negative_storage_sink,,"{""bookkeeping_after_m"": 0.0, ""bookkeeping_before_m"": 3.0047431209823117e-10, ""bookkeeping_mode"": ""virtual_ol_d_snapshot"", ""bookkeeping_source"": ""OL_D read-only snapshot"", ""observed_ol_d_before_m"": 3.0047431209823117e-10, ""observed_ol_d_time"": ""2020-08-01T00:04:00"", ""requested_step_depth_m"": 5.555555555555556e-06, ""step_volume_m3"": 0.0014222222222222223, ""storage_units"": ""m"", ""target_units"": ""m3/s""}"
2020-08-01 00:04:00,runoff,103,90,default,2020-08-01,2020-09-01,62.0,2678400.0,5.925925925925926e-06,2.999058779096231e-10,-5.555255649677646e-06,positive_daisy_runoff_to_positive_oldr_in_flo_and_negative_storage_sink,,"{""bookkeeping_after_m"": 0.0, ""bookkeeping_before_m"": 2.999058779096231e-10, ""bookkeeping_mode"": ""virtual_ol_d_snapshot"", ""bookkeeping_source"": ""OL_D read-only snapshot"", ""observed_ol_d_before_m"": 2.999058779096231e-10, ""observed_ol_d_time"": ""2020-08-01T00:04:00"", ""requested_step_depth_m"": 5.555555555555556e-06, ""step_volume_m3"": 0.0014222222222222223, ""storage_units"": ""m"", ""target_units"": ""m3/s""}"
2020-08-01 00:04:00,runoff,103,91,default,2020-08-01,2020-09-01,62.0,2678400.0,5.925925925925926e-06,3.0104274628683925e-10,-5.555254512809269e-06,positive_daisy_runoff_to_positive_oldr_in_flo_and_negative_storage_sink,,"{""bookkeeping_after_m"": 0.0, ""bookkeeping_before_m"": 3.0104274628683925e-10, ""bookkeeping_mode"": ""virtual_ol_d_snapshot"", ""bookkeeping_source"": ""OL_D read-only snapshot"", ""observed_ol_d_before_m"": 3.0104274628683925e-10, ""observed_ol_d_time"": ""2020-08-01T00:04:00"", ""requested_step_depth_m"": 5.555555555555556e-06, ""step_volume_m3"": 0.0014222222222222223, ""storage_units"": ""m"", ""target_units"": ""m3/s""}"
2020-08-01 00:04:00,runoff,103,92,default,2020-08-01,2020-09-01,62.0,2678400.0,5.925925925925926e-06,3.0104274628683925e-10,-5.555254512809269e-06,positive_daisy_runoff_to_positive_oldr_in_flo_and_negative_storage_sink,,"{""bookkeeping_after_m"": 0.0, ""bookkeeping_before_m"": 3.0104274628683925e-10, ""bookkeeping_mode"": ""virtual_ol_d_snapshot"", ""bookkeeping_source"": ""OL_D read-only snapshot"", ""observed_ol_d_before_m"": 3.0104274628683925e-10, ""observed_ol_d_time"": ""2020-08-01T00:04:00"", ""requested_step_depth_m"": 5.555555555555556e-06, ""step_volume_m3"": 0.0014222222222222223, ""storage_units"": ""m"", ""target_units"": ""m3/s""}"
2020-08-01 00:04:00,runoff,103,93,default,2020-08-01,2020-09-01,62.0,2678400.0,5.925925925925926e-06,3.0945557227823883e-10,-5.555246099983278e-06,positive_daisy_runoff_to_positive_oldr_in_flo_and_negative_storage_sink,,"{""bookkeeping_after_m"": 0.0, ""bookkeeping_before_m"": 3.0945557227823883e-10, ""bookkeeping_mode"": ""virtual_ol_d_snapshot"", ""bookkeeping_source"": ""OL_D read-only snapshot"", ""observed_ol_d_before_m"": 3.0945557227823883e-10, ""observed_ol_d_time"": ""2020-08-01T00:04:00"", ""requested_step_depth_m"": 5.555555555555556e-06, ""step_volume_m3"": 0.0014222222222222223, ""storage_units"": ""m"", ""target_units"": ""m3/s""}"
2020-08-01 00:04:00,runoff,103,94,default,2020-08-01,2020-09-01,62.0,2678400.0,5.925925925925926e-06,3.183231456205249e-10,-5.555237232409935e-06,positive_daisy_runoff_to_positive_oldr_in_flo_and_negative_storage_sink,,"{""bookkeeping_after_m"": 0.0, ""bookkeeping_before_m"": 3.183231456205249e-10, ""bookkeeping_mode"": ""virtual_ol_d_snapshot"", ""bookkeeping_source"": ""OL_D read-only snapshot"", ""observed_ol_d_before_m"": 3.183231456205249e-10, ""observed_ol_d_time"": ""2020-08-01T00:04:00"", ""requested_step_depth_m"": 5.555555555555556e-06, ""step_volume_m3"": 0.0014222222222222223, ""storage_units"": ""m"", ""target_units"": ""m3/s""}"
2020-08-01 00:04:00,runoff,103,95,default,2020-08-01,2020-09-01,62.0,2678400.0,5.925925925925926e-06,3.185505192959681e-10,-5.55523700503626e-06,positive_daisy_runoff_to_positive_oldr_in_flo_and_negative_storage_sink,,"{""bookkeeping_after_m"": 0.0, ""bookkeeping_before_m"": 3.185505192959681e-10, ""bookkeeping_mode"": ""virtual_ol_d_snapshot"", ""bookkeeping_source"": ""OL_D read-only snapshot"", ""observed_ol_d_before_m"": 3.185505192959681e-10, ""observed_ol_d_time"": ""2020-08-01T00:04:00"", ""requested_step_depth_m"": 5.555555555555556e-06, ""step_volume_m3"": 0.0014222222222222223, ""storage_units"": ""m"", ""target_units"": ""m3/s""}"
2020-08-01 00:04:00,runoff,103,96,default,2020-08-01,2020-09-01,62.0,2678400.0,5.925925925925926e-06,2.998490344907623e-10,-5.555255706521065e-06,positive_daisy_runoff_to_positive_oldr_in_flo_and_negative_storage_sink,,"{""bookkeeping_after_m"": 0.0, ""bookkeeping_before_m"": 2.998490344907623e-10, ""bookkeeping_mode"": ""virtual_ol_d_snapshot"", ""bookkeeping_source"": ""OL_D read-only snapshot"", ""observed_ol_d_before_m"": 2.998490344907623e-10, ""observed_ol_d_time"": ""2020-08-01T00:04:00"", ""requested_step_depth_m"": 5.555555555555556e-06, ""step_volume_m3"": 0.0014222222222222223, ""storage_units"": ""m"", ""target_units"": ""m3/s""}"
2020-08-01 00:04:00,runoff,103,97,default,2020-08-01,2020-09-01,62.0,2678400.0,5.925925925925926e-06,2.9979219107190147e-10,-5.555255763364484e-06,positive_daisy_runoff_to_positive_oldr_in_flo_and_negative_storage_sink,,"{""bookkeeping_after_m"": 0.0, ""bookkeeping_before_m"": 2.9979219107190147e-10, ""bookkeeping_mode"": ""virtual_ol_d_snapshot"", ""bookkeeping_source"": ""OL_D read-only snapshot"", ""observed_ol_d_before_m"": 2.9979219107190147e-10, ""observed_ol_d_time"": ""2020-08-01T00:04:00"", ""requested_step_depth_m"": 5.555555555555556e-06, ""step_volume_m3"": 0.0014222222222222223, ""storage_units"": ""m"", ""target_units"": ""m3/s""}"
2020-08-01 00:04:00,runoff,103,98,default,2020-08-01,2020-09-01,62.0,2678400.0,5.925925925925926e-06,3.0036062526050955e-10,-5.555255194930295e-06,positive_daisy_runoff_to_positive_oldr_in_flo_and_negative_storage_sink,,"{""bookkeeping_after_m"": 0.0, ""bookkeeping_before_m"": 3.0036062526050955e-10, ""bookkeeping_mode"": ""virtual_ol_d_snapshot"", ""bookkeeping_source"": ""OL_D read-only snapshot"", ""observed_ol_d_before_m"": 3.0036062526050955e-10, ""observed_ol_d_time"": ""2020-08-01T00:04:00"", ""requested_step_depth_m"": 5.555555555555556e-06, ""step_volume_m3"": 0.0014222222222222223, ""storage_units"": ""m"", ""target_units"": ""m3/s""}"
2020-08-01 00:04:00,runoff,103,99,default,2020-08-01,2020-09-01,62.0,2678400.0,5.925925925925926e-06,2.9973534765304066e-10,-5.555255820207903e-06,positive_daisy_runoff_to_positive_oldr_in_flo_and_negative_storage_sink,,"{""bookkeeping_after_m"": 0.0, ""bookkeeping_before_m"": 2.9973534765304066e-10, ""bookkeeping_mode"": ""virtual_ol_d_snapshot"", ""bookkeeping_source"": ""OL_D read-only snapshot"", ""observed_ol_d_before_m"": 2.9973534765304066e-10, ""observed_ol_d_time"": ""2020-08-01T00:04:00"", ""requested_step_depth_m"": 5.555555555555556e-06, ""step_volume_m3"": 0.0014222222222222223, ""storage_units"": ""m"", ""target_units"": ""m3/s""}"
2020-08-01 00:04:00,runoff,103,100,default,2020-08-01,2020-09-01,62.0,2678400.0,5.925925925925926e-06,3.070681486860849e-10,-5.55524848740687e-06,positive_daisy_runoff_to_positive_oldr_in_flo_and_negative_storage_sink,,"{""bookkeeping_after_m"": 0.0, ""bookkeeping_before_m"": 3.070681486860849e-10, ""bookkeeping_mode"": ""virtual_ol_d_snapshot"", ""bookkeeping_source"": ""OL_D read-only snapshot"", ""observed_ol_d_before_m"": 3.070681486860849e-10, ""observed_ol_d_time"": ""2020-08-01T00:04:00"", ""requested_step_depth_m"": 5.555555555555556e-06, ""step_volume_m3"": 0.0014222222222222223, ""storage_units"": ""m"", ""target_units"": ""m3/s""}"
2020-08-01 00:04:00,runoff,103,101,default,2020-08-01,2020-09-01,62.0,2678400.0,5.925925925925926e-06,3.0183855415089056e-10,-5.555253717001405e-06,positive_daisy_runoff_to_positive_oldr_in_flo_and_negative_storage_sink,,"{""bookkeeping_after_m"": 0.0, ""bookkeeping_before_m"": 3.0183855415089056e-10, ""bookkeeping_mode"": ""virtual_ol_d_snapshot"", ""bookkeeping_source"": ""OL_D read-only snapshot"", ""observed_ol_d_before_m"": 3.0183855415089056e-10, ""observed_ol_d_time"": ""2020-08-01T00:04:00"", ""requested_step_depth_m"": 5.555555555555556e-06, ""step_volume_m3"": 0.0014222222222222223, ""storage_units"": ""m"", ""target_units"": ""m3/s""}"
2020-08-01 00:04:00,runoff,103,102,default,2020-08-01,2020-09-01,62.0,2678400.0,5.925925925925926e-06,3.171862772433087e-10,-5.5552383692783125e-06,positive_daisy_runoff_to_positive_oldr_in_flo_and_negative_storage_sink,,"{""bookkeeping_after_m"": 0.0, ""bookkeeping_before_m"": 3.171862772433087e-10, ""bookkeeping_mode"": ""virtual_ol_d_snapshot"", ""bookkeeping_source"": ""OL_D read-only snapshot"", ""observed_ol_d_before_m"": 3.171862772433087e-10, ""observed_ol_d_time"": ""2020-08-01T00:04:00"", ""requested_step_depth_m"": 5.555555555555556e-06, ""step_volume_m3"": 0.0014222222222222223, ""storage_units"": ""m"", ""target_units"": ""m3/s""}"
2020-08-01 00:04:00,runoff,103,103,default,2020-08-01,2020-09-01,62.0,2678400.0,5.925925925925926e-06,3.1934632716001943e-10,-5.555236209228396e-06,positive_daisy_runoff_to_positive_oldr_in_flo_and_negative_storage_sink,,"{""bookkeeping_after_m"": 0.0, ""bookkeeping_before_m"": 3.1934632716001943e-10, ""bookkeeping_mode"": ""virtual_ol_d_snapshot"", ""bookkeeping_source"": ""OL_D read-only snapshot"", ""observed_ol_d_before_m"": 3.1934632716001943e-10, ""observed_ol_d_time"": ""2020-08-01T00:04:00"", ""requested_step_depth_m"": 5.555555555555556e-06, ""step_volume_m3"": 0.0014222222222222223, ""storage_units"": ""m"", ""target_units"": ""m3/s""}"
2020-08-01 00:04:00,runoff,103,104,default,2020-08-01,2020-09-01,62.0,2678400.0,5.925925925925926e-06,3.008722160302568e-10,-5.5552546833395256e-06,positive_daisy_runoff_to_positive_oldr_in_flo_and_negative_storage_sink,,"{""bookkeeping_after_m"": 0.0, ""bookkeeping_before_m"": 3.008722160302568e-10, ""bookkeeping_mode"": ""virtual_ol_d_snapshot"", ""bookkeeping_source"": ""OL_D read-only snapshot"", ""observed_ol_d_before_m"": 3.008722160302568e-10, ""observed_ol_d_time"": ""2020-08-01T00:04:00"", ""requested_step_depth_m"": 5.555555555555556e-06, ""step_volume_m3"": 0.0014222222222222223, ""storage_units"": ""m"", ""target_units"": ""m3/s""}"
2020-08-01 00:04:00,runoff,103,105,default,2020-08-01,2020-09-01,62.0,2678400.0,5.925925925925926e-06,3.0092905944911763e-10,-5.555254626496107e-06,positive_daisy_runoff_to_positive_oldr_in_flo_and_negative_storage_sink,,"{""bookkeeping_after_m"": 0.0, ""bookkeeping_before_m"": 3.0092905944911763e-10, ""bookkeeping_mode"": ""virtual_ol_d_snapshot"", ""bookkeeping_source"": ""OL_D read-only snapshot"", ""observed_ol_d_before_m"": 3.0092905944911763e-10, ""observed_ol_d_time"": ""2020-08-01T00:04:00"", ""requested_step_depth_m"": 5.555555555555556e-06, ""step_volume_m3"": 0.0014222222222222223, ""storage_units"": ""m"", ""target_units"": ""m3/s""}"
2020-08-01 00:04:00,runoff,104,72,default,2020-08-01,2020-09-01,62.0,2678400.0,5.925925925925926e-06,-0.0,-5.555555555555556e-06,positive_daisy_runoff_to_positive_oldr_in_flo_and_negative_storage_sink,,"{""bookkeeping_after_m"": 0.0, ""bookkeeping_before_m"": 0.0, ""bookkeeping_mode"": ""virtual_ol_d_snapshot"", ""bookkeeping_source"": ""OL_D read-only snapshot"", ""observed_ol_d_before_m"": 0.0, ""observed_ol_d_time"": ""2020-08-01T00:04:00"", ""requested_step_depth_m"": 5.555555555555556e-06, ""step_volume_m3"": 0.0014222222222222223, ""storage_units"": ""m"", ""target_units"": ""m3/s""}"
2020-08-01 00:04:00,runoff,104,73,default,2020-08-01,2020-09-01,62.0,2678400.0,5.925925925925926e-06,-0.0,-5.555555555555556e-06,positive_daisy_runoff_to_positive_oldr_in_flo_and_negative_storage_sink,,"{""bookkeeping_after_m"": 0.0, ""bookkeeping_before_m"": 0.0, ""bookkeeping_mode"": ""virtual_ol_d_snapshot"", ""bookkeeping_source"": ""OL_D read-only snapshot"", ""observed_ol_d_before_m"": 0.0, ""observed_ol_d_time"": ""2020-08-01T00:04:00"", ""requested_step_depth_m"": 5.555555555555556e-06, ""step_volume_m3"": 0.0014222222222222223, ""storage_units"": ""m"", ""target_units"": ""m3/s""}"
2020-08-01 00:04:00,runoff,104,74,default,2020-08-01,2020-09-01,62.0,2678400.0,5.925925925925926e-06,3.1161562219494954e-10,-5.555243939933361e-06,positive_daisy_runoff_to_positive_oldr_in_flo_and_negative_storage_sink,,"{""bookkeeping_after_m"": 0.0, ""bookkeeping_before_m"": 3.1161562219494954e-10, ""bookkeeping_mode"": ""virtual_ol_d_snapshot"", ""bookkeeping_source"": ""OL_D read-only snapshot"", ""observed_ol_d_before_m"": 3.1161562219494954e-10, ""observed_ol_d_time"": ""2020-08-01T00:04:00"", ""requested_step_depth_m"": 5.555555555555556e-06, ""step_volume_m3"": 0.0014222222222222223, ""storage_units"": ""m"", ""target_units"": ""m3/s""}"
2020-08-01 00:04:00,runoff,104,75,default,2020-08-01,2020-09-01,62.0,2678400.0,5.925925925925926e-06,3.1320723792305216e-10,-5.555242348317633e-06,positive_daisy_runoff_to_positive_oldr_in_flo_and_negative_storage_sink,,"{""bookkeeping_after_m"": 0.0, ""bookkeeping_before_m"": 3.1320723792305216e-10, ""bookkeeping_mode"": ""virtual_ol_d_snapshot"", ""bookkeeping_source"": ""OL_D read-only snapshot"", ""observed_ol_d_before_m"": 3.1320723792305216e-10, ""observed_ol_d_time"": ""2020-08-01T00:04:00"", ""requested_step_depth_m"": 5.555555555555556e-06, ""step_volume_m3"": 0.0014222222222222223, ""storage_units"": ""m"", ""target_units"": ""m3/s""}"
2020-08-01 00:04:00,runoff,104,76,default,2020-08-01,2020-09-01,62.0,2678400.0,5.925925925925926e-06,3.1161562219494954e-10,-5.555243939933361e-06,positive_daisy_runoff_to_positive_oldr_in_flo_and_negative_storage_sink,,"{""bookkeeping_after_m"": 0.0, ""bookkeeping_before_m"": 3.1161562219494954e-10, ""bookkeeping_mode"": ""virtual_ol_d_snapshot"", ""bookkeeping_source"": ""OL_D read-only snapshot"", ""observed_ol_d_before_m"": 3.1161562219494954e-10, ""observed_ol_d_time"": ""2020-08-01T00:04:00"", ""requested_step_depth_m"": 5.555555555555556e-06, ""step_volume_m3"": 0.0014222222222222223, ""storage_units"": ""m"", ""target_units"": ""m3/s""}"
2020-08-01 00:04:00,runoff,104,77,default,2020-08-01,2020-09-01,62.0,2678400.0,5.925925925925926e-06,3.1320723792305216e-10,-5.555242348317633e-06,positive_daisy_runoff_to_positive_oldr_in_flo_and_negative_storage_sink,,"{""bookkeeping_after_m"": 0.0, ""bookkeeping_before_m"": 3.1320723792305216e-10, ""bookkeeping_mode"": ""virtual_ol_d_snapshot"", ""bookkeeping_source"": ""OL_D read-only snapshot"", ""observed_ol_d_before_m"": 3.1320723792305216e-10, ""observed_ol_d_time"": ""2020-08-01T00:04:00"", ""requested_step_depth_m"": 5.555555555555556e-06, ""step_volume_m3"": 0.0014222222222222223, ""storage_units"": ""m"", ""target_units"": ""m3/s""}"
2020-08-01 00:04:00,runoff,104,78,default,2020-08-01,2020-09-01,62.0,2678400.0,5.925925925925926e-06,3.112745616817847e-10,-5.555244280993874e-06,positive_daisy_runoff_to_positive_oldr_in_flo_and_negative_storage_sink,,"{""bookkeeping_after_m"": 0.0, ""bookkeeping_before_m"": 3.112745616817847e-10, ""bookkeeping_mode"": ""virtual_ol_d_snapshot"", ""bookkeeping_source"": ""OL_D read-only snapshot"", ""observed_ol_d_before_m"": 3.112745616817847e-10, ""observed_ol_d_time"": ""2020-08-01T00:04:00"", ""requested_step_depth_m"": 5.555555555555556e-06, ""step_volume_m3"": 0.0014222222222222223, ""storage_units"": ""m"", ""target_units"": ""m3/s""}"
2020-08-01 00:04:00,runoff,104,79,default,2020-08-01,2020-09-01,62.0,2678400.0,5.925925925925926e-06,3.099103196291253e-10,-5.555245645235927e-06,positive_daisy_runoff_to_positive_oldr_in_flo_and_negative_storage_sink,,"{""bookkeeping_after_m"": 0.0, ""bookkeeping_before_m"": 3.099103196291253e-10, ""bookkeeping_mode"": ""virtual_ol_d_snapshot"", ""bookkeeping_source"": ""OL_D read-only snapshot"", ""observed_ol_d_before_m"": 3.099103196291253e-10, ""observed_ol_d_time"": ""2020-08-01T00:04:00"", ""requested_step_depth_m"": 5.555555555555556e-06, ""step_volume_m3"": 0.0014222222222222223, ""storage_units"": ""m"", ""target_units"": ""m3/s""}"
2020-08-01 00:04:00,runoff,104,80,default,2020-08-01,2020-09-01,62.0,2678400.0,5.925925925925926e-06,3.051354724448174e-10,-5.555250420083111e-06,positive_daisy_runoff_to_positive_oldr_in_flo_and_negative_storage_sink,,"{""bookkeeping_after_m"": 0.0, ""bookkeeping_before_m"": 3.051354724448174e-10, ""bookkeeping_mode"": ""virtual_ol_d_snapshot"", ""bookkeeping_source"": ""OL_D read-only snapshot"", ""observed_ol_d_before_m"": 3.051354724448174e-10, ""observed_ol_d_time"": ""2020-08-01T00:04:00"", ""requested_step_depth_m"": 5.555555555555556e-06, ""step_volume_m3"": 0.0014222222222222223, ""storage_units"": ""m"", ""target_units"": ""m3/s""}"
2020-08-01 00:04:00,runoff,104,81,default,2020-08-01,2020-09-01,62.0,2678400.0,5.925925925925926e-06,3.0399860406760126e-10,-5.555251556951488e-06,positive_daisy_runoff_to_positive_oldr_in_flo_and_negative_storage_sink,,"{""bookkeeping_after_m"": 0.0, ""bookkeeping_before_m"": 3.0399860406760126e-10, ""bookkeeping_mode"": ""virtual_ol_d_snapshot"", ""bookkeeping_source"": ""OL_D read-only snapshot"", ""observed_ol_d_before_m"": 3.0399860406760126e-10, ""observed_ol_d_time"": ""2020-08-01T00:04:00"", ""requested_step_depth_m"": 5.555555555555556e-06, ""step_volume_m3"": 0.0014222222222222223, ""storage_units"": ""m"", ""target_units"": ""m3/s""}"
2020-08-01 00:04:00,runoff,104,82,default,2020-08-01,2020-09-01,62.0,2678400.0,5.925925925925926e-06,3.0399860406760126e-10,-5.555251556951488e-06,positive_daisy_runoff_to_positive_oldr_in_flo_and_negative_storage_sink,,"{""bookkeeping_after_m"": 0.0, ""bookkeeping_before_m"": 3.0399860406760126e-10, ""bookkeeping_mode"": ""virtual_ol_d_snapshot"", ""bookkeeping_source"": ""OL_D read-only snapshot"", ""observed_ol_d_before_m"": 3.0399860406760126e-10, ""observed_ol_d_time"": ""2020-08-01T00:04:00"", ""requested_step_depth_m"": 5.555555555555556e-06, ""step_volume_m3"": 0.0014222222222222223, ""storage_units"": ""m"", ""target_units"": ""m3/s""}"
2020-08-01 00:04:00,runoff,104,83,default,2020-08-01,2020-09-01,62.0,2678400.0,5.925925925925926e-06,3.0399860406760126e-10,-5.555251556951488e-06,positive_daisy_runoff_to_positive_oldr_in_flo_and_negative_storage_sink,,"{""bookkeeping_after_m"": 0.0, ""bookkeeping_before_m"": 3.0399860406760126e-10, ""bookkeeping_mode"": ""virtual_ol_d_snapshot"", ""bookkeeping_source"": ""OL_D read-only snapshot"", ""observed_ol_d_before_m"": 3.0399860406760126e-10, ""observed_ol_d_time"": ""2020-08-01T00:04:00"", ""requested_step_depth_m"": 5.555555555555556e-06, ""step_volume_m3"": 0.0014222222222222223, ""storage_units"": ""m"", ""target_units"": ""m3/s""}"
2020-08-01 00:04:00,runoff,104,84,default,2020-08-01,2020-09-01,62.0,2678400.0,5.925925925925926e-06,3.036575435544364e-10,-5.555251898012001e-06,positive_daisy_runoff_to_positive_oldr_in_flo_and_negative_storage_sink,,"{""bookkeeping_after_m"": 0.0, ""bookkeeping_before_m"": 3.036575435544364e-10, ""bookkeeping_mode"": ""virtual_ol_d_snapshot"", ""bookkeeping_source"": ""OL_D read-only snapshot"", ""observed_ol_d_before_m"": 3.036575435544364e-10, ""observed_ol_d_time"": ""2020-08-01T00:04:00"", ""requested_step_depth_m"": 5.555555555555556e-06, ""step_volume_m3"": 0.0014222222222222223, ""storage_units"": ""m"", ""target_units"": ""m3/s""}"
2020-08-01 00:04:00,runoff,104,85,default,2020-08-01,2020-09-01,62.0,2678400.0,5.925925925925926e-06,2.9899638320785016e-10,-5.555256559172348e-06,positive_daisy_runoff_to_positive_oldr_in_flo_and_negative_storage_sink,,"{""bookkeeping_after_m"": 0.0, ""bookkeeping_before_m"": 2.9899638320785016e-10, ""bookkeeping_mode"": ""virtual_ol_d_snapshot"", ""bookkeeping_source"": ""OL_D read-only snapshot"", ""observed_ol_d_before_m"": 2.9899638320785016e-10, ""observed_ol_d_time"": ""2020-08-01T00:04:00"", ""requested_step_depth_m"": 5.555555555555556e-06, ""step_volume_m3"": 0.0014222222222222223, ""storage_units"": ""m"", ""target_units"": ""m3/s""}"
2020-08-01 00:04:00,runoff,104,86,default,2020-08-01,2020-09-01,62.0,2678400.0,5.925925925925926e-06,3.02293301501777e-10,-5.555253262254054e-06,positive_daisy_runoff_to_positive_oldr_in_flo_and_negative_storage_sink,,"{""bookkeeping_after_m"": 0.0, ""bookkeeping_before_m"": 3.02293301501777e-10, ""bookkeeping_mode"": ""virtual_ol_d_snapshot"", ""bookkeeping_source"": ""OL_D read-only snapshot"", ""observed_ol_d_before_m"": 3.02293301501777e-10, ""observed_ol_d_time"": ""2020-08-01T00:04:00"", ""requested_step_depth_m"": 5.555555555555556e-06, ""step_volume_m3"": 0.0014222222222222223, ""storage_units"": ""m"", ""target_units"": ""m3/s""}"
2020-08-01 00:04:00,runoff,104,87,default,2020-08-01,2020-09-01,62.0,2678400.0,5.925925925925926e-06,3.108198143308982e-10,-5.555244735741225e-06,positive_daisy_runoff_to_positive_oldr_in_flo_and_negative_storage_sink,,"{""bookkeeping_after_m"": 0.0, ""bookkeeping_before_m"": 3.108198143308982e-10, ""bookkeeping_mode"": ""virtual_ol_d_snapshot"", ""bookkeeping_source"": ""OL_D read-only snapshot"", ""observed_ol_d_before_m"": 3.108198143308982e-10, ""observed_ol_d_time"": ""2020-08-01T00:04:00"", ""requested_step_depth_m"": 5.555555555555556e-06, ""step_volume_m3"": 0.0014222222222222223, ""storage_units"": ""m"", ""target_units"": ""m3/s""}"
2020-08-01 00:04:00,runoff,104,88,default,2020-08-01,2020-09-01,62.0,2678400.0,5.925925925925926e-06,3.382183422218077e-10,-5.555217337213334e-06,positive_daisy_runoff_to_positive_oldr_in_flo_and_negative_storage_sink,,"{""bookkeeping_after_m"": 0.0, ""bookkeeping_before_m"": 3.382183422218077e-10, ""bookkeeping_mode"": ""virtual_ol_d_snapshot"", ""bookkeeping_source"": ""OL_D read-only snapshot"", ""observed_ol_d_before_m"": 3.382183422218077e-10, ""observed_ol_d_time"": ""2020-08-01T00:04:00"", ""requested_step_depth_m"": 5.555555555555556e-06, ""step_volume_m3"": 0.0014222222222222223, ""storage_units"": ""m"", ""target_units"": ""m3/s""}"
2020-08-01 00:04:00,runoff,104,89,default,2020-08-01,2020-09-01,62.0,2678400.0,5.925925925925926e-06,3.134346115984954e-10,-5.555242120943957e-06,positive_daisy_runoff_to_positive_oldr_in_flo_and_negative_storage_sink,,"{""bookkeeping_after_m"": 0.0, ""bookkeeping_before_m"": 3.134346115984954e-10, ""bookkeeping_mode"": ""virtual_ol_d_snapshot"", ""bookkeeping_source"": ""OL_D read-only snapshot"", ""observed_ol_d_before_m"": 3.134346115984954e-10, ""observed_ol_d_time"": ""2020-08-01T00:04:00"", ""requested_step_depth_m"": 5.555555555555556e-06, ""step_volume_m3"": 0.0014222222222222223, ""storage_units"": ""m"", ""target_units"": ""m3/s""}"
2020-08-01 00:04:00,runoff,104,90,default,2020-08-01,2020-09-01,62.0,2678400.0,5.925925925925926e-06,3.1593572202837095e-10,-5.5552396198335275e-06,positive_daisy_runoff_to_positive_oldr_in_flo_and_negative_storage_sink,,"{""bookkeeping_after_m"": 0.0, ""bookkeeping_before_m"": 3.1593572202837095e-10, ""bookkeeping_mode"": ""virtual_ol_d_snapshot"", ""bookkeeping_source"": ""OL_D read-only snapshot"", ""observed_ol_d_before_m"": 3.1593572202837095e-10, ""observed_ol_d_time"": ""2020-08-01T00:04:00"", ""requested_step_depth_m"": 5.555555555555556e-06, ""step_volume_m3"": 0.0014222222222222223, ""storage_units"": ""m"", ""target_units"": ""m3/s""}"
2020-08-01 00:04:00,runoff,104,91,default,2020-08-01,2020-09-01,62.0,2678400.0,5.925925925925926e-06,3.369677870068699e-10,-5.555218587768549e-06,positive_daisy_runoff_to_positive_oldr_in_flo_and_negative_storage_sink,,"{""bookkeeping_after_m"": 0.0, ""bookkeeping_before_m"": 3.369677870068699e-10, ""bookkeeping_mode"": ""virtual_ol_d_snapshot"", ""bookkeeping_source"": ""OL_D read-only snapshot"", ""observed_ol_d_before_m"": 3.369677870068699e-10, ""observed_ol_d_time"": ""2020-08-01T00:04:00"", ""requested_step_depth_m"": 5.555555555555556e-06, ""step_volume_m3"": 0.0014222222222222223, ""storage_units"": ""m"", ""target_units"": ""m3/s""}"
2020-08-01 00:04:00,runoff,104,92,default,2020-08-01,2020-09-01,62.0,2678400.0,5.925925925925926e-06,3.3287506084889174e-10,-5.555222680494707e-06,positive_daisy_runoff_to_positive_oldr_in_flo_and_negative_storage_sink,,"{""bookkeeping_after_m"": 0.0, ""bookkeeping_before_m"": 3.3287506084889174e-10, ""bookkeeping_mode"": ""virtual_ol_d_snapshot"", ""bookkeeping_source"": ""OL_D read-only snapshot"", ""observed_ol_d_before_m"": 3.3287506084889174e-10, ""observed_ol_d_time"": ""2020-08-01T00:04:00"", ""requested_step_depth_m"": 5.555555555555556e-06, ""step_volume_m3"": 0.0014222222222222223, ""storage_units"": ""m"", ""target_units"": ""m3/s""}"
2020-08-01 00:04:00,runoff,104,93,default,2020-08-01,2020-09-01,62.0,2678400.0,5.925925925925926e-06,3.3423930290155113e-10,-5.555221316252654e-06,positive_daisy_runoff_to_positive_oldr_in_flo_and_negative_storage_sink,,"{""bookkeeping_after_m"": 0.0, ""bookkeeping_before_m"": 3.3423930290155113e-10, ""bookkeeping_mode"": ""virtual_ol_d_snapshot"", ""bookkeeping_source"": ""OL_D read-only snapshot"", ""observed_ol_d_before_m"": 3.3423930290155113e-10, ""observed_ol_d_time"": ""2020-08-01T00:04:00"", ""requested_step_depth_m"": 5.555555555555556e-06, ""step_volume_m3"": 0.0014222222222222223, ""storage_units"": ""m"", ""target_units"": ""m3/s""}"
2020-08-01 00:04:00,runoff,104,94,default,2020-08-01,2020-09-01,62.0,2678400.0,5.925925925925926e-06,3.148556970700156e-10,-5.555240699858486e-06,positive_daisy_runoff_to_positive_oldr_in_flo_and_negative_storage_sink,,"{""bookkeeping_after_m"": 0.0, ""bookkeeping_before_m"": 3.148556970700156e-10, ""bookkeeping_mode"": ""virtual_ol_d_snapshot"", ""bookkeeping_source"": ""OL_D read-only snapshot"", ""observed_ol_d_before_m"": 3.148556970700156e-10, ""observed_ol_d_time"": ""2020-08-01T00:04:00"", ""requested_step_depth_m"": 5.555555555555556e-06, ""step_volume_m3"": 0.0014222222222222223, ""storage_units"": ""m"", ""target_units"": ""m3/s""}"
2020-08-01 00:04:00,runoff,104,95,default,2020-08-01,2020-09-01,62.0,2678400.0,5.925925925925926e-06,3.0036062526050955e-10,-5.555255194930295e-06,positive_daisy_runoff_to_positive_oldr_in_flo_and_negative_storage_sink,,"{""bookkeeping_after_m"": 0.0, ""bookkeeping_before_m"": 3.0036062526050955e-10, ""bookkeeping_mode"": ""virtual_ol_d_snapshot"", ""bookkeeping_source"": ""OL_D read-only snapshot"", ""observed_ol_d_before_m"": 3.0036062526050955e-10, ""observed_ol_d_time"": ""2020-08-01T00:04:00"", ""requested_step_depth_m"": 5.555555555555556e-06, ""step_volume_m3"": 0.0014222222222222223, ""storage_units"": ""m"", ""target_units"": ""m3/s""}"
2020-08-01 00:04:00,runoff,104,100,default,2020-08-01,2020-09-01,62.0,2678400.0,5.925925925925926e-06,3.133209247607738e-10,-5.555242234630795e-06,positive_daisy_runoff_to_positive_oldr_in_flo_and_negative_storage_sink,,"{""bookkeeping_after_m"": 0.0, ""bookkeeping_before_m"": 3.133209247607738e-10, ""bookkeeping_mode"": ""virtual_ol_d_snapshot"", ""bookkeeping_source"": ""OL_D read-only snapshot"", ""observed_ol_d_before_m"": 3.133209247607738e-10, ""observed_ol_d_time"": ""2020-08-01T00:04:00"", ""requested_step_depth_m"": 5.555555555555556e-06, ""step_volume_m3"": 0.0014222222222222223, ""storage_units"": ""m"", ""target_units"": ""m3/s""}"
2020-08-01 00:04:00,runoff,104,101,default,2020-08-01,2020-09-01,62.0,2678400.0,5.925925925925926e-06,3.1110403142520227e-10,-5.555244451524131e-06,positive_daisy_runoff_to_positive_oldr_in_flo_and_negative_storage_sink,,"{""bookkeeping_after_m"": 0.0, ""bookkeeping_before_m"": 3.1110403142520227e-10, ""bookkeeping_mode"": ""virtual_ol_d_snapshot"", ""bookkeeping_source"": ""OL_D read-only snapshot"", ""observed_ol_d_before_m"": 3.1110403142520227e-10, ""observed_ol_d_time"": ""2020-08-01T00:04:00"", ""requested_step_depth_m"": 5.555555555555556e-06, ""step_volume_m3"": 0.0014222222222222223, ""storage_units"": ""m"", ""target_units"": ""m3/s""}"
2020-08-01 00:04:00,runoff,104,102,default,2020-08-01,2020-09-01,62.0,2678400.0,5.925925925925926e-06,3.0541968953912146e-10,-5.555250135866017e-06,positive_daisy_runoff_to_positive_oldr_in_flo_and_negative_storage_sink,,"{""bookkeeping_after_m"": 0.0, ""bookkeeping_before_m"": 3.0541968953912146e-10, ""bookkeeping_mode"": ""virtual_ol_d_snapshot"", ""bookkeeping_source"": ""OL_D read-only snapshot"", ""observed_ol_d_before_m"": 3.0541968953912146e-10, ""observed_ol_d_time"": ""2020-08-01T00:04:00"", ""requested_step_depth_m"": 5.555555555555556e-06, ""step_volume_m3"": 0.0014222222222222223, ""storage_units"": ""m"", ""target_units"": ""m3/s""}"
2020-08-01 00:04:00,runoff,104,103,default,2020-08-01,2020-09-01,62.0,2678400.0,5.925925925925926e-06,3.0394176064874046e-10,-5.555251613794907e-06,positive_daisy_runoff_to_positive_oldr_in_flo_and_negative_storage_sink,,"{""bookkeeping_after_m"": 0.0, ""bookkeeping_before_m"": 3.0394176064874046e-10, ""bookkeeping_mode"": ""virtual_ol_d_snapshot"", ""bookkeeping_source"": ""OL_D read-only snapshot"", ""observed_ol_d_before_m"": 3.0394176064874046e-10, ""observed_ol_d_time"": ""2020-08-01T00:04:00"", ""requested_step_depth_m"": 5.555555555555556e-06, ""step_volume_m3"": 0.0014222222222222223, ""storage_units"": ""m"", ""target_units"": ""m3/s""}"
2020-08-01 00:04:00,runoff,104,104,default,2020-08-01,2020-09-01,62.0,2678400.0,5.925925925925926e-06,2.998490344907623e-10,-5.555255706521065e-06,positive_daisy_runoff_to_positive_oldr_in_flo_and_negative_storage_sink,,"{""bookkeeping_after_m"": 0.0, ""bookkeeping_before_m"": 2.998490344907623e-10, ""bookkeeping_mode"": ""virtual_ol_d_snapshot"", ""bookkeeping_source"": ""OL_D read-only snapshot"", ""observed_ol_d_before_m"": 2.998490344907623e-10, ""observed_ol_d_time"": ""2020-08-01T00:04:00"", ""requested_step_depth_m"": 5.555555555555556e-06, ""step_volume_m3"": 0.0014222222222222223, ""storage_units"": ""m"", ""target_units"": ""m3/s""}"
2020-08-01 00:04:00,runoff,105,72,default,2020-08-01,2020-09-01,62.0,2678400.0,5.925925925925926e-06,-0.0,-5.555555555555556e-06,positive_daisy_runoff_to_positive_oldr_in_flo_and_negative_storage_sink,,"{""bookkeeping_after_m"": 0.0, ""bookkeeping_before_m"": 0.0, ""bookkeeping_mode"": ""virtual_ol_d_snapshot"", ""bookkeeping_source"": ""OL_D read-only snapshot"", ""observed_ol_d_before_m"": 0.0, ""observed_ol_d_time"": ""2020-08-01T00:04:00"", ""requested_step_depth_m"": 5.555555555555556e-06, ""step_volume_m3"": 0.0014222222222222223, ""storage_units"": ""m"", ""target_units"": ""m3/s""}"
2020-08-01 00:04:00,runoff,105,73,default,2020-08-01,2020-09-01,62.0,2678400.0,5.925925925925926e-06,-0.0,-5.555555555555556e-06,positive_daisy_runoff_to_positive_oldr_in_flo_and_negative_storage_sink,,"{""bookkeeping_after_m"": 0.0, ""bookkeeping_before_m"": 0.0, ""bookkeeping_mode"": ""virtual_ol_d_snapshot"", ""bookkeeping_source"": ""OL_D read-only snapshot"", ""observed_ol_d_before_m"": 0.0, ""observed_ol_d_time"": ""2020-08-01T00:04:00"", ""requested_step_depth_m"": 5.555555555555556e-06, ""step_volume_m3"": 0.0014222222222222223, ""storage_units"": ""m"", ""target_units"": ""m3/s""}"
2020-08-01 00:04:00,runoff,105,74,default,2020-08-01,2020-09-01,62.0,2678400.0,5.925925925925926e-06,3.1229774322127923e-10,-5.5552432578123345e-06,positive_daisy_runoff_to_positive_oldr_in_flo_and_negative_storage_sink,,"{""bookkeeping_after_m"": 0.0, ""bookkeeping_before_m"": 3.1229774322127923e-10, ""bookkeeping_mode"": ""virtual_ol_d_snapshot"", ""bookkeeping_source"": ""OL_D read-only snapshot"", ""observed_ol_d_before_m"": 3.1229774322127923e-10, ""observed_ol_d_time"": ""2020-08-01T00:04:00"", ""requested_step_depth_m"": 5.555555555555556e-06, ""step_volume_m3"": 0.0014222222222222223, ""storage_units"": ""m"", ""target_units"": ""m3/s""}"
2020-08-01 00:04:00,runoff,105,75,default,2020-08-01,2020-09-01,62.0,2678400.0,5.925925925925926e-06,3.1184299587039277e-10,-5.5552437125596854e-06,positive_daisy_runoff_to_positive_oldr_in_flo_and_negative_storage_sink,,"{""bookkeeping_after_m"": 0.0, ""bookkeeping_before_m"": 3.1184299587039277e-10, ""bookkeeping_mode"": ""virtual_ol_d_snapshot"", ""bookkeeping_source"": ""OL_D read-only snapshot"", ""observed_ol_d_before_m"": 3.1184299587039277e-10, ""observed_ol_d_time"": ""2020-08-01T00:04:00"", ""requested_step_depth_m"": 5.555555555555556e-06, ""step_volume_m3"": 0.0014222222222222223, ""storage_units"": ""m"", ""target_units"": ""m3/s""}"
2020-08-01 00:04:00,runoff,105,76,default,2020-08-01,2020-09-01,62.0,2678400.0,5.925925925925926e-06,3.1320723792305216e-10,-5.555242348317633e-06,positive_daisy_runoff_to_positive_oldr_in_flo_and_negative_storage_sink,,"{""bookkeeping_after_m"": 0.0, ""bookkeeping_before_m"": 3.1320723792305216e-10, ""bookkeeping_mode"": ""virtual_ol_d_snapshot"", ""bookkeeping_source"": ""OL_D read-only snapshot"", ""observed_ol_d_before_m"": 3.1320723792305216e-10, ""observed_ol_d_time"": ""2020-08-01T00:04:00"", ""requested_step_depth_m"": 5.555555555555556e-06, ""step_volume_m3"": 0.0014222222222222223, ""storage_units"": ""m"", ""target_units"": ""m3/s""}"
2020-08-01 00:04:00,runoff,105,77,default,2020-08-01,2020-09-01,62.0,2678400.0,5.925925925925926e-06,3.1036506698001176e-10,-5.555245190488576e-06,positive_daisy_runoff_to_positive_oldr_in_flo_and_negative_storage_sink,,"{""bookkeeping_after_m"": 0.0, ""bookkeeping_before_m"": 3.1036506698001176e-10, ""bookkeeping_mode"": ""virtual_ol_d_snapshot"", ""bookkeeping_source"": ""OL_D read-only snapshot"", ""observed_ol_d_before_m"": 3.1036506698001176e-10, ""observed_ol_d_time"": ""2020-08-01T00:04:00"", ""requested_step_depth_m"": 5.555555555555556e-06, ""step_volume_m3"": 0.0014222222222222223, ""storage_units"": ""m"", ""target_units"": ""m3/s""}"
2020-08-01 00:04:00,runoff,105,78,default,2020-08-01,2020-09-01,62.0,2678400.0,5.925925925925926e-06,3.049080987693742e-10,-5.5552506474567864e-06,positive_daisy_runoff_to_positive_oldr_in_flo_and_negative_storage_sink,,"{""bookkeeping_after_m"": 0.0, ""bookkeeping_before_m"": 3.049080987693742e-10, ""bookkeeping_mode"": ""virtual_ol_d_snapshot"", ""bookkeeping_source"": ""OL_D read-only snapshot"", ""observed_ol_d_before_m"": 3.049080987693742e-10, ""observed_ol_d_time"": ""2020-08-01T00:04:00"", ""requested_step_depth_m"": 5.555555555555556e-06, ""step_volume_m3"": 0.0014222222222222223, ""storage_units"": ""m"", ""target_units"": ""m3/s""}"
2020-08-01 00:04:00,runoff,105,79,default,2020-08-01,2020-09-01,62.0,2678400.0,5.925925925925926e-06,3.0047431209823117e-10,-5.555255081243458e-06,positive_daisy_runoff_to_positive_oldr_in_flo_and_negative_storage_sink,,"{""bookkeeping_after_m"": 0.0, ""bookkeeping_before_m"": 3.0047431209823117e-10, ""bookkeeping_mode"": ""virtual_ol_d_snapshot"", ""bookkeeping_source"": ""OL_D read-only snapshot"", ""observed_ol_d_before_m"": 3.0047431209823117e-10, ""observed_ol_d_time"": ""2020-08-01T00:04:00"", ""requested_step_depth_m"": 5.555555555555556e-06, ""step_volume_m3"": 0.0014222222222222223, ""storage_units"": ""m"", ""target_units"": ""m3/s""}"
2020-08-01 00:04:00,runoff,105,80,default,2020-08-01,2020-09-01,62.0,2678400.0,5.925925925925926e-06,2.9967850423417985e-10,-5.555255877051322e-06,positive_daisy_runoff_to_positive_oldr_in_flo_and_negative_storage_sink,,"{""bookkeeping_after_m"": 0.0, ""bookkeeping_before_m"": 2.9967850423417985e-10, ""bookkeeping_mode"": ""virtual_ol_d_snapshot"", ""bookkeeping_source"": ""OL_D read-only snapshot"", ""observed_ol_d_before_m"": 2.9967850423417985e-10, ""observed_ol_d_time"": ""2020-08-01T00:04:00"", ""requested_step_depth_m"": 5.555555555555556e-06, ""step_volume_m3"": 0.0014222222222222223, ""storage_units"": ""m"", ""target_units"": ""m3/s""}"
2020-08-01 00:04:00,runoff,105,81,default,2020-08-01,2020-09-01,62.0,2678400.0,5.925925925925926e-06,2.9967850423417985e-10,-5.555255877051322e-06,positive_daisy_runoff_to_positive_oldr_in_flo_and_negative_storage_sink,,"{""bookkeeping_after_m"": 0.0, ""bookkeeping_before_m"": 2.9967850423417985e-10, ""bookkeeping_mode"": ""virtual_ol_d_snapshot"", ""bookkeeping_source"": ""OL_D read-only snapshot"", ""observed_ol_d_before_m"": 2.9967850423417985e-10, ""observed_ol_d_time"": ""2020-08-01T00:04:00"", ""requested_step_depth_m"": 5.555555555555556e-06, ""step_volume_m3"": 0.0014222222222222223, ""storage_units"": ""m"", ""target_units"": ""m3/s""}"
2020-08-01 00:04:00,runoff,105,82,default,2020-08-01,2020-09-01,62.0,2678400.0,5.925925925925926e-06,2.9888269637012854e-10,-5.555256672859186e-06,positive_daisy_runoff_to_positive_oldr_in_flo_and_negative_storage_sink,,"{""bookkeeping_after_m"": 0.0, ""bookkeeping_before_m"": 2.9888269637012854e-10, ""bookkeeping_mode"": ""virtual_ol_d_snapshot"", ""bookkeeping_source"": ""OL_D read-only snapshot"", ""observed_ol_d_before_m"": 2.9888269637012854e-10, ""observed_ol_d_time"": ""2020-08-01T00:04:00"", ""requested_step_depth_m"": 5.555555555555556e-06, ""step_volume_m3"": 0.0014222222222222223, ""storage_units"": ""m"", ""target_units"": ""m3/s""}"
2020-08-01 00:04:00,runoff,105,83,default,2020-08-01,2020-09-01,62.0,2678400.0,5.925925925925926e-06,3.001332515850663e-10,-5.555255422303971e-06,positive_daisy_runoff_to_positive_oldr_in_flo_and_negative_storage_sink,,"{""bookkeeping_after_m"": 0.0, ""bookkeeping_before_m"": 3.001332515850663e-10, ""bookkeeping_mode"": ""virtual_ol_d_snapshot"", ""bookkeeping_source"": ""OL_D read-only snapshot"", ""observed_ol_d_before_m"": 3.001332515850663e-10, ""observed_ol_d_time"": ""2020-08-01T00:04:00"", ""requested_step_depth_m"": 5.555555555555556e-06, ""step_volume_m3"": 0.0014222222222222223, ""storage_units"": ""m"", ""target_units"": ""m3/s""}"
2020-08-01 00:04:00,runoff,105,84,default,2020-08-01,2020-09-01,62.0,2678400.0,5.925925925925926e-06,3.178683982696384e-10,-5.555237687157286e-06,positive_daisy_runoff_to_positive_oldr_in_flo_and_negative_storage_sink,,"{""bookkeeping_after_m"": 0.0, ""bookkeeping_before_m"": 3.178683982696384e-10, ""bookkeeping_mode"": ""virtual_ol_d_snapshot"", ""bookkeeping_source"": ""OL_D read-only snapshot"", ""observed_ol_d_before_m"": 3.178683982696384e-10, ""observed_ol_d_time"": ""2020-08-01T00:04:00"", ""requested_step_depth_m"": 5.555555555555556e-06, ""step_volume_m3"": 0.0014222222222222223, ""storage_units"": ""m"", ""target_units"": ""m3/s""}"
2020-08-01 00:04:00,runoff,105,85,default,2020-08-01,2020-09-01,62.0,2678400.0,5.925925925925926e-06,-0.0,-5.555555555555556e-06,positive_daisy_runoff_to_positive_oldr_in_flo_and_negative_storage_sink,,"{""bookkeeping_after_m"": 0.0, ""bookkeeping_before_m"": 0.0, ""bookkeeping_mode"": ""virtual_ol_d_snapshot"", ""bookkeeping_source"": ""OL_D read-only snapshot"", ""observed_ol_d_before_m"": 0.0, ""observed_ol_d_time"": ""2020-08-01T00:04:00"", ""requested_step_depth_m"": 5.555555555555556e-06, ""step_volume_m3"": 0.0014222222222222223, ""storage_units"": ""m"", ""target_units"": ""m3/s""}"
2020-08-01 00:04:00,runoff,106,72,default,2020-08-01,2020-09-01,62.0,2678400.0,5.925925925925926e-06,-0.0,-5.555555555555556e-06,positive_daisy_runoff_to_positive_oldr_in_flo_and_negative_storage_sink,,"{""bookkeeping_after_m"": 0.0, ""bookkeeping_before_m"": 0.0, ""bookkeeping_mode"": ""virtual_ol_d_snapshot"", ""bookkeeping_source"": ""OL_D read-only snapshot"", ""observed_ol_d_before_m"": 0.0, ""observed_ol_d_time"": ""2020-08-01T00:04:00"", ""requested_step_depth_m"": 5.555555555555556e-06, ""step_volume_m3"": 0.0014222222222222223, ""storage_units"": ""m"", ""target_units"": ""m3/s""}"
2020-08-01 00:04:00,runoff,106,73,default,2020-08-01,2020-09-01,62.0,2678400.0,5.925925925925926e-06,-0.0,-5.555555555555556e-06,positive_daisy_runoff_to_positive_oldr_in_flo_and_negative_storage_sink,,"{""bookkeeping_after_m"": 0.0, ""bookkeeping_before_m"": 0.0, ""bookkeeping_mode"": ""virtual_ol_d_snapshot"", ""bookkeeping_source"": ""OL_D read-only snapshot"", ""observed_ol_d_before_m"": 0.0, ""observed_ol_d_time"": ""2020-08-01T00:04:00"", ""requested_step_depth_m"": 5.555555555555556e-06, ""step_volume_m3"": 0.0014222222222222223, ""storage_units"": ""m"", ""target_units"": ""m3/s""}"
2020-08-01 00:04:00,runoff,106,74,default,2020-08-01,2020-09-01,62.0,2678400.0,5.925925925925926e-06,3.1252511689672247e-10,-5.555243030438659e-06,positive_daisy_runoff_to_positive_oldr_in_flo_and_negative_storage_sink,,"{""bookkeeping_after_m"": 0.0, ""bookkeeping_before_m"": 3.1252511689672247e-10, ""bookkeeping_mode"": ""virtual_ol_d_snapshot"", ""bookkeeping_source"": ""OL_D read-only snapshot"", ""observed_ol_d_before_m"": 3.1252511689672247e-10, ""observed_ol_d_time"": ""2020-08-01T00:04:00"", ""requested_step_depth_m"": 5.555555555555556e-06, ""step_volume_m3"": 0.0014222222222222223, ""storage_units"": ""m"", ""target_units"": ""m3/s""}"
2020-08-01 00:04:00,runoff,106,75,default,2020-08-01,2020-09-01,62.0,2678400.0,5.925925925925926e-06,3.133209247607738e-10,-5.555242234630795e-06,positive_daisy_runoff_to_positive_oldr_in_flo_and_negative_storage_sink,,"{""bookkeeping_after_m"": 0.0, ""bookkeeping_before_m"": 3.133209247607738e-10, ""bookkeeping_mode"": ""virtual_ol_d_snapshot"", ""bookkeeping_source"": ""OL_D read-only snapshot"", ""observed_ol_d_before_m"": 3.133209247607738e-10, ""observed_ol_d_time"": ""2020-08-01T00:04:00"", ""requested_step_depth_m"": 5.555555555555556e-06, ""step_volume_m3"": 0.0014222222222222223, ""storage_units"": ""m"", ""target_units"": ""m3/s""}"
2020-08-01 00:04:00,runoff,106,76,default,2020-08-01,2020-09-01,62.0,2678400.0,5.925925925925926e-06,3.104787538177334e-10,-5.555245076801738e-06,positive_daisy_runoff_to_positive_oldr_in_flo_and_negative_storage_sink,,"{""bookkeeping_after_m"": 0.0, ""bookkeeping_before_m"": 3.104787538177334e-10, ""bookkeeping_mode"": ""virtual_ol_d_snapshot"", ""bookkeeping_source"": ""OL_D read-only snapshot"", ""observed_ol_d_before_m"": 3.104787538177334e-10, ""observed_ol_d_time"": ""2020-08-01T00:04:00"", ""requested_step_depth_m"": 5.555555555555556e-06, ""step_volume_m3"": 0.0014222222222222223, ""storage_units"": ""m"", ""target_units"": ""m3/s""}"
2020-08-01 00:04:00,runoff,106,77,default,2020-08-01,2020-09-01,62.0,2678400.0,5.925925925925926e-06,3.1036506698001176e-10,-5.555245190488576e-06,positive_daisy_runoff_to_positive_oldr_in_flo_and_negative_storage_sink,,"{""bookkeeping_after_m"": 0.0, ""bookkeeping_before_m"": 3.1036506698001176e-10, ""bookkeeping_mode"": ""virtual_ol_d_snapshot"", ""bookkeeping_source"": ""OL_D read-only snapshot"", ""observed_ol_d_before_m"": 3.1036506698001176e-10, ""observed_ol_d_time"": ""2020-08-01T00:04:00"", ""requested_step_depth_m"": 5.555555555555556e-06, ""step_volume_m3"": 0.0014222222222222223, ""storage_units"": ""m"", ""target_units"": ""m3/s""}"
2020-08-01 00:04:00,runoff,106,78,default,2020-08-01,2020-09-01,62.0,2678400.0,5.925925925925926e-06,3.0331648304127157e-10,-5.5552522390725146e-06,positive_daisy_runoff_to_positive_oldr_in_flo_and_negative_storage_sink,,"{""bookkeeping_after_m"": 0.0, ""bookkeeping_before_m"": 3.0331648304127157e-10, ""bookkeeping_mode"": ""virtual_ol_d_snapshot"", ""bookkeeping_source"": ""OL_D read-only snapshot"", ""observed_ol_d_before_m"": 3.0331648304127157e-10, ""observed_ol_d_time"": ""2020-08-01T00:04:00"", ""requested_step_depth_m"": 5.555555555555556e-06, ""step_volume_m3"": 0.0014222222222222223, ""storage_units"": ""m"", ""target_units"": ""m3/s""}"
2020-08-01 00:04:00,runoff,106,79,default,2020-08-01,2020-09-01,62.0,2678400.0,5.925925925925926e-06,2.9967850423417985e-10,-5.555255877051322e-06,positive_daisy_runoff_to_positive_oldr_in_flo_and_negative_storage_sink,,"{""bookkeeping_after_m"": 0.0, ""bookkeeping_before_m"": 2.9967850423417985e-10, ""bookkeeping_mode"": ""virtual_ol_d_snapshot"", ""bookkeeping_source"": ""OL_D read-only snapshot"", ""observed_ol_d_before_m"": 2.9967850423417985e-10, ""observed_ol_d_time"": ""2020-08-01T00:04:00"", ""requested_step_depth_m"": 5.555555555555556e-06, ""step_volume_m3"": 0.0014222222222222223, ""storage_units"": ""m"", ""target_units"": ""m3/s""}"
2020-08-01 00:04:00,runoff,106,80,default,2020-08-01,2020-09-01,62.0,2678400.0,5.925925925925926e-06,2.9899638320785016e-10,-5.555256559172348e-06,positive_daisy_runoff_to_positive_oldr_in_flo_and_negative_storage_sink,,"{""bookkeeping_after_m"": 0.0, ""bookkeeping_before_m"": 2.9899638320785016e-10, ""bookkeeping_mode"": ""virtual_ol_d_snapshot"", ""bookkeeping_source"": ""OL_D read-only snapshot"", ""observed_ol_d_before_m"": 2.9899638320785016e-10, ""observed_ol_d_time"": ""2020-08-01T00:04:00"", ""requested_step_depth_m"": 5.555555555555556e-06, ""step_volume_m3"": 0.0014222222222222223, ""storage_units"": ""m"", ""target_units"": ""m3/s""}"
2020-08-01 00:04:00,runoff,106,81,default,2020-08-01,2020-09-01,62.0,2678400.0,5.925925925925926e-06,3.027480488526635e-10,-5.555252807506703e-06,positive_daisy_runoff_to_positive_oldr_in_flo_and_negative_storage_sink,,"{""bookkeeping_after_m"": 0.0, ""bookkeeping_before_m"": 3.027480488526635e-10, ""bookkeeping_mode"": ""virtual_ol_d_snapshot"", ""bookkeeping_source"": ""OL_D read-only snapshot"", ""observed_ol_d_before_m"": 3.027480488526635e-10, ""observed_ol_d_time"": ""2020-08-01T00:04:00"", ""requested_step_depth_m"": 5.555555555555556e-06, ""step_volume_m3"": 0.0014222222222222223, ""storage_units"": ""m"", ""target_units"": ""m3/s""}"
2020-08-01 00:04:00,runoff,107,72,default,2020-08-01,2020-09-01,62.0,2678400.0,5.925925925925926e-06,-0.0,-5.555555555555556e-06,positive_daisy_runoff_to_positive_oldr_in_flo_and_negative_storage_sink,,"{""bookkeeping_after_m"": 0.0, ""bookkeeping_before_m"": 0.0, ""bookkeeping_mode"": ""virtual_ol_d_snapshot"", ""bookkeeping_source"": ""OL_D read-only snapshot"", ""observed_ol_d_before_m"": 0.0, ""observed_ol_d_time"": ""2020-08-01T00:04:00"", ""requested_step_depth_m"": 5.555555555555556e-06, ""step_volume_m3"": 0.0014222222222222223, ""storage_units"": ""m"", ""target_units"": ""m3/s""}"
2020-08-01 00:04:00,runoff,107,73,default,2020-08-01,2020-09-01,62.0,2678400.0,5.925925925925926e-06,3.119566827081144e-10,-5.555243598872848e-06,positive_daisy_runoff_to_positive_oldr_in_flo_and_negative_storage_sink,,"{""bookkeeping_after_m"": 0.0, ""bookkeeping_before_m"": 3.119566827081144e-10, ""bookkeeping_mode"": ""virtual_ol_d_snapshot"", ""bookkeeping_source"": ""OL_D read-only snapshot"", ""observed_ol_d_before_m"": 3.119566827081144e-10, ""observed_ol_d_time"": ""2020-08-01T00:04:00"", ""requested_step_depth_m"": 5.555555555555556e-06, ""step_volume_m3"": 0.0014222222222222223, ""storage_units"": ""m"", ""target_units"": ""m3/s""}"
2020-08-01 00:04:00,runoff,107,74,default,2020-08-01,2020-09-01,62.0,2678400.0,5.925925925925926e-06,3.126388037344441e-10,-5.555242916751821e-06,positive_daisy_runoff_to_positive_oldr_in_flo_and_negative_storage_sink,,"{""bookkeeping_after_m"": 0.0, ""bookkeeping_before_m"": 3.126388037344441e-10, ""bookkeeping_mode"": ""virtual_ol_d_snapshot"", ""bookkeeping_source"": ""OL_D read-only snapshot"", ""observed_ol_d_before_m"": 3.126388037344441e-10, ""observed_ol_d_time"": ""2020-08-01T00:04:00"", ""requested_step_depth_m"": 5.555555555555556e-06, ""step_volume_m3"": 0.0014222222222222223, ""storage_units"": ""m"", ""target_units"": ""m3/s""}"
2020-08-01 00:04:00,runoff,107,75,default,2020-08-01,2020-09-01,62.0,2678400.0,5.925925925925926e-06,3.0024693842278793e-10,-5.555255308617133e-06,positive_daisy_runoff_to_positive_oldr_in_flo_and_negative_storage_sink,,"{""bookkeeping_after_m"": 0.0, ""bookkeeping_before_m"": 3.0024693842278793e-10, ""bookkeeping_mode"": ""virtual_ol_d_snapshot"", ""bookkeeping_source"": ""OL_D read-only snapshot"", ""observed_ol_d_before_m"": 3.0024693842278793e-10, ""observed_ol_d_time"": ""2020-08-01T00:04:00"", ""requested_step_depth_m"": 5.555555555555556e-06, ""step_volume_m3"": 0.0014222222222222223, ""storage_units"": ""m"", ""target_units"": ""m3/s""}"
2020-08-01 00:04:00,runoff,107,76,default,2020-08-01,2020-09-01,62.0,2678400.0,5.925925925925926e-06,2.9899638320785016e-10,-5.555256559172348e-06,positive_daisy_runoff_to_positive_oldr_in_flo_and_negative_storage_sink,,"{""bookkeeping_after_m"": 0.0, ""bookkeeping_before_m"": 2.9899638320785016e-10, ""bookkeeping_mode"": ""virtual_ol_d_snapshot"", ""bookkeeping_source"": ""OL_D read-only snapshot"", ""observed_ol_d_before_m"": 2.9899638320785016e-10, ""observed_ol_d_time"": ""2020-08-01T00:04:00"", ""requested_step_depth_m"": 5.555555555555556e-06, ""step_volume_m3"": 0.0014222222222222223, ""storage_units"": ""m"", ""target_units"": ""m3/s""}"
2020-08-01 00:04:00,runoff,107,77,default,2020-08-01,2020-09-01,62.0,2678400.0,5.925925925925926e-06,2.994511305587366e-10,-5.555256104424997e-06,positive_daisy_runoff_to_positive_oldr_in_flo_and_negative_storage_sink,,"{""bookkeeping_after_m"": 0.0, ""bookkeeping_before_m"": 2.994511305587366e-10, ""bookkeeping_mode"": ""virtual_ol_d_snapshot"", ""bookkeeping_source"": ""OL_D read-only snapshot"", ""observed_ol_d_before_m"": 2.994511305587366e-10, ""observed_ol_d_time"": ""2020-08-01T00:04:00"", ""requested_step_depth_m"": 5.555555555555556e-06, ""step_volume_m3"": 0.0014222222222222223, ""storage_units"": ""m"", ""target_units"": ""m3/s""}"
2020-08-01 00:04:00,runoff,107,78,default,2020-08-01,2020-09-01,62.0,2678400.0,5.925925925925926e-06,-0.0,-5.555555555555556e-06,positive_daisy_runoff_to_positive_oldr_in_flo_and_negative_storage_sink,,"{""bookkeeping_after_m"": 0.0, ""bookkeeping_before_m"": 0.0, ""bookkeeping_mode"": ""virtual_ol_d_snapshot"", ""bookkeeping_source"": ""OL_D read-only snapshot"", ""observed_ol_d_before_m"": 0.0, ""observed_ol_d_time"": ""2020-08-01T00:04:00"", ""requested_step_depth_m"": 5.555555555555556e-06, ""step_volume_m3"": 0.0014222222222222223, ""storage_units"": ""m"", ""target_units"": ""m3/s""}"
