Pcp_File_Version=4
*** BLOCK I: ATMOSPHERIC INFORMATION  **********************************
   MaxAL                    (MaxAL = number of atmospheric data-records)
   3000
 DailyVar  SinusVar  lLay  lBCCycles lInterc lDummy  lDummy  lDummy  lDummy  lDummy
       f       f       f       f       f       f       f       f       f       f
 hCritS                 (max. allowed pressure head at the soil surface)
      0
       tAtm        Prec       rSoil       rRoot      hCritA          rB          hB          ht        tTop        tBot        Ampl        cTop        cBot   RootDepth
          1   -0.046196           0           0           0           0           0           0           0           0           0           0           0 
          2   -0.033322           0           0           0           0           0           0           0           0           0           0           0 
          3   -0.016661           0           0           0           0           0           0           0           0           0           0           0 
          4    -0.00833           0           0           0           0           0           0           0           0           0           0           0 
          5   -0.004165           0           0           0           0           0           0           0           0           0           0           0 
          6   -0.079142           0           0           0           0           0           0           0           0           0           0           0 
          7   -0.125411           0           0           0           0           0           0           0           0           0           0           0 
          8   -0.100745           0           0           0           0           0           0           0           0           0           0           0 
          9   -0.065045           0           0           0           0           0           0           0           0           0           0           0 
         10    -0.03252           0           0           0           0           0           0           0           0           0           0           0 
         11    -0.01626           0           0           0           0           0           0           0           0           0           0           0 
         12    -0.00813           0           0           0           0           0           0           0           0           0           0           0 
         13   -0.046031           0           0           0           0           0           0           0           0           0           0           0 
         14    -0.09429           0           0           0           0           0           0           0           0           0           0           0 
         15   -0.077277           0           0           0           0           0           0           0           0           0           0           0 
         16   -0.038636           0           0           0           0           0           0           0           0           0           0           0 
         17   -0.061435           0           0           0           0           0           0           0           0           0           0           0 
         18    -0.06417           0           0           0           0           0           0           0           0           0           0           0 
         19   -0.032083           0           0           0           0           0           0           0           0           0           0           0 
         20   -0.016041           0           0           0           0           0           0           0           0           0           0           0 
         21    -0.00802           0           0           0           0           0           0           0           0           0           0           0 
         22    -0.00401           0           0           0           0           0           0           0           0           0           0           0 
         23   -0.137101           0           0           0           0           0           0           0           0           0           0           0 
         24   -0.248578           0           0           0           0           0           0           0           0           0           0           0 
         25   -0.308148           0           0           0           0           0           0           0           0           0           0           0 
         26   -0.438446           0           0           0           0           0           0           0           0           0           0           0 
         27   -0.500097           0           0           0           0           0           0           0           0           0           0           0 
         28   -0.356851           0           0           0           0           0           0           0           0           0           0           0 
         29   -0.228102           0           0           0           0           0           0           0           0           0           0           0 
         30   -0.181556           0           0           0           0           0           0           0           0           0           0           0 
         31   -0.183308           0           0           0           0           0           0           0           0           0           0           0 
         32   -0.226524           0           0           0           0           0           0           0           0           0           0           0 
         33    -0.17604           0           0           0           0           0           0           0           0           0           0           0 
         34   -0.090657           0           0           0           0           0           0           0           0           0           0           0 
         35   -0.047432           0           0           0           0           0           0           0           0           0           0           0 
         36   -0.023715           0           0           0           0           0           0           0           0           0           0           0 
         37   -0.149274           0           0           0           0           0           0           0           0           0           0           0 
         38   -0.287362           0           0           0           0           0           0           0           0           0           0           0 
         39   -0.225905           0           0           0           0           0           0           0           0           0           0           0 
         40   -0.146149           0           0           0           0           0           0           0           0           0           0           0 
         41   -0.291959           0           0           0           0           0           0           0           0           0           0           0 
         42   -0.691659           0           0           0           0           0           0           0           0           0           0           0 
         43   -0.857384           0           0           0           0           0           0           0           0           0           0           0 
         44   -0.847243           0           0           0           0           0           0           0           0           0           0           0 
         45    -0.88864           0           0           0           0           0           0           0           0           0           0           0 
         46   -0.680792           0           0           0           0           0           0           0           0           0           0           0 
         47   -0.448878           0           0           0           0           0           0           0           0           0           0           0 
         48   -0.290875           0           0           0           0           0           0           0           0           0           0           0 
         49   -0.145394           0           0           0           0           0           0           0           0           0           0           0 
         50   -0.072684           0           0           0           0           0           0           0           0           0           0           0 
         51   -0.036339           0           0           0           0           0           0           0           0           0           0           0 
         52   -0.018169           0           0           0           0           0           0           0           0           0           0           0 
         53   -0.009084           0           0           0           0           0           0           0           0           0           0           0 
         54   -0.004542           0           0           0           0           0           0           0           0           0           0           0 
         55   -0.002271           0           0           0           0           0           0           0           0           0           0           0 
         56   -0.015031           0           0           0           0           0           0           0           0           0           0           0 
         57    -0.11348           0           0           0           0           0           0           0           0           0           0           0 
         58   -0.161864           0           0           0           0           0           0           0           0           0           0           0 
         59   -0.156493           0           0           0           0           0           0           0           0           0           0           0 
         60   -0.119508           0           0           0           0           0           0           0           0           0           0           0 
         61   -0.059744           0           0           0           0           0           0           0           0           0           0           0 
         62    -0.02987           0           0           0           0           0           0           0           0           0           0           0 
         63   -0.014935           0           0           0           0           0           0           0           0           0           0           0 
         64   -0.007467           0           0           0           0           0           0           0           0           0           0           0 
         65   -0.003734           0           0           0           0           0           0           0           0           0           0           0 
         66   -0.001867           0           0           0           0           0           0           0           0           0           0           0 
         67   -0.000933           0           0           0           0           0           0           0           0           0           0           0 
         68           0           0           0           0           0           0           0           0           0           0           0           0 
         69           0           0           0           0           0           0           0           0           0           0           0           0 
         70           0           0           0           0           0           0           0           0           0           0           0           0 
         71           0           0           0           0           0           0           0           0           0           0           0           0 
         72   -0.009467           0           0           0           0           0           0           0           0           0           0           0 
         73   -0.012231           0           0           0           0           0           0           0           0           0           0           0 
         74   -0.006115           0           0           0           0           0           0           0           0           0           0           0 
         75   -0.003058           0           0           0           0           0           0           0           0           0           0           0 
         76   -0.001529           0           0           0           0           0           0           0           0           0           0           0 
         77   -0.000764           0           0           0           0           0           0           0           0           0           0           0 
         78           0           0           0           0           0           0           0           0           0           0           0           0 
         79           0           0           0           0           0           0           0           0           0           0           0           0 
         80           0           0           0           0           0           0           0           0           0           0           0           0 
         81           0           0           0           0           0           0           0           0           0           0           0           0 
         82           0           0           0           0           0           0           0           0           0           0           0           0 
         83           0           0           0           0           0           0           0           0           0           0           0           0 
         84           0           0           0           0           0           0           0           0           0           0           0           0 
         85           0           0           0           0           0           0           0           0           0           0           0           0 
         86           0           0           0           0           0           0           0           0           0           0           0           0 
         87           0           0           0           0           0           0           0           0           0           0           0           0 
         88           0           0           0           0           0           0           0           0           0           0           0           0 
         89           0           0           0           0           0           0           0           0           0           0           0           0 
         90           0           0           0           0           0           0           0           0           0           0           0           0 
         91           0           0           0           0           0           0           0           0           0           0           0           0 
         92           0           0           0           0           0           0           0           0           0           0           0           0 
         93           0           0           0           0           0           0           0           0           0           0           0           0 
         94           0           0           0           0           0           0           0           0           0           0           0           0 
         95           0           0           0           0           0           0           0           0           0           0           0           0 
         96   -0.015697           0           0           0           0           0           0           0           0           0           0           0 
         97   -0.020316           0           0           0           0           0           0           0           0           0           0           0 
         98   -0.010158           0           0           0           0           0           0           0           0           0           0           0 
         99   -0.005079           0           0           0           0           0           0           0           0           0           0           0 
        100   -0.002539           0           0           0           0           0           0           0           0           0           0           0 
        101    -0.00127           0           0           0           0           0           0           0           0           0           0           0 
        102           0           0           0           0           0           0           0           0           0           0           0           0 
        103   -0.001181           0           0           0           0           0           0           0           0           0           0           0 
        104   -0.015843           0           0           0           0           0           0           0           0           0           0           0 
        105   -0.019492           0           0           0           0           0           0           0           0           0           0           0 
        106   -0.009746           0           0           0           0           0           0           0           0           0           0           0 
        107   -0.013993           0           0           0           0           0           0           0           0           0           0           0 
        108   -0.015818           0           0           0           0           0           0           0           0           0           0           0 
        109   -0.012451           0           0           0           0           0           0           0           0           0           0           0 
        110   -0.019694           0           0           0           0           0           0           0           0           0           0           0 
        111   -0.042151           0           0           0           0           0           0           0           0           0           0           0 
        112   -0.053882           0           0           0           0           0           0           0           0           0           0           0 
        113    -0.05574           0           0           0           0           0           0           0           0           0           0           0 
        114   -0.046182           0           0           0           0           0           0           0           0           0           0           0 
        115   -0.026481           0           0           0           0           0           0           0           0           0           0           0 
        116    -0.01324           0           0           0           0           0           0           0           0           0           0           0 
        117    -0.00662           0           0           0           0           0           0           0           0           0           0           0 
        118    -0.00331           0           0           0           0           0           0           0           0           0           0           0 
        119   -0.001655           0           0           0           0           0           0           0           0           0           0           0 
        120   -0.000827           0           0           0           0           0           0           0           0           0           0           0 
        121           0           0           0           0           0           0           0           0           0           0           0           0 
        122           0           0           0           0           0           0           0           0           0           0           0           0 
        123           0           0           0           0           0           0           0           0           0           0           0           0 
        124           0           0           0           0           0           0           0           0           0           0           0           0 
        125           0           0           0           0           0           0           0           0           0           0           0           0 
        126           0           0           0           0           0           0           0           0           0           0           0           0 
        127   -0.008353           0           0           0           0           0           0           0           0           0           0           0 
        128   -0.010806           0           0           0           0           0           0           0           0           0           0           0 
        129   -0.005403           0           0           0           0           0           0           0           0           0           0           0 
        130   -0.002702           0           0           0           0           0           0           0           0           0           0           0 
        131   -0.001351           0           0           0           0           0           0           0           0           0           0           0 
        132           0           0           0           0           0           0           0           0           0           0           0           0 
        133    -0.00304           0           0           0           0           0           0           0           0           0           0           0 
        134   -0.003667           0           0           0           0           0           0           0           0           0           0           0 
        135   -0.001833           0           0           0           0           0           0           0           0           0           0           0 
        136   -0.000917           0           0           0           0           0           0           0           0           0           0           0 
        137   -0.005508           0           0           0           0           0           0           0           0           0           0           0 
        138   -0.006765           0           0           0           0           0           0           0           0           0           0           0 
        139   -0.003382           0           0           0           0           0           0           0           0           0           0           0 
        140   -0.042981           0           0           0           0           0           0           0           0           0           0           0 
        141   -0.054287           0           0           0           0           0           0           0           0           0           0           0 
        142   -0.037404           0           0           0           0           0           0           0           0           0           0           0 
        143   -0.026852           0           0           0           0           0           0           0           0           0           0           0 
        144   -0.013426           0           0           0           0           0           0           0           0           0           0           0 
        145   -0.006713           0           0           0           0           0           0           0           0           0           0           0 
        146   -0.003356           0           0           0           0           0           0           0           0           0           0           0 
        147   -0.001678           0           0           0           0           0           0           0           0           0           0           0 
        148   -0.000839           0           0           0           0           0           0           0           0           0           0           0 
        149           0           0           0           0           0           0           0           0           0           0           0           0 
        150           0           0           0           0           0           0           0           0           0           0           0           0 
        151           0           0           0           0           0           0           0           0           0           0           0           0 
        152           0           0           0           0           0           0           0           0           0           0           0           0 
        153           0           0           0           0           0           0           0           0           0           0           0           0 
        154           0           0           0           0           0           0           0           0           0           0           0           0 
        155           0           0           0           0           0           0           0           0           0           0           0           0 
        156           0           0           0           0           0           0           0           0           0           0           0           0 
        157   -0.001525           0           0           0           0           0           0           0           0           0           0           0 
        158   -0.006864           0           0           0           0           0           0           0           0           0           0           0 
        159   -0.007317           0           0           0           0           0           0           0           0           0           0           0 
        160   -0.003659           0           0           0           0           0           0           0           0           0           0           0 
        161   -0.001829           0           0           0           0           0           0           0           0           0           0           0 
        162   -0.000915           0           0           0           0           0           0           0           0           0           0           0 
        163           0           0           0           0           0           0           0           0           0           0           0           0 
        164           0           0           0           0           0           0           0           0           0           0           0           0 
        165           0           0           0           0           0           0           0           0           0           0           0           0 
        166           0           0           0           0           0           0           0           0           0           0           0           0 
        167           0           0           0           0           0           0           0           0           0           0           0           0 
        168           0           0           0           0           0           0           0           0           0           0           0           0 
        169   -0.001598           0           0           0           0           0           0           0           0           0           0           0 
        170   -0.006936           0           0           0           0           0           0           0           0           0           0           0 
        171   -0.007417           0           0           0           0           0           0           0           0           0           0           0 
        172   -0.012965           0           0           0           0           0           0           0           0           0           0           0 
        173   -0.013835           0           0           0           0           0           0           0           0           0           0           0 
        174   -0.007188           0           0           0           0           0           0           0           0           0           0           0 
        175   -0.003808           0           0           0           0           0           0           0           0           0           0           0 
        176   -0.001904           0           0           0           0           0           0           0           0           0           0           0 
        177   -0.000952           0           0           0           0           0           0           0           0           0           0           0 
        178           0           0           0           0           0           0           0           0           0           0           0           0 
        179           0           0           0           0           0           0           0           0           0           0           0           0 
        180           0           0           0           0           0           0           0           0           0           0           0           0 
        181           0           0           0           0           0           0           0           0           0           0           0           0 
        182           0           0           0           0           0           0           0           0           0           0           0           0 
        183    -0.00791           0           0           0           0           0           0           0           0           0           0           0 
        184   -0.010227           0           0           0           0           0           0           0           0           0           0           0 
        185   -0.016591           0           0           0           0           0           0           0           0           0           0           0 
        186   -0.017412           0           0           0           0           0           0           0           0           0           0           0 
        187   -0.008706           0           0           0           0           0           0           0           0           0           0           0 
        188   -0.004353           0           0           0           0           0           0           0           0           0           0           0 
        189   -0.002176           0           0           0           0           0           0           0           0           0           0           0 
        190   -0.001088           0           0           0           0           0           0           0           0           0           0           0 
        191           0           0           0           0           0           0           0           0           0           0           0           0 
        192           0           0           0           0           0           0           0           0           0           0           0           0 
        193           0           0           0           0           0           0           0           0           0           0           0           0 
        194           0           0           0           0           0           0           0           0           0           0           0           0 
        195           0           0           0           0           0           0           0           0           0           0           0           0 
        196           0           0           0           0           0           0           0           0           0           0           0           0 
        197           0           0           0           0           0           0           0           0           0           0           0           0 
        198           0           0           0           0           0           0           0           0           0           0           0           0 
        199           0           0           0           0           0           0           0           0           0           0           0           0 
        200           0           0           0           0           0           0           0           0           0           0           0           0 
        201           0           0           0           0           0           0           0           0           0           0           0           0 
        202           0           0           0           0           0           0           0           0           0           0           0           0 
        203           0           0           0           0           0           0           0           0           0           0           0           0 
        204           0           0           0           0           0           0           0           0           0           0           0           0 
        205           0           0           0           0           0           0           0           0           0           0           0           0 
        206           0           0           0           0           0           0           0           0           0           0           0           0 
        207           0           0           0           0           0           0           0           0           0           0           0           0 
        208   -0.001059           0           0           0           0           0           0           0           0           0           0           0 
        209   -0.002182           0           0           0           0           0           0           0           0           0           0           0 
        210   -0.001736           0           0           0           0           0           0           0           0           0           0           0 
        211   -0.000868           0           0           0           0           0           0           0           0           0           0           0 
        212           0           0           0           0           0           0           0           0           0           0           0           0 
        213           0           0           0           0           0           0           0           0           0           0           0           0 
        214           0           0           0           0           0           0           0           0           0           0           0           0 
        215           0           0           0           0           0           0           0           0           0           0           0           0 
        216           0           0           0           0           0           0           0           0           0           0           0           0 
        217           0           0           0           0           0           0           0           0           0           0           0           0 
        218           0           0           0           0           0           0           0           0           0           0           0           0 
        219           0           0           0           0           0           0           0           0           0           0           0           0 
        220           0           0           0           0           0           0           0           0           0           0           0           0 
        221           0           0           0           0           0           0           0           0           0           0           0           0 
        222           0           0           0           0           0           0           0           0           0           0           0           0 
        223           0           0           0           0           0           0           0           0           0           0           0           0 
        224           0           0           0           0           0           0           0           0           0           0           0           0 
        225           0           0           0           0           0           0           0           0           0           0           0           0 
        226           0           0           0           0           0           0           0           0           0           0           0           0 
        227           0           0           0           0           0           0           0           0           0           0           0           0 
        228           0           0           0           0           0           0           0           0           0           0           0           0 
        229           0           0           0           0           0           0           0           0           0           0           0           0 
        230           0           0           0           0           0           0           0           0           0           0           0           0 
        231           0           0           0           0           0           0           0           0           0           0           0           0 
        232           0           0           0           0           0           0           0           0           0           0           0           0 
        233           0           0           0           0           0           0           0           0           0           0           0           0 
        234           0           0           0           0           0           0           0           0           0           0           0           0 
        235           0           0           0           0           0           0           0           0           0           0           0           0 
        236           0           0           0           0           0           0           0           0           0           0           0           0 
        237           0           0           0           0           0           0           0           0           0           0           0           0 
        238           0           0           0           0           0           0           0           0           0           0           0           0 
        239           0           0           0           0           0           0           0           0           0           0           0           0 
        240           0           0           0           0           0           0           0           0           0           0           0           0 
        241           0           0           0           0           0           0           0           0           0           0           0           0 
        242           0           0           0           0           0           0           0           0           0           0           0           0 
        243           0           0           0           0           0           0           0           0           0           0           0           0 
        244           0           0           0           0           0           0           0           0           0           0           0           0 
        245           0           0           0           0           0           0           0           0           0           0           0           0 
        246           0           0           0           0           0           0           0           0           0           0           0           0 
        247           0           0           0           0           0           0           0           0           0           0           0           0 
        248           0           0           0           0           0           0           0           0           0           0           0           0 
        249           0           0           0           0           0           0           0           0           0           0           0           0 
        250           0           0           0           0           0           0           0           0           0           0           0           0 
        251           0           0           0           0           0           0           0           0           0           0           0           0 
        252           0           0           0           0           0           0           0           0           0           0           0           0 
        253           0           0           0           0           0           0           0           0           0           0           0           0 
        254           0           0           0           0           0           0           0           0           0           0           0           0 
        255           0           0           0           0           0           0           0           0           0           0           0           0 
        256           0           0           0           0           0           0           0           0           0           0           0           0 
        257           0           0           0           0           0           0           0           0           0           0           0           0 
        258           0           0           0           0           0           0           0           0           0           0           0           0 
        259           0           0           0           0           0           0           0           0           0           0           0           0 
        260           0           0           0           0           0           0           0           0           0           0           0           0 
        261           0           0           0           0           0           0           0           0           0           0           0           0 
        262           0           0           0           0           0           0           0           0           0           0           0           0 
        263           0           0           0           0           0           0           0           0           0           0           0           0 
        264           0           0           0           0           0           0           0           0           0           0           0           0 
        265           0           0           0           0           0           0           0           0           0           0           0           0 
        266           0           0           0           0           0           0           0           0           0           0           0           0 
        267           0           0           0           0           0           0           0           0           0           0           0           0 
        268           0           0           0           0           0           0           0           0           0           0           0           0 
        269           0           0           0           0           0           0           0           0           0           0           0           0 
        270           0           0           0           0           0           0           0           0           0           0           0           0 
        271           0           0           0           0           0           0           0           0           0           0           0           0 
        272    -0.00242           0           0           0           0           0           0           0           0           0           0           0 
        273   -0.003756           0           0           0           0           0           0           0           0           0           0           0 
        274   -0.002377           0           0           0           0           0           0           0           0           0           0           0 
        275   -0.001189           0           0           0           0           0           0           0           0           0           0           0 
        276           0           0           0           0           0           0           0           0           0           0           0           0 
        277           0           0           0           0           0           0           0           0           0           0           0           0 
        278           0           0           0           0           0           0           0           0           0           0           0           0 
        279           0           0           0           0           0           0           0           0           0           0           0           0 
        280           0           0           0           0           0           0           0           0           0           0           0           0 
        281           0           0           0           0           0           0           0           0           0           0           0           0 
        282           0           0           0           0           0           0           0           0           0           0           0           0 
        283           0           0           0           0           0           0           0           0           0           0           0           0 
        284           0           0           0           0           0           0           0           0           0           0           0           0 
        285           0           0           0           0           0           0           0           0           0           0           0           0 
        286           0           0           0           0           0           0           0           0           0           0           0           0 
        287           0           0           0           0           0           0           0           0           0           0           0           0 
        288           0           0           0           0           0           0           0           0           0           0           0           0 
        289           0           0           0           0           0           0           0           0           0           0           0           0 
        290   -0.005829           0           0           0           0           0           0           0           0           0           0           0 
        291   -0.009047           0           0           0           0           0           0           0           0           0           0           0 
        292   -0.015166           0           0           0           0           0           0           0           0           0           0           0 
        293   -0.015088           0           0           0           0           0           0           0           0           0           0           0 
        294   -0.007544           0           0           0           0           0           0           0           0           0           0           0 
        295   -0.009009           0           0           0           0           0           0           0           0           0           0           0 
        296   -0.008665           0           0           0           0           0           0           0           0           0           0           0 
        297   -0.014681           0           0           0           0           0           0           0           0           0           0           0 
        298   -0.101113           0           0           0           0           0           0           0           0           0           0           0 
        299   -0.191804           0           0           0           0           0           0           0           0           0           0           0 
        300   -0.299284           0           0           0           0           0           0           0           0           0           0           0 
        301   -0.592956           0           0           0           0           0           0           0           0           0           0           0 
        302    -0.83144           0           0           0           0           0           0           0           0           0           0           0 
        303   -0.653174           0           0           0           0           0           0           0           0           0           0           0 
        304   -0.389965           0           0           0           0           0           0           0           0           0           0           0 
        305   -0.421173           0           0           0           0           0           0           0           0           0           0           0 
        306   -0.387672           0           0           0           0           0           0           0           0           0           0           0 
        307   -0.215773           0           0           0           0           0           0           0           0           0           0           0 
        308   -0.107858           0           0           0           0           0           0           0           0           0           0           0 
        309   -0.053925           0           0           0           0           0           0           0           0           0           0           0 
        310   -0.026961           0           0           0           0           0           0           0           0           0           0           0 
        311    -0.01348           0           0           0           0           0           0           0           0           0           0           0 
        312   -0.032502           0           0           0           0           0           0           0           0           0           0           0 
        313     -0.0499           0           0           0           0           0           0           0           0           0           0           0 
        314   -0.110432           0           0           0           0           0           0           0           0           0           0           0 
        315   -0.114786           0           0           0           0           0           0           0           0           0           0           0 
        316   -0.057385           0           0           0           0           0           0           0           0           0           0           0 
        317   -0.095369           0           0           0           0           0           0           0           0           0           0           0 
        318   -0.100639           0           0           0           0           0           0           0           0           0           0           0 
        319   -0.050315           0           0           0           0           0           0           0           0           0           0           0 
        320   -0.043306           0           0           0           0           0           0           0           0           0           0           0 
        321   -0.080258           0           0           0           0           0           0           0           0           0           0           0 
        322   -0.084943           0           0           0           0           0           0           0           0           0           0           0 
        323     -0.2946           0           0           0           0           0           0           0           0           0           0           0 
        324   -0.594794           0           0           0           0           0           0           0           0           0           0           0 
        325   -0.498452           0           0           0           0           0           0           0           0           0           0           0 
        326   -0.249091           0           0           0           0           0           0           0           0           0           0           0 
        327   -0.240101           0           0           0           0           0           0           0           0           0           0           0 
        328   -0.329369           0           0           0           0           0           0           0           0           0           0           0 
        329   -0.259019           0           0           0           0           0           0           0           0           0           0           0 
        330   -0.130298           0           0           0           0           0           0           0           0           0           0           0 
        331   -0.065141           0           0           0           0           0           0           0           0           0           0           0 
        332   -0.032568           0           0           0           0           0           0           0           0           0           0           0 
        333   -0.016284           0           0           0           0           0           0           0           0           0           0           0 
        334   -0.008142           0           0           0           0           0           0           0           0           0           0           0 
        335   -0.004071           0           0           0           0           0           0           0           0           0           0           0 
        336   -0.002035           0           0           0           0           0           0           0           0           0           0           0 
        337   -0.001018           0           0           0           0           0           0           0           0           0           0           0 
        338           0           0           0           0           0           0           0           0           0           0           0           0 
        339           0           0           0           0           0           0           0           0           0           0           0           0 
        340           0           0           0           0           0           0           0           0           0           0           0           0 
        341           0           0           0           0           0           0           0           0           0           0           0           0 
        342           0           0           0           0           0           0           0           0           0           0           0           0 
        343   -0.010031           0           0           0           0           0           0           0           0           0           0           0 
        344   -0.078724           0           0           0           0           0           0           0           0           0           0           0 
        345   -0.174008           0           0           0           0           0           0           0           0           0           0           0 
        346     -0.1527           0           0           0           0           0           0           0           0           0           0           0 
        347   -0.076529           0           0           0           0           0           0           0           0           0           0           0 
        348   -0.038261           0           0           0           0           0           0           0           0           0           0           0 
        349    -0.01913           0           0           0           0           0           0           0           0           0           0           0 
        350   -0.009565           0           0           0           0           0           0           0           0           0           0           0 
        351   -0.004782           0           0           0           0           0           0           0           0           0           0           0 
        352   -0.002391           0           0           0           0           0           0           0           0           0           0           0 
        353   -0.001196           0           0           0           0           0           0           0           0           0           0           0 
        354           0           0           0           0           0           0           0           0           0           0           0           0 
        355     -0.0037           0           0           0           0           0           0           0           0           0           0           0 
        356   -0.004551           0           0           0           0           0           0           0           0           0           0           0 
        357   -0.002276           0           0           0           0           0           0           0           0           0           0           0 
        358   -0.021513           0           0           0           0           0           0           0           0           0           0           0 
        359   -0.154113           0           0           0           0           0           0           0           0           0           0           0 
        360    -0.46498           0           0           0           0           0           0           0           0           0           0           0 
        361   -0.462493           0           0           0           0           0           0           0           0           0           0           0 
        362   -0.366044           0           0           0           0           0           0           0           0           0           0           0 
        363   -0.389491           0           0           0           0           0           0           0           0           0           0           0 
        364   -0.359619           0           0           0           0           0           0           0           0           0           0           0 
        365   -0.265638           0           0           0           0           0           0           0           0           0           0           0 
        366   -0.370196           0           0           0           0           0           0           0           0           0           0           0 
        367   -0.526379           0           0           0           0           0           0           0           0           0           0           0 
        368   -0.551491           0           0           0           0           0           0           0           0           0           0           0 
        369   -0.482727           0           0           0           0           0           0           0           0           0           0           0 
        370    -0.56946           0           0           0           0           0           0           0           0           0           0           0 
        371   -0.904694           0           0           0           0           0           0           0           0           0           0           0 
        372   -0.876544           0           0           0           0           0           0           0           0           0           0           0 
        373    -0.56648           0           0           0           0           0           0           0           0           0           0           0 
        374    -0.33772           0           0           0           0           0           0           0           0           0           0           0 
        375   -0.396284           0           0           0           0           0           0           0           0           0           0           0 
        376   -0.385814           0           0           0           0           0           0           0           0           0           0           0 
        377   -0.215899           0           0           0           0           0           0           0           0           0           0           0 
        378   -0.115996           0           0           0           0           0           0           0           0           0           0           0 
        379   -0.057989           0           0           0           0           0           0           0           0           0           0           0 
        380   -0.048727           0           0           0           0           0           0           0           0           0           0           0 
        381   -0.040037           0           0           0           0           0           0           0           0           0           0           0 
        382   -0.031359           0           0           0           0           0           0           0           0           0           0           0 
        383   -0.052959           0           0           0           0           0           0           0           0           0           0           0 
        384   -0.048934           0           0           0           0           0           0           0           0           0           0           0 
        385   -0.024466           0           0           0           0           0           0           0           0           0           0           0 
        386   -0.012233           0           0           0           0           0           0           0           0           0           0           0 
        387   -0.006116           0           0           0           0           0           0           0           0           0           0           0 
        388   -0.003058           0           0           0           0           0           0           0           0           0           0           0 
        389   -0.001529           0           0           0           0           0           0           0           0           0           0           0 
        390   -0.000765           0           0           0           0           0           0           0           0           0           0           0 
        391           0           0           0           0           0           0           0           0           0           0           0           0 
        392           0           0           0           0           0           0           0           0           0           0           0           0 
        393           0           0           0           0           0           0           0           0           0           0           0           0 
        394           0           0           0           0           0           0           0           0           0           0           0           0 
        395           0           0           0           0           0           0           0           0           0           0           0           0 
        396           0           0           0           0           0           0           0           0           0           0           0           0 
        397           0           0           0           0           0           0           0           0           0           0           0           0 
        398           0           0           0           0           0           0           0           0           0           0           0           0 
        399   -0.001169           0           0           0           0           0           0           0           0           0           0           0 
        400   -0.001512           0           0           0           0           0           0           0           0           0           0           0 
        401   -0.000756           0           0           0           0           0           0           0           0           0           0           0 
        402           0           0           0           0           0           0           0           0           0           0           0           0 
        403           0           0           0           0           0           0           0           0           0           0           0           0 
        404           0           0           0           0           0           0           0           0           0           0           0           0 
        405   -0.021996           0           0           0           0           0           0           0           0           0           0           0 
        406   -0.028432           0           0           0           0           0           0           0           0           0           0           0 
        407   -0.014215           0           0           0           0           0           0           0           0           0           0           0 
        408   -0.008641           0           0           0           0           0           0           0           0           0           0           0 
        409   -0.005538           0           0           0           0           0           0           0           0           0           0           0 
        410   -0.002769           0           0           0           0           0           0           0           0           0           0           0 
        411   -0.175798           0           0           0           0           0           0           0           0           0           0           0 
        412   -0.258777           0           0           0           0           0           0           0           0           0           0           0 
        413   -0.165764           0           0           0           0           0           0           0           0           0           0           0 
        414   -0.100126           0           0           0           0           0           0           0           0           0           0           0 
        415   -0.057016           0           0           0           0           0           0           0           0           0           0           0 
        416   -0.028506           0           0           0           0           0           0           0           0           0           0           0 
        417   -0.039901           0           0           0           0           0           0           0           0           0           0           0 
        418   -0.040322           0           0           0           0           0           0           0           0           0           0           0 
        419    -0.02016           0           0           0           0           0           0           0           0           0           0           0 
        420    -0.01008           0           0           0           0           0           0           0           0           0           0           0 
        421    -0.00504           0           0           0           0           0           0           0           0           0           0           0 
        422    -0.00252           0           0           0           0           0           0           0           0           0           0           0 
        423   -0.013278           0           0           0           0           0           0           0           0           0           0           0 
        424   -0.016185           0           0           0           0           0           0           0           0           0           0           0 
        425   -0.008092           0           0           0           0           0           0           0           0           0           0           0 
        426   -0.005499           0           0           0           0           0           0           0           0           0           0           0 
        427   -0.003903           0           0           0           0           0           0           0           0           0           0           0 
        428   -0.001952           0           0           0           0           0           0           0           0           0           0           0 
        429   -0.000976           0           0           0           0           0           0           0           0           0           0           0 
        430   -0.016132           0           0           0           0           0           0           0           0           0           0           0 
        431   -0.081842           0           0           0           0           0           0           0           0           0           0           0 
        432   -0.089646           0           0           0           0           0           0           0           0           0           0           0 
        433   -0.044819           0           0           0           0           0           0           0           0           0           0           0 
        434   -0.030101           0           0           0           0           0           0           0           0           0           0           0 
        435    -0.02116           0           0           0           0           0           0           0           0           0           0           0 
        436    -0.01058           0           0           0           0           0           0           0           0           0           0           0 
        437    -0.00529           0           0           0           0           0           0           0           0           0           0           0 
        438   -0.002645           0           0           0           0           0           0           0           0           0           0           0 
        439   -0.001322           0           0           0           0           0           0           0           0           0           0           0 
        440   -0.035948           0           0           0           0           0           0           0           0           0           0           0 
        441   -0.055568           0           0           0           0           0           0           0           0           0           0           0 
        442   -0.053557           0           0           0           0           0           0           0           0           0           0           0 
        443   -0.134556           0           0           0           0           0           0           0           0           0           0           0 
        444    -0.14253           0           0           0           0           0           0           0           0           0           0           0 
        445   -0.241136           0           0           0           0           0           0           0           0           0           0           0 
        446   -0.360054           0           0           0           0           0           0           0           0           0           0           0 
        447   -0.285872           0           0           0           0           0           0           0           0           0           0           0 
        448   -0.160586           0           0           0           0           0           0           0           0           0           0           0 
        449   -0.080279           0           0           0           0           0           0           0           0           0           0           0 
        450   -0.040136           0           0           0           0           0           0           0           0           0           0           0 
        451   -0.020067           0           0           0           0           0           0           0           0           0           0           0 
        452   -0.010033           0           0           0           0           0           0           0           0           0           0           0 
        453   -0.005017           0           0           0           0           0           0           0           0           0           0           0 
        454   -0.002508           0           0           0           0           0           0           0           0           0           0           0 
        455   -0.001254           0           0           0           0           0           0           0           0           0           0           0 
        456           0           0           0           0           0           0           0           0           0           0           0           0 
        457           0           0           0           0           0           0           0           0           0           0           0           0 
        458           0           0           0           0           0           0           0           0           0           0           0           0 
        459   -0.138581           0           0           0           0           0           0           0           0           0           0           0 
        460    -0.18774           0           0           0           0           0           0           0           0           0           0           0 
        461   -0.100571           0           0           0           0           0           0           0           0           0           0           0 
        462   -0.050281           0           0           0           0           0           0           0           0           0           0           0 
        463   -0.025139           0           0           0           0           0           0           0           0           0           0           0 
        464   -0.012569           0           0           0           0           0           0           0           0           0           0           0 
        465   -0.006285           0           0           0           0           0           0           0           0           0           0           0 
        466   -0.003142           0           0           0           0           0           0           0           0           0           0           0 
        467   -0.009261           0           0           0           0           0           0           0           0           0           0           0 
        468   -0.010738           0           0           0           0           0           0           0           0           0           0           0 
        469   -0.005369           0           0           0           0           0           0           0           0           0           0           0 
        470   -0.002685           0           0           0           0           0           0           0           0           0           0           0 
        471   -0.001342           0           0           0           0           0           0           0           0           0           0           0 
        472           0           0           0           0           0           0           0           0           0           0           0           0 
        473           0           0           0           0           0           0           0           0           0           0           0           0 
        474           0           0           0           0           0           0           0           0           0           0           0           0 
        475           0           0           0           0           0           0           0           0           0           0           0           0 
        476           0           0           0           0           0           0           0           0           0           0           0           0 
        477   -0.003216           0           0           0           0           0           0           0           0           0           0           0 
        478   -0.004146           0           0           0           0           0           0           0           0           0           0           0 
        479   -0.002073           0           0           0           0           0           0           0           0           0           0           0 
        480   -0.012456           0           0           0           0           0           0           0           0           0           0           0 
        481   -0.015299           0           0           0           0           0           0           0           0           0           0           0 
        482   -0.032176           0           0           0           0           0           0           0           0           0           0           0 
        483   -0.035569           0           0           0           0           0           0           0           0           0           0           0 
        484   -0.019251           0           0           0           0           0           0           0           0           0           0           0 
        485   -0.046868           0           0           0           0           0           0           0           0           0           0           0 
        486   -0.084162           0           0           0           0           0           0           0           0           0           0           0 
        487   -0.067553           0           0           0           0           0           0           0           0           0           0           0 
        488   -0.033774           0           0           0           0           0           0           0           0           0           0           0 
        489   -0.018896           0           0           0           0           0           0           0           0           0           0           0 
        490   -0.019974           0           0           0           0           0           0           0           0           0           0           0 
        491   -0.033143           0           0           0           0           0           0           0           0           0           0           0 
        492   -0.058968           0           0           0           0           0           0           0           0           0           0           0 
        493   -0.058088           0           0           0           0           0           0           0           0           0           0           0 
        494   -0.033065           0           0           0           0           0           0           0           0           0           0           0 
        495   -0.016532           0           0           0           0           0           0           0           0           0           0           0 
        496   -0.008266           0           0           0           0           0           0           0           0           0           0           0 
        497   -0.004133           0           0           0           0           0           0           0           0           0           0           0 
        498   -0.002066           0           0           0           0           0           0           0           0           0           0           0 
        499   -0.001033           0           0           0           0           0           0           0           0           0           0           0 
        500           0           0           0           0           0           0           0           0           0           0           0           0 
        501           0           0           0           0           0           0           0           0           0           0           0           0 
        502           0           0           0           0           0           0           0           0           0           0           0           0 
        503           0           0           0           0           0           0           0           0           0           0           0           0 
        504           0           0           0           0           0           0           0           0           0           0           0           0 
        505           0           0           0           0           0           0           0           0           0           0           0           0 
        506           0           0           0           0           0           0           0           0           0           0           0           0 
        507           0           0           0           0           0           0           0           0           0           0           0           0 
        508           0           0           0           0           0           0           0           0           0           0           0           0 
        509           0           0           0           0           0           0           0           0           0           0           0           0 
        510           0           0           0           0           0           0           0           0           0           0           0           0 
        511           0           0           0           0           0           0           0           0           0           0           0           0 
        512           0           0           0           0           0           0           0           0           0           0           0           0 
        513           0           0           0           0           0           0           0           0           0           0           0           0 
        514           0           0           0           0           0           0           0           0           0           0           0           0 
        515           0           0           0           0           0           0           0           0           0           0           0           0 
        516           0           0           0           0           0           0           0           0           0           0           0           0 
        517           0           0           0           0           0           0           0           0           0           0           0           0 
        518           0           0           0           0           0           0           0           0           0           0           0           0 
        519           0           0           0           0           0           0           0           0           0           0           0           0 
        520           0           0           0           0           0           0           0           0           0           0           0           0 
        521     -0.0025           0           0           0           0           0           0           0           0           0           0           0 
        522   -0.012249           0           0           0           0           0           0           0           0           0           0           0 
        523   -0.025343           0           0           0           0           0           0           0           0           0           0           0 
        524   -0.026912           0           0           0           0           0           0           0           0           0           0           0 
        525   -0.037076           0           0           0           0           0           0           0           0           0           0           0 
        526   -0.034358           0           0           0           0           0           0           0           0           0           0           0 
        527   -0.017178           0           0           0           0           0           0           0           0           0           0           0 
        528   -0.008589           0           0           0           0           0           0           0           0           0           0           0 
        529   -0.004294           0           0           0           0           0           0           0           0           0           0           0 
        530   -0.002147           0           0           0           0           0           0           0           0           0           0           0 
        531   -0.001074           0           0           0           0           0           0           0           0           0           0           0 
        532           0           0           0           0           0           0           0           0           0           0           0           0 
        533   -0.006576           0           0           0           0           0           0           0           0           0           0           0 
        534   -0.008298           0           0           0           0           0           0           0           0           0           0           0 
        535   -0.007586           0           0           0           0           0           0           0           0           0           0           0 
        536   -0.006523           0           0           0           0           0           0           0           0           0           0           0 
        537   -0.003595           0           0           0           0           0           0           0           0           0           0           0 
        538   -0.002062           0           0           0           0           0           0           0           0           0           0           0 
        539   -0.001031           0           0           0           0           0           0           0           0           0           0           0 
        540           0           0           0           0           0           0           0           0           0           0           0           0 
        541           0           0           0           0           0           0           0           0           0           0           0           0 
        542           0           0           0           0           0           0           0           0           0           0           0           0 
        543           0           0           0           0           0           0           0           0           0           0           0           0 
        544           0           0           0           0           0           0           0           0           0           0           0           0 
        545           0           0           0           0           0           0           0           0           0           0           0           0 
        546           0           0           0           0           0           0           0           0           0           0           0           0 
        547           0           0           0           0           0           0           0           0           0           0           0           0 
        548           0           0           0           0           0           0           0           0           0           0           0           0 
        549           0           0           0           0           0           0           0           0           0           0           0           0 
        550           0           0           0           0           0           0           0           0           0           0           0           0 
        551   -0.005151           0           0           0           0           0           0           0           0           0           0           0 
        552   -0.006666           0           0           0           0           0           0           0           0           0           0           0 
        553   -0.003333           0           0           0           0           0           0           0           0           0           0           0 
        554   -0.001667           0           0           0           0           0           0           0           0           0           0           0 
        555   -0.000833           0           0           0           0           0           0           0           0           0           0           0 
        556           0           0           0           0           0           0           0           0           0           0           0           0 
        557           0           0           0           0           0           0           0           0           0           0           0           0 
        558           0           0           0           0           0           0           0           0           0           0           0           0 
        559           0           0           0           0           0           0           0           0           0           0           0           0 
        560           0           0           0           0           0           0           0           0           0           0           0           0 
        561           0           0           0           0           0           0           0           0           0           0           0           0 
        562           0           0           0           0           0           0           0           0           0           0           0           0 
        563           0           0           0           0           0           0           0           0           0           0           0           0 
        564           0           0           0           0           0           0           0           0           0           0           0           0 
        565           0           0           0           0           0           0           0           0           0           0           0           0 
        566           0           0           0           0           0           0           0           0           0           0           0           0 
        567           0           0           0           0           0           0           0           0           0           0           0           0 
        568           0           0           0           0           0           0           0           0           0           0           0           0 
        569           0           0           0           0           0           0           0           0           0           0           0           0 
        570           0           0           0           0           0           0           0           0           0           0           0           0 
        571           0           0           0           0           0           0           0           0           0           0           0           0 
        572           0           0           0           0           0           0           0           0           0           0           0           0 
        573           0           0           0           0           0           0           0           0           0           0           0           0 
        574           0           0           0           0           0           0           0           0           0           0           0           0 
        575           0           0           0           0           0           0           0           0           0           0           0           0 
        576           0           0           0           0           0           0           0           0           0           0           0           0 
        577   -0.001514           0           0           0           0           0           0           0           0           0           0           0 
        578   -0.001922           0           0           0           0           0           0           0           0           0           0           0 
        579   -0.000961           0           0           0           0           0           0           0           0           0           0           0 
        580           0           0           0           0           0           0           0           0           0           0           0           0 
        581           0           0           0           0           0           0           0           0           0           0           0           0 
        582           0           0           0           0           0           0           0           0           0           0           0           0 
        583           0           0           0           0           0           0           0           0           0           0           0           0 
        584   -0.002021           0           0           0           0           0           0           0           0           0           0           0 
        585   -0.002592           0           0           0           0           0           0           0           0           0           0           0 
        586   -0.001296           0           0           0           0           0           0           0           0           0           0           0 
        587           0           0           0           0           0           0           0           0           0           0           0           0 
        588           0           0           0           0           0           0           0           0           0           0           0           0 
        589           0           0           0           0           0           0           0           0           0           0           0           0 
        590           0           0           0           0           0           0           0           0           0           0           0           0 
        591           0           0           0           0           0           0           0           0           0           0           0           0 
        592           0           0           0           0           0           0           0           0           0           0           0           0 
        593           0           0           0           0           0           0           0           0           0           0           0           0 
        594           0           0           0           0           0           0           0           0           0           0           0           0 
        595           0           0           0           0           0           0           0           0           0           0           0           0 
        596           0           0           0           0           0           0           0           0           0           0           0           0 
        597           0           0           0           0           0           0           0           0           0           0           0           0 
        598           0           0           0           0           0           0           0           0           0           0           0           0 
        599           0           0           0           0           0           0           0           0           0           0           0           0 
        600           0           0           0           0           0           0           0           0           0           0           0           0 
        601           0           0           0           0           0           0           0           0           0           0           0           0 
        602           0           0           0           0           0           0           0           0           0           0           0           0 
        603           0           0           0           0           0           0           0           0           0           0           0           0 
        604           0           0           0           0           0           0           0           0           0           0           0           0 
        605           0           0           0           0           0           0           0           0           0           0           0           0 
        606           0           0           0           0           0           0           0           0           0           0           0           0 
        607           0           0           0           0           0           0           0           0           0           0           0           0 
        608           0           0           0           0           0           0           0           0           0           0           0           0 
        609   -0.011902           0           0           0           0           0           0           0           0           0           0           0 
        610   -0.014859           0           0           0           0           0           0           0           0           0           0           0 
        611   -0.007429           0           0           0           0           0           0           0           0           0           0           0 
        612   -0.003715           0           0           0           0           0           0           0           0           0           0           0 
        613   -0.001857           0           0           0           0           0           0           0           0           0           0           0 
        614   -0.000929           0           0           0           0           0           0           0           0           0           0           0 
        615           0           0           0           0           0           0           0           0           0           0           0           0 
        616           0           0           0           0           0           0           0           0           0           0           0           0 
        617           0           0           0           0           0           0           0           0           0           0           0           0 
        618           0           0           0           0           0           0           0           0           0           0           0           0 
        619           0           0           0           0           0           0           0           0           0           0           0           0 
        620           0           0           0           0           0           0           0           0           0           0           0           0 
        621           0           0           0           0           0           0           0           0           0           0           0           0 
        622           0           0           0           0           0           0           0           0           0           0           0           0 
        623           0           0           0           0           0           0           0           0           0           0           0           0 
        624           0           0           0           0           0           0           0           0           0           0           0           0 
        625           0           0           0           0           0           0           0           0           0           0           0           0 
        626           0           0           0           0           0           0           0           0           0           0           0           0 
        627           0           0           0           0           0           0           0           0           0           0           0           0 
        628           0           0           0           0           0           0           0           0           0           0           0           0 
        629           0           0           0           0           0           0           0           0           0           0           0           0 
        630           0           0           0           0           0           0           0           0           0           0           0           0 
        631           0           0           0           0           0           0           0           0           0           0           0           0 
        632           0           0           0           0           0           0           0           0           0           0           0           0 
        633   -0.001518           0           0           0           0           0           0           0           0           0           0           0 
        634   -0.005865           0           0           0           0           0           0           0           0           0           0           0 
        635   -0.040407           0           0           0           0           0           0           0           0           0           0           0 
        636   -0.142104           0           0           0           0           0           0           0           0           0           0           0 
        637   -0.146187           0           0           0           0           0           0           0           0           0           0           0 
        638   -0.073084           0           0           0           0           0           0           0           0           0           0           0 
        639   -0.036539           0           0           0           0           0           0           0           0           0           0           0 
        640   -0.018269           0           0           0           0           0           0           0           0           0           0           0 
        641   -0.009134           0           0           0           0           0           0           0           0           0           0           0 
        642   -0.004567           0           0           0           0           0           0           0           0           0           0           0 
        643   -0.002284           0           0           0           0           0           0           0           0           0           0           0 
        644   -0.001142           0           0           0           0           0           0           0           0           0           0           0 
        645           0           0           0           0           0           0           0           0           0           0           0           0 
        646   -0.003612           0           0           0           0           0           0           0           0           0           0           0 
        647   -0.009764           0           0           0           0           0           0           0           0           0           0           0 
        648    -0.01299           0           0           0           0           0           0           0           0           0           0           0 
        649    -0.01435           0           0           0           0           0           0           0           0           0           0           0 
        650   -0.016002           0           0           0           0           0           0           0           0           0           0           0 
        651    -0.03063           0           0           0           0           0           0           0           0           0           0           0 
        652   -0.096431           0           0           0           0           0           0           0           0           0           0           0 
        653   -0.142549           0           0           0           0           0           0           0           0           0           0           0 
        654    -0.13413           0           0           0           0           0           0           0           0           0           0           0 
        655   -0.098761           0           0           0           0           0           0           0           0           0           0           0 
        656   -0.055773           0           0           0           0           0           0           0           0           0           0           0 
        657   -0.027885           0           0           0           0           0           0           0           0           0           0           0 
        658   -0.013942           0           0           0           0           0           0           0           0           0           0           0 
        659   -0.006971           0           0           0           0           0           0           0           0           0           0           0 
        660   -0.003485           0           0           0           0           0           0           0           0           0           0           0 
        661   -0.001743           0           0           0           0           0           0           0           0           0           0           0 
        662   -0.000871           0           0           0           0           0           0           0           0           0           0           0 
        663           0           0           0           0           0           0           0           0           0           0           0           0 
        664   -0.045731           0           0           0           0           0           0           0           0           0           0           0 
        665   -0.107858           0           0           0           0           0           0           0           0           0           0           0 
        666   -0.126979           0           0           0           0           0           0           0           0           0           0           0 
        667   -0.171657           0           0           0           0           0           0           0           0           0           0           0 
        668   -0.150116           0           0           0           0           0           0           0           0           0           0           0 
        669   -0.075044           0           0           0           0           0           0           0           0           0           0           0 
        670   -0.098829           0           0           0           0           0           0           0           0           0           0           0 
        671   -0.114767           0           0           0           0           0           0           0           0           0           0           0 
        672   -0.111138           0           0           0           0           0           0           0           0           0           0           0 
        673   -0.127724           0           0           0           0           0           0           0           0           0           0           0 
        674   -0.095598           0           0           0           0           0           0           0           0           0           0           0 
        675   -0.047794           0           0           0           0           0           0           0           0           0           0           0 
        676   -0.037453           0           0           0           0           0           0           0           0           0           0           0 
        677   -0.068096           0           0           0           0           0           0           0           0           0           0           0 
        678   -0.064706           0           0           0           0           0           0           0           0           0           0           0 
        679   -0.032351           0           0           0           0           0           0           0           0           0           0           0 
        680   -0.137275           0           0           0           0           0           0           0           0           0           0           0 
        681   -0.484566           0           0           0           0           0           0           0           0           0           0           0 
        682   -0.634343           0           0           0           0           0           0           0           0           0           0           0 
        683   -0.590923           0           0           0           0           0           0           0           0           0           0           0 
        684   -0.434169           0           0           0           0           0           0           0           0           0           0           0 
        685   -0.227366           0           0           0           0           0           0           0           0           0           0           0 
        686   -0.166441           0           0           0           0           0           0           0           0           0           0           0 
        687   -0.232727           0           0           0           0           0           0           0           0           0           0           0 
        688   -0.284362           0           0           0           0           0           0           0           0           0           0           0 
        689   -0.231537           0           0           0           0           0           0           0           0           0           0           0 
        690   -0.135785           0           0           0           0           0           0           0           0           0           0           0 
        691   -0.067882           0           0           0           0           0           0           0           0           0           0           0 
        692   -0.033938           0           0           0           0           0           0           0           0           0           0           0 
        693   -0.016969           0           0           0           0           0           0           0           0           0           0           0 
        694   -0.008484           0           0           0           0           0           0           0           0           0           0           0 
        695   -0.004242           0           0           0           0           0           0           0           0           0           0           0 
        696   -0.002121           0           0           0           0           0           0           0           0           0           0           0 
        697    -0.00106           0           0           0           0           0           0           0           0           0           0           0 
        698           0           0           0           0           0           0           0           0           0           0           0           0 
        699           0           0           0           0           0           0           0           0           0           0           0           0 
        700           0           0           0           0           0           0           0           0           0           0           0           0 
        701           0           0           0           0           0           0           0           0           0           0           0           0 
        702           0           0           0           0           0           0           0           0           0           0           0           0 
        703           0           0           0           0           0           0           0           0           0           0           0           0 
        704           0           0           0           0           0           0           0           0           0           0           0           0 
        705           0           0           0           0           0           0           0           0           0           0           0           0 
        706           0           0           0           0           0           0           0           0           0           0           0           0 
        707           0           0           0           0           0           0           0           0           0           0           0           0 
        708           0           0           0           0           0           0           0           0           0           0           0           0 
        709           0           0           0           0           0           0           0           0           0           0           0           0 
        710           0           0           0           0           0           0           0           0           0           0           0           0 
        711           0           0           0           0           0           0           0           0           0           0           0           0 
        712           0           0           0           0           0           0           0           0           0           0           0           0 
        713           0           0           0           0           0           0           0           0           0           0           0           0 
        714           0           0           0           0           0           0           0           0           0           0           0           0 
        715           0           0           0           0           0           0           0           0           0           0           0           0 
        716   -0.021212           0           0           0           0           0           0           0           0           0           0           0 
        717   -0.027455           0           0           0           0           0           0           0           0           0           0           0 
        718   -0.089698           0           0           0           0           0           0           0           0           0           0           0 
        719   -0.138852           0           0           0           0           0           0           0           0           0           0           0 
        720   -0.120108           0           0           0           0           0           0           0           0           0           0           0 
        721    -0.09202           0           0           0           0           0           0           0           0           0           0           0 
        722   -0.056292           0           0           0           0           0           0           0           0           0           0           0 
        723   -0.028144           0           0           0           0           0           0           0           0           0           0           0 
        724   -0.014072           0           0           0           0           0           0           0           0           0           0           0 
        725   -0.011572           0           0           0           0           0           0           0           0           0           0           0 
        726   -0.009389           0           0           0           0           0           0           0           0           0           0           0 
        727   -0.004695           0           0           0           0           0           0           0           0           0           0           0 
        728   -0.002347           0           0           0           0           0           0           0           0           0           0           0 
        729   -0.001174           0           0           0           0           0           0           0           0           0           0           0 
        730           0           0           0           0           0           0           0           0           0           0           0           0 
        731           0           0           0           0           0           0           0           0           0           0           0           0 
        732           0           0           0           0           0           0           0           0           0           0           0           0 
        733           0           0           0           0           0           0           0           0           0           0           0           0 
        734   -0.001688           0           0           0           0           0           0           0           0           0           0           0 
        735   -0.001819           0           0           0           0           0           0           0           0           0           0           0 
        736    -0.00091           0           0           0           0           0           0           0           0           0           0           0 
        737           0           0           0           0           0           0           0           0           0           0           0           0 
        738   -0.056583           0           0           0           0           0           0           0           0           0           0           0 
        739   -0.151781           0           0           0           0           0           0           0           0           0           0           0 
        740   -0.138407           0           0           0           0           0           0           0           0           0           0           0 
        741   -0.069193           0           0           0           0           0           0           0           0           0           0           0 
        742   -0.034594           0           0           0           0           0           0           0           0           0           0           0 
        743   -0.017296           0           0           0           0           0           0           0           0           0           0           0 
        744   -0.008648           0           0           0           0           0           0           0           0           0           0           0 
        745   -0.004324           0           0           0           0           0           0           0           0           0           0           0 
        746   -0.002162           0           0           0           0           0           0           0           0           0           0           0 
        747   -0.001081           0           0           0           0           0           0           0           0           0           0           0 
        748           0           0           0           0           0           0           0           0           0           0           0           0 
        749           0           0           0           0           0           0           0           0           0           0           0           0 
        750   -0.004292           0           0           0           0           0           0           0           0           0           0           0 
        751   -0.005448           0           0           0           0           0           0           0           0           0           0           0 
        752   -0.002724           0           0           0           0           0           0           0           0           0           0           0 
        753   -0.001362           0           0           0           0           0           0           0           0           0           0           0 
        754           0           0           0           0           0           0           0           0           0           0           0           0 
        755           0           0           0           0           0           0           0           0           0           0           0           0 
        756           0           0           0           0           0           0           0           0           0           0           0           0 
        757           0           0           0           0           0           0           0           0           0           0           0           0 
        758           0           0           0           0           0           0           0           0           0           0           0           0 
        759           0           0           0           0           0           0           0           0           0           0           0           0 
        760           0           0           0           0           0           0           0           0           0           0           0           0 
        761           0           0           0           0           0           0           0           0           0           0           0           0 
        762           0           0           0           0           0           0           0           0           0           0           0           0 
        763           0           0           0           0           0           0           0           0           0           0        0.06           0 
        764           0           0           0           0           0           0           0           0           0           0        0.06           0 
        765           0           0           0           0           0           0           0           0           0           0        0.06           0 
        766           0           0           0           0           0           0           0           0           0           0        0.06           0 
        767           0           0           0           0           0           0           0           0           0           0        0.06           0 
        768           0           0           0           0           0           0           0           0           0           0        0.06           0 
        769           0           0           0           0           0           0           0           0           0           0        0.06           0 
        770   -0.016417           0           0           0           0           0           0           0           0           0        0.06           0 
        771    -0.03343           0           0           0           0           0           0           0           0           0        0.06           0 
        772   -0.123282           0           0           0           0           0           0           0           0           0        0.06           0 
        773   -0.181305           0           0           0           0           0           0           0           0           0        0.06           0 
        774   -0.142036           0           0           0           0           0           0           0           0           0        0.06           0 
        775   -0.139704           0           0           0           0           0           0           0           0           0        0.06           0 
        776   -0.240294           0           0           0           0           0           0           0           0           0        0.06           0 
        777   -0.220912           0           0           0           0           0           0           0           0           0        0.06           0 
        778   -0.110432           0           0           0           0           0           0           0           0           0        0.06           0 
        779   -0.055209           0           0           0           0           0           0           0           0           0        0.06           0 
        780   -0.027603           0           0           0           0           0           0           0           0           0        0.06           0 
        781   -0.013801           0           0           0           0           0           0           0           0           0        0.06           0 
        782     -0.0069           0           0           0           0           0           0           0           0           0        0.06           0 
        783    -0.00345           0           0           0           0           0           0           0           0           0        0.06           0 
        784   -0.001725           0           0           0           0           0           0           0           0           0        0.06           0 
        785   -0.000863           0           0           0           0           0           0           0           0           0        0.06           0 
        786           0           0           0           0           0           0           0           0           0           0        0.06           0 
        787           0           0           0           0           0           0           0           0           0           0        0.06           0 
        788           0           0           0           0           0           0           0           0           0           0        0.06           0 
        789           0           0           0           0           0           0           0           0           0           0        0.06           0 
        790           0           0           0           0           0           0           0           0           0           0        0.06           0 
        791           0           0           0           0           0           0           0           0           0           0           0           0 
        792           0           0           0           0           0           0           0           0           0           0           0           0 
        793           0           0           0           0           0           0           0           0           0           0           0           0 
        794           0           0           0           0           0           0           0           0           0           0           0           0 
        795           0           0           0           0           0           0           0           0           0           0           0           0 
        796           0           0           0           0           0           0           0           0           0           0           0           0 
        797           0           0           0           0           0           0           0           0           0           0           0           0 
        798           0           0           0           0           0           0           0           0           0           0           0           0 
        799           0           0           0           0           0           0           0           0           0           0           0           0 
        800           0           0           0           0           0           0           0           0           0           0           0           0 
        801           0           0           0           0           0           0           0           0           0           0           0           0 
        802    -0.00313           0           0           0           0           0           0           0           0           0           0           0 
        803   -0.009917           0           0           0           0           0           0           0           0           0           0           0 
        804   -0.009618           0           0           0           0           0           0           0           0           0           0           0 
        805   -0.004809           0           0           0           0           0           0           0           0           0           0           0 
        806   -0.002404           0           0           0           0           0           0           0           0           0           0           0 
        807   -0.001202           0           0           0           0           0           0           0           0           0           0           0 
        808           0           0           0           0           0           0           0           0           0           0           0           0 
        809           0           0           0           0           0           0           0           0           0           0           0           0 
        810           0           0           0           0           0           0           0           0           0           0           0           0 
        811           0           0           0           0           0           0           0           0           0           0           0           0 
        812   -0.008026           0           0           0           0           0           0           0           0           0           0           0 
        813    -0.02307           0           0           0           0           0           0           0           0           0           0           0 
        814   -0.030794           0           0           0           0           0           0           0           0           0           0           0 
        815   -0.047529           0           0           0           0           0           0           0           0           0           0           0 
        816   -0.047899           0           0           0           0           0           0           0           0           0           0           0 
        817   -0.027437           0           0           0           0           0           0           0           0           0           0           0 
        818   -0.013718           0           0           0           0           0           0           0           0           0           0           0 
        819   -0.061271           0           0           0           0           0           0           0           0           0           0           0 
        820   -0.170825           0           0           0           0           0           0           0           0           0           0           0 
        821   -0.211012           0           0           0           0           0           0           0           0           0           0           0 
        822   -0.222673           0           0           0           0           0           0           0           0           0           0           0 
        823   -0.318251           0           0           0           0           0           0           0           0           0           0           0 
        824   -0.375586           0           0           0           0           0           0           0           0           0           0           0 
        825   -0.268512           0           0           0           0           0           0           0           0           0           0           0 
        826   -0.134217           0           0           0           0           0           0           0           0           0           0           0 
        827   -0.067099           0           0           0           0           0           0           0           0           0           0           0 
        828   -0.033547           0           0           0           0           0           0           0           0           0           0           0 
        829   -0.016773           0           0           0           0           0           0           0           0           0           0           0 
        830   -0.008386           0           0           0           0           0           0           0           0           0           0           0 
        831   -0.004193           0           0           0           0           0           0           0           0           0           0           0 
        832   -0.002097           0           0           0           0           0           0           0           0           0           0           0 
        833   -0.001048           0           0           0           0           0           0           0           0           0           0           0 
        834           0           0           0           0           0           0           0           0           0           0           0           0 
        835   -0.054512           0           0           0           0           0           0           0           0           0           0           0 
        836   -0.070345           0           0           0           0           0           0           0           0           0           0           0 
        837    -0.03517           0           0           0           0           0           0           0           0           0           0           0 
        838   -0.031345           0           0           0           0           0           0           0           0           0           0           0 
        839   -0.026602           0           0           0           0           0           0           0           0           0           0           0 
        840   -0.013301           0           0           0           0           0           0           0           0           0           0           0 
        841    -0.00665           0           0           0           0           0           0           0           0           0           0           0 
        842   -0.003325           0           0           0           0           0           0           0           0           0           0           0 
        843   -0.001663           0           0           0           0           0           0           0           0           0           0           0 
        844   -0.000831           0           0           0           0           0           0           0           0           0           0           0 
        845           0           0           0           0           0           0           0           0           0           0           0           0 
        846           0           0           0           0           0           0           0           0           0           0           0           0 
        847    -0.00079           0           0           0           0           0           0           0           0           0           0           0 
        848   -0.019118           0           0           0           0           0           0           0           0           0           0           0 
        849   -0.023998           0           0           0           0           0           0           0           0           0           0           0 
        850   -0.011999           0           0           0           0           0           0           0           0           0           0           0 
        851   -0.021565           0           0           0           0           0           0           0           0           0           0           0 
        852   -0.023147           0           0           0           0           0           0           0           0           0           0           0 
        853   -0.011573           0           0           0           0           0           0           0           0           0           0           0 
        854   -0.005786           0           0           0           0           0           0           0           0           0           0           0 
        855   -0.002893           0           0           0           0           0           0           0           0           0           0           0 
        856   -0.001447           0           0           0           0           0           0           0           0           0           0           0 
        857   -0.000723           0           0           0           0           0           0           0           0           0           0           0 
        858           0           0           0           0           0           0           0           0           0           0           0           0 
        859           0           0           0           0           0           0           0           0           0           0           0           0 
        860           0           0           0           0           0           0           0           0           0           0           0           0 
        861           0           0           0           0           0           0           0           0           0           0           0           0 
        862           0           0           0           0           0           0           0           0           0           0           0           0 
        863           0           0           0           0           0           0           0           0           0           0           0           0 
        864           0           0           0           0           0           0           0           0           0           0           0           0 
        865           0           0           0           0           0           0           0           0           0           0           0           0 
        866           0           0           0           0           0           0           0           0           0           0           0           0 
        867           0           0           0           0           0           0           0           0           0           0           0           0 
        868           0           0           0           0           0           0           0           0           0           0           0           0 
        869           0           0           0           0           0           0           0           0           0           0           0           0 
        870           0           0           0           0           0           0           0           0           0           0           0           0 
        871           0           0           0           0           0           0           0           0           0           0           0           0 
        872           0           0           0           0           0           0           0           0           0           0           0           0 
        873           0           0           0           0           0           0           0           0           0           0           0           0 
        874   -0.001417           0           0           0           0           0           0           0           0           0           0           0 
        875   -0.001834           0           0           0           0           0           0           0           0           0           0           0 
        876   -0.000917           0           0           0           0           0           0           0           0           0           0           0 
        877           0           0           0           0           0           0           0           0           0           0           0           0 
        878           0           0           0           0           0           0           0           0           0           0           0           0 
        879   -0.001116           0           0           0           0           0           0           0           0           0           0           0 
        880   -0.001012           0           0           0           0           0           0           0           0           0           0           0 
        881           0           0           0           0           0           0           0           0           0           0           0           0 
        882    -0.00749           0           0           0           0           0           0           0           0           0           0           0 
        883   -0.009493           0           0           0           0           0           0           0           0           0           0           0 
        884   -0.004747           0           0           0           0           0           0           0           0           0           0           0 
        885   -0.002373           0           0           0           0           0           0           0           0           0           0           0 
        886    -0.01923           0           0           0           0           0           0           0           0           0           0           0 
        887   -0.039669           0           0           0           0           0           0           0           0           0           0           0 
        888   -0.032322           0           0           0           0           0           0           0           0           0           0           0 
        889   -0.016161           0           0           0           0           0           0           0           0           0           0           0 
        890   -0.009407           0           0           0           0           0           0           0           0           0           0           0 
        891   -0.005757           0           0           0           0           0           0           0           0           0           0           0 
        892   -0.005884           0           0           0           0           0           0           0           0           0           0           0 
        893    -0.00533           0           0           0           0           0           0           0           0           0           0           0 
        894   -0.002665           0           0           0           0           0           0           0           0           0           0           0 
        895   -0.001332           0           0           0           0           0           0           0           0           0           0           0 
        896           0           0           0           0           0           0           0           0           0           0           0           0 
        897           0           0           0           0           0           0           0           0           0           0           0           0 
        898           0           0           0           0           0           0           0           0           0           0           0           0 
        899           0           0           0           0           0           0           0           0           0           0           0           0 
        900           0           0           0           0           0           0           0           0           0           0           0           0 
        901           0           0           0           0           0           0           0           0           0           0           0           0 
        902           0           0           0           0           0           0           0           0           0           0           0           0 
        903   -0.011526           0           0           0           0           0           0           0           0           0           0           0 
        904   -0.014914           0           0           0           0           0           0           0           0           0           0           0 
        905   -0.020882           0           0           0           0           0           0           0           0           0           0           0 
        906   -0.021104           0           0           0           0           0           0           0           0           0           0           0 
        907   -0.010552           0           0           0           0           0           0           0           0           0           0           0 
        908   -0.005276           0           0           0           0           0           0           0           0           0           0           0 
        909   -0.002638           0           0           0           0           0           0           0           0           0           0           0 
        910   -0.001319           0           0           0           0           0           0           0           0           0           0           0 
        911   -0.001106           0           0           0           0           0           0           0           0           0           0           0 
        912   -0.005152           0           0           0           0           0           0           0           0           0           0           0 
        913   -0.007297           0           0           0           0           0           0           0           0           0           0           0 
        914    -0.00472           0           0           0           0           0           0           0           0           0           0           0 
        915    -0.00236           0           0           0           0           0           0           0           0           0           0           0 
        916   -0.006096           0           0           0           0           0           0           0           0           0           0           0 
        917    -0.00985           0           0           0           0           0           0           0           0           0           0           0 
        918   -0.007226           0           0           0           0           0           0           0           0           0           0           0 
        919   -0.003613           0           0           0           0           0           0           0           0           0           0           0 
        920   -0.001807           0           0           0           0           0           0           0           0           0           0           0 
        921   -0.000903           0           0           0           0           0           0           0           0           0           0           0 
        922   -0.002915           0           0           0           0           0           0           0           0           0           0           0 
        923   -0.003414           0           0           0           0           0           0           0           0           0           0           0 
        924   -0.001707           0           0           0           0           0           0           0           0           0           0           0 
        925   -0.000854           0           0           0           0           0           0           0           0           0           0           0 
        926           0           0           0           0           0           0           0           0           0           0           0           0 
        927           0           0           0           0           0           0           0           0           0           0           0           0 
        928           0           0           0           0           0           0           0           0           0           0           0           0 
        929           0           0           0           0           0           0           0           0           0           0           0           0 
        930           0           0           0           0           0           0           0           0           0           0           0           0 
        931           0           0           0           0           0           0           0           0           0           0           0           0 
        932   -0.006219           0           0           0           0           0           0           0           0           0           0           0 
        933   -0.008044           0           0           0           0           0           0           0           0           0           0           0 
        934   -0.004022           0           0           0           0           0           0           0           0           0           0           0 
        935   -0.002011           0           0           0           0           0           0           0           0           0           0           0 
        936   -0.001006           0           0           0           0           0           0           0           0           0           0           0 
        937           0           0           0           0           0           0           0           0           0           0           0           0 
        938           0           0           0           0           0           0           0           0           0           0           0           0 
        939           0           0           0           0           0           0           0           0           0           0           0           0 
        940           0           0           0           0           0           0           0           0           0           0           0           0 
        941           0           0           0           0           0           0           0           0           0           0           0           0 
        942           0           0           0           0           0           0           0           0           0           0           0           0 
        943           0           0           0           0           0           0           0           0           0           0           0           0 
        944           0           0           0           0           0           0           0           0           0           0           0           0 
        945           0           0           0           0           0           0           0           0           0           0           0           0 
        946           0           0           0           0           0           0           0           0           0           0           0           0 
        947           0           0           0           0           0           0           0           0           0           0           0           0 
        948           0           0           0           0           0           0           0           0           0           0           0           0 
        949           0           0           0           0           0           0           0           0           0           0           0           0 
        950           0           0           0           0           0           0           0           0           0           0           0           0 
        951   -0.014725           0           0           0           0           0           0           0           0           0           0           0 
        952   -0.109483           0           0           0           0           0           0           0           0           0           0           0 
        953    -0.13654           0           0           0           0           0           0           0           0           0           0           0 
        954   -0.076196           0           0           0           0           0           0           0           0           0           0           0 
        955   -0.038095           0           0           0           0           0           0           0           0           0           0           0 
        956   -0.019047           0           0           0           0           0           0           0           0           0           0           0 
        957   -0.081647           0           0           0           0           0           0           0           0           0           0           0 
        958   -0.098103           0           0           0           0           0           0           0           0           0           0           0 
        959   -0.049047           0           0           0           0           0           0           0           0           0           0           0 
        960   -0.024522           0           0           0           0           0           0           0           0           0           0           0 
        961   -0.012261           0           0           0           0           0           0           0           0           0           0           0 
        962    -0.00613           0           0           0           0           0           0           0           0           0           0           0 
        963   -0.003065           0           0           0           0           0           0           0           0           0           0           0 
        964   -0.001533           0           0           0           0           0           0           0           0           0           0           0 
        965   -0.000766           0           0           0           0           0           0           0           0           0           0           0 
        966           0           0           0           0           0           0           0           0           0           0           0           0 
        967           0           0           0           0           0           0           0           0           0           0           0           0 
        968           0           0           0           0           0           0           0           0           0           0           0           0 
        969           0           0           0           0           0           0           0           0           0           0           0           0 
        970           0           0           0           0           0           0           0           0           0           0           0           0 
        971   -0.025383           0           0           0           0           0           0           0           0           0           0           0 
        972   -0.032844           0           0           0           0           0           0           0           0           0           0           0 
        973   -0.095305           0           0           0           0           0           0           0           0           0           0           0 
        974   -0.153474           0           0           0           0           0           0           0           0           0           0           0 
        975   -0.111012           0           0           0           0           0           0           0           0           0           0           0 
        976   -0.082901           0           0           0           0           0           0           0           0           0           0           0 
        977   -0.063211           0           0           0           0           0           0           0           0           0           0           0 
        978   -0.031603           0           0           0           0           0           0           0           0           0           0           0 
        979   -0.015801           0           0           0           0           0           0           0           0           0           0           0 
        980     -0.0079           0           0           0           0           0           0           0           0           0           0           0 
        981    -0.00395           0           0           0           0           0           0           0           0           0           0           0 
        982   -0.001975           0           0           0           0           0           0           0           0           0           0           0 
        983   -0.000988           0           0           0           0           0           0           0           0           0           0           0 
        984           0           0           0           0           0           0           0           0           0           0           0           0 
        985           0           0           0           0           0           0           0           0           0           0           0           0 
        986           0           0           0           0           0           0           0           0           0           0           0           0 
        987           0           0           0           0           0           0           0           0           0           0           0           0 
        988           0           0           0           0           0           0           0           0           0           0           0           0 
        989           0           0           0           0           0           0           0           0           0           0           0           0 
        990           0           0           0           0           0           0           0           0           0           0           0           0 
        991           0           0           0           0           0           0           0           0           0           0           0           0 
        992           0           0           0           0           0           0           0           0           0           0           0           0 
        993           0           0           0           0           0           0           0           0           0           0           0           0 
        994           0           0           0           0           0           0           0           0           0           0           0           0 
        995           0           0           0           0           0           0           0           0           0           0           0           0 
        996   -0.020696           0           0           0           0           0           0           0           0           0           0           0 
        997   -0.026692           0           0           0           0           0           0           0           0           0           0           0 
        998     -0.0216           0           0           0           0           0           0           0           0           0           0           0 
        999   -0.017357           0           0           0           0           0           0           0           0           0           0           0 
       1000   -0.008678           0           0           0           0           0           0           0           0           0           0           0 
       1001   -0.023815           0           0           0           0           0           0           0           0           0           0           0 
       1002   -0.027377           0           0           0           0           0           0           0           0           0           0           0 
       1003   -0.014848           0           0           0           0           0           0           0           0           0           0           0 
       1004   -0.008345           0           0           0           0           0           0           0           0           0           0           0 
       1005   -0.016902           0           0           0           0           0           0           0           0           0           0           0 
       1006   -0.027495           0           0           0           0           0           0           0           0           0           0           0 
       1007   -0.020843           0           0           0           0           0           0           0           0           0           0           0 
       1008   -0.010421           0           0           0           0           0           0           0           0           0           0           0 
       1009    -0.00521           0           0           0           0           0           0           0           0           0           0           0 
       1010    -0.00578           0           0           0           0           0           0           0           0           0           0           0 
       1011   -0.005412           0           0           0           0           0           0           0           0           0           0           0 
       1012   -0.002706           0           0           0           0           0           0           0           0           0           0           0 
       1013   -0.028632           0           0           0           0           0           0           0           0           0           0           0 
       1014   -0.071241           0           0           0           0           0           0           0           0           0           0           0 
       1015   -0.063622           0           0           0           0           0           0           0           0           0           0           0 
       1016   -0.031809           0           0           0           0           0           0           0           0           0           0           0 
       1017   -0.015904           0           0           0           0           0           0           0           0           0           0           0 
       1018   -0.007952           0           0           0           0           0           0           0           0           0           0           0 
       1019   -0.020478           0           0           0           0           0           0           0           0           0           0           0 
       1020   -0.023347           0           0           0           0           0           0           0           0           0           0           0 
       1021   -0.011673           0           0           0           0           0           0           0           0           0           0           0 
       1022   -0.005836           0           0           0           0           0           0           0           0           0           0           0 
       1023   -0.040993           0           0           0           0           0           0           0           0           0           0           0 
       1024   -0.076599           0           0           0           0           0           0           0           0           0           0           0 
       1025   -0.083643           0           0           0           0           0           0           0           0           0           0           0 
       1026   -0.091415           0           0           0           0           0           0           0           0           0           0           0 
       1027   -0.069448           0           0           0           0           0           0           0           0           0           0           0 
       1028   -0.059426           0           0           0           0           0           0           0           0           0           0           0 
       1029   -0.169586           0           0           0           0           0           0           0           0           0           0           0 
       1030   -0.358893           0           0           0           0           0           0           0           0           0           0           0 
       1031   -0.520718           0           0           0           0           0           0           0           0           0           0           0 
       1032   -0.467573           0           0           0           0           0           0           0           0           0           0           0 
       1033   -0.272547           0           0           0           0           0           0           0           0           0           0           0 
       1034    -0.13623           0           0           0           0           0           0           0           0           0           0           0 
       1035   -0.068106           0           0           0           0           0           0           0           0           0           0           0 
       1036   -0.034051           0           0           0           0           0           0           0           0           0           0           0 
       1037   -0.155284           0           0           0           0           0           0           0           0           0           0           0 
       1038   -0.253803           0           0           0           0           0           0           0           0           0           0           0 
       1039    -0.17963           0           0           0           0           0           0           0           0           0           0           0 
       1040   -0.089843           0           0           0           0           0           0           0           0           0           0           0 
       1041   -0.044917           0           0           0           0           0           0           0           0           0           0           0 
       1042   -0.022458           0           0           0           0           0           0           0           0           0           0           0 
       1043   -0.011229           0           0           0           0           0           0           0           0           0           0           0 
       1044    -0.04117           0           0           0           0           0           0           0           0           0           0           0 
       1045   -0.195955           0           0           0           0           0           0           0           0           0           0           0 
       1046   -0.292017           0           0           0           0           0           0           0           0           0           0           0 
       1047   -0.522034           0           0           0           0           0           0           0           0           0           0           0 
       1048   -0.533395           0           0           0           0           0           0           0           0           0           0           0 
       1049   -0.567331           0           0           0           0           0           0           0           0           0           0           0 
       1050   -0.588156           0           0           0           0           0           0           0           0           0           0           0 
       1051    -0.44432           0           0           0           0           0           0           0           0           0           0           0 
       1052   -0.293904           0           0           0           0           0           0           0           0           0           0           0 
       1053   -0.261303           0           0           0           0           0           0           0           0           0           0           0 
       1054   -0.361661           0           0           0           0           0           0           0           0           0           0           0 
       1055   -0.401258           0           0           0           0           0           0           0           0           0           0           0 
       1056   -0.286075           0           0           0           0           0           0           0           0           0           0           0 
       1057   -0.142994           0           0           0           0           0           0           0           0           0           0           0 
       1058   -0.071485           0           0           0           0           0           0           0           0           0           0           0 
       1059   -0.146816           0           0           0           0           0           0           0           0           0           0           0 
       1060   -0.239898           0           0           0           0           0           0           0           0           0           0           0 
       1061   -0.222576           0           0           0           0           0           0           0           0           0           0           0 
       1062     -0.1437           0           0           0           0           0           0           0           0           0           0           0 
       1063   -0.072062           0           0           0           0           0           0           0           0           0           0           0 
       1064   -0.036028           0           0           0           0           0           0           0           0           0           0           0 
       1065   -0.059553           0           0           0           0           0           0           0           0           0           0           0 
       1066   -0.101974           0           0           0           0           0           0           0           0           0           0           0 
       1067   -0.434275           0           0           0           0           0           0           0           0           0           0           0 
       1068    -1.21589           0           0           0           0           0           0           0           0           0           0           0 
       1069    -1.43443           0           0           0           0           0           0           0           0           0           0           0 
       1070   -0.923225           0           0           0           0           0           0           0           0           0           0           0 
       1071   -0.845462           0           0           0           0           0           0           0           0           0           0           0 
       1072   -0.792772           0           0           0           0           0           0           0           0           0           0           0 
       1073   -0.449662           0           0           0           0           0           0           0           0           0           0           0 
       1074   -0.224724           0           0           0           0           0           0           0           0           0           0           0 
       1075   -0.112338           0           0           0           0           0           0           0           0           0           0           0 
       1076   -0.062015           0           0           0           0           0           0           0           0           0           0           0 
       1077   -0.067386           0           0           0           0           0           0           0           0           0           0           0 
       1078   -0.058894           0           0           0           0           0           0           0           0           0           0           0 
       1079   -0.029445           0           0           0           0           0           0           0           0           0           0           0 
       1080   -0.014722           0           0           0           0           0           0           0           0           0           0           0 
       1081   -0.007361           0           0           0           0           0           0           0           0           0           0           0 
       1082    -0.00368           0           0           0           0           0           0           0           0           0           0           0 
       1083    -0.00184           0           0           0           0           0           0           0           0           0           0           0 
       1084    -0.00092           0           0           0           0           0           0           0           0           0           0           0 
       1085           0           0           0           0           0           0           0           0           0           0           0           0 
       1086           0           0           0           0           0           0           0           0           0           0           0           0 
       1087   -0.021475           0           0           0           0           0           0           0           0           0           0           0 
       1088    -0.03081           0           0           0           0           0           0           0           0           0           0           0 
       1089   -0.017872           0           0           0           0           0           0           0           0           0           0           0 
       1090   -0.008936           0           0           0           0           0           0           0           0           0           0           0 
       1091   -0.004468           0           0           0           0           0           0           0           0           0           0           0 
       1092   -0.002234           0           0           0           0           0           0           0           0           0           0           0 
       1093   -0.001117           0           0           0           0           0           0           0           0           0           0           0 
       1094           0           0           0           0           0           0           0           0           0           0           0           0 
       1095           0           0           0           0           0           0           0           0           0           0           0           0 
       1096           0           0           0           0           0           0           0           0           0           0           0           0 
       1097           0           0           0           0           0           0           0           0           0           0           0           0 
       1098           0           0           0           0           0           0           0           0           0           0           0           0 
       1099           0           0           0           0           0           0           0           0           0           0           0           0 
       1100           0           0           0           0           0           0           0           0           0           0           0           0 
       1101    -0.00602           0           0           0           0           0           0           0           0           0           0           0 
       1102   -0.007788           0           0           0           0           0           0           0           0           0           0           0 
       1103   -0.011226           0           0           0           0           0           0           0           0           0           0           0 
       1104   -0.051581           0           0           0           0           0           0           0           0           0           0           0 
       1105    -0.06092           0           0           0           0           0           0           0           0           0           0           0 
       1106   -0.289917           0           0           0           0           0           0           0           0           0           0           0 
       1107   -0.504345           0           0           0           0           0           0           0           0           0           0           0 
       1108   -0.381256           0           0           0           0           0           0           0           0           0           0           0 
       1109   -0.237653           0           0           0           0           0           0           0           0           0           0           0 
       1110   -0.152564           0           0           0           0           0           0           0           0           0           0           0 
       1111    -0.07627           0           0           0           0           0           0           0           0           0           0           0 
       1112   -0.038132           0           0           0           0           0           0           0           0           0           0           0 
       1113   -0.019065           0           0           0           0           0           0           0           0           0           0           0 
       1114   -0.009532           0           0           0           0           0           0           0           0           0           0           0 
       1115   -0.004766           0           0           0           0           0           0           0           0           0           0           0 
       1116   -0.002383           0           0           0           0           0           0           0           0           0           0           0 
       1117   -0.001192           0           0           0           0           0           0           0           0           0           0           0 
       1118   -0.014018           0           0           0           0           0           0           0           0           0           0           0 
       1119   -0.038001           0           0           0           0           0           0           0           0           0           0           0 
       1120   -0.065507           0           0           0           0           0           0           0           0           0           0           0 
       1121   -0.056866           0           0           0           0           0           0           0           0           0           0           0 
       1122   -0.028431           0           0           0           0           0           0           0           0           0           0           0 
       1123   -0.014215           0           0           0           0           0           0           0           0           0           0           0 
       1124   -0.007107           0           0           0           0           0           0           0           0           0           0           0 
       1125   -0.003554           0           0           0           0           0           0           0           0           0           0           0 
       1126   -0.001777           0           0           0           0           0           0           0           0           0           0           0 
       1127   -0.000888           0           0           0           0           0           0           0           0           0           0           0 
       1128           0           0           0           0           0           0           0           0           0           0           0           0 
       1129           0           0           0           0           0           0           0           0           0           0           0           0 
       1130           0           0           0           0           0           0           0           0           0           0           0           0 
       1131           0           0           0           0           0           0           0           0           0           0           0           0 
       1132           0           0           0           0           0           0           0           0           0           0           0           0 
       1133           0           0           0           0           0           0           0           0           0           0           0           0 
       1134           0           0           0           0           0           0           0           0           0           0           0           0 
       1135           0           0           0           0           0           0           0           0           0           0           0           0 
       1136           0           0           0           0           0           0           0           0           0           0           0           0 
       1137           0           0           0           0           0           0           0           0           0           0           0           0 
       1138           0           0           0           0           0           0           0           0           0           0           0           0 
       1139           0           0           0           0           0           0           0           0           0           0           0           0 
       1140           0           0           0           0           0           0           0           0           0           0           0           0 
       1141           0           0           0           0           0           0           0           0           0           0           0           0 
       1142           0           0           0           0           0           0           0           0           0           0           0           0 
       1143           0           0           0           0           0           0           0           0           0           0           0           0 
       1144           0           0           0           0           0           0           0           0           0           0           0           0 
       1145           0           0           0           0           0           0           0           0           0           0           0           0 
       1146           0           0           0           0           0           0           0           0           0           0           0           0 
       1147           0           0           0           0           0           0           0           0           0           0           0           0 
       1148           0           0           0           0           0           0           0           0           0           0           0           0 
       1149           0           0           0           0           0           0           0           0           0           0           0           0 
       1150           0           0           0           0           0           0           0           0           0           0           0           0 
       1151           0           0           0           0           0           0           0           0           0           0           0           0 
       1152           0           0           0           0           0           0           0           0           0           0           0           0 
       1153   -0.013564           0           0           0           0           0           0           0           0           0           0           0 
       1154    -0.02042           0           0           0           0           0           0           0           0           0           0           0 
       1155   -0.012484           0           0           0           0           0           0           0           0           0           0           0 
       1156   -0.006242           0           0           0           0           0           0           0           0           0           0           0 
       1157   -0.003121           0           0           0           0           0           0           0           0           0           0           0 
       1158    -0.00156           0           0           0           0           0           0           0           0           0           0           0 
       1159    -0.00078           0           0           0           0           0           0           0           0           0           0           0 
       1160           0           0           0           0           0           0           0           0           0           0           0           0 
       1161           0           0           0           0           0           0           0           0           0           0           0           0 
       1162           0           0           0           0           0           0           0           0           0           0           0           0 
       1163           0           0           0           0           0           0           0           0           0           0           0           0 
       1164           0           0           0           0           0           0           0           0           0           0           0           0 
       1165           0           0           0           0           0           0           0           0           0           0           0           0 
       1166           0           0           0           0           0           0           0           0           0           0           0           0 
       1167           0           0           0           0           0           0           0           0           0           0           0           0 
       1168           0           0           0           0           0           0           0           0           0           0           0           0 
       1169           0           0           0           0           0           0           0           0           0           0           0           0 
       1170           0           0           0           0           0           0           0           0           0           0           0           0 
       1171           0           0           0           0           0           0           0           0           0           0           0           0 
       1172           0           0           0           0           0           0           0           0           0           0           0           0 
       1173           0           0           0           0           0           0           0           0           0           0           0           0 
       1174           0           0           0           0           0           0           0           0           0           0           0           0 
       1175           0           0           0           0           0           0           0           0           0           0           0           0 
       1176   -0.002093           0           0           0           0           0           0           0           0           0           0           0 
       1177   -0.005734           0           0           0           0           0           0           0           0           0           0           0 
       1178    -0.00544           0           0           0           0           0           0           0           0           0           0           0 
       1179   -0.002856           0           0           0           0           0           0           0           0           0           0           0 
       1180   -0.001428           0           0           0           0           0           0           0           0           0           0           0 
       1181   -0.000714           0           0           0           0           0           0           0           0           0           0           0 
       1182           0           0           0           0           0           0           0           0           0           0           0           0 
       1183           0           0           0           0           0           0           0           0           0           0           0           0 
       1184           0           0           0           0           0           0           0           0           0           0           0           0 
       1185           0           0           0           0           0           0           0           0           0           0           0           0 
       1186   -0.002796           0           0           0           0           0           0           0           0           0           0           0 
       1187   -0.003573           0           0           0           0           0           0           0           0           0           0           0 
       1188   -0.001787           0           0           0           0           0           0           0           0           0           0           0 
       1189   -0.004368           0           0           0           0           0           0           0           0           0           0           0 
       1190   -0.004944           0           0           0           0           0           0           0           0           0           0           0 
       1191   -0.045424           0           0           0           0           0           0           0           0           0           0           0 
       1192   -0.059816           0           0           0           0           0           0           0           0           0           0           0 
       1193    -0.03228           0           0           0           0           0           0           0           0           0           0           0 
       1194   -0.016139           0           0           0           0           0           0           0           0           0           0           0 
       1195    -0.00807           0           0           0           0           0           0           0           0           0           0           0 
       1196   -0.016403           0           0           0           0           0           0           0           0           0           0           0 
       1197   -0.039149           0           0           0           0           0           0           0           0           0           0           0 
       1198   -0.056191           0           0           0           0           0           0           0           0           0           0           0 
       1199   -0.076217           0           0           0           0           0           0           0           0           0           0           0 
       1200   -0.064093           0           0           0           0           0           0           0           0           0           0           0 
       1201   -0.032267           0           0           0           0           0           0           0           0           0           0           0 
       1202   -0.016133           0           0           0           0           0           0           0           0           0           0           0 
       1203   -0.008066           0           0           0           0           0           0           0           0           0           0           0 
       1204   -0.004033           0           0           0           0           0           0           0           0           0           0           0 
       1205   -0.002017           0           0           0           0           0           0           0           0           0           0           0 
       1206   -0.001008           0           0           0           0           0           0           0           0           0           0           0 
       1207           0           0           0           0           0           0           0           0           0           0           0           0 
       1208           0           0           0           0           0           0           0           0           0           0           0           0 
       1209   -0.087207           0           0           0           0           0           0           0           0           0           0           0 
       1210   -0.135562           0           0           0           0           0           0           0           0           0           0           0 
       1211   -0.088979           0           0           0           0           0           0           0           0           0           0           0 
       1212   -0.046951           0           0           0           0           0           0           0           0           0           0           0 
       1213   -0.033374           0           0           0           0           0           0           0           0           0           0           0 
       1214   -0.074448           0           0           0           0           0           0           0           0           0           0           0 
       1215   -0.126669           0           0           0           0           0           0           0           0           0           0           0 
       1216   -0.203261           0           0           0           0           0           0           0           0           0           0           0 
       1217   -0.181324           0           0           0           0           0           0           0           0           0           0           0 
       1218   -0.090642           0           0           0           0           0           0           0           0           0           0           0 
       1219   -0.045317           0           0           0           0           0           0           0           0           0           0           0 
       1220   -0.022657           0           0           0           0           0           0           0           0           0           0           0 
       1221   -0.011328           0           0           0           0           0           0           0           0           0           0           0 
       1222   -0.005664           0           0           0           0           0           0           0           0           0           0           0 
       1223   -0.002832           0           0           0           0           0           0           0           0           0           0           0 
       1224    -0.00905           0           0           0           0           0           0           0           0           0           0           0 
       1225   -0.010589           0           0           0           0           0           0           0           0           0           0           0 
       1226   -0.014995           0           0           0           0           0           0           0           0           0           0           0 
       1227   -0.015203           0           0           0           0           0           0           0           0           0           0           0 
       1228   -0.007602           0           0           0           0           0           0           0           0           0           0           0 
       1229   -0.003801           0           0           0           0           0           0           0           0           0           0           0 
       1230    -0.00587           0           0           0           0           0           0           0           0           0           0           0 
       1231   -0.006088           0           0           0           0           0           0           0           0           0           0           0 
       1232   -0.003044           0           0           0           0           0           0           0           0           0           0           0 
       1233   -0.001522           0           0           0           0           0           0           0           0           0           0           0 
       1234   -0.002756           0           0           0           0           0           0           0           0           0           0           0 
       1235   -0.010529           0           0           0           0           0           0           0           0           0           0           0 
       1236   -0.054526           0           0           0           0           0           0           0           0           0           0           0 
       1237   -0.061616           0           0           0           0           0           0           0           0           0           0           0 
       1238   -0.030806           0           0           0           0           0           0           0           0           0           0           0 
       1239   -0.015402           0           0           0           0           0           0           0           0           0           0           0 
       1240   -0.007701           0           0           0           0           0           0           0           0           0           0           0 
       1241   -0.003851           0           0           0           0           0           0           0           0           0           0           0 
       1242   -0.040874           0           0           0           0           0           0           0           0           0           0           0 
       1243   -0.100668           0           0           0           0           0           0           0           0           0           0           0 
       1244   -0.089483           0           0           0           0           0           0           0           0           0           0           0 
       1245   -0.044737           0           0           0           0           0           0           0           0           0           0           0 
       1246   -0.022368           0           0           0           0           0           0           0           0           0           0           0 
       1247   -0.011184           0           0           0           0           0           0           0           0           0           0           0 
       1248   -0.005592           0           0           0           0           0           0           0           0           0           0           0 
       1249    -0.01073           0           0           0           0           0           0           0           0           0           0           0 
       1250   -0.011668           0           0           0           0           0           0           0           0           0           0           0 
       1251   -0.005834           0           0           0           0           0           0           0           0           0           0           0 
       1252   -0.002917           0           0           0           0           0           0           0           0           0           0           0 
       1253   -0.001458           0           0           0           0           0           0           0           0           0           0           0 
       1254   -0.000729           0           0           0           0           0           0           0           0           0           0           0 
       1255           0           0           0           0           0           0           0           0           0           0           0           0 
       1256   -0.004699           0           0           0           0           0           0           0           0           0           0           0 
       1257   -0.124153           0           0           0           0           0           0           0           0           0           0           0 
       1258   -0.180705           0           0           0           0           0           0           0           0           0           0           0 
       1259   -0.135466           0           0           0           0           0           0           0           0           0           0           0 
       1260   -0.087962           0           0           0           0           0           0           0           0           0           0           0 
       1261   -0.098868           0           0           0           0           0           0           0           0           0           0           0 
       1262   -0.093033           0           0           0           0           0           0           0           0           0           0           0 
       1263   -0.046512           0           0           0           0           0           0           0           0           0           0           0 
       1264   -0.023255           0           0           0           0           0           0           0           0           0           0           0 
       1265   -0.011627           0           0           0           0           0           0           0           0           0           0           0 
       1266   -0.005813           0           0           0           0           0           0           0           0           0           0           0 
       1267   -0.002907           0           0           0           0           0           0           0           0           0           0           0 
       1268   -0.001453           0           0           0           0           0           0           0           0           0           0           0 
       1269   -0.008198           0           0           0           0           0           0           0           0           0           0           0 
       1270   -0.010034           0           0           0           0           0           0           0           0           0           0           0 
       1271   -0.005017           0           0           0           0           0           0           0           0           0           0           0 
       1272   -0.002509           0           0           0           0           0           0           0           0           0           0           0 
       1273   -0.001254           0           0           0           0           0           0           0           0           0           0           0 
       1274           0           0           0           0           0           0           0           0           0           0           0           0 
       1275           0           0           0           0           0           0           0           0           0           0           0           0 
       1276           0           0           0           0           0           0           0           0           0           0           0           0 
       1277           0           0           0           0           0           0           0           0           0           0           0           0 
       1278   -0.002029           0           0           0           0           0           0           0           0           0           0           0 
       1279   -0.002595           0           0           0           0           0           0           0           0           0           0           0 
       1280   -0.001297           0           0           0           0           0           0           0           0           0           0           0 
       1281           0           0           0           0           0           0           0           0           0           0           0           0 
       1282   -0.006762           0           0           0           0           0           0           0           0           0           0           0 
       1283   -0.008494           0           0           0           0           0           0           0           0           0           0           0 
       1284   -0.004247           0           0           0           0           0           0           0           0           0           0           0 
       1285   -0.002123           0           0           0           0           0           0           0           0           0           0           0 
       1286   -0.001062           0           0           0           0           0           0           0           0           0           0           0 
       1287           0           0           0           0           0           0           0           0           0           0           0           0 
       1288   -0.001932           0           0           0           0           0           0           0           0           0           0           0 
       1289    -0.00229           0           0           0           0           0           0           0           0           0           0           0 
       1290   -0.001145           0           0           0           0           0           0           0           0           0           0           0 
       1291           0           0           0           0           0           0           0           0           0           0           0           0 
       1292           0           0           0           0           0           0           0           0           0           0           0           0 
       1293           0           0           0           0           0           0           0           0           0           0           0           0 
       1294           0           0           0           0           0           0           0           0           0           0           0           0 
       1295           0           0           0           0           0           0           0           0           0           0           0           0 
       1296           0           0           0           0           0           0           0           0           0           0           0           0 
       1297   -0.000916           0           0           0           0           0           0           0           0           0           0           0 
       1298   -0.001179           0           0           0           0           0           0           0           0           0           0           0 
       1299           0           0           0           0           0           0           0           0           0           0           0           0 
       1300           0           0           0           0           0           0           0           0           0           0           0           0 
       1301           0           0           0           0           0           0           0           0           0           0           0           0 
       1302           0           0           0           0           0           0           0           0           0           0           0           0 
       1303           0           0           0           0           0           0           0           0           0           0           0           0 
       1304           0           0           0           0           0           0           0           0           0           0           0           0 
       1305           0           0           0           0           0           0           0           0           0           0           0           0 
       1306           0           0           0           0           0           0           0           0           0           0           0           0 
       1307           0           0           0           0           0           0           0           0           0           0           0           0 
       1308           0           0           0           0           0           0           0           0           0           0           0           0 
       1309           0           0           0           0           0           0           0           0           0           0           0           0 
       1310           0           0           0           0           0           0           0           0           0           0           0           0 
       1311           0           0           0           0           0           0           0           0           0           0           0           0 
       1312           0           0           0           0           0           0           0           0           0           0           0           0 
       1313           0           0           0           0           0           0           0           0           0           0           0           0 
       1314           0           0           0           0           0           0           0           0           0           0           0           0 
       1315           0           0           0           0           0           0           0           0           0           0           0           0 
       1316           0           0           0           0           0           0           0           0           0           0           0           0 
       1317           0           0           0           0           0           0           0           0           0           0           0           0 
       1318           0           0           0           0           0           0           0           0           0           0           0           0 
       1319           0           0           0           0           0           0           0           0           0           0           0           0 
       1320           0           0           0           0           0           0           0           0           0           0           0           0 
       1321           0           0           0           0           0           0           0           0           0           0           0           0 
       1322           0           0           0           0           0           0           0           0           0           0           0           0 
       1323           0           0           0           0           0           0           0           0           0           0           0           0 
       1324           0           0           0           0           0           0           0           0           0           0           0           0 
       1325           0           0           0           0           0           0           0           0           0           0           0           0 
       1326           0           0           0           0           0           0           0           0           0           0           0           0 
       1327           0           0           0           0           0           0           0           0           0           0           0           0 
       1328           0           0           0           0           0           0           0           0           0           0           0           0 
       1329           0           0           0           0           0           0           0           0           0           0           0           0 
       1330           0           0           0           0           0           0           0           0           0           0           0           0 
       1331           0           0           0           0           0           0           0           0           0           0           0           0 
       1332           0           0           0           0           0           0           0           0           0           0           0           0 
       1333           0           0           0           0           0           0           0           0           0           0           0           0 
       1334           0           0           0           0           0           0           0           0           0           0           0           0 
       1335           0           0           0           0           0           0           0           0           0           0           0           0 
       1336           0           0           0           0           0           0           0           0           0           0           0           0 
       1337           0           0           0           0           0           0           0           0           0           0           0           0 
       1338           0           0           0           0           0           0           0           0           0           0           0           0 
       1339           0           0           0           0           0           0           0           0           0           0           0           0 
       1340           0           0           0           0           0           0           0           0           0           0           0           0 
       1341           0           0           0           0           0           0           0           0           0           0           0           0 
       1342           0           0           0           0           0           0           0           0           0           0           0           0 
       1343           0           0           0           0           0           0           0           0           0           0           0           0 
       1344           0           0           0           0           0           0           0           0           0           0           0           0 
       1345           0           0           0           0           0           0           0           0           0           0           0           0 
       1346   -0.000902           0           0           0           0           0           0           0           0           0           0           0 
       1347    -0.00134           0           0           0           0           0           0           0           0           0           0           0 
       1348   -0.007091           0           0           0           0           0           0           0           0           0           0           0 
       1349   -0.027473           0           0           0           0           0           0           0           0           0           0           0 
       1350    -0.05777           0           0           0           0           0           0           0           0           0           0           0 
       1351   -0.073095           0           0           0           0           0           0           0           0           0           0           0 
       1352   -0.223224           0           0           0           0           0           0           0           0           0           0           0 
       1353   -0.246468           0           0           0           0           0           0           0           0           0           0           0 
       1354   -0.188978           0           0           0           0           0           0           0           0           0           0           0 
       1355    -0.14671           0           0           0           0           0           0           0           0           0           0           0 
       1356   -0.073345           0           0           0           0           0           0           0           0           0           0           0 
       1357    -0.03667           0           0           0           0           0           0           0           0           0           0           0 
       1358   -0.018334           0           0           0           0           0           0           0           0           0           0           0 
       1359   -0.011569           0           0           0           0           0           0           0           0           0           0           0 
       1360   -0.121144           0           0           0           0           0           0           0           0           0           0           0 
       1361   -0.150677           0           0           0           0           0           0           0           0           0           0           0 
       1362   -0.075324           0           0           0           0           0           0           0           0           0           0           0 
       1363   -0.037659           0           0           0           0           0           0           0           0           0           0           0 
       1364   -0.018829           0           0           0           0           0           0           0           0           0           0           0 
       1365   -0.038122           0           0           0           0           0           0           0           0           0           0           0 
       1366   -0.071988           0           0           0           0           0           0           0           0           0           0           0 
       1367    -0.05992           0           0           0           0           0           0           0           0           0           0           0 
       1368   -0.029958           0           0           0           0           0           0           0           0           0           0           0 
       1369    -0.10897           0           0           0           0           0           0           0           0           0           0           0 
       1370   -0.387953           0           0           0           0           0           0           0           0           0           0           0 
       1371   -0.442956           0           0           0           0           0           0           0           0           0           0           0 
       1372   -0.412657           0           0           0           0           0           0           0           0           0           0           0 
       1373   -0.423863           0           0           0           0           0           0           0           0           0           0           0 
       1374   -0.494959           0           0           0           0           0           0           0           0           0           0           0 
       1375     -0.5042           0           0           0           0           0           0           0           0           0           0           0 
       1376   -0.362774           0           0           0           0           0           0           0           0           0           0           0 
       1377   -0.347649           0           0           0           0           0           0           0           0           0           0           0 
       1378    -0.28145           0           0           0           0           0           0           0           0           0           0           0 
       1379    -0.14909           0           0           0           0           0           0           0           0           0           0           0 
       1380   -0.480056           0           0           0           0           0           0           0           0           0           0           0 
       1381   -0.556532           0           0           0           0           0           0           0           0           0           0           0 
       1382   -0.480714           0           0           0           0           0           0           0           0           0           0           0 
       1383   -0.601597           0           0           0           0           0           0           0           0           0           0           0 
       1384   -0.459783           0           0           0           0           0           0           0           0           0           0           0 
       1385    -0.23712           0           0           0           0           0           0           0           0           0           0           0 
       1386   -0.174066           0           0           0           0           0           0           0           0           0           0           0 
       1387   -0.126495           0           0           0           0           0           0           0           0           0           0           0 
       1388    -0.06324           0           0           0           0           0           0           0           0           0           0           0 
       1389   -0.061453           0           0           0           0           0           0           0           0           0           0           0 
       1390   -0.054422           0           0           0           0           0           0           0           0           0           0           0 
       1391    -0.02721           0           0           0           0           0           0           0           0           0           0           0 
       1392   -0.028738           0           0           0           0           0           0           0           0           0           0           0 
       1393    -0.02639           0           0           0           0           0           0           0           0           0           0           0 
       1394   -0.013195           0           0           0           0           0           0           0           0           0           0           0 
       1395   -0.006597           0           0           0           0           0           0           0           0           0           0           0 
       1396   -0.003299           0           0           0           0           0           0           0           0           0           0           0 
       1397   -0.001649           0           0           0           0           0           0           0           0           0           0           0 
       1398   -0.000825           0           0           0           0           0           0           0           0           0           0           0 
       1399           0           0           0           0           0           0           0           0           0           0           0           0 
       1400           0           0           0           0           0           0           0           0           0           0           0           0 
       1401           0           0           0           0           0           0           0           0           0           0           0           0 
       1402   -0.013894           0           0           0           0           0           0           0           0           0           0           0 
       1403   -0.017943           0           0           0           0           0           0           0           0           0           0           0 
       1404   -0.008971           0           0           0           0           0           0           0           0           0           0           0 
       1405   -0.017252           0           0           0           0           0           0           0           0           0           0           0 
       1406   -0.018766           0           0           0           0           0           0           0           0           0           0           0 
       1407   -0.015672           0           0           0           0           0           0           0           0           0           0           0 
       1408   -0.012831           0           0           0           0           0           0           0           0           0           0           0 
       1409   -0.006416           0           0           0           0           0           0           0           0           0           0           0 
       1410    -0.08857           0           0           0           0           0           0           0           0           0           0           0 
       1411   -0.112077           0           0           0           0           0           0           0           0           0           0           0 
       1412   -0.056033           0           0           0           0           0           0           0           0           0           0           0 
       1413   -0.071655           0           0           0           0           0           0           0           0           0           0           0 
       1414   -0.070487           0           0           0           0           0           0           0           0           0           0           0 
       1415   -0.035241           0           0           0           0           0           0           0           0           0           0           0 
       1416    -0.01762           0           0           0           0           0           0           0           0           0           0           0 
       1417    -0.00881           0           0           0           0           0           0           0           0           0           0           0 
       1418   -0.004405           0           0           0           0           0           0           0           0           0           0           0 
       1419   -0.002202           0           0           0           0           0           0           0           0           0           0           0 
       1420   -0.001101           0           0           0           0           0           0           0           0           0           0           0 
       1421           0           0           0           0           0           0           0           0           0           0           0           0 
       1422           0           0           0           0           0           0           0           0           0           0           0           0 
       1423           0           0           0           0           0           0           0           0           0           0           0           0 
       1424           0           0           0           0           0           0           0           0           0           0           0           0 
       1425           0           0           0           0           0           0           0           0           0           0           0           0 
       1426           0           0           0           0           0           0           0           0           0           0           0           0 
       1427           0           0           0           0           0           0           0           0           0           0           0           0 
       1428           0           0           0           0           0           0           0           0           0           0           0           0 
       1429   -0.063348           0           0           0           0           0           0           0           0           0           0           0 
       1430   -0.138998           0           0           0           0           0           0           0           0           0           0           0 
       1431   -0.114777           0           0           0           0           0           0           0           0           0           0           0 
       1432    -0.05945           0           0           0           0           0           0           0           0           0           0           0 
       1433   -0.031368           0           0           0           0           0           0           0           0           0           0           0 
       1434   -0.018282           0           0           0           0           0           0           0           0           0           0           0 
       1435   -0.011205           0           0           0           0           0           0           0           0           0           0           0 
       1436   -0.005602           0           0           0           0           0           0           0           0           0           0           0 
       1437   -0.225179           0           0           0           0           0           0           0           0           0           0           0 
       1438    -0.35778           0           0           0           0           0           0           0           0           0           0           0 
       1439   -0.243381           0           0           0           0           0           0           0           0           0           0           0 
       1440    -0.25091           0           0           0           0           0           0           0           0           0           0           0 
       1441   -0.235901           0           0           0           0           0           0           0           0           0           0           0 
       1442   -0.164438           0           0           0           0           0           0           0           0           0           0           0 
       1443   -0.225818           0           0           0           0           0           0           0           0           0           0           0 
       1444   -0.214457           0           0           0           0           0           0           0           0           0           0           0 
       1445   -0.360712           0           0           0           0           0           0           0           0           0           0           0 
       1446    -0.41707           0           0           0           0           0           0           0           0           0           0           0 
       1447   -0.244049           0           0           0           0           0           0           0           0           0           0           0 
       1448   -0.205255           0           0           0           0           0           0           0           0           0           0           0 
       1449   -0.392578           0           0           0           0           0           0           0           0           0           0           0 
       1450   -0.476195           0           0           0           0           0           0           0           0           0           0           0 
       1451   -0.318173           0           0           0           0           0           0           0           0           0           0           0 
       1452   -0.299013           0           0           0           0           0           0           0           0           0           0           0 
       1453   -0.492607           0           0           0           0           0           0           0           0           0           0           0 
       1454   -0.481895           0           0           0           0           0           0           0           0           0           0           0 
       1455   -0.408245           0           0           0           0           0           0           0           0           0           0           0 
       1456     -0.3045           0           0           0           0           0           0           0           0           0           0           0 
       1457   -0.152197           0           0           0           0           0           0           0           0           0           0           0 
       1458   -0.130724           0           0           0           0           0           0           0           0           0           0           0 
       1459   -0.265115           0           0           0           0           0           0           0           0           0           0           0 
       1460   -0.494688           0           0           0           0           0           0           0           0           0           0           0 
       1461   -0.887604           0           0           0           0           0           0           0           0           0           0           0 
       1462    -1.17368           0           0           0           0           0           0           0           0           0           0           0 
       1463     -1.0128           0           0           0           0           0           0           0           0           0           0           0 
       1464   -0.777202           0           0           0           0           0           0           0           0           0           0           0 
       1465   -0.789985           0           0           0           0           0           0           0           0           0           0           0 
       1466    -1.31258           0           0           0           0           0           0           0           0           0           0           0 
       1467    -1.40249           0           0           0           0           0           0           0           0           0           0           0 
       1468   -0.882737           0           0           0           0           0           0           0           0           0           0           0 
       1469     -0.5551           0           0           0           0           0           0           0           0           0           0           0 
       1470   -0.489162           0           0           0           0           0           0           0           0           0           0           0 
       1471   -0.417583           0           0           0           0           0           0           0           0           0           0           0 
       1472   -0.294717           0           0           0           0           0           0           0           0           0           0           0 
       1473   -0.272508           0           0           0           0           0           0           0           0           0           0           0 
       1474   -0.255535           0           0           0           0           0           0           0           0           0           0           0 
       1475   -0.198539           0           0           0           0           0           0           0           0           0           0           0 
       1476   -0.376118           0           0           0           0           0           0           0           0           0           0           0 
       1477   -0.395355           0           0           0           0           0           0           0           0           0           0           0 
       1478    -0.20569           0           0           0           0           0           0           0           0           0           0           0 
       1479   -0.102826           0           0           0           0           0           0           0           0           0           0           0 
       1480   -0.073677           0           0           0           0           0           0           0           0           0           0           0 
       1481   -0.056426           0           0           0           0           0           0           0           0           0           0           0 
       1482   -0.038771           0           0           0           0           0           0           0           0           0           0           0 
       1483   -0.026573           0           0           0           0           0           0           0           0           0           0           0 
       1484    -0.06353           0           0           0           0           0           0           0           0           0           0           0 
       1485   -0.092518           0           0           0           0           0           0           0           0           0           0           0 
       1486   -0.113712           0           0           0           0           0           0           0           0           0           0           0 
       1487   -0.097271           0           0           0           0           0           0           0           0           0           0           0 
       1488   -0.156135           0           0           0           0           0           0           0           0           0           0           0 
       1489   -0.163431           0           0           0           0           0           0           0           0           0           0           0 
       1490   -0.081703           0           0           0           0           0           0           0           0           0           0           0 
       1491   -0.040848           0           0           0           0           0           0           0           0           0           0           0 
       1492   -0.020423           0           0           0           0           0           0           0           0           0           0           0 
       1493   -0.126476           0           0           0           0           0           0           0           0           0           0           0 
       1494   -0.518754           0           0           0           0           0           0           0           0           0           0           0 
       1495   -0.641678           0           0           0           0           0           0           0           0           0           0           0 
       1496   -0.395355           0           0           0           0           0           0           0           0           0           0           0 
       1497   -0.197591           0           0           0           0           0           0           0           0           0           0           0 
       1498   -0.140643           0           0           0           0           0           0           0           0           0           0           0 
       1499   -0.103561           0           0           0           0           0           0           0           0           0           0           0 
       1500    -0.06969           0           0           0           0           0           0           0           0           0           0           0 
       1501   -0.197368           0           0           0           0           0           0           0           0           0           0           0 
       1502   -0.241127           0           0           0           0           0           0           0           0           0           0           0 
       1503   -0.462445           0           0           0           0           0           0           0           0           0           0           0 
       1504   -0.486995           0           0           0           0           0           0           0           0           0           0           0 
       1505   -0.243372           0           0           0           0           0           0           0           0           0           0           0 
       1506   -0.183588           0           0           0           0           0           0           0           0           0           0           0 
       1507   -0.145336           0           0           0           0           0           0           0           0           0           0           0 
       1508   -0.076124           0           0           0           0           0           0           0           0           0           0           0 
       1509   -0.113538           0           0           0           0           0           0           0           0           0           0           0 
       1510   -0.120718           0           0           0           0           0           0           0           0           0           0           0 
       1511   -0.122315           0           0           0           0           0           0           0           0           0           0           0 
       1512   -0.123031           0           0           0           0           0           0           0           0           0           0           0 
       1513   -0.112299           0           0           0           0           0           0           0           0           0           0           0 
       1514   -0.207713           0           0           0           0           0           0           0           0           0           0           0 
       1515   -0.331992           0           0           0           0           0           0           0           0           0           0           0 
       1516   -0.287856           0           0           0           0           0           0           0           0           0           0           0 
       1517   -0.157325           0           0           0           0           0           0           0           0           0           0           0 
       1518   -0.078649           0           0           0           0           0           0           0           0           0           0           0 
       1519   -0.053801           0           0           0           0           0           0           0           0           0           0           0 
       1520     -0.0384           0           0           0           0           0           0           0           0           0           0           0 
       1521   -0.019199           0           0           0           0           0           0           0           0           0           0           0 
       1522   -0.162619           0           0           0           0           0           0           0           0           0           0           0 
       1523   -0.213422           0           0           0           0           0           0           0           0           0           0           0 
       1524   -0.115106           0           0           0           0           0           0           0           0           0           0           0 
       1525   -0.057547           0           0           0           0           0           0           0           0           0           0           0 
       1526   -0.028772           0           0           0           0           0           0           0           0           0           0           0 
       1527   -0.014385           0           0           0           0           0           0           0           0           0           0           0 
       1528   -0.007193           0           0           0           0           0           0           0           0           0           0           0 
       1529   -0.003596           0           0           0           0           0           0           0           0           0           0           0 
       1530   -0.001798           0           0           0           0           0           0           0           0           0           0           0 
       1531   -0.000899           0           0           0           0           0           0           0           0           0           0           0 
       1532   -0.006304           0           0           0           0           0           0           0           0           0           0           0 
       1533   -0.016952           0           0           0           0           0           0           0           0           0           0           0 
       1534   -0.015744           0           0           0           0           0           0           0           0           0           0           0 
       1535   -0.007872           0           0           0           0           0           0           0           0           0           0           0 
       1536   -0.003936           0           0           0           0           0           0           0           0           0           0           0 
       1537   -0.001968           0           0           0           0           0           0           0           0           0           0           0 
       1538   -0.000984           0           0           0           0           0           0           0           0           0           0           0 
       1539   -0.016131           0           0           0           0           0           0           0           0           0           0           0 
       1540   -0.071325           0           0           0           0           0           0           0           0           0           0           0 
       1541   -0.097784           0           0           0           0           0           0           0           0           0           0           0 
       1542   -0.066161           0           0           0           0           0           0           0           0           0           0           0 
       1543   -0.033078           0           0           0           0           0           0           0           0           0           0           0 
       1544   -0.016539           0           0           0           0           0           0           0           0           0           0           0 
       1545   -0.008269           0           0           0           0           0           0           0           0           0           0           0 
       1546   -0.004135           0           0           0           0           0           0           0           0           0           0           0 
       1547   -0.002067           0           0           0           0           0           0           0           0           0           0           0 
       1548   -0.001034           0           0           0           0           0           0           0           0           0           0           0 
       1549           0           0           0           0           0           0           0           0           0           0           0           0 
       1550   -0.058436           0           0           0           0           0           0           0           0           0           0           0 
       1551   -0.101326           0           0           0           0           0           0           0           0           0           0           0 
       1552   -0.106677           0           0           0           0           0           0           0           0           0           0           0 
       1553   -0.081483           0           0           0           0           0           0           0           0           0           0           0 
       1554   -0.166925           0           0           0           0           0           0           0           0           0           0           0 
       1555   -0.259135           0           0           0           0           0           0           0           0           0           0           0 
       1556   -0.207519           0           0           0           0           0           0           0           0           0           0           0 
       1557   -0.320312           0           0           0           0           0           0           0           0           0           0           0 
       1558   -0.339946           0           0           0           0           0           0           0           0           0           0           0 
       1559   -0.374831           0           0           0           0           0           0           0           0           0           0           0 
       1560   -0.347175           0           0           0           0           0           0           0           0           0           0           0 
       1561   -0.205303           0           0           0           0           0           0           0           0           0           0           0 
       1562   -0.122034           0           0           0           0           0           0           0           0           0           0           0 
       1563   -0.061011           0           0           0           0           0           0           0           0           0           0           0 
       1564   -0.104587           0           0           0           0           0           0           0           0           0           0           0 
       1565   -0.111128           0           0           0           0           0           0           0           0           0           0           0 
       1566   -0.055557           0           0           0           0           0           0           0           0           0           0           0 
       1567   -0.027777           0           0           0           0           0           0           0           0           0           0           0 
       1568   -0.013888           0           0           0           0           0           0           0           0           0           0           0 
       1569   -0.006944           0           0           0           0           0           0           0           0           0           0           0 
       1570   -0.003472           0           0           0           0           0           0           0           0           0           0           0 
       1571   -0.001736           0           0           0           0           0           0           0           0           0           0           0 
       1572   -0.000868           0           0           0           0           0           0           0           0           0           0           0 
       1573           0           0           0           0           0           0           0           0           0           0           0           0 
       1574           0           0           0           0           0           0           0           0           0           0           0           0 
       1575           0           0           0           0           0           0           0           0           0           0           0           0 
       1576           0           0           0           0           0           0           0           0           0           0           0           0 
       1577   -0.010934           0           0           0           0           0           0           0           0           0           0           0 
       1578   -0.014131           0           0           0           0           0           0           0           0           0           0           0 
       1579   -0.007065           0           0           0           0           0           0           0           0           0           0           0 
       1580   -0.003533           0           0           0           0           0           0           0           0           0           0           0 
       1581   -0.001766           0           0           0           0           0           0           0           0           0           0           0 
       1582   -0.000883           0           0           0           0           0           0           0           0           0           0           0 
       1583           0           0           0           0           0           0           0           0           0           0           0           0 
       1584           0           0           0           0           0           0           0           0           0           0           0           0 
       1585           0           0           0           0           0           0           0           0           0           0           0           0 
       1586   -0.002175           0           0           0           0           0           0           0           0           0           0           0 
       1587   -0.002771           0           0           0           0           0           0           0           0           0           0           0 
       1588   -0.005832           0           0           0           0           0           0           0           0           0           0           0 
       1589   -0.006448           0           0           0           0           0           0           0           0           0           0           0 
       1590   -0.003224           0           0           0           0           0           0           0           0           0           0           0 
       1591   -0.001612           0           0           0           0           0           0           0           0           0           0           0 
       1592   -0.008973           0           0           0           0           0           0           0           0           0           0           0 
       1593   -0.010974           0           0           0           0           0           0           0           0           0           0           0 
       1594   -0.005487           0           0           0           0           0           0           0           0           0           0           0 
       1595   -0.002743           0           0           0           0           0           0           0           0           0           0           0 
       1596   -0.001372           0           0           0           0           0           0           0           0           0           0           0 
       1597   -0.007358           0           0           0           0           0           0           0           0           0           0           0 
       1598   -0.008979           0           0           0           0           0           0           0           0           0           0           0 
       1599    -0.00449           0           0           0           0           0           0           0           0           0           0           0 
       1600   -0.013274           0           0           0           0           0           0           0           0           0           0           0 
       1601   -0.031737           0           0           0           0           0           0           0           0           0           0           0 
       1602   -0.028847           0           0           0           0           0           0           0           0           0           0           0 
       1603   -0.016209           0           0           0           0           0           0           0           0           0           0           0 
       1604   -0.009523           0           0           0           0           0           0           0           0           0           0           0 
       1605   -0.004761           0           0           0           0           0           0           0           0           0           0           0 
       1606   -0.002381           0           0           0           0           0           0           0           0           0           0           0 
       1607    -0.00601           0           0           0           0           0           0           0           0           0           0           0 
       1608   -0.006834           0           0           0           0           0           0           0           0           0           0           0 
       1609   -0.003417           0           0           0           0           0           0           0           0           0           0           0 
       1610   -0.001708           0           0           0           0           0           0           0           0           0           0           0 
       1611   -0.000854           0           0           0           0           0           0           0           0           0           0           0 
       1612           0           0           0           0           0           0           0           0           0           0           0           0 
       1613   -0.074903           0           0           0           0           0           0           0           0           0           0           0 
       1614   -0.110751           0           0           0           0           0           0           0           0           0           0           0 
       1615   -0.066476           0           0           0           0           0           0           0           0           0           0           0 
       1616   -0.053453           0           0           0           0           0           0           0           0           0           0           0 
       1617   -0.042784           0           0           0           0           0           0           0           0           0           0           0 
       1618   -0.021391           0           0           0           0           0           0           0           0           0           0           0 
       1619   -0.010695           0           0           0           0           0           0           0           0           0           0           0 
       1620   -0.005348           0           0           0           0           0           0           0           0           0           0           0 
       1621   -0.002674           0           0           0           0           0           0           0           0           0           0           0 
       1622   -0.001337           0           0           0           0           0           0           0           0           0           0           0 
       1623           0           0           0           0           0           0           0           0           0           0           0           0 
       1624           0           0           0           0           0           0           0           0           0           0           0           0 
       1625           0           0           0           0           0           0           0           0           0           0           0           0 
       1626           0           0           0           0           0           0           0           0           0           0           0           0 
       1627           0           0           0           0           0           0           0           0           0           0           0           0 
       1628           0           0           0           0           0           0           0           0           0           0           0           0 
       1629           0           0           0           0           0           0           0           0           0           0           0           0 
       1630           0           0           0           0           0           0           0           0           0           0           0           0 
       1631           0           0           0           0           0           0           0           0           0           0           0           0 
       1632           0           0           0           0           0           0           0           0           0           0           0           0 
       1633           0           0           0           0           0           0           0           0           0           0           0           0 
       1634           0           0           0           0           0           0           0           0           0           0           0           0 
       1635           0           0           0           0           0           0           0           0           0           0           0           0 
       1636   -0.008219           0           0           0           0           0           0           0           0           0           0           0 
       1637   -0.020533           0           0           0           0           0           0           0           0           0           0           0 
       1638   -0.018126           0           0           0           0           0           0           0           0           0           0           0 
       1639   -0.009063           0           0           0           0           0           0           0           0           0           0           0 
       1640   -0.004531           0           0           0           0           0           0           0           0           0           0           0 
       1641   -0.002266           0           0           0           0           0           0           0           0           0           0           0 
       1642   -0.001133           0           0           0           0           0           0           0           0           0           0           0 
       1643           0           0           0           0           0           0           0           0           0           0           0           0 
       1644           0           0           0           0           0           0           0           0           0           0           0           0 
       1645           0           0           0           0           0           0           0           0           0           0           0           0 
       1646           0           0           0           0           0           0           0           0           0           0           0           0 
       1647           0           0           0           0           0           0           0           0           0           0           0           0 
       1648           0           0           0           0           0           0           0           0           0           0           0           0 
       1649           0           0           0           0           0           0           0           0           0           0           0           0 
       1650           0           0           0           0           0           0           0           0           0           0           0           0 
       1651           0           0           0           0           0           0           0           0           0           0           0           0 
       1652           0           0           0           0           0           0           0           0           0           0           0           0 
       1653           0           0           0           0           0           0           0           0           0           0           0           0 
       1654           0           0           0           0           0           0           0           0           0           0           0           0 
       1655           0           0           0           0           0           0           0           0           0           0           0           0 
       1656           0           0           0           0           0           0           0           0           0           0           0           0 
       1657           0           0           0           0           0           0           0           0           0           0           0           0 
       1658           0           0           0           0           0           0           0           0           0           0           0           0 
       1659           0           0           0           0           0           0           0           0           0           0           0           0 
       1660           0           0           0           0           0           0           0           0           0           0           0           0 
       1661           0           0           0           0           0           0           0           0           0           0           0           0 
       1662           0           0           0           0           0           0           0           0           0           0           0           0 
       1663           0           0           0           0           0           0           0           0           0           0           0           0 
       1664           0           0           0           0           0           0           0           0           0           0           0           0 
       1665           0           0           0           0           0           0           0           0           0           0           0           0 
       1666           0           0           0           0           0           0           0           0           0           0           0           0 
       1667           0           0           0           0           0           0           0           0           0           0           0           0 
       1668           0           0           0           0           0           0           0           0           0           0           0           0 
       1669           0           0           0           0           0           0           0           0           0           0           0           0 
       1670           0           0           0           0           0           0           0           0           0           0           0           0 
       1671           0           0           0           0           0           0           0           0           0           0           0           0 
       1672   -0.006102           0           0           0           0           0           0           0           0           0           0           0 
       1673   -0.008476           0           0           0           0           0           0           0           0           0           0           0 
       1674   -0.004702           0           0           0           0           0           0           0           0           0           0           0 
       1675   -0.002351           0           0           0           0           0           0           0           0           0           0           0 
       1676   -0.001176           0           0           0           0           0           0           0           0           0           0           0 
       1677           0           0           0           0           0           0           0           0           0           0           0           0 
       1678           0           0           0           0           0           0           0           0           0           0           0           0 
       1679           0           0           0           0           0           0           0           0           0           0           0           0 
       1680   -0.002864           0           0           0           0           0           0           0           0           0           0           0 
       1681   -0.003648           0           0           0           0           0           0           0           0           0           0           0 
       1682   -0.003072           0           0           0           0           0           0           0           0           0           0           0 
       1683   -0.044864           0           0           0           0           0           0           0           0           0           0           0 
       1684   -0.056059           0           0           0           0           0           0           0           0           0           0           0 
       1685   -0.028028           0           0           0           0           0           0           0           0           0           0           0 
       1686   -0.014013           0           0           0           0           0           0           0           0           0           0           0 
       1687   -0.007007           0           0           0           0           0           0           0           0           0           0           0 
       1688   -0.003503           0           0           0           0           0           0           0           0           0           0           0 
       1689   -0.001752           0           0           0           0           0           0           0           0           0           0           0 
       1690   -0.003288           0           0           0           0           0           0           0           0           0           0           0 
       1691    -0.00356           0           0           0           0           0           0           0           0           0           0           0 
       1692    -0.00178           0           0           0           0           0           0           0           0           0           0           0 
       1693    -0.00089           0           0           0           0           0           0           0           0           0           0           0 
       1694           0           0           0           0           0           0           0           0           0           0           0           0 
       1695           0           0           0           0           0           0           0           0           0           0           0           0 
       1696           0           0           0           0           0           0           0           0           0           0           0           0 
       1697   -0.002505           0           0           0           0           0           0           0           0           0           0           0 
       1698   -0.005558           0           0           0           0           0           0           0           0           0           0           0 
       1699   -0.004653           0           0           0           0           0           0           0           0           0           0           0 
       1700   -0.002326           0           0           0           0           0           0           0           0           0           0           0 
       1701   -0.001163           0           0           0           0           0           0           0           0           0           0           0 
       1702           0           0           0           0           0           0           0           0           0           0           0           0 
       1703           0           0           0           0           0           0           0           0           0           0           0           0 
       1704           0           0           0           0           0           0           0           0           0           0           0           0 
       1705   -0.001468           0           0           0           0           0           0           0           0           0           0           0 
       1706   -0.001843           0           0           0           0           0           0           0           0           0           0           0 
       1707   -0.000921           0           0           0           0           0           0           0           0           0           0           0 
       1708           0           0           0           0           0           0           0           0           0           0           0           0 
       1709    -0.00079           0           0           0           0           0           0           0           0           0           0           0 
       1710   -0.001962           0           0           0           0           0           0           0           0           0           0           0 
       1711   -0.008712           0           0           0           0           0           0           0           0           0           0           0 
       1712   -0.019802           0           0           0           0           0           0           0           0           0           0           0 
       1713   -0.022352           0           0           0           0           0           0           0           0           0           0           0 
       1714   -0.022037           0           0           0           0           0           0           0           0           0           0           0 
       1715   -0.067194           0           0           0           0           0           0           0           0           0           0           0 
       1716   -0.073616           0           0           0           0           0           0           0           0           0           0           0 
       1717   -0.061345           0           0           0           0           0           0           0           0           0           0           0 
       1718   -0.150358           0           0           0           0           0           0           0           0           0           0           0 
       1719   -0.286307           0           0           0           0           0           0           0           0           0           0           0 
       1720   -0.251887           0           0           0           0           0           0           0           0           0           0           0 
       1721   -0.129321           0           0           0           0           0           0           0           0           0           0           0 
       1722   -0.064653           0           0           0           0           0           0           0           0           0           0           0 
       1723   -0.225566           0           0           0           0           0           0           0           0           0           0           0 
       1724   -0.266218           0           0           0           0           0           0           0           0           0           0           0 
       1725   -0.139849           0           0           0           0           0           0           0           0           0           0           0 
       1726   -0.252603           0           0           0           0           0           0           0           0           0           0           0 
       1727   -0.356271           0           0           0           0           0           0           0           0           0           0           0 
       1728   -0.248897           0           0           0           0           0           0           0           0           0           0           0 
       1729    -0.14102           0           0           0           0           0           0           0           0           0           0           0 
       1730   -0.158874           0           0           0           0           0           0           0           0           0           0           0 
       1731   -0.139143           0           0           0           0           0           0           0           0           0           0           0 
       1732   -0.069559           0           0           0           0           0           0           0           0           0           0           0 
       1733   -0.034777           0           0           0           0           0           0           0           0           0           0           0 
       1734   -0.017388           0           0           0           0           0           0           0           0           0           0           0 
       1735   -0.008694           0           0           0           0           0           0           0           0           0           0           0 
       1736   -0.035267           0           0           0           0           0           0           0           0           0           0           0 
       1737   -0.042193           0           0           0           0           0           0           0           0           0           0           0 
       1738   -0.021096           0           0           0           0           0           0           0           0           0           0           0 
       1739   -0.010548           0           0           0           0           0           0           0           0           0           0           0 
       1740   -0.005274           0           0           0           0           0           0           0           0           0           0           0 
       1741   -0.002637           0           0           0           0           0           0           0           0           0           0           0 
       1742   -0.001318           0           0           0           0           0           0           0           0           0           0           0 
       1743           0           0           0           0           0           0           0           0           0           0           0           0 
       1744           0           0           0           0           0           0           0           0           0           0           0           0 
       1745           0           0           0           0           0           0           0           0           0           0           0           0 
       1746           0           0           0           0           0           0           0           0           0           0           0           0 
       1747           0           0           0           0           0           0           0           0           0           0           0           0 
       1748           0           0           0           0           0           0           0           0           0           0           0           0 
       1749           0           0           0           0           0           0           0           0           0           0           0           0 
       1750           0           0           0           0           0           0           0           0           0           0           0           0 
       1751           0           0           0           0           0           0           0           0           0           0           0           0 
       1752   -0.008935           0           0           0           0           0           0           0           0           0           0           0 
       1753   -0.080656           0           0           0           0           0           0           0           0           0           0           0 
       1754   -0.105177           0           0           0           0           0           0           0           0           0           0           0 
       1755   -0.146284           0           0           0           0           0           0           0           0           0           0           0 
       1756    -0.34582           0           0           0           0           0           0           0           0           0           0           0 
       1757    -0.39971           0           0           0           0           0           0           0           0           0           0           0 
       1758   -0.349603           0           0           0           0           0           0           0           0           0           0           0 
       1759   -0.414409           0           0           0           0           0           0           0           0           0           0           0 
       1760   -0.360229           0           0           0           0           0           0           0           0           0           0           0 
       1761   -0.288185           0           0           0           0           0           0           0           0           0           0           0 
       1762   -0.214148           0           0           0           0           0           0           0           0           0           0           0 
       1763    -0.20897           0           0           0           0           0           0           0           0           0           0           0 
       1764   -0.185417           0           0           0           0           0           0           0           0           0           0           0 
       1765   -0.092689           0           0           0           0           0           0           0           0           0           0           0 
       1766   -0.054265           0           0           0           0           0           0           0           0           0           0           0 
       1767   -0.033426           0           0           0           0           0           0           0           0           0           0           0 
       1768   -0.066048           0           0           0           0           0           0           0           0           0           0           0 
       1769   -0.350629           0           0           0           0           0           0           0           0           0           0           0 
       1770   -0.420592           0           0           0           0           0           0           0           0           0           0           0 
       1771   -0.229485           0           0           0           0           0           0           0           0           0           0           0 
       1772    -0.13532           0           0           0           0           0           0           0           0           0           0           0 
       1773   -0.117941           0           0           0           0           0           0           0           0           0           0           0 
       1774   -0.360112           0           0           0           0           0           0           0           0           0           0           0 
       1775   -0.466935           0           0           0           0           0           0           0           0           0           0           0 
       1776   -0.388165           0           0           0           0           0           0           0           0           0           0           0 
       1777   -0.391078           0           0           0           0           0           0           0           0           0           0           0 
       1778   -0.289007           0           0           0           0           0           0           0           0           0           0           0 
       1779   -0.144455           0           0           0           0           0           0           0           0           0           0           0 
       1780    -0.14342           0           0           0           0           0           0           0           0           0           0           0 
       1781   -0.272257           0           0           0           0           0           0           0           0           0           0           0 
       1782   -0.275469           0           0           0           0           0           0           0           0           0           0           0 
       1783   -0.186762           0           0           0           0           0           0           0           0           0           0           0 
       1784   -0.116547           0           0           0           0           0           0           0           0           0           0           0 
       1785   -0.058266           0           0           0           0           0           0           0           0           0           0           0 
       1786   -0.029131           0           0           0           0           0           0           0           0           0           0           0 
       1787   -0.014565           0           0           0           0           0           0           0           0           0           0           0 
       1788   -0.007282           0           0           0           0           0           0           0           0           0           0           0 
       1789   -0.003641           0           0           0           0           0           0           0           0           0           0           0 
       1790   -0.001821           0           0           0           0           0           0           0           0           0           0           0 
       1791    -0.00091           0           0           0           0           0           0           0           0           0           0           0 
       1792           0           0           0           0           0           0           0           0           0           0           0           0 
       1793           0           0           0           0           0           0           0           0           0           0           0           0 
       1794           0           0           0           0           0           0           0           0           0           0           0           0 
       1795           0           0           0           0           0           0           0           0           0           0           0           0 
       1796           0           0           0           0           0           0           0           0           0           0           0           0 
       1797           0           0           0           0           0           0           0           0           0           0           0           0 
       1798   -0.001059           0           0           0           0           0           0           0           0           0           0           0 
       1799   -0.088513           0           0           0           0           0           0           0           0           0           0           0 
       1800    -0.20508           0           0           0           0           0           0           0           0           0           0           0 
       1801   -0.175276           0           0           0           0           0           0           0           0           0           0           0 
       1802   -0.150184           0           0           0           0           0           0           0           0           0           0           0 
       1803   -0.493575           0           0           0           0           0           0           0           0           0           0           0 
       1804   -0.947784           0           0           0           0           0           0           0           0           0           0           0 
       1805   -0.803407           0           0           0           0           0           0           0           0           0           0           0 
       1806   -0.406019           0           0           0           0           0           0           0           0           0           0           0 
       1807   -0.202922           0           0           0           0           0           0           0           0           0           0           0 
       1808   -0.101442           0           0           0           0           0           0           0           0           0           0           0 
       1809   -0.064985           0           0           0           0           0           0           0           0           0           0           0 
       1810   -0.043826           0           0           0           0           0           0           0           0           0           0           0 
       1811   -0.029886           0           0           0           0           0           0           0           0           0           0           0 
       1812   -0.021276           0           0           0           0           0           0           0           0           0           0           0 
       1813   -0.158041           0           0           0           0           0           0           0           0           0           0           0 
       1814   -0.234527           0           0           0           0           0           0           0           0           0           0           0 
       1815   -0.157548           0           0           0           0           0           0           0           0           0           0           0 
       1816   -0.191862           0           0           0           0           0           0           0           0           0           0           0 
       1817   -0.179582           0           0           0           0           0           0           0           0           0           0           0 
       1818   -0.089772           0           0           0           0           0           0           0           0           0           0           0 
       1819   -0.044882           0           0           0           0           0           0           0           0           0           0           0 
       1820    -0.02244           0           0           0           0           0           0           0           0           0           0           0 
       1821   -0.077318           0           0           0           0           0           0           0           0           0           0           0 
       1822   -0.287527           0           0           0           0           0           0           0           0           0           0           0 
       1823   -0.299661           0           0           0           0           0           0           0           0           0           0           0 
       1824   -0.431227           0           0           0           0           0           0           0           0           0           0           0 
       1825   -0.623302           0           0           0           0           0           0           0           0           0           0           0 
       1826   -0.556581           0           0           0           0           0           0           0           0           0           0           0 
       1827   -0.356561           0           0           0           0           0           0           0           0           0           0           0 
       1828   -0.178218           0           0           0           0           0           0           0           0           0           0           0 
       1829   -0.089089           0           0           0           0           0           0           0           0           0           0           0 
       1830    -0.04454           0           0           0           0           0           0           0           0           0           0           0 
       1831   -0.073269           0           0           0           0           0           0           0           0           0           0           0 
       1832    -0.07714           0           0           0           0           0           0           0           0           0           0           0 
       1833   -0.038567           0           0           0           0           0           0           0           0           0           0           0 
       1834    -0.10061           0           0           0           0           0           0           0           0           0           0           0 
       1835   -0.114893           0           0           0           0           0           0           0           0           0           0           0 
       1836   -0.057437           0           0           0           0           0           0           0           0           0           0           0 
       1837   -0.038343           0           0           0           0           0           0           0           0           0           0           0 
       1838   -0.026817           0           0           0           0           0           0           0           0           0           0           0 
       1839   -0.013408           0           0           0           0           0           0           0           0           0           0           0 
       1840   -0.006704           0           0           0           0           0           0           0           0           0           0           0 
       1841   -0.003352           0           0           0           0           0           0           0           0           0           0           0 
       1842   -0.001676           0           0           0           0           0           0           0           0           0           0           0 
       1843    -0.15361           0           0           0           0           0           0           0           0           0           0           0 
       1844   -0.316489           0           0           0           0           0           0           0           0           0           0           0 
       1845   -0.345055           0           0           0           0           0           0           0           0           0           0           0 
       1846   -0.354626           0           0           0           0           0           0           0           0           0           0           0 
       1847    -1.10257           0           0           0           0           0           0           0           0           0           0           0 
       1848    -1.70286           0           0           0           0           0           0           0           0           0           0           0 
       1849    -1.33543           0           0           0           0           0           0           0           0           0           0           0 
       1850   -0.846507           0           0           0           0           0           0           0           0           0           0           0 
       1851   -0.502874           0           0           0           0           0           0           0           0           0           0           0 
       1852   -0.331459           0           0           0           0           0           0           0           0           0           0           0 
       1853   -0.347358           0           0           0           0           0           0           0           0           0           0           0 
       1854   -0.380085           0           0           0           0           0           0           0           0           0           0           0 
       1855   -0.451036           0           0           0           0           0           0           0           0           0           0           0 
       1856   -0.361622           0           0           0           0           0           0           0           0           0           0           0 
       1857   -0.180743           0           0           0           0           0           0           0           0           0           0           0 
       1858   -0.188601           0           0           0           0           0           0           0           0           0           0           0 
       1859   -0.172305           0           0           0           0           0           0           0           0           0           0           0 
       1860   -0.086138           0           0           0           0           0           0           0           0           0           0           0 
       1861    -0.11678           0           0           0           0           0           0           0           0           0           0           0 
       1862   -0.129572           0           0           0           0           0           0           0           0           0           0           0 
       1863   -0.074826           0           0           0           0           0           0           0           0           0           0           0 
       1864    -0.03741           0           0           0           0           0           0           0           0           0           0           0 
       1865   -0.275876           0           0           0           0           0           0           0           0           0           0           0 
       1866   -0.382843           0           0           0           0           0           0           0           0           0           0           0 
       1867   -0.237469           0           0           0           0           0           0           0           0           0           0           0 
       1868     -0.2488           0           0           0           0           0           0           0           0           0           0           0 
       1869   -0.252023           0           0           0           0           0           0           0           0           0           0           0 
       1870   -0.266586           0           0           0           0           0           0           0           0           0           0           0 
       1871   -0.465144           0           0           0           0           0           0           0           0           0           0           0 
       1872   -0.525276           0           0           0           0           0           0           0           0           0           0           0 
       1873   -0.412203           0           0           0           0           0           0           0           0           0           0           0 
       1874   -0.492839           0           0           0           0           0           0           0           0           0           0           0 
       1875   -0.430414           0           0           0           0           0           0           0           0           0           0           0 
       1876   -0.260741           0           0           0           0           0           0           0           0           0           0           0 
       1877   -0.166586           0           0           0           0           0           0           0           0           0           0           0 
       1878   -0.090406           0           0           0           0           0           0           0           0           0           0           0 
       1879   -0.163693           0           0           0           0           0           0           0           0           0           0           0 
       1880   -0.315028           0           0           0           0           0           0           0           0           0           0           0 
       1881   -0.512745           0           0           0           0           0           0           0           0           0           0           0 
       1882   -0.620089           0           0           0           0           0           0           0           0           0           0           0 
       1883   -0.446652           0           0           0           0           0           0           0           0           0           0           0 
       1884   -0.223215           0           0           0           0           0           0           0           0           0           0           0 
       1885   -0.111583           0           0           0           0           0           0           0           0           0           0           0 
       1886        -0.1           0           0           0           0           0           0           0           0           0           0           0 
       1887   -0.340623           0           0           0           0           0           0           0           0           0           0           0 
       1888   -0.412348           0           0           0           0           0           0           0           0           0           0           0 
       1889   -0.267554           0           0           0           0           0           0           0           0           0           0           0 
       1890   -0.211661           0           0           0           0           0           0           0           0           0           0           0 
       1891   -0.148558           0           0           0           0           0           0           0           0           0           0           0 
       1892    -0.37664           0           0           0           0           0           0           0           0           0           0           0 
       1893   -0.428315           0           0           0           0           0           0           0           0           0           0           0 
       1894    -0.21406           0           0           0           0           0           0           0           0           0           0           0 
       1895   -0.107006           0           0           0           0           0           0           0           0           0           0           0 
       1896   -0.053496           0           0           0           0           0           0           0           0           0           0           0 
       1897   -0.026747           0           0           0           0           0           0           0           0           0           0           0 
       1898   -0.013373           0           0           0           0           0           0           0           0           0           0           0 
       1899    -0.03346           0           0           0           0           0           0           0           0           0           0           0 
       1900   -0.037996           0           0           0           0           0           0           0           0           0           0           0 
       1901   -0.031255           0           0           0           0           0           0           0           0           0           0           0 
       1902   -0.173321           0           0           0           0           0           0           0           0           0           0           0 
       1903   -0.277492           0           0           0           0           0           0           0           0           0           0           0 
       1904   -0.419896           0           0           0           0           0           0           0           0           0           0           0 
       1905   -0.386878           0           0           0           0           0           0           0           0           0           0           0 
       1906   -0.193362           0           0           0           0           0           0           0           0           0           0           0 
       1907   -0.096659           0           0           0           0           0           0           0           0           0           0           0 
       1908   -0.048325           0           0           0           0           0           0           0           0           0           0           0 
       1909   -0.024161           0           0           0           0           0           0           0           0           0           0           0 
       1910    -0.01208           0           0           0           0           0           0           0           0           0           0           0 
       1911    -0.00604           0           0           0           0           0           0           0           0           0           0           0 
       1912    -0.00302           0           0           0           0           0           0           0           0           0           0           0 
       1913   -0.099187           0           0           0           0           0           0           0           0           0           0           0 
       1914   -0.127163           0           0           0           0           0           0           0           0           0           0           0 
       1915   -0.063572           0           0           0           0           0           0           0           0           0           0           0 
       1916   -0.031784           0           0           0           0           0           0           0           0           0           0           0 
       1917   -0.015891           0           0           0           0           0           0           0           0           0           0           0 
       1918   -0.007946           0           0           0           0           0           0           0           0           0           0           0 
       1919   -0.003973           0           0           0           0           0           0           0           0           0           0           0 
       1920   -0.001986           0           0           0           0           0           0           0           0           0           0           0 
       1921   -0.000993           0           0           0           0           0           0           0           0           0           0           0 
       1922           0           0           0           0           0           0           0           0           0           0           0           0 
       1923           0           0           0           0           0           0           0           0           0           0           0           0 
       1924           0           0           0           0           0           0           0           0           0           0           0           0 
       1925           0           0           0           0           0           0           0           0           0           0           0           0 
       1926           0           0           0           0           0           0           0           0           0           0           0           0 
       1927           0           0           0           0           0           0           0           0           0           0           0           0 
       1928           0           0           0           0           0           0           0           0           0           0           0           0 
       1929           0           0           0           0           0           0           0           0           0           0           0           0 
       1930           0           0           0           0           0           0           0           0           0           0           0           0 
       1931           0           0           0           0           0           0           0           0           0           0           0           0 
       1932           0           0           0           0           0           0           0           0           0           0           0           0 
       1933           0           0           0           0           0           0           0           0           0           0           0           0 
       1934   -0.010596           0           0           0           0           0           0           0           0           0           0           0 
       1935   -0.015494           0           0           0           0           0           0           0           0           0           0           0 
       1936    -0.00916           0           0           0           0           0           0           0           0           0           0           0 
       1937   -0.006469           0           0           0           0           0           0           0           0           0           0           0 
       1938   -0.010556           0           0           0           0           0           0           0           0           0           0           0 
       1939   -0.009901           0           0           0           0           0           0           0           0           0           0           0 
       1940    -0.01301           0           0           0           0           0           0           0           0           0           0           0 
       1941   -0.026486           0           0           0           0           0           0           0           0           0           0           0 
       1942   -0.027217           0           0           0           0           0           0           0           0           0           0           0 
       1943   -0.016141           0           0           0           0           0           0           0           0           0           0           0 
       1944    -0.00807           0           0           0           0           0           0           0           0           0           0           0 
       1945   -0.027266           0           0           0           0           0           0           0           0           0           0           0 
       1946   -0.032086           0           0           0           0           0           0           0           0           0           0           0 
       1947   -0.016042           0           0           0           0           0           0           0           0           0           0           0 
       1948   -0.008021           0           0           0           0           0           0           0           0           0           0           0 
       1949    -0.00401           0           0           0           0           0           0           0           0           0           0           0 
       1950   -0.002005           0           0           0           0           0           0           0           0           0           0           0 
       1951   -0.001003           0           0           0           0           0           0           0           0           0           0           0 
       1952           0           0           0           0           0           0           0           0           0           0           0           0 
       1953           0           0           0           0           0           0           0           0           0           0           0           0 
       1954           0           0           0           0           0           0           0           0           0           0           0           0 
       1955           0           0           0           0           0           0           0           0           0           0           0           0 
       1956           0           0           0           0           0           0           0           0           0           0           0           0 
       1957     -0.0049           0           0           0           0           0           0           0           0           0           0           0 
       1958   -0.007078           0           0           0           0           0           0           0           0           0           0           0 
       1959   -0.004133           0           0           0           0           0           0           0           0           0           0           0 
       1960   -0.002067           0           0           0           0           0           0           0           0           0           0           0 
       1961    -0.00187           0           0           0           0           0           0           0           0           0           0           0 
       1962   -0.016381           0           0           0           0           0           0           0           0           0           0           0 
       1963   -0.056834           0           0           0           0           0           0           0           0           0           0           0 
       1964   -0.057726           0           0           0           0           0           0           0           0           0           0           0 
       1965   -0.028861           0           0           0           0           0           0           0           0           0           0           0 
       1966    -0.01443           0           0           0           0           0           0           0           0           0           0           0 
       1967   -0.007215           0           0           0           0           0           0           0           0           0           0           0 
       1968   -0.003607           0           0           0           0           0           0           0           0           0           0           0 
       1969   -0.001804           0           0           0           0           0           0           0           0           0           0           0 
       1970   -0.018214           0           0           0           0           0           0           0           0           0           0           0 
       1971   -0.022859           0           0           0           0           0           0           0           0           0           0           0 
       1972   -0.011429           0           0           0           0           0           0           0           0           0           0           0 
       1973   -0.005714           0           0           0           0           0           0           0           0           0           0           0 
       1974   -0.002857           0           0           0           0           0           0           0           0           0           0           0 
       1975   -0.001429           0           0           0           0           0           0           0           0           0           0           0 
       1976   -0.000714           0           0           0           0           0           0           0           0           0           0           0 
       1977           0           0           0           0           0           0           0           0           0           0           0           0 
       1978           0           0           0           0           0           0           0           0           0           0           0           0 
       1979           0           0           0           0           0           0           0           0           0           0           0           0 
       1980           0           0           0           0           0           0           0           0           0           0           0           0 
       1981           0           0           0           0           0           0           0           0           0           0           0           0 
       1982           0           0           0           0           0           0           0           0           0           0           0           0 
       1983           0           0           0           0           0           0           0           0           0           0           0           0 
       1984           0           0           0           0           0           0           0           0           0           0           0           0 
       1985           0           0           0           0           0           0           0           0           0           0           0           0 
       1986           0           0           0           0           0           0           0           0           0           0           0           0 
       1987           0           0           0           0           0           0           0           0           0           0           0           0 
       1988           0           0           0           0           0           0           0           0           0           0           0           0 
       1989           0           0           0           0           0           0           0           0           0           0           0           0 
       1990           0           0           0           0           0           0           0           0           0           0           0           0 
       1991           0           0           0           0           0           0           0           0           0           0           0           0 
       1992           0           0           0           0           0           0           0           0           0           0           0           0 
       1993           0           0           0           0           0           0           0           0           0           0           0           0 
       1994           0           0           0           0           0           0           0           0           0           0           0           0 
       1995           0           0           0           0           0           0           0           0           0           0           0           0 
       1996           0           0           0           0           0           0           0           0           0           0           0           0 
       1997           0           0           0           0           0           0           0           0           0           0           0           0 
       1998           0           0           0           0           0           0           0           0           0           0           0           0 
       1999           0           0           0           0           0           0           0           0           0           0           0           0 
       2000           0           0           0           0           0           0           0           0           0           0           0           0 
       2001           0           0           0           0           0           0           0           0           0           0           0           0 
       2002           0           0           0           0           0           0           0           0           0           0           0           0 
       2003           0           0           0           0           0           0           0           0           0           0           0           0 
       2004           0           0           0           0           0           0           0           0           0           0           0           0 
       2005           0           0           0           0           0           0           0           0           0           0           0           0 
       2006           0           0           0           0           0           0           0           0           0           0           0           0 
       2007           0           0           0           0           0           0           0           0           0           0           0           0 
       2008           0           0           0           0           0           0           0           0           0           0           0           0 
       2009           0           0           0           0           0           0           0           0           0           0           0           0 
       2010           0           0           0           0           0           0           0           0           0           0           0           0 
       2011           0           0           0           0           0           0           0           0           0           0           0           0 
       2012           0           0           0           0           0           0           0           0           0           0           0           0 
       2013           0           0           0           0           0           0           0           0           0           0           0           0 
       2014           0           0           0           0           0           0           0           0           0           0           0           0 
       2015           0           0           0           0           0           0           0           0           0           0           0           0 
       2016           0           0           0           0           0           0           0           0           0           0           0           0 
       2017   -0.002551           0           0           0           0           0           0           0           0           0           0           0 
       2018   -0.003298           0           0           0           0           0           0           0           0           0           0           0 
       2019   -0.001649           0           0           0           0           0           0           0           0           0           0           0 
       2020   -0.000824           0           0           0           0           0           0           0           0           0           0           0 
       2021   -0.001504           0           0           0           0           0           0           0           0           0           0           0 
       2022   -0.018868           0           0           0           0           0           0           0           0           0           0           0 
       2023   -0.023135           0           0           0           0           0           0           0           0           0           0           0 
       2024   -0.011567           0           0           0           0           0           0           0           0           0           0           0 
       2025   -0.005783           0           0           0           0           0           0           0           0           0           0           0 
       2026   -0.002892           0           0           0           0           0           0           0           0           0           0           0 
       2027   -0.001446           0           0           0           0           0           0           0           0           0           0           0 
       2028   -0.000723           0           0           0           0           0           0           0           0           0           0           0 
       2029           0           0           0           0           0           0           0           0           0           0           0           0 
       2030           0           0           0           0           0           0           0           0           0           0           0           0 
       2031           0           0           0           0           0           0           0           0           0           0           0           0 
       2032           0           0           0           0           0           0           0           0           0           0           0           0 
       2033           0           0           0           0           0           0           0           0           0           0           0           0 
       2034           0           0           0           0           0           0           0           0           0           0           0           0 
       2035           0           0           0           0           0           0           0           0           0           0           0           0 
       2036           0           0           0           0           0           0           0           0           0           0           0           0 
       2037           0           0           0           0           0           0           0           0           0           0           0           0 
       2038           0           0           0           0           0           0           0           0           0           0           0           0 
       2039           0           0           0           0           0           0           0           0           0           0           0           0 
       2040           0           0           0           0           0           0           0           0           0           0           0           0 
       2041           0           0           0           0           0           0           0           0           0           0           0           0 
       2042   -0.002438           0           0           0           0           0           0           0           0           0           0           0 
       2043    -0.00315           0           0           0           0           0           0           0           0           0           0           0 
       2044   -0.003699           0           0           0           0           0           0           0           0           0           0           0 
       2045      -0.006           0           0           0           0           0           0           0           0           0           0           0 
       2046   -0.004956           0           0           0           0           0           0           0           0           0           0           0 
       2047   -0.002478           0           0           0           0           0           0           0           0           0           0           0 
       2048   -0.001239           0           0           0           0           0           0           0           0           0           0           0 
       2049           0           0           0           0           0           0           0           0           0           0           0           0 
       2050           0           0           0           0           0           0           0           0           0           0           0           0 
       2051           0           0           0           0           0           0           0           0           0           0           0           0 
       2052           0           0           0           0           0           0           0           0           0           0           0           0 
       2053           0           0           0           0           0           0           0           0           0           0           0           0 
       2054           0           0           0           0           0           0           0           0           0           0           0           0 
       2055           0           0           0           0           0           0           0           0           0           0           0           0 
       2056           0           0           0           0           0           0           0           0           0           0           0           0 
       2057           0           0           0           0           0           0           0           0           0           0           0           0 
       2058           0           0           0           0           0           0           0           0           0           0           0           0 
       2059           0           0           0           0           0           0           0           0           0           0           0           0 
       2060           0           0           0           0           0           0           0           0           0           0           0           0 
       2061           0           0           0           0           0           0           0           0           0           0           0           0 
       2062           0           0           0           0           0           0           0           0           0           0           0           0 
       2063           0           0           0           0           0           0           0           0           0           0           0           0 
       2064           0           0           0           0           0           0           0           0           0           0           0           0 
       2065           0           0           0           0           0           0           0           0           0           0           0           0 
       2066           0           0           0           0           0           0           0           0           0           0           0           0 
       2067           0           0           0           0           0           0           0           0           0           0           0           0 
       2068           0           0           0           0           0           0           0           0           0           0           0           0 
       2069           0           0           0           0           0           0           0           0           0           0           0           0 
       2070           0           0           0           0           0           0           0           0           0           0           0           0 
       2071           0           0           0           0           0           0           0           0           0           0           0           0 
       2072           0           0           0           0           0           0           0           0           0           0           0           0 
       2073           0           0           0           0           0           0           0           0           0           0           0           0 
       2074           0           0           0           0           0           0           0           0           0           0           0           0 
       2075   -0.002081           0           0           0           0           0           0           0           0           0           0           0 
       2076    -0.02316           0           0           0           0           0           0           0           0           0           0           0 
       2077   -0.027837           0           0           0           0           0           0           0           0           0           0           0 
       2078   -0.013918           0           0           0           0           0           0           0           0           0           0           0 
       2079    -0.01042           0           0           0           0           0           0           0           0           0           0           0 
       2080   -0.007959           0           0           0           0           0           0           0           0           0           0           0 
       2081    -0.00398           0           0           0           0           0           0           0           0           0           0           0 
       2082    -0.00199           0           0           0           0           0           0           0           0           0           0           0 
       2083   -0.012072           0           0           0           0           0           0           0           0           0           0           0 
       2084   -0.040946           0           0           0           0           0           0           0           0           0           0           0 
       2085   -0.041213           0           0           0           0           0           0           0           0           0           0           0 
       2086   -0.043421           0           0           0           0           0           0           0           0           0           0           0 
       2087   -0.039832           0           0           0           0           0           0           0           0           0           0           0 
       2088   -0.150068           0           0           0           0           0           0           0           0           0           0           0 
       2089   -0.178382           0           0           0           0           0           0           0           0           0           0           0 
       2090   -0.089174           0           0           0           0           0           0           0           0           0           0           0 
       2091   -0.044583           0           0           0           0           0           0           0           0           0           0           0 
       2092    -0.02229           0           0           0           0           0           0           0           0           0           0           0 
       2093   -0.038143           0           0           0           0           0           0           0           0           0           0           0 
       2094   -0.040516           0           0           0           0           0           0           0           0           0           0           0 
       2095   -0.020257           0           0           0           0           0           0           0           0           0           0           0 
       2096    -0.02616           0           0           0           0           0           0           0           0           0           0           0 
       2097   -0.025814           0           0           0           0           0           0           0           0           0           0           0 
       2098   -0.012907           0           0           0           0           0           0           0           0           0           0           0 
       2099   -0.006453           0           0           0           0           0           0           0           0           0           0           0 
       2100   -0.003227           0           0           0           0           0           0           0           0           0           0           0 
       2101   -0.001613           0           0           0           0           0           0           0           0           0           0           0 
       2102   -0.000807           0           0           0           0           0           0           0           0           0           0           0 
       2103           0           0           0           0           0           0           0           0           0           0           0           0 
       2104           0           0           0           0           0           0           0           0           0           0           0           0 
       2105           0           0           0           0           0           0           0           0           0           0           0           0 
       2106           0           0           0           0           0           0           0           0           0           0           0           0 
       2107           0           0           0           0           0           0           0           0           0           0           0           0 
       2108           0           0           0           0           0           0           0           0           0           0           0           0 
       2109           0           0           0           0           0           0           0           0           0           0           0           0 
       2110           0           0           0           0           0           0           0           0           0           0           0           0 
       2111           0           0           0           0           0           0           0           0           0           0           0           0 
       2112           0           0           0           0           0           0           0           0           0           0           0           0 
       2113           0           0           0           0           0           0           0           0           0           0           0           0 
       2114           0           0           0           0           0           0           0           0           0           0           0           0 
       2115           0           0           0           0           0           0           0           0           0           0           0           0 
       2116           0           0           0           0           0           0           0           0           0           0           0           0 
       2117           0           0           0           0           0           0           0           0           0           0           0           0 
       2118           0           0           0           0           0           0           0           0           0           0           0           0 
       2119           0           0           0           0           0           0           0           0           0           0           0           0 
       2120           0           0           0           0           0           0           0           0           0           0           0           0 
       2121           0           0           0           0           0           0           0           0           0           0           0           0 
       2122           0           0           0           0           0           0           0           0           0           0           0           0 
       2123    -0.00181           0           0           0           0           0           0           0           0           0           0           0 
       2124   -0.002343           0           0           0           0           0           0           0           0           0           0           0 
       2125   -0.001171           0           0           0           0           0           0           0           0           0           0           0 
       2126           0           0           0           0           0           0           0           0           0           0           0           0 
       2127   -0.009419           0           0           0           0           0           0           0           0           0           0           0 
       2128   -0.030804           0           0           0           0           0           0           0           0           0           0           0 
       2129   -0.030371           0           0           0           0           0           0           0           0           0           0           0 
       2130   -0.015185           0           0           0           0           0           0           0           0           0           0           0 
       2131   -0.007592           0           0           0           0           0           0           0           0           0           0           0 
       2132   -0.003796           0           0           0           0           0           0           0           0           0           0           0 
       2133   -0.001898           0           0           0           0           0           0           0           0           0           0           0 
       2134   -0.000949           0           0           0           0           0           0           0           0           0           0           0 
       2135           0           0           0           0           0           0           0           0           0           0           0           0 
       2136           0           0           0           0           0           0           0           0           0           0           0           0 
       2137           0           0           0           0           0           0           0           0           0           0           0           0 
       2138           0           0           0           0           0           0           0           0           0           0           0           0 
       2139           0           0           0           0           0           0           0           0           0           0           0           0 
       2140   -0.001679           0           0           0           0           0           0           0           0           0           0           0 
       2141   -0.035797           0           0           0           0           0           0           0           0           0           0           0 
       2142   -0.056262           0           0           0           0           0           0           0           0           0           0           0 
       2143   -0.039029           0           0           0           0           0           0           0           0           0           0           0 
       2144   -0.033282           0           0           0           0           0           0           0           0           0           0           0 
       2145   -0.050093           0           0           0           0           0           0           0           0           0           0           0 
       2146    -0.14672           0           0           0           0           0           0           0           0           0           0           0 
       2147   -0.155129           0           0           0           0           0           0           0           0           0           0           0 
       2148   -0.077552           0           0           0           0           0           0           0           0           0           0           0 
       2149   -0.038773           0           0           0           0           0           0           0           0           0           0           0 
       2150   -0.019386           0           0           0           0           0           0           0           0           0           0           0 
       2151   -0.147707           0           0           0           0           0           0           0           0           0           0           0 
       2152   -0.183443           0           0           0           0           0           0           0           0           0           0           0 
       2153   -0.091705           0           0           0           0           0           0           0           0           0           0           0 
       2154   -0.045848           0           0           0           0           0           0           0           0           0           0           0 
       2155   -0.164167           0           0           0           0           0           0           0           0           0           0           0 
       2156   -0.215328           0           0           0           0           0           0           0           0           0           0           0 
       2157   -0.157025           0           0           0           0           0           0           0           0           0           0           0 
       2158   -0.104422           0           0           0           0           0           0           0           0           0           0           0 
       2159   -0.052206           0           0           0           0           0           0           0           0           0           0           0 
       2160   -0.026101           0           0           0           0           0           0           0           0           0           0           0 
       2161   -0.028793           0           0           0           0           0           0           0           0           0           0           0 
       2162   -0.166528           0           0           0           0           0           0           0           0           0           0           0 
       2163   -0.236782           0           0           0           0           0           0           0           0           0           0           0 
       2164   -0.158071           0           0           0           0           0           0           0           0           0           0           0 
       2165   -0.083662           0           0           0           0           0           0           0           0           0           0           0 
       2166   -0.041827           0           0           0           0           0           0           0           0           0           0           0 
       2167   -0.020913           0           0           0           0           0           0           0           0           0           0           0 
       2168   -0.010456           0           0           0           0           0           0           0           0           0           0           0 
       2169   -0.005228           0           0           0           0           0           0           0           0           0           0           0 
       2170   -0.002614           0           0           0           0           0           0           0           0           0           0           0 
       2171   -0.001307           0           0           0           0           0           0           0           0           0           0           0 
       2172           0           0           0           0           0           0           0           0           0           0           0           0 
       2173           0           0           0           0           0           0           0           0           0           0           0           0 
       2174           0           0           0           0           0           0           0           0           0           0           0           0 
       2175    -0.06027           0           0           0           0           0           0           0           0           0           0           0 
       2176   -0.217505           0           0           0           0           0           0           0           0           0           0           0 
       2177   -0.287072           0           0           0           0           0           0           0           0           0           0           0 
       2178   -0.206377           0           0           0           0           0           0           0           0           0           0           0 
       2179   -0.110538           0           0           0           0           0           0           0           0           0           0           0 
       2180   -0.055262           0           0           0           0           0           0           0           0           0           0           0 
       2181   -0.053198           0           0           0           0           0           0           0           0           0           0           0 
       2182   -0.209532           0           0           0           0           0           0           0           0           0           0           0 
       2183   -0.355177           0           0           0           0           0           0           0           0           0           0           0 
       2184   -0.439153           0           0           0           0           0           0           0           0           0           0           0 
       2185   -0.548258           0           0           0           0           0           0           0           0           0           0           0 
       2186   -0.499245           0           0           0           0           0           0           0           0           0           0           0 
       2187   -0.303852           0           0           0           0           0           0           0           0           0           0           0 
       2188   -0.151877           0           0           0           0           0           0           0           0           0           0           0 
       2189    -0.14671           0           0           0           0           0           0           0           0           0           0           0 
       2190   -0.307229           0           0           0           0           0           0           0           0           0           0           0 
       2191   -0.354355           0           0           0           0           0           0           0           0           0           0           0 
       2192   -0.490507           0           0           0           0           0           0           0           0           0           0           0 
       2193    -0.45631           0           0           0           0           0           0           0           0           0           0           0 
       2194   -0.228043           0           0           0           0           0           0           0           0           0           0           0 
       2195   -0.125934           0           0           0           0           0           0           0           0           0           0           0 
       2196   -0.181653           0           0           0           0           0           0           0           0           0           0           0 
       2197   -0.440052           0           0           0           0           0           0           0           0           0           0           0 
       2198   -0.476234           0           0           0           0           0           0           0           0           0           0           0 
       2199    -0.33834           0           0           0           0           0           0           0           0           0           0           0 
       2200   -0.268425           0           0           0           0           0           0           0           0           0           0           0 
       2201   -0.215415           0           0           0           0           0           0           0           0           0           0           0 
       2202   -0.277705           0           0           0           0           0           0           0           0           0           0           0 
       2203   -0.248074           0           0           0           0           0           0           0           0           0           0           0 
       2204   -0.124415           0           0           0           0           0           0           0           0           0           0           0 
       2205   -0.062199           0           0           0           0           0           0           0           0           0           0           0 
       2206   -0.031097           0           0           0           0           0           0           0           0           0           0           0 
       2207   -0.015548           0           0           0           0           0           0           0           0           0           0           0 
       2208   -0.007774           0           0           0           0           0           0           0           0           0           0           0 
       2209   -0.003887           0           0           0           0           0           0           0           0           0           0           0 
       2210   -0.001943           0           0           0           0           0           0           0           0           0           0           0 
       2211   -0.000972           0           0           0           0           0           0           0           0           0           0           0 
       2212           0           0           0           0           0           0           0           0           0           0           0           0 
       2213   -0.267147           0           0           0           0           0           0           0           0           0           0           0 
       2214   -0.551974           0           0           0           0           0           0           0           0           0           0           0 
       2215   -0.439791           0           0           0           0           0           0           0           0           0           0           0 
       2216   -0.219799           0           0           0           0           0           0           0           0           0           0           0 
       2217    -0.10987           0           0           0           0           0           0           0           0           0           0           0 
       2218   -0.054929           0           0           0           0           0           0           0           0           0           0           0 
       2219   -0.027463           0           0           0           0           0           0           0           0           0           0           0 
       2220   -0.013731           0           0           0           0           0           0           0           0           0           0           0 
       2221   -0.006865           0           0           0           0           0           0           0           0           0           0           0 
       2222   -0.003433           0           0           0           0           0           0           0           0           0           0           0 
       2223   -0.001716           0           0           0           0           0           0           0           0           0           0           0 
       2224   -0.000858           0           0           0           0           0           0           0           0           0           0           0 
       2225           0           0           0           0           0           0           0           0           0           0           0           0 
       2226           0           0           0           0           0           0           0           0           0           0           0           0 
       2227   -0.230153           0           0           0           0           0           0           0           0           0           0           0 
       2228   -0.366925           0           0           0           0           0           0           0           0           0           0           0 
       2229   -0.405429           0           0           0           0           0           0           0           0           0           0           0 
       2230   -0.335311           0           0           0           0           0           0           0           0           0           0           0 
       2231    -0.21287           0           0           0           0           0           0           0           0           0           0           0 
       2232   -0.191649           0           0           0           0           0           0           0           0           0           0           0 
       2233    -0.18473           0           0           0           0           0           0           0           0           0           0           0 
       2234   -0.256067           0           0           0           0           0           0           0           0           0           0           0 
       2235   -0.226621           0           0           0           0           0           0           0           0           0           0           0 
       2236   -0.113286           0           0           0           0           0           0           0           0           0           0           0 
       2237   -0.056636           0           0           0           0           0           0           0           0           0           0           0 
       2238   -0.028316           0           0           0           0           0           0           0           0           0           0           0 
       2239   -0.014158           0           0           0           0           0           0           0           0           0           0           0 
       2240   -0.130259           0           0           0           0           0           0           0           0           0           0           0 
       2241   -0.172566           0           0           0           0           0           0           0           0           0           0           0 
       2242   -0.093909           0           0           0           0           0           0           0           0           0           0           0 
       2243    -0.04695           0           0           0           0           0           0           0           0           0           0           0 
       2244   -0.050894           0           0           0           0           0           0           0           0           0           0           0 
       2245    -0.04759           0           0           0           0           0           0           0           0           0           0           0 
       2246   -0.043076           0           0           0           0           0           0           0           0           0           0           0 
       2247   -0.106996           0           0           0           0           0           0           0           0           0           0           0 
       2248   -0.136056           0           0           0           0           0           0           0           0           0           0           0 
       2249   -0.089207           0           0           0           0           0           0           0           0           0           0           0 
       2250   -0.044599           0           0           0           0           0           0           0           0           0           0           0 
       2251   -0.022298           0           0           0           0           0           0           0           0           0           0           0 
       2252   -0.011149           0           0           0           0           0           0           0           0           0           0           0 
       2253   -0.005574           0           0           0           0           0           0           0           0           0           0           0 
       2254   -0.002787           0           0           0           0           0           0           0           0           0           0           0 
       2255   -0.001394           0           0           0           0           0           0           0           0           0           0           0 
       2256           0           0           0           0           0           0           0           0           0           0           0           0 
       2257           0           0           0           0           0           0           0           0           0           0           0           0 
       2258           0           0           0           0           0           0           0           0           0           0           0           0 
       2259   -0.036365           0           0           0           0           0           0           0           0           0           0           0 
       2260   -0.046997           0           0           0           0           0           0           0           0           0           0           0 
       2261   -0.023497           0           0           0           0           0           0           0           0           0           0           0 
       2262   -0.011748           0           0           0           0           0           0           0           0           0           0           0 
       2263   -0.005874           0           0           0           0           0           0           0           0           0           0           0 
       2264   -0.002937           0           0           0           0           0           0           0           0           0           0           0 
       2265   -0.001469           0           0           0           0           0           0           0           0           0           0           0 
       2266   -0.000734           0           0           0           0           0           0           0           0           0           0           0 
       2267           0           0           0           0           0           0           0           0           0           0           0           0 
       2268           0           0           0           0           0           0           0           0           0           0           0           0 
       2269           0           0           0           0           0           0           0           0           0           0           0           0 
       2270   -0.014729           0           0           0           0           0           0           0           0           0           0           0 
       2271   -0.019028           0           0           0           0           0           0           0           0           0           0           0 
       2272   -0.009514           0           0           0           0           0           0           0           0           0           0           0 
       2273   -0.004757           0           0           0           0           0           0           0           0           0           0           0 
       2274   -0.002378           0           0           0           0           0           0           0           0           0           0           0 
       2275   -0.006115           0           0           0           0           0           0           0           0           0           0           0 
       2276   -0.006971           0           0           0           0           0           0           0           0           0           0           0 
       2277   -0.022035           0           0           0           0           0           0           0           0           0           0           0 
       2278   -0.028699           0           0           0           0           0           0           0           0           0           0           0 
       2279    -0.01669           0           0           0           0           0           0           0           0           0           0           0 
       2280   -0.008345           0           0           0           0           0           0           0           0           0           0           0 
       2281   -0.004172           0           0           0           0           0           0           0           0           0           0           0 
       2282   -0.002086           0           0           0           0           0           0           0           0           0           0           0 
       2283    -0.01637           0           0           0           0           0           0           0           0           0           0           0 
       2284   -0.020359           0           0           0           0           0           0           0           0           0           0           0 
       2285   -0.010179           0           0           0           0           0           0           0           0           0           0           0 
       2286    -0.00509           0           0           0           0           0           0           0           0           0           0           0 
       2287   -0.002545           0           0           0           0           0           0           0           0           0           0           0 
       2288   -0.001272           0           0           0           0           0           0           0           0           0           0           0 
       2289           0           0           0           0           0           0           0           0           0           0           0           0 
       2290           0           0           0           0           0           0           0           0           0           0           0           0 
       2291           0           0           0           0           0           0           0           0           0           0           0           0 
       2292   -0.003603           0           0           0           0           0           0           0           0           0           0           0 
       2293   -0.004601           0           0           0           0           0           0           0           0           0           0           0 
       2294     -0.0023           0           0           0           0           0           0           0           0           0           0           0 
       2295    -0.00115           0           0           0           0           0           0           0           0           0           0           0 
       2296           0           0           0           0           0           0           0           0           0           0           0           0 
       2297           0           0           0           0           0           0           0           0           0           0           0           0 
       2298   -0.002253           0           0           0           0           0           0           0           0           0           0           0 
       2299   -0.003121           0           0           0           0           0           0           0           0           0           0           0 
       2300   -0.001814           0           0           0           0           0           0           0           0           0           0           0 
       2301   -0.000907           0           0           0           0           0           0           0           0           0           0           0 
       2302           0           0           0           0           0           0           0           0           0           0           0           0 
       2303           0           0           0           0           0           0           0           0           0           0           0           0 
       2304   -0.022744           0           0           0           0           0           0           0           0           0           0           0 
       2305   -0.029688           0           0           0           0           0           0           0           0           0           0           0 
       2306   -0.015114           0           0           0           0           0           0           0           0           0           0           0 
       2307   -0.007557           0           0           0           0           0           0           0           0           0           0           0 
       2308   -0.003778           0           0           0           0           0           0           0           0           0           0           0 
       2309   -0.001889           0           0           0           0           0           0           0           0           0           0           0 
       2310   -0.000945           0           0           0           0           0           0           0           0           0           0           0 
       2311           0           0           0           0           0           0           0           0           0           0           0           0 
       2312           0           0           0           0           0           0           0           0           0           0           0           0 
       2313   -0.016614           0           0           0           0           0           0           0           0           0           0           0 
       2314   -0.052386           0           0           0           0           0           0           0           0           0           0           0 
       2315   -0.050796           0           0           0           0           0           0           0           0           0           0           0 
       2316   -0.025397           0           0           0           0           0           0           0           0           0           0           0 
       2317   -0.012698           0           0           0           0           0           0           0           0           0           0           0 
       2318   -0.006349           0           0           0           0           0           0           0           0           0           0           0 
       2319   -0.014687           0           0           0           0           0           0           0           0           0           0           0 
       2320   -0.067499           0           0           0           0           0           0           0           0           0           0           0 
       2321   -0.074264           0           0           0           0           0           0           0           0           0           0           0 
       2322   -0.037129           0           0           0           0           0           0           0           0           0           0           0 
       2323   -0.018564           0           0           0           0           0           0           0           0           0           0           0 
       2324   -0.009282           0           0           0           0           0           0           0           0           0           0           0 
       2325   -0.004641           0           0           0           0           0           0           0           0           0           0           0 
       2326    -0.00232           0           0           0           0           0           0           0           0           0           0           0 
       2327    -0.00116           0           0           0           0           0           0           0           0           0           0           0 
       2328   -0.008637           0           0           0           0           0           0           0           0           0           0           0 
       2329   -0.010718           0           0           0           0           0           0           0           0           0           0           0 
       2330   -0.021799           0           0           0           0           0           0           0           0           0           0           0 
       2331   -0.023958           0           0           0           0           0           0           0           0           0           0           0 
       2332   -0.011979           0           0           0           0           0           0           0           0           0           0           0 
       2333   -0.006201           0           0           0           0           0           0           0           0           0           0           0 
       2334   -0.003269           0           0           0           0           0           0           0           0           0           0           0 
       2335   -0.001634           0           0           0           0           0           0           0           0           0           0           0 
       2336   -0.001186           0           0           0           0           0           0           0           0           0           0           0 
       2337   -0.074896           0           0           0           0           0           0           0           0           0           0           0 
       2338   -0.096874           0           0           0           0           0           0           0           0           0           0           0 
       2339   -0.048951           0           0           0           0           0           0           0           0           0           0           0 
       2340   -0.024474           0           0           0           0           0           0           0           0           0           0           0 
       2341   -0.012237           0           0           0           0           0           0           0           0           0           0           0 
       2342   -0.006118           0           0           0           0           0           0           0           0           0           0           0 
       2343   -0.003059           0           0           0           0           0           0           0           0           0           0           0 
       2344    -0.00153           0           0           0           0           0           0           0           0           0           0           0 
       2345   -0.000765           0           0           0           0           0           0           0           0           0           0           0 
       2346           0           0           0           0           0           0           0           0           0           0           0           0 
       2347           0           0           0           0           0           0           0           0           0           0           0           0 
       2348           0           0           0           0           0           0           0           0           0           0           0           0 
       2349           0           0           0           0           0           0           0           0           0           0           0           0 
       2350           0           0           0           0           0           0           0           0           0           0           0           0 
       2351           0           0           0           0           0           0           0           0           0           0           0           0 
       2352           0           0           0           0           0           0           0           0           0           0           0           0 
       2353           0           0           0           0           0           0           0           0           0           0           0           0 
       2354           0           0           0           0           0           0           0           0           0           0           0           0 
       2355           0           0           0           0           0           0           0           0           0           0           0           0 
       2356           0           0           0           0           0           0           0           0           0           0           0           0 
       2357           0           0           0           0           0           0           0           0           0           0           0           0 
       2358           0           0           0           0           0           0           0           0           0           0           0           0 
       2359           0           0           0           0           0           0           0           0           0           0           0           0 
       2360           0           0           0           0           0           0           0           0           0           0           0           0 
       2361           0           0           0           0           0           0           0           0           0           0           0           0 
       2362           0           0           0           0           0           0           0           0           0           0           0           0 
       2363           0           0           0           0           0           0           0           0           0           0           0           0 
       2364   -0.008312           0           0           0           0           0           0           0           0           0           0           0 
       2365   -0.010759           0           0           0           0           0           0           0           0           0           0           0 
       2366   -0.005379           0           0           0           0           0           0           0           0           0           0           0 
       2367    -0.00269           0           0           0           0           0           0           0           0           0           0           0 
       2368   -0.001345           0           0           0           0           0           0           0           0           0           0           0 
       2369           0           0           0           0           0           0           0           0           0           0           0           0 
       2370           0           0           0           0           0           0           0           0           0           0           0           0 
       2371           0           0           0           0           0           0           0           0           0           0           0           0 
       2372           0           0           0           0           0           0           0           0           0           0           0           0 
       2373           0           0           0           0           0           0           0           0           0           0           0           0 
       2374           0           0           0           0           0           0           0           0           0           0           0           0 
       2375           0           0           0           0           0           0           0           0           0           0           0           0 
       2376   -0.002197           0           0           0           0           0           0           0           0           0           0           0 
       2377   -0.003193           0           0           0           0           0           0           0           0           0           0           0 
       2378   -0.002824           0           0           0           0           0           0           0           0           0           0           0 
       2379   -0.005936           0           0           0           0           0           0           0           0           0           0           0 
       2380   -0.007043           0           0           0           0           0           0           0           0           0           0           0 
       2381   -0.004378           0           0           0           0           0           0           0           0           0           0           0 
       2382   -0.002189           0           0           0           0           0           0           0           0           0           0           0 
       2383   -0.001094           0           0           0           0           0           0           0           0           0           0           0 
       2384           0           0           0           0           0           0           0           0           0           0           0           0 
       2385           0           0           0           0           0           0           0           0           0           0           0           0 
       2386           0           0           0           0           0           0           0           0           0           0           0           0 
       2387           0           0           0           0           0           0           0           0           0           0           0           0 
       2388           0           0           0           0           0           0           0           0           0           0           0           0 
       2389           0           0           0           0           0           0           0           0           0           0           0           0 
       2390           0           0           0           0           0           0           0           0           0           0           0           0 
       2391           0           0           0           0           0           0           0           0           0           0           0           0 
       2392           0           0           0           0           0           0           0           0           0           0           0           0 
       2393           0           0           0           0           0           0           0           0           0           0           0           0 
       2394           0           0           0           0           0           0           0           0           0           0           0           0 
       2395           0           0           0           0           0           0           0           0           0           0           0           0 
       2396           0           0           0           0           0           0           0           0           0           0           0           0 
       2397           0           0           0           0           0           0           0           0           0           0           0           0 
       2398           0           0           0           0           0           0           0           0           0           0           0           0 
       2399           0           0           0           0           0           0           0           0           0           0           0           0 
       2400           0           0           0           0           0           0           0           0           0           0           0           0 
       2401           0           0           0           0           0           0           0           0           0           0           0           0 
       2402           0           0           0           0           0           0           0           0           0           0           0           0 
       2403           0           0           0           0           0           0           0           0           0           0           0           0 
       2404           0           0           0           0           0           0           0           0           0           0           0           0 
       2405           0           0           0           0           0           0           0           0           0           0           0           0 
       2406           0           0           0           0           0           0           0           0           0           0           0           0 
       2407           0           0           0           0           0           0           0           0           0           0           0           0 
       2408           0           0           0           0           0           0           0           0           0           0           0           0 
       2409           0           0           0           0           0           0           0           0           0           0           0           0 
       2410           0           0           0           0           0           0           0           0           0           0           0           0 
       2411   -0.000845           0           0           0           0           0           0           0           0           0           0           0 
       2412           0           0           0           0           0           0           0           0           0           0           0           0 
       2413           0           0           0           0           0           0           0           0           0           0           0           0 
       2414   -0.012562           0           0           0           0           0           0           0           0           0           0           0 
       2415   -0.016176           0           0           0           0           0           0           0           0           0           0           0 
       2416   -0.008088           0           0           0           0           0           0           0           0           0           0           0 
       2417   -0.004044           0           0           0           0           0           0           0           0           0           0           0 
       2418   -0.002022           0           0           0           0           0           0           0           0           0           0           0 
       2419   -0.001011           0           0           0           0           0           0           0           0           0           0           0 
       2420           0           0           0           0           0           0           0           0           0           0           0           0 
       2421           0           0           0           0           0           0           0           0           0           0           0           0 
       2422           0           0           0           0           0           0           0           0           0           0           0           0 
       2423           0           0           0           0           0           0           0           0           0           0           0           0 
       2424           0           0           0           0           0           0           0           0           0           0           0           0 
       2425           0           0           0           0           0           0           0           0           0           0           0           0 
       2426           0           0           0           0           0           0           0           0           0           0           0           0 
       2427           0           0           0           0           0           0           0           0           0           0           0           0 
       2428   -0.001377           0           0           0           0           0           0           0           0           0           0           0 
       2429   -0.001652           0           0           0           0           0           0           0           0           0           0           0 
       2430   -0.000826           0           0           0           0           0           0           0           0           0           0           0 
       2431           0           0           0           0           0           0           0           0           0           0           0           0 
       2432           0           0           0           0           0           0           0           0           0           0           0           0 
       2433           0           0           0           0           0           0           0           0           0           0           0           0 
       2434           0           0           0           0           0           0           0           0           0           0           0           0 
       2435           0           0           0           0           0           0           0           0           0           0           0           0 
       2436           0           0           0           0           0           0           0           0           0           0           0           0 
       2437           0           0           0           0           0           0           0           0           0           0           0           0 
       2438           0           0           0           0           0           0           0           0           0           0           0           0 
       2439           0           0           0           0           0           0           0           0           0           0           0           0 
       2440           0           0           0           0           0           0           0           0           0           0           0           0 
       2441           0           0           0           0           0           0           0           0           0           0           0           0 
       2442           0           0           0           0           0           0           0           0           0           0           0           0 
       2443           0           0           0           0           0           0           0           0           0           0           0           0 
       2444           0           0           0           0           0           0           0           0           0           0           0           0 
       2445           0           0           0           0           0           0           0           0           0           0           0           0 
       2446           0           0           0           0           0           0           0           0           0           0           0           0 
       2447           0           0           0           0           0           0           0           0           0           0           0           0 
       2448           0           0           0           0           0           0           0           0           0           0           0           0 
       2449           0           0           0           0           0           0           0           0           0           0           0           0 
       2450           0           0           0           0           0           0           0           0           0           0           0           0 
       2451           0           0           0           0           0           0           0           0           0           0           0           0 
       2452           0           0           0           0           0           0           0           0           0           0           0           0 
       2453   -0.001561           0           0           0           0           0           0           0           0           0           0           0 
       2454    -0.00264           0           0           0           0           0           0           0           0           0           0           0 
       2455   -0.001812           0           0           0           0           0           0           0           0           0           0           0 
       2456   -0.000906           0           0           0           0           0           0           0           0           0           0           0 
       2457           0           0           0           0           0           0           0           0           0           0           0           0 
       2458           0           0           0           0           0           0           0           0           0           0           0           0 
       2459   -0.002248           0           0           0           0           0           0           0           0           0           0           0 
       2460   -0.005576           0           0           0           0           0           0           0           0           0           0           0 
       2461   -0.007962           0           0           0           0           0           0           0           0           0           0           0 
       2462   -0.006352           0           0           0           0           0           0           0           0           0           0           0 
       2463   -0.003176           0           0           0           0           0           0           0           0           0           0           0 
       2464   -0.001588           0           0           0           0           0           0           0           0           0           0           0 
       2465   -0.032121           0           0           0           0           0           0           0           0           0           0           0 
       2466   -0.137072           0           0           0           0           0           0           0           0           0           0           0 
       2467   -0.144881           0           0           0           0           0           0           0           0           0           0           0 
       2468   -0.072429           0           0           0           0           0           0           0           0           0           0           0 
       2469    -0.03934           0           0           0           0           0           0           0           0           0           0           0 
       2470   -0.022154           0           0           0           0           0           0           0           0           0           0           0 
       2471   -0.011077           0           0           0           0           0           0           0           0           0           0           0 
       2472   -0.005538           0           0           0           0           0           0           0           0           0           0           0 
       2473   -0.002769           0           0           0           0           0           0           0           0           0           0           0 
       2474   -0.001385           0           0           0           0           0           0           0           0           0           0           0 
       2475           0           0           0           0           0           0           0           0           0           0           0           0 
       2476           0           0           0           0           0           0           0           0           0           0           0           0 
       2477           0           0           0           0           0           0           0           0           0           0           0           0 
       2478           0           0           0           0           0           0           0           0           0           0           0           0 
       2479           0           0           0           0           0           0           0           0           0           0           0           0 
       2480           0           0           0           0           0           0           0           0           0           0           0           0 
       2481   -0.020979           0           0           0           0           0           0           0           0           0           0           0 
       2482    -0.02707           0           0           0           0           0           0           0           0           0           0           0 
       2483   -0.013534           0           0           0           0           0           0           0           0           0           0           0 
       2484   -0.006767           0           0           0           0           0           0           0           0           0           0           0 
       2485   -0.008087           0           0           0           0           0           0           0           0           0           0           0 
       2486   -0.008927           0           0           0           0           0           0           0           0           0           0           0 
       2487   -0.005375           0           0           0           0           0           0           0           0           0           0           0 
       2488   -0.002688           0           0           0           0           0           0           0           0           0           0           0 
       2489   -0.001344           0           0           0           0           0           0           0           0           0           0           0 
       2490           0           0           0           0           0           0           0           0           0           0           0           0 
       2491   -0.003509           0           0           0           0           0           0           0           0           0           0           0 
       2492   -0.004275           0           0           0           0           0           0           0           0           0           0           0 
       2493   -0.014932           0           0           0           0           0           0           0           0           0           0           0 
       2494   -0.017628           0           0           0           0           0           0           0           0           0           0           0 
       2495   -0.008814           0           0           0           0           0           0           0           0           0           0           0 
       2496   -0.005628           0           0           0           0           0           0           0           0           0           0           0 
       2497   -0.003783           0           0           0           0           0           0           0           0           0           0           0 
       2498   -0.001892           0           0           0           0           0           0           0           0           0           0           0 
       2499   -0.000946           0           0           0           0           0           0           0           0           0           0           0 
       2500   -0.060428           0           0           0           0           0           0           0           0           0           0           0 
       2501   -0.077833           0           0           0           0           0           0           0           0           0           0           0 
       2502   -0.091071           0           0           0           0           0           0           0           0           0           0           0 
       2503   -0.100561           0           0           0           0           0           0           0           0           0           0           0 
       2504   -0.061077           0           0           0           0           0           0           0           0           0           0           0 
       2505   -0.030536           0           0           0           0           0           0           0           0           0           0           0 
       2506   -0.181914           0           0           0           0           0           0           0           0           0           0           0 
       2507   -0.333453           0           0           0           0           0           0           0           0           0           0           0 
       2508   -0.341359           0           0           0           0           0           0           0           0           0           0           0 
       2509   -0.239869           0           0           0           0           0           0           0           0           0           0           0 
       2510   -0.119905           0           0           0           0           0           0           0           0           0           0           0 
       2511   -0.062423           0           0           0           0           0           0           0           0           0           0           0 
       2512    -0.03648           0           0           0           0           0           0           0           0           0           0           0 
       2513   -0.061527           0           0           0           0           0           0           0           0           0           0           0 
       2514   -0.076539           0           0           0           0           0           0           0           0           0           0           0 
       2515   -0.403174           0           0           0           0           0           0           0           0           0           0           0 
       2516   -0.482708           0           0           0           0           0           0           0           0           0           0           0 
       2517   -0.375721           0           0           0           0           0           0           0           0           0           0           0 
       2518   -0.294765           0           0           0           0           0           0           0           0           0           0           0 
       2519   -0.147484           0           0           0           0           0           0           0           0           0           0           0 
       2520   -0.324541           0           0           0           0           0           0           0           0           0           0           0 
       2521   -0.415851           0           0           0           0           0           0           0           0           0           0           0 
       2522   -0.322944           0           0           0           0           0           0           0           0           0           0           0 
       2523   -0.280966           0           0           0           0           0           0           0           0           0           0           0 
       2524   -0.190672           0           0           0           0           0           0           0           0           0           0           0 
       2525   -0.196807           0           0           0           0           0           0           0           0           0           0           0 
       2526   -0.197542           0           0           0           0           0           0           0           0           0           0           0 
       2527    -0.14732           0           0           0           0           0           0           0           0           0           0           0 
       2528   -0.100281           0           0           0           0           0           0           0           0           0           0           0 
       2529   -0.373554           0           0           0           0           0           0           0           0           0           0           0 
       2530   -0.581672           0           0           0           0           0           0           0           0           0           0           0 
       2531   -0.622518           0           0           0           0           0           0           0           0           0           0           0 
       2532   -0.534401           0           0           0           0           0           0           0           0           0           0           0 
       2533   -0.304355           0           0           0           0           0           0           0           0           0           0           0 
       2534   -0.152129           0           0           0           0           0           0           0           0           0           0           0 
       2535   -0.076051           0           0           0           0           0           0           0           0           0           0           0 
       2536   -0.038023           0           0           0           0           0           0           0           0           0           0           0 
       2537    -0.05569           0           0           0           0           0           0           0           0           0           0           0 
       2538   -0.086284           0           0           0           0           0           0           0           0           0           0           0 
       2539   -0.116334           0           0           0           0           0           0           0           0           0           0           0 
       2540   -0.097803           0           0           0           0           0           0           0           0           0           0           0 
       2541   -0.048897           0           0           0           0           0           0           0           0           0           0           0 
       2542   -0.040716           0           0           0           0           0           0           0           0           0           0           0 
       2543   -0.036053           0           0           0           0           0           0           0           0           0           0           0 
       2544   -0.059504           0           0           0           0           0           0           0           0           0           0           0 
       2545   -0.100706           0           0           0           0           0           0           0           0           0           0           0 
       2546   -0.081924           0           0           0           0           0           0           0           0           0           0           0 
       2547   -0.087017           0           0           0           0           0           0           0           0           0           0           0 
       2548   -0.112183           0           0           0           0           0           0           0           0           0           0           0 
       2549   -0.133588           0           0           0           0           0           0           0           0           0           0           0 
       2550   -0.190856           0           0           0           0           0           0           0           0           0           0           0 
       2551   -0.188756           0           0           0           0           0           0           0           0           0           0           0 
       2552   -0.116286           0           0           0           0           0           0           0           0           0           0           0 
       2553   -0.058138           0           0           0           0           0           0           0           0           0           0           0 
       2554   -0.029067           0           0           0           0           0           0           0           0           0           0           0 
       2555   -0.014533           0           0           0           0           0           0           0           0           0           0           0 
       2556   -0.007266           0           0           0           0           0           0           0           0           0           0           0 
       2557   -0.003633           0           0           0           0           0           0           0           0           0           0           0 
       2558   -0.001817           0           0           0           0           0           0           0           0           0           0           0 
       2559   -0.000908           0           0           0           0           0           0           0           0           0           0           0 
       2560           0           0           0           0           0           0           0           0           0           0           0           0 
       2561   -0.005722           0           0           0           0           0           0           0           0           0           0           0 
       2562   -0.007226           0           0           0           0           0           0           0           0           0           0           0 
       2563   -0.003613           0           0           0           0           0           0           0           0           0           0           0 
       2564   -0.001807           0           0           0           0           0           0           0           0           0           0           0 
       2565   -0.024296           0           0           0           0           0           0           0           0           0           0           0 
       2566   -0.030728           0           0           0           0           0           0           0           0           0           0           0 
       2567   -0.015364           0           0           0           0           0           0           0           0           0           0           0 
       2568   -0.007682           0           0           0           0           0           0           0           0           0           0           0 
       2569   -0.003841           0           0           0           0           0           0           0           0           0           0           0 
       2570    -0.00192           0           0           0           0           0           0           0           0           0           0           0 
       2571    -0.00096           0           0           0           0           0           0           0           0           0           0           0 
       2572           0           0           0           0           0           0           0           0           0           0           0           0 
       2573   -0.002604           0           0           0           0           0           0           0           0           0           0           0 
       2574   -0.054484           0           0           0           0           0           0           0           0           0           0           0 
       2575   -0.137972           0           0           0           0           0           0           0           0           0           0           0 
       2576    -0.12456           0           0           0           0           0           0           0           0           0           0           0 
       2577   -0.062272           0           0           0           0           0           0           0           0           0           0           0 
       2578   -0.295404           0           0           0           0           0           0           0           0           0           0           0 
       2579    -0.35749           0           0           0           0           0           0           0           0           0           0           0 
       2580   -0.220708           0           0           0           0           0           0           0           0           0           0           0 
       2581   -0.161535           0           0           0           0           0           0           0           0           0           0           0 
       2582     -0.0949           0           0           0           0           0           0           0           0           0           0           0 
       2583   -0.047445           0           0           0           0           0           0           0           0           0           0           0 
       2584   -0.023721           0           0           0           0           0           0           0           0           0           0           0 
       2585    -0.01186           0           0           0           0           0           0           0           0           0           0           0 
       2586    -0.00593           0           0           0           0           0           0           0           0           0           0           0 
       2587   -0.002965           0           0           0           0           0           0           0           0           0           0           0 
       2588   -0.001483           0           0           0           0           0           0           0           0           0           0           0 
       2589   -0.000741           0           0           0           0           0           0           0           0           0           0           0 
       2590   -0.055736           0           0           0           0           0           0           0           0           0           0           0 
       2591   -0.071842           0           0           0           0           0           0           0           0           0           0           0 
       2592   -0.081095           0           0           0           0           0           0           0           0           0           0           0 
       2593   -0.076427           0           0           0           0           0           0           0           0           0           0           0 
       2594   -0.038211           0           0           0           0           0           0           0           0           0           0           0 
       2595   -0.019105           0           0           0           0           0           0           0           0           0           0           0 
       2596   -0.009552           0           0           0           0           0           0           0           0           0           0           0 
       2597   -0.004776           0           0           0           0           0           0           0           0           0           0           0 
       2598   -0.077422           0           0           0           0           0           0           0           0           0           0           0 
       2599   -0.129834           0           0           0           0           0           0           0           0           0           0           0 
       2600   -0.191407           0           0           0           0           0           0           0           0           0           0           0 
       2601   -0.420554           0           0           0           0           0           0           0           0           0           0           0 
       2602   -0.568909           0           0           0           0           0           0           0           0           0           0           0 
       2603   -0.415096           0           0           0           0           0           0           0           0           0           0           0 
       2604   -0.238359           0           0           0           0           0           0           0           0           0           0           0 
       2605    -0.17696           0           0           0           0           0           0           0           0           0           0           0 
       2606    -0.12035           0           0           0           0           0           0           0           0           0           0           0 
       2607   -0.064507           0           0           0           0           0           0           0           0           0           0           0 
       2608   -0.032251           0           0           0           0           0           0           0           0           0           0           0 
       2609   -0.016125           0           0           0           0           0           0           0           0           0           0           0 
       2610   -0.008062           0           0           0           0           0           0           0           0           0           0           0 
       2611   -0.111854           0           0           0           0           0           0           0           0           0           0           0 
       2612   -0.537372           0           0           0           0           0           0           0           0           0           0           0 
       2613   -0.711825           0           0           0           0           0           0           0           0           0           0           0 
       2614   -0.460519           0           0           0           0           0           0           0           0           0           0           0 
       2615    -0.23203           0           0           0           0           0           0           0           0           0           0           0 
       2616   -0.115986           0           0           0           0           0           0           0           0           0           0           0 
       2617   -0.057986           0           0           0           0           0           0           0           0           0           0           0 
       2618   -0.028991           0           0           0           0           0           0           0           0           0           0           0 
       2619   -0.014495           0           0           0           0           0           0           0           0           0           0           0 
       2620   -0.007248           0           0           0           0           0           0           0           0           0           0           0 
       2621   -0.003624           0           0           0           0           0           0           0           0           0           0           0 
       2622   -0.001812           0           0           0           0           0           0           0           0           0           0           0 
       2623   -0.000906           0           0           0           0           0           0           0           0           0           0           0 
       2624           0           0           0           0           0           0           0           0           0           0           0           0 
       2625           0           0           0           0           0           0           0           0           0           0           0           0 
       2626           0           0           0           0           0           0           0           0           0           0           0           0 
       2627           0           0           0           0           0           0           0           0           0           0           0           0 
       2628           0           0           0           0           0           0           0           0           0           0           0           0 
       2629           0           0           0           0           0           0           0           0           0           0           0           0 
       2630           0           0           0           0           0           0           0           0           0           0           0           0 
       2631           0           0           0           0           0           0           0           0           0           0           0           0 
       2632           0           0           0           0           0           0           0           0           0           0           0           0 
       2633           0           0           0           0           0           0           0           0           0           0           0           0 
       2634           0           0           0           0           0           0           0           0           0           0           0           0 
       2635           0           0           0           0           0           0           0           0           0           0           0           0 
       2636           0           0           0           0           0           0           0           0           0           0           0           0 
       2637           0           0           0           0           0           0           0           0           0           0           0           0 
       2638           0           0           0           0           0           0           0           0           0           0           0           0 
       2639           0           0           0           0           0           0           0           0           0           0           0           0 
       2640   -0.005876           0           0           0           0           0           0           0           0           0           0           0 
       2641   -0.007606           0           0           0           0           0           0           0           0           0           0           0 
       2642   -0.003803           0           0           0           0           0           0           0           0           0           0           0 
       2643   -0.001901           0           0           0           0           0           0           0           0           0           0           0 
       2644   -0.000951           0           0           0           0           0           0           0           0           0           0           0 
       2645           0           0           0           0           0           0           0           0           0           0           0           0 
       2646           0           0           0           0           0           0           0           0           0           0           0           0 
       2647           0           0           0           0           0           0           0           0           0           0           0           0 
       2648           0           0           0           0           0           0           0           0           0           0           0           0 
       2649           0           0           0           0           0           0           0           0           0           0           0           0 
       2650           0           0           0           0           0           0           0           0           0           0           0           0 
       2651           0           0           0           0           0           0           0           0           0           0           0           0 
       2652           0           0           0           0           0           0           0           0           0           0           0           0 
       2653           0           0           0           0           0           0           0           0           0           0           0           0 
       2654           0           0           0           0           0           0           0           0           0           0           0           0 
       2655           0           0           0           0           0           0           0           0           0           0           0           0 
       2656           0           0           0           0           0           0           0           0           0           0           0           0 
       2657           0           0           0           0           0           0           0           0           0           0           0           0 
       2658           0           0           0           0           0           0           0           0           0           0           0           0 
       2659           0           0           0           0           0           0           0           0           0           0           0           0 
       2660           0           0           0           0           0           0           0           0           0           0           0           0 
       2661           0           0           0           0           0           0           0           0           0           0           0           0 
       2662           0           0           0           0           0           0           0           0           0           0           0           0 
       2663           0           0           0           0           0           0           0           0           0           0           0           0 
       2664           0           0           0           0           0           0           0           0           0           0           0           0 
       2665           0           0           0           0           0           0           0           0           0           0           0           0 
       2666           0           0           0           0           0           0           0           0           0           0           0           0 
       2667           0           0           0           0           0           0           0           0           0           0           0           0 
       2668           0           0           0           0           0           0           0           0           0           0           0           0 
       2669           0           0           0           0           0           0           0           0           0           0           0           0 
       2670           0           0           0           0           0           0           0           0           0           0           0           0 
       2671           0           0           0           0           0           0           0           0           0           0           0           0 
       2672           0           0           0           0           0           0           0           0           0           0           0           0 
       2673   -0.003695           0           0           0           0           0           0           0           0           0           0           0 
       2674   -0.005419           0           0           0           0           0           0           0           0           0           0           0 
       2675   -0.003215           0           0           0           0           0           0           0           0           0           0           0 
       2676   -0.001608           0           0           0           0           0           0           0           0           0           0           0 
       2677   -0.000804           0           0           0           0           0           0           0           0           0           0           0 
       2678           0           0           0           0           0           0           0           0           0           0           0           0 
       2679           0           0           0           0           0           0           0           0           0           0           0           0 
       2680           0           0           0           0           0           0           0           0           0           0           0           0 
       2681   -0.007639           0           0           0           0           0           0           0           0           0           0           0 
       2682   -0.030281           0           0           0           0           0           0           0           0           0           0           0 
       2683   -0.047736           0           0           0           0           0           0           0           0           0           0           0 
       2684   -0.037452           0           0           0           0           0           0           0           0           0           0           0 
       2685    -0.06513           0           0           0           0           0           0           0           0           0           0           0 
       2686   -0.069605           0           0           0           0           0           0           0           0           0           0           0 
       2687   -0.041249           0           0           0           0           0           0           0           0           0           0           0 
       2688   -0.055336           0           0           0           0           0           0           0           0           0           0           0 
       2689   -0.051447           0           0           0           0           0           0           0           0           0           0           0 
       2690   -0.114448           0           0           0           0           0           0           0           0           0           0           0 
       2691   -0.127685           0           0           0           0           0           0           0           0           0           0           0 
       2692   -0.063835           0           0           0           0           0           0           0           0           0           0           0 
       2693   -0.060928           0           0           0           0           0           0           0           0           0           0           0 
       2694   -0.068212           0           0           0           0           0           0           0           0           0           0           0 
       2695   -0.082429           0           0           0           0           0           0           0           0           0           0           0 
       2696   -0.107306           0           0           0           0           0           0           0           0           0           0           0 
       2697   -0.138098           0           0           0           0           0           0           0           0           0           0           0 
       2698   -0.112783           0           0           0           0           0           0           0           0           0           0           0 
       2699   -0.056384           0           0           0           0           0           0           0           0           0           0           0 
       2700    -0.02819           0           0           0           0           0           0           0           0           0           0           0 
       2701   -0.039897           0           0           0           0           0           0           0           0           0           0           0 
       2702   -0.040443           0           0           0           0           0           0           0           0           0           0           0 
       2703   -0.020221           0           0           0           0           0           0           0           0           0           0           0 
       2704    -0.01011           0           0           0           0           0           0           0           0           0           0           0 
       2705   -0.005055           0           0           0           0           0           0           0           0           0           0           0 
       2706   -0.002527           0           0           0           0           0           0           0           0           0           0           0 
       2707   -0.001264           0           0           0           0           0           0           0           0           0           0           0 
       2708           0           0           0           0           0           0           0           0           0           0           0           0 
       2709           0           0           0           0           0           0           0           0           0           0           0           0 
       2710           0           0           0           0           0           0           0           0           0           0           0           0 
       2711           0           0           0           0           0           0           0           0           0           0           0           0 
       2712           0           0           0           0           0           0           0           0           0           0           0           0 
       2713           0           0           0           0           0           0           0           0           0           0           0           0 
       2714   -0.001848           0           0           0           0           0           0           0           0           0           0           0 
       2715   -0.002384           0           0           0           0           0           0           0           0           0           0           0 
       2716   -0.001192           0           0           0           0           0           0           0           0           0           0           0 
       2717           0           0           0           0           0           0           0           0           0           0           0           0 
       2718   -0.003837           0           0           0           0           0           0           0           0           0           0           0 
       2719    -0.00473           0           0           0           0           0           0           0           0           0           0           0 
       2720   -0.002365           0           0           0           0           0           0           0           0           0           0           0 
       2721   -0.001883           0           0           0           0           0           0           0           0           0           0           0 
       2722   -0.001498           0           0           0           0           0           0           0           0           0           0           0 
       2723   -0.000749           0           0           0           0           0           0           0           0           0           0           0 
       2724           0           0           0           0           0           0           0           0           0           0           0           0 
       2725           0           0           0           0           0           0           0           0           0           0           0           0 
       2726           0           0           0           0           0           0           0           0           0           0           0           0 
       2727    -0.00405           0           0           0           0           0           0           0           0           0           0           0 
       2728   -0.015606           0           0           0           0           0           0           0           0           0           0           0 
       2729   -0.025598           0           0           0           0           0           0           0           0           0           0           0 
       2730   -0.025974           0           0           0           0           0           0           0           0           0           0           0 
       2731   -0.031958           0           0           0           0           0           0           0           0           0           0           0 
       2732   -0.027513           0           0           0           0           0           0           0           0           0           0           0 
       2733   -0.042816           0           0           0           0           0           0           0           0           0           0           0 
       2734    -0.07719           0           0           0           0           0           0           0           0           0           0           0 
       2735   -0.097978           0           0           0           0           0           0           0           0           0           0           0 
       2736   -0.101887           0           0           0           0           0           0           0           0           0           0           0 
       2737   -0.226495           0           0           0           0           0           0           0           0           0           0           0 
       2738   -0.329718           0           0           0           0           0           0           0           0           0           0           0 
       2739   -0.301297           0           0           0           0           0           0           0           0           0           0           0 
       2740   -0.227366           0           0           0           0           0           0           0           0           0           0           0 
       2741   -0.180695           0           0           0           0           0           0           0           0           0           0           0 
       2742   -0.176002           0           0           0           0           0           0           0           0           0           0           0 
       2743   -0.127482           0           0           0           0           0           0           0           0           0           0           0 
       2744   -0.063734           0           0           0           0           0           0           0           0           0           0           0 
       2745   -0.031865           0           0           0           0           0           0           0           0           0           0           0 
       2746   -0.015932           0           0           0           0           0           0           0           0           0           0           0 
       2747   -0.007966           0           0           0           0           0           0           0           0           0           0           0 
       2748   -0.035894           0           0           0           0           0           0           0           0           0           0           0 
       2749   -0.043294           0           0           0           0           0           0           0           0           0           0           0 
       2750   -0.021646           0           0           0           0           0           0           0           0           0           0           0 
       2751   -0.010823           0           0           0           0           0           0           0           0           0           0           0 
       2752   -0.005411           0           0           0           0           0           0           0           0           0           0           0 
       2753   -0.002706           0           0           0           0           0           0           0           0           0           0           0 
       2754   -0.001353           0           0           0           0           0           0           0           0           0           0           0 
       2755           0           0           0           0           0           0           0           0           0           0           0           0 
       2756           0           0           0           0           0           0           0           0           0           0           0           0 
       2757           0           0           0           0           0           0           0           0           0           0           0           0 
       2758           0           0           0           0           0           0           0           0           0           0           0           0 
       2759           0           0           0           0           0           0           0           0           0           0           0           0 
       2760           0           0           0           0           0           0           0           0           0           0           0           0 
       2761           0           0           0           0           0           0           0           0           0           0           0           0 
       2762           0           0           0           0           0           0           0           0           0           0           0           0 
       2763           0           0           0           0           0           0           0           0           0           0           0           0 
       2764           0           0           0           0           0           0           0           0           0           0           0           0 
       2765           0           0           0           0           0           0           0           0           0           0           0           0 
       2766           0           0           0           0           0           0           0           0           0           0           0           0 
       2767           0           0           0           0           0           0           0           0           0           0           0           0 
       2768           0           0           0           0           0           0           0           0           0           0           0           0 
       2769           0           0           0           0           0           0           0           0           0           0           0           0 
       2770           0           0           0           0           0           0           0           0           0           0           0           0 
       2771           0           0           0           0           0           0           0           0           0           0           0           0 
       2772           0           0           0           0           0           0           0           0           0           0           0           0 
       2773    -0.00165           0           0           0           0           0           0           0           0           0           0           0 
       2774   -0.007417           0           0           0           0           0           0           0           0           0           0           0 
       2775   -0.008641           0           0           0           0           0           0           0           0           0           0           0 
       2776   -0.004906           0           0           0           0           0           0           0           0           0           0           0 
       2777   -0.002453           0           0           0           0           0           0           0           0           0           0           0 
       2778   -0.001227           0           0           0           0           0           0           0           0           0           0           0 
       2779           0           0           0           0           0           0           0           0           0           0           0           0 
       2780           0           0           0           0           0           0           0           0           0           0           0           0 
       2781           0           0           0           0           0           0           0           0           0           0           0           0 
       2782           0           0           0           0           0           0           0           0           0           0           0           0 
       2783           0           0           0           0           0           0           0           0           0           0           0           0 
       2784           0           0           0           0           0           0           0           0           0           0           0           0 
       2785           0           0           0           0           0           0           0           0           0           0           0           0 
       2786           0           0           0           0           0           0           0           0           0           0           0           0 
       2787           0           0           0           0           0           0           0           0           0           0           0           0 
       2788           0           0           0           0           0           0           0           0           0           0           0           0 
       2789           0           0           0           0           0           0           0           0           0           0           0           0 
       2790           0           0           0           0           0           0           0           0           0           0           0           0 
       2791           0           0           0           0           0           0           0           0           0           0           0           0 
       2792           0           0           0           0           0           0           0           0           0           0           0           0 
       2793           0           0           0           0           0           0           0           0           0           0           0           0 
       2794           0           0           0           0           0           0           0           0           0           0           0           0 
       2795           0           0           0           0           0           0           0           0           0           0           0           0 
       2796   -0.008819           0           0           0           0           0           0           0           0           0           0           0 
       2797   -0.029918           0           0           0           0           0           0           0           0           0           0           0 
       2798   -0.047109           0           0           0           0           0           0           0           0           0           0           0 
       2799   -0.037417           0           0           0           0           0           0           0           0           0           0           0 
       2800   -0.018708           0           0           0           0           0           0           0           0           0           0           0 
       2801   -0.023848           0           0           0           0           0           0           0           0           0           0           0 
       2802   -0.023436           0           0           0           0           0           0           0           0           0           0           0 
       2803   -0.011718           0           0           0           0           0           0           0           0           0           0           0 
       2804   -0.005859           0           0           0           0           0           0           0           0           0           0           0 
       2805   -0.002929           0           0           0           0           0           0           0           0           0           0           0 
       2806   -0.001465           0           0           0           0           0           0           0           0           0           0           0 
       2807   -0.000732           0           0           0           0           0           0           0           0           0           0           0 
       2808           0           0           0           0           0           0           0           0           0           0           0           0 
       2809           0           0           0           0           0           0           0           0           0           0           0           0 
       2810           0           0           0           0           0           0           0           0           0           0           0           0 
       2811           0           0           0           0           0           0           0           0           0           0           0           0 
       2812   -0.002206           0           0           0           0           0           0           0           0           0           0           0 
       2813   -0.002838           0           0           0           0           0           0           0           0           0           0           0 
       2814   -0.001419           0           0           0           0           0           0           0           0           0           0           0 
       2815   -0.000709           0           0           0           0           0           0           0           0           0           0           0 
       2816           0           0           0           0           0           0           0           0           0           0           0           0 
       2817           0           0           0           0           0           0           0           0           0           0           0           0 
       2818           0           0           0           0           0           0           0           0           0           0           0           0 
       2819           0           0           0           0           0           0           0           0           0           0           0           0 
       2820           0           0           0           0           0           0           0           0           0           0           0           0 
       2821           0           0           0           0           0           0           0           0           0           0           0           0 
       2822           0           0           0           0           0           0           0           0           0           0           0           0 
       2823           0           0           0           0           0           0           0           0           0           0           0           0 
       2824           0           0           0           0           0           0           0           0           0           0           0           0 
       2825           0           0           0           0           0           0           0           0           0           0           0           0 
       2826           0           0           0           0           0           0           0           0           0           0           0           0 
       2827           0           0           0           0           0           0           0           0           0           0           0           0 
       2828           0           0           0           0           0           0           0           0           0           0           0           0 
       2829           0           0           0           0           0           0           0           0           0           0           0           0 
       2830           0           0           0           0           0           0           0           0           0           0           0           0 
       2831           0           0           0           0           0           0           0           0           0           0           0           0 
       2832           0           0           0           0           0           0           0           0           0           0           0           0 
       2833           0           0           0           0           0           0           0           0           0           0           0           0 
       2834           0           0           0           0           0           0           0           0           0           0           0           0 
       2835           0           0           0           0           0           0           0           0           0           0           0           0 
       2836    -0.01531           0           0           0           0           0           0           0           0           0           0           0 
       2837   -0.022644           0           0           0           0           0           0           0           0           0           0           0 
       2838   -0.013568           0           0           0           0           0           0           0           0           0           0           0 
       2839   -0.007659           0           0           0           0           0           0           0           0           0           0           0 
       2840   -0.024256           0           0           0           0           0           0           0           0           0           0           0 
       2841   -0.038865           0           0           0           0           0           0           0           0           0           0           0 
       2842    -0.02822           0           0           0           0           0           0           0           0           0           0           0 
       2843    -0.01411           0           0           0           0           0           0           0           0           0           0           0 
       2844   -0.007055           0           0           0           0           0           0           0           0           0           0           0 
       2845   -0.030535           0           0           0           0           0           0           0           0           0           0           0 
       2846    -0.03672           0           0           0           0           0           0           0           0           0           0           0 
       2847   -0.018359           0           0           0           0           0           0           0           0           0           0           0 
       2848   -0.009179           0           0           0           0           0           0           0           0           0           0           0 
       2849   -0.010702           0           0           0           0           0           0           0           0           0           0           0 
       2850   -0.087983           0           0           0           0           0           0           0           0           0           0           0 
       2851   -0.108429           0           0           0           0           0           0           0           0           0           0           0 
       2852   -0.075804           0           0           0           0           0           0           0           0           0           0           0 
       2853    -0.05337           0           0           0           0           0           0           0           0           0           0           0 
       2854   -0.026683           0           0           0           0           0           0           0           0           0           0           0 
       2855   -0.013341           0           0           0           0           0           0           0           0           0           0           0 
       2856   -0.006671           0           0           0           0           0           0           0           0           0           0           0 
       2857   -0.003335           0           0           0           0           0           0           0           0           0           0           0 
       2858   -0.001668           0           0           0           0           0           0           0           0           0           0           0 
       2859   -0.000834           0           0           0           0           0           0           0           0           0           0           0 
       2860           0           0           0           0           0           0           0           0           0           0           0           0 
       2861           0           0           0           0           0           0           0           0           0           0           0           0 
       2862           0           0           0           0           0           0           0           0           0           0           0           0 
       2863           0           0           0           0           0           0           0           0           0           0           0           0 
       2864           0           0           0           0           0           0           0           0           0           0           0           0 
       2865   -0.010222           0           0           0           0           0           0           0           0           0           0           0 
       2866   -0.030948           0           0           0           0           0           0           0           0           0           0           0 
       2867   -0.125431           0           0           0           0           0           0           0           0           0           0           0 
       2868   -0.190488           0           0           0           0           0           0           0           0           0           0           0 
       2869   -0.256871           0           0           0           0           0           0           0           0           0           0           0 
       2870   -0.436937           0           0           0           0           0           0           0           0           0           0           0 
       2871   -0.575431           0           0           0           0           0           0           0           0           0           0           0 
       2872   -0.451607           0           0           0           0           0           0           0           0           0           0           0 
       2873   -0.237353           0           0           0           0           0           0           0           0           0           0           0 
       2874   -0.119973           0           0           0           0           0           0           0           0           0           0           0 
       2875   -0.061037           0           0           0           0           0           0           0           0           0           0           0 
       2876   -0.035066           0           0           0           0           0           0           0           0           0           0           0 
       2877   -0.021146           0           0           0           0           0           0           0           0           0           0           0 
       2878   -0.010573           0           0           0           0           0           0           0           0           0           0           0 
       2879   -0.058055           0           0           0           0           0           0           0           0           0           0           0 
       2880    -0.15179           0           0           0           0           0           0           0           0           0           0           0 
       2881   -0.208303           0           0           0           0           0           0           0           0           0           0           0 
       2882   -0.206822           0           0           0           0           0           0           0           0           0           0           0 
       2883    -0.14342           0           0           0           0           0           0           0           0           0           0           0 
       2884   -0.072889           0           0           0           0           0           0           0           0           0           0           0 
       2885   -0.045303           0           0           0           0           0           0           0           0           0           0           0 
       2886   -0.029689           0           0           0           0           0           0           0           0           0           0           0 
       2887   -0.014844           0           0           0           0           0           0           0           0           0           0           0 
       2888   -0.086161           0           0           0           0           0           0           0           0           0           0           0 
       2889   -0.186404           0           0           0           0           0           0           0           0           0           0           0 
       2890   -0.221947           0           0           0           0           0           0           0           0           0           0           0 
       2891   -0.162251           0           0           0           0           0           0           0           0           0           0           0 
       2892   -0.119818           0           0           0           0           0           0           0           0           0           0           0 
       2893   -0.090642           0           0           0           0           0           0           0           0           0           0           0 
       2894   -0.045317           0           0           0           0           0           0           0           0           0           0           0 
       2895   -0.022657           0           0           0           0           0           0           0           0           0           0           0 
       2896   -0.011328           0           0           0           0           0           0           0           0           0           0           0 
       2897   -0.005664           0           0           0           0           0           0           0           0           0           0           0 
       2898   -0.002832           0           0           0           0           0           0           0           0           0           0           0 
       2899   -0.106542           0           0           0           0           0           0           0           0           0           0           0 
       2900   -0.155526           0           0           0           0           0           0           0           0           0           0           0 
       2901   -0.308748           0           0           0           0           0           0           0           0           0           0           0 
       2902   -0.553184           0           0           0           0           0           0           0           0           0           0           0 
       2903     -0.4569           0           0           0           0           0           0           0           0           0           0           0 
       2904   -0.228334           0           0           0           0           0           0           0           0           0           0           0 
       2905   -0.114138           0           0           0           0           0           0           0           0           0           0           0 
       2906   -0.057063           0           0           0           0           0           0           0           0           0           0           0 
       2907    -0.11616           0           0           0           0           0           0           0           0           0           0           0 
       2908   -0.373844           0           0           0           0           0           0           0           0           0           0           0 
       2909   -0.500358           0           0           0           0           0           0           0           0           0           0           0 
       2910   -0.350397           0           0           0           0           0           0           0           0           0           0           0 
       2911   -0.344272           0           0           0           0           0           0           0           0           0           0           0 
       2912   -0.302226           0           0           0           0           0           0           0           0           0           0           0 
       2913   -0.217196           0           0           0           0           0           0           0           0           0           0           0 
       2914   -0.165464           0           0           0           0           0           0           0           0           0           0           0 
       2915   -0.148616           0           0           0           0           0           0           0           0           0           0           0 
       2916   -0.140836           0           0           0           0           0           0           0           0           0           0           0 
       2917   -0.133637           0           0           0           0           0           0           0           0           0           0           0 
       2918   -0.106329           0           0           0           0           0           0           0           0           0           0           0 
       2919    -0.05316           0           0           0           0           0           0           0           0           0           0           0 
       2920   -0.026578           0           0           0           0           0           0           0           0           0           0           0 
       2921    -0.12876           0           0           0           0           0           0           0           0           0           0           0 
       2922   -0.202661           0           0           0           0           0           0           0           0           0           0           0 
       2923   -0.216664           0           0           0           0           0           0           0           0           0           0           0 
       2924   -0.437575           0           0           0           0           0           0           0           0           0           0           0 
       2925   -0.516886           0           0           0           0           0           0           0           0           0           0           0 
       2926   -0.408816           0           0           0           0           0           0           0           0           0           0           0 
       2927   -0.534256           0           0           0           0           0           0           0           0           0           0           0 
       2928   -0.522286           0           0           0           0           0           0           0           0           0           0           0 
       2929   -0.298481           0           0           0           0           0           0           0           0           0           0           0 
       2930   -0.150503           0           0           0           0           0           0           0           0           0           0           0 
       2931   -0.075239           0           0           0           0           0           0           0           0           0           0           0 
       2932   -0.037616           0           0           0           0           0           0           0           0           0           0           0 
       2933   -0.018807           0           0           0           0           0           0           0           0           0           0           0 
       2934   -0.009403           0           0           0           0           0           0           0           0           0           0           0 
       2935   -0.029963           0           0           0           0           0           0           0           0           0           0           0 
       2936   -0.054792           0           0           0           0           0           0           0           0           0           0           0 
       2937   -0.579815           0           0           0           0           0           0           0           0           0           0           0 
       2938   -0.760955           0           0           0           0           0           0           0           0           0           0           0 
       2939   -0.441272           0           0           0           0           0           0           0           0           0           0           0 
       2940   -0.886153           0           0           0           0           0           0           0           0           0           0           0 
       2941   -0.954974           0           0           0           0           0           0           0           0           0           0           0 
       2942   -0.476999           0           0           0           0           0           0           0           0           0           0           0 
       2943   -0.238378           0           0           0           0           0           0           0           0           0           0           0 
       2944    -0.11916           0           0           0           0           0           0           0           0           0           0           0 
       2945   -0.059572           0           0           0           0           0           0           0           0           0           0           0 
       2946   -0.029784           0           0           0           0           0           0           0           0           0           0           0 
       2947   -0.014891           0           0           0           0           0           0           0           0           0           0           0 
       2948   -0.007446           0           0           0           0           0           0           0           0           0           0           0 
       2949   -0.003723           0           0           0           0           0           0           0           0           0           0           0 
       2950   -0.001861           0           0           0           0           0           0           0           0           0           0           0 
       2951   -0.000931           0           0           0           0           0           0           0           0           0           0           0 
       2952           0           0           0           0           0           0           0           0           0           0           0           0 
       2953           0           0           0           0           0           0           0           0           0           0           0           0 
       2954           0           0           0           0           0           0           0           0           0           0           0           0 
       2955           0           0           0           0           0           0           0           0           0           0           0           0 
       2956           0           0           0           0           0           0           0           0           0           0           0           0 
       2957           0           0           0           0           0           0           0           0           0           0           0           0 
       2958           0           0           0           0           0           0           0           0           0           0           0           0 
       2959           0           0           0           0           0           0           0           0           0           0           0           0 
       2960    -0.00587           0           0           0           0           0           0           0           0           0           0           0 
       2961   -0.007596           0           0           0           0           0           0           0           0           0           0           0 
       2962   -0.003798           0           0           0           0           0           0           0           0           0           0           0 
       2963   -0.001899           0           0           0           0           0           0           0           0           0           0           0 
       2964   -0.000949           0           0           0           0           0           0           0           0           0           0           0 
       2965           0           0           0           0           0           0           0           0           0           0           0           0 
       2966           0           0           0           0           0           0           0           0           0           0           0           0 
       2967           0           0           0           0           0           0           0           0           0           0           0           0 
       2968           0           0           0           0           0           0           0           0           0           0           0           0 
       2969           0           0           0           0           0           0           0           0           0           0           0           0 
       2970           0           0           0           0           0           0           0           0           0           0           0           0 
       2971           0           0           0           0           0           0           0           0           0           0           0           0 
       2972           0           0           0           0           0           0           0           0           0           0           0           0 
       2973           0           0           0           0           0           0           0           0           0           0           0           0 
       2974   -0.090091           0           0           0           0           0           0           0           0           0           0           0 
       2975   -0.116596           0           0           0           0           0           0           0           0           0           0           0 
       2976    -0.05829           0           0           0           0           0           0           0           0           0           0           0 
       2977   -0.029143           0           0           0           0           0           0           0           0           0           0           0 
       2978   -0.014571           0           0           0           0           0           0           0           0           0           0           0 
       2979   -0.007285           0           0           0           0           0           0           0           0           0           0           0 
       2980   -0.007818           0           0           0           0           0           0           0           0           0           0           0 
       2981   -0.007226           0           0           0           0           0           0           0           0           0           0           0 
       2982   -0.003613           0           0           0           0           0           0           0           0           0           0           0 
       2983   -0.001806           0           0           0           0           0           0           0           0           0           0           0 
       2984   -0.000903           0           0           0           0           0           0           0           0           0           0           0 
       2985   -0.016804           0           0           0           0           0           0           0           0           0           0           0 
       2986   -0.021391           0           0           0           0           0           0           0           0           0           0           0 
       2987   -0.010695           0           0           0           0           0           0           0           0           0           0           0 
       2988   -0.075926           0           0           0           0           0           0           0           0           0           0           0 
       2989   -0.140149           0           0           0           0           0           0           0           0           0           0           0 
       2990   -0.106706           0           0           0           0           0           0           0           0           0           0           0 
       2991   -0.067635           0           0           0           0           0           0           0           0           0           0           0 
       2992   -0.045164           0           0           0           0           0           0           0           0           0           0           0 
       2993   -0.022581           0           0           0           0           0           0           0           0           0           0           0 
       2994    -0.01129           0           0           0           0           0           0           0           0           0           0           0 
       2995   -0.005645           0           0           0           0           0           0           0           0           0           0           0 
       2996   -0.002822           0           0           0           0           0           0           0           0           0           0           0 
       2997   -0.001411           0           0           0           0           0           0           0           0           0           0           0 
       2998   -0.000706           0           0           0           0           0           0           0           0           0           0           0 
       2999           0           0           0           0           0           0           0           0           0           0           0           0 
       3000           0           0           0           0           0           0           0           0           0           0           0           0 
end*** END OF INPUT FILE 'ATMOSPH.IN' **********************************
