time,value
2011-01-01,2.6145832538604736
2011-01-02,-0.887499988079071
2011-01-03,-3.3659722805023193
2011-01-04,0.02916666679084301
2011-01-05,-1.0527777671813965
2011-01-06,0.5381944179534912
2011-01-07,0.0069444440305233
2011-01-08,3.606250047683716
2011-01-09,2.4520833492279053
2011-01-10,1.5618056058883667
2011-01-11,-0.9437500238418579
2011-01-12,1.386805534362793
2011-01-13,1.088194489479065
2011-01-14,3.379166603088379
2011-01-15,4.349305629730225
2011-01-16,6.782639026641846
2011-01-17,3.449305534362793
2011-01-18,2.656944513320923
2011-01-19,1.2965277433395386
2011-01-20,-0.4590277671813965
2011-01-21,-0.8229166865348816
2011-01-22,1.4666666984558105
2011-01-23,1.1090277433395386
2011-01-24,3.350694417953491
2011-01-25,1.2465277910232544
2011-01-26,-3.140972137451172
2011-01-27,-4.7090277671813965
2011-01-28,-1.1972222328186035
2011-01-29,0.9909722208976746
2011-01-30,-1.1736111640930176
2011-01-31,0.3652777671813965
2011-02-01,2.4819445610046387
2011-02-02,3.706249952316284
2011-02-03,3.840277671813965
2011-02-04,4.983333110809326
2011-02-05,5.672222137451172
2011-02-06,4.163888931274414
2011-02-07,4.4083333015441895
2011-02-08,4.188194274902344
2011-02-09,3.1229166984558105
2011-02-10,3.9659721851348877
2011-02-11,1.8548611402511597
2011-02-12,-1.7826389074325562
2011-02-13,-0.6881944537162781
2011-02-14,-0.7548611164093018
2011-02-15,-2.3805556297302246
2011-02-16,-2.159722328186035
2011-02-17,-0.981249988079071
2011-02-18,-2.2006945610046387
2011-02-19,-5.617361068725586
2011-02-20,-6.662499904632568
2011-02-21,-6.236111164093018
2011-02-22,-4.486805438995361
2011-02-23,-4.761111259460449
2011-02-24,-1.8222222328186035
2011-02-25,1.3576388359069824
2011-02-26,1.1097222566604614
2011-02-27,-1.1965277194976807
2011-02-28,-0.49444442987442017
2011-03-01,-0.6187499761581421
2011-03-02,-1.1548610925674438
2011-03-03,-1.2708333730697632
2011-03-04,1.4326388835906982
2011-03-05,2.90625
2011-03-06,0.6006944179534912
2011-03-07,0.7027778029441833
2011-03-08,1.163888931274414
2011-03-09,2.695138931274414
2011-03-10,4.547916889190674
2011-03-11,3.636805534362793
2011-03-12,4.860416889190674
2011-03-13,5.722916603088379
2011-03-14,7.162499904632568
2011-03-15,3.7249999046325684
2011-03-16,1.0493055582046509
2011-03-17,2.1923611164093018
2011-03-18,2.781944513320923
2011-03-19,3.518749952316284
2011-03-20,3.105555534362793
2011-03-21,6.087500095367432
2011-03-22,6.452083110809326
2011-03-23,5.6777777671813965
2011-03-24,6.96750020980835
2011-03-25,4.53819465637207
2011-03-26,1.3763889074325562
2011-03-27,1.6708333492279053
2011-03-28,3.8238887786865234
2011-03-29,4.871527671813965
2011-03-30,5.159027576446533
2011-03-31,7.347916603088379
2011-04-01,8.310416221618652
2011-04-02,12.684027671813965
2011-04-03,6.411805629730225
2011-04-04,7.380555629730225
2011-04-05,7.29027795791626
2011-04-06,9.365278244018555
2011-04-07,7.681944370269775
2011-04-08,7.419444561004639
2011-04-09,6.99305534362793
2011-04-10,7.36597204208374
2011-04-11,8.28819465637207
2011-04-12,6.885416507720947
2011-04-13,6.518055438995361
2011-04-14,5.3534722328186035
2011-04-15,7.720139026641846
2011-04-16,7.79027795791626
2011-04-17,7.342360973358154
2011-04-18,9.081944465637207
2011-04-19,12.38611125946045
2011-04-20,13.560416221618652
2011-04-21,14.88194465637207
2011-04-22,14.998611450195312
2011-04-23,14.284722328186035
2011-04-24,14.373611450195312
2011-04-25,13.523611068725586
2011-04-26,10.783333778381348
2011-04-27,13.204166412353516
2011-04-28,13.213194847106934
2011-04-29,12.394444465637207
2011-04-30,12.282638549804688
2011-05-01,9.16944408416748
2011-05-02,6.545138835906982
2011-05-03,5.153472423553467
2011-05-04,5.93055534362793
2011-05-05,8.065972328186035
2011-05-06,10.841666221618652
2011-05-07,14.662500381469727
2011-05-08,14.208333015441895
2011-05-09,16.58194351196289
2011-05-10,15.713889122009277
2011-05-11,12.920833587646484
2011-05-12,11.371527671813965
2011-05-13,10.127083778381348
2011-05-14,7.954166889190674
2011-05-15,9.275694847106934
2011-05-16,10.429861068725586
2011-05-17,10.653471946716309
2011-05-18,12.095138549804688
2011-05-19,10.83055591583252
2011-05-20,10.13611125946045
2011-05-21,12.765972137451172
2011-05-22,12.519444465637207
2011-05-23,13.007638931274414
2011-05-24,10.618749618530273
2011-05-25,10.032638549804688
2011-05-26,12.306944847106934
2011-05-27,10.383333206176758
2011-05-28,9.914583206176758
2011-05-29,10.527777671813965
2011-05-30,14.83680534362793
2011-05-31,11.960416793823242
2011-06-01,11.409722328186035
2011-06-02,13.620139122009277
2011-06-03,16.412500381469727
2011-06-04,15.421527862548828
2011-06-05,16.859027862548828
2011-06-06,17.493749618530273
2011-06-07,13.994444847106934
2011-06-08,15.36111068725586
2011-06-09,13.32569408416748
2011-06-10,12.663888931274414
2011-06-11,11.758333206176758
2011-06-12,12.287500381469727
2011-06-13,13.722222328186035
2011-06-14,12.897222518920898
2011-06-15,13.036110877990723
2011-06-16,14.227083206176758
2011-06-17,13.495139122009277
2011-06-18,12.38888931274414
2011-06-19,13.476388931274414
2011-06-20,13.463194847106934
2011-06-21,14.396528244018555
2011-06-22,15.26736068725586
2011-06-23,13.279861450195312
2011-06-24,12.024999618530273
2011-06-25,13.209722518920898
2011-06-26,15.49305534362793
2011-06-27,19.462499618530273
2011-06-28,20.67708396911621
2011-06-29,17.992361068725586
2011-06-30,13.769444465637207
2011-07-01,13.391666412353516
2011-07-02,13.668749809265137
2011-07-03,14.193750381469727
2011-07-04,14.568055152893066
2011-07-05,15.480555534362793
2011-07-06,17.26041603088379
2011-07-07,16.504167556762695
2011-07-08,15.449305534362793
2011-07-09,15.397916793823242
2011-07-10,16.322221755981445
2011-07-11,14.754166603088379
2011-07-12,13.714583396911621
2011-07-13,13.220138549804688
2011-07-14,14.527083396911621
2011-07-15,14.559721946716309
2011-07-16,16.697221755981445
2011-07-17,15.350000381469727
2011-07-18,14.910416603088379
2011-07-19,15.858333587646484
2011-07-20,15.550694465637207
2011-07-21,14.954166412353516
2011-07-22,15.135416984558105
2011-07-23,15.004860877990723
2011-07-24,15.134721755981445
2011-07-25,14.247221946716309
2011-07-26,15.974305152893066
2011-07-27,17.203472137451172
2011-07-28,15.36388874053955
2011-07-29,17.347917556762695
2011-07-30,18.20138931274414
2011-07-31,18.250694274902344
2011-08-01,16.876388549804688
2011-08-02,19.27638816833496
2011-08-03,19.70138931274414
2011-08-04,17.64444351196289
2011-08-05,16.601388931274414
2011-08-06,18.313888549804688
2011-08-07,16.275693893432617
2011-08-08,13.657638549804688
2011-08-09,14.585416793823242
2011-08-10,13.065972328186035
2011-08-11,11.44861125946045
2011-08-12,14.999305725097656
2011-08-13,15.504860877990723
2011-08-14,16.506250381469727
2011-08-15,16.182361602783203
2011-08-16,14.193750381469727
2011-08-17,15.681249618530273
2011-08-18,16.361804962158203
2011-08-19,13.865278244018555
2011-08-20,15.254166603088379
2011-08-21,17.552778244018555
2011-08-22,16.200695037841797
2011-08-23,14.76319408416748
2011-08-24,16.42569351196289
2011-08-25,16.318750381469727
2011-08-26,19.856250762939453
2011-08-27,15.584722518920898
2011-08-28,13.925694465637207
2011-08-29,12.95763874053955
2011-08-30,13.02430534362793
2011-08-31,13.110416412353516
2011-09-01,12.17430591583252
2011-09-02,13.127778053283691
2011-09-03,17.351388931274414
2011-09-04,18.82291603088379
2011-09-05,15.306249618530273
2011-09-06,13.844027519226074
2011-09-07,13.102777481079102
2011-09-08,11.752778053283691
2011-09-09,12.956250190734863
2011-09-10,16.796527862548828
2011-09-11,17.081249237060547
2011-09-12,15.570833206176758
2011-09-13,14.480555534362793
2011-09-14,13.04513931274414
2011-09-15,12.446527481079102
2011-09-16,11.286110877990723
2011-09-17,12.48263931274414
2011-09-18,12.164583206176758
2011-09-19,11.82986068725586
2011-09-20,14.89236068725586
2011-09-21,13.73888874053955
2011-09-22,13.102083206176758
2011-09-23,13.384721755981445
2011-09-24,12.972222328186035
2011-09-25,14.019444465637207
2011-09-26,13.87166690826416
2011-09-27,11.581250190734863
2011-09-28,14.752083778381348
2011-09-29,15.33055591583252
2011-09-30,15.366666793823242
2011-10-01,15.473610877990723
2011-10-02,14.402777671813965
2011-10-03,16.197221755981445
2011-10-04,13.67430591583252
2011-10-05,14.617361068725586
2011-10-06,11.960416793823242
2011-10-07,9.840277671813965
2011-10-08,8.155555725097656
2011-10-09,8.132638931274414
2011-10-10,11.259027481079102
2011-10-11,10.48888874053955
2011-10-12,9.814583778381348
2011-10-13,7.05555534362793
2011-10-14,5.293749809265137
2011-10-15,5.340972423553467
2011-10-16,6.287499904632568
2011-10-17,10.096528053283691
2011-10-18,9.005555152893066
2011-10-19,8.539583206176758
2011-10-20,6.50902795791626
2011-10-21,8.32361125946045
2011-10-22,9.081944465637207
2011-10-23,5.96875
2011-10-24,7.926388740539551
2011-10-25,8.835416793823242
2011-10-26,8.946527481079102
2011-10-27,8.425694465637207
2011-10-28,9.475000381469727
2011-10-29,7.719444274902344
2011-10-30,12.168055534362793
2011-10-31,12.342361450195312
2011-11-01,11.050694465637207
2011-11-02,9.722222328186035
2011-11-03,9.38194465637207
2011-11-04,9.710416793823242
2011-11-05,9.810416221618652
2011-11-06,8.685416221618652
2011-11-07,7.4472222328186035
2011-11-08,7.703472137451172
2011-11-09,8.449305534362793
2011-11-10,6.999305725097656
2011-11-11,4.573611259460449
2011-11-12,3.5520832538604736
2011-11-13,0.7326388955116272
2011-11-14,2.543055534362793
2011-11-15,3.26111102104187
2011-11-16,4.179166793823242
2011-11-17,2.53125
2011-11-18,7.998610973358154
2011-11-19,9.605555534362793
2011-11-20,6.239583492279053
2011-11-21,0.8048611283302307
2011-11-22,2.949305534362793
2011-11-23,5.856249809265137
2011-11-24,10.72569465637207
2011-11-25,8.660416603088379
2011-11-26,8.905555725097656
2011-11-27,9.875
2011-11-28,7.64930534362793
2011-11-29,7.506249904632568
2011-11-30,7.71875
2011-12-01,7.141319274902344
2011-12-02,4.201388835906982
2011-12-03,6.729166507720947
2011-12-04,4.114583492279053
2011-12-05,3.2041666507720947
2011-12-06,1.9777777194976807
2011-12-07,2.093055486679077
2011-12-08,3.000694513320923
2011-12-09,5.543055534362793
2011-12-10,4.083333492279053
2011-12-11,5.114583492279053
2011-12-12,3.4347221851348877
2011-12-13,5.325694561004639
2011-12-14,5.193749904632568
2011-12-15,4.537499904632568
2011-12-16,2.7048611640930176
2011-12-17,2.8583333492279053
2011-12-18,2.0645833015441895
2011-12-19,3.5097222328186035
2011-12-20,1.675694465637207
2011-12-21,1.8055555820465088
2011-12-22,4.981944561004639
2011-12-23,7.563889026641846
2011-12-24,5.020138740539551
2011-12-25,8.190278053283691
2011-12-26,9.276389122009277
2011-12-27,6.203472137451172
2011-12-28,6.221527576446533
2011-12-29,4.442360877990723
2011-12-30,3.100694417953491
2011-12-31,1.5409722328186035
2012-01-01,7.2402777671813965
2012-01-02,5.3965277671813965
2012-01-03,5.536110877990723
2012-01-04,5.794444561004639
2012-01-05,3.8375000953674316
2012-01-06,2.433333396911621
2012-01-07,5.931250095367432
2012-01-08,4.254860877990723
2012-01-09,3.9472222328186035
2012-01-10,5.474999904632568
2012-01-11,6.829166889190674
2012-01-12,6.253472328186035
2012-01-13,4.356249809265137
2012-01-14,0.9472222328186035
2012-01-15,0.41874998807907104
2012-01-16,4.625694274902344
2012-01-17,4.275694370269775
2012-01-18,4.419444561004639
2012-01-19,4.081250190734863
2012-01-20,1.7708333730697632
2012-01-21,2.890277862548828
2012-01-22,1.574305534362793
2012-01-23,-0.6784722208976746
2012-01-24,-1.367361068725586
2012-01-25,-2.2201387882232666
2012-01-26,0.3895833194255829
2012-01-27,-0.7486110925674438
2012-01-28,-1.2388888597488403
2012-01-29,-1.7006944417953491
2012-01-30,-1.9583333730697632
2012-01-31,-3.461805582046509
2012-02-01,-5.112500190734863
2012-02-02,-6.751389026641846
2012-02-03,-10.181944847106934
2012-02-04,-12.053472518920898
2012-02-05,-10.452777862548828
2012-02-06,-10.243749618530273
2012-02-07,-10.777777671813965
2012-02-08,-7.496527671813965
2012-02-09,-4.681250095367432
2012-02-10,-7.722222328186035
2012-02-11,-5.372222423553467
2012-02-12,0.6590277552604675
2012-02-13,-2.371527671813965
2012-02-14,1.7909722328186035
2012-02-15,3.030555486679077
2012-02-16,2.125
2012-02-17,3.711805582046509
2012-02-18,4.086111068725586
2012-02-19,2.069444417953491
2012-02-20,2.695138931274414
2012-02-21,4.5916666984558105
2012-02-22,5.84375
2012-02-23,6.102083206176758
2012-02-24,5.948611259460449
2012-02-25,4.972916603088379
2012-02-26,2.535416603088379
2012-02-27,3.7326388359069824
2012-02-28,6.688889026641846
2012-02-29,6.448611259460449
2012-03-01,6.152083396911621
2012-03-02,5.44444465637207
2012-03-03,4.173611164093018
2012-03-04,2.9736111164093018
2012-03-05,2.445138931274414
2012-03-06,1.6381944417953491
2012-03-07,1.9375
2012-03-08,4.227083206176758
2012-03-09,5.855555534362793
2012-03-10,6.208333492279053
2012-03-11,6.806944370269775
2012-03-12,6.570138931274414
2012-03-13,7.0333333015441895
2012-03-14,5.916666507720947
2012-03-15,4.214583396911621
2012-03-16,3.8583333492279053
2012-03-17,6.367361068725586
2012-03-18,4.668055534362793
2012-03-19,5.157639026641846
2012-03-20,6.748610973358154
2012-03-21,7.276389122009277
2012-03-22,7.224305629730225
2012-03-23,5.60069465637207
2012-03-24,4.950694561004639
2012-03-25,7.840277671813965
2012-03-26,5.974305629730225
2012-03-27,9.992361068725586
2012-03-28,7.27430534362793
2012-03-29,7.1875
2012-03-30,7.082638740539551
2012-03-31,4.481249809265137
2012-04-01,4.425694465637207
2012-04-02,2.5298612117767334
2012-04-03,2.25
2012-04-04,3.3145833015441895
2012-04-05,2.465277671813965
2012-04-06,3.96875
2012-04-07,1.4604166746139526
2012-04-08,2.105555534362793
2012-04-09,6.441666603088379
2012-04-10,7.954861164093018
2012-04-11,6.9708333015441895
2012-04-12,6.931250095367432
2012-04-13,6.565277576446533
2012-04-14,5.875694274902344
2012-04-15,4.746527671813965
2012-04-16,4.485416889190674
2012-04-17,4.657639026641846
2012-04-18,6.78993034362793
2012-04-19,9.44444465637207
2012-04-20,6.4277777671813965
2012-04-21,7.16527795791626
2012-04-22,7.391666889190674
2012-04-23,7.083333492279053
2012-04-24,7.677083492279053
2012-04-25,8.882638931274414
2012-04-26,9.97986125946045
2012-04-27,10.038888931274414
2012-04-28,5.39722204208374
2012-04-29,9.002083778381348
2012-04-30,12.318750381469727
2012-05-01,12.699305534362793
2012-05-02,13.128472328186035
2012-05-03,9.58055591583252
2012-05-04,7.53125
2012-05-05,5.820833206176758
2012-05-06,5.137499809265137
2012-05-07,5.756249904632568
2012-05-08,9.106249809265137
2012-05-09,11.447916984558105
2012-05-10,12.696527481079102
2012-05-11,10.054166793823242
2012-05-12,7.35069465637207
2012-05-13,8.722916603088379
2012-05-14,8.985416412353516
2012-05-15,8.532638549804688
2012-05-16,6.753472328186035
2012-05-17,7.198611259460449
2012-05-18,10.73888874053955
2012-05-19,12.252778053283691
2012-05-20,16.014583587646484
2012-05-21,19.081249237060547
2012-05-22,20.143054962158203
2012-05-23,20.011110305786133
2012-05-24,18.961111068725586
2012-05-25,19.48263931274414
2012-05-26,17.96388816833496
2012-05-27,17.738889694213867
2012-05-28,15.296527862548828
2012-05-29,12.36805534362793
2012-05-30,9.739583015441895
2012-05-31,9.872916221618652
2012-06-01,9.003472328186035
2012-06-02,8.69444465637207
2012-06-03,9.262499809265137
2012-06-04,9.89930534362793
2012-06-05,9.804166793823242
2012-06-06,11.110416412353516
2012-06-07,13.328472137451172
2012-06-08,13.727777481079102
2012-06-09,11.80555534362793
2012-06-10,11.48194408416748
2012-06-11,11.169722557067871
2012-06-12,11.452777862548828
2012-06-13,11.217361450195312
2012-06-14,10.087499618530273
2012-06-15,11.534028053283691
2012-06-16,13.958333015441895
2012-06-17,12.858333587646484
2012-06-18,12.092361450195312
2012-06-19,12.193750381469727
2012-06-20,14.183333396911621
2012-06-21,15.95138931274414
2012-06-22,14.51388931274414
2012-06-23,13.980555534362793
2012-06-24,11.79930591583252
2012-06-25,12.572221755981445
2012-06-26,12.146528244018555
2012-06-27,12.33680534362793
2012-06-28,13.913888931274414
2012-06-29,16.7097225189209
2012-06-30,16.802778244018555
2012-07-01,14.58263874053955
2012-07-02,15.23611068725586
2012-07-03,16.056249618530273
2012-07-04,18.27430534362793
2012-07-05,18.690277099609375
2012-07-06,18.113889694213867
2012-07-07,17.987499237060547
2012-07-08,19.228471755981445
2012-07-09,15.571527481079102
2012-07-10,13.215277671813965
2012-07-11,13.908333778381348
2012-07-12,13.068750381469727
2012-07-13,14.26805591583252
2012-07-14,14.063888549804688
2012-07-15,13.014583587646484
2012-07-16,13.479166984558105
2012-07-17,13.693055152893066
2012-07-18,13.91319465637207
2012-07-19,14.722222328186035
2012-07-20,13.789583206176758
2012-07-21,13.949305534362793
2012-07-22,14.947221755981445
2012-07-23,17.43263816833496
2012-07-24,19.866666793823242
2012-07-25,19.464582443237305
2012-07-26,15.456944465637207
2012-07-27,17.840415954589844
2012-07-28,15.668055534362793
2012-07-29,13.166666984558105
2012-07-30,13.133333206176758
2012-07-31,13.727777481079102
2012-08-01,15.640277862548828
2012-08-02,17.6159725189209
2012-08-03,16.725000381469727
2012-08-04,15.717361450195312
2012-08-05,17.120832443237305
2012-08-06,16.5222225189209
2012-08-07,15.341666221618652
2012-08-08,14.868749618530273
2012-08-09,14.589583396911621
2012-08-10,14.956250190734863
2012-08-11,15.690278053283691
2012-08-12,16.75347137451172
2012-08-13,16.393749237060547
2012-08-14,16.015277862548828
2012-08-15,16.872222900390625
2012-08-16,15.602777481079102
2012-08-17,17.71666717529297
2012-08-18,22.773611068725586
2012-08-19,20.997222900390625
2012-08-20,19.58333396911621
2012-08-21,17.106945037841797
2012-08-22,15.559027671813965
2012-08-23,16.06458282470703
2012-08-24,14.755555152893066
2012-08-25,14.57986068725586
2012-08-26,15.696527481079102
2012-08-27,14.529861450195312
2012-08-28,15.690972328186035
2012-08-29,16.7409725189209
2012-08-30,16.360416412353516
2012-08-31,14.196527481079102
2012-09-01,14.754166603088379
2012-09-02,15.921527862548828
2012-09-03,15.744444847106934
2012-09-04,15.813888549804688
2012-09-05,14.224305152893066
2012-09-06,14.004166603088379
2012-09-07,14.966666221618652
2012-09-08,15.536805152893066
2012-09-09,17.047222137451172
2012-09-10,17.639583587646484
2012-09-11,14.693750381469727
2012-09-12,10.938194274902344
2012-09-13,11.515277862548828
2012-09-14,14.149999618530273
2012-09-15,13.929861068725586
2012-09-16,14.778471946716309
2012-09-17,14.030555725097656
2012-09-18,12.084722518920898
2012-09-19,10.279861450195312
2012-09-20,9.727083206176758
2012-09-21,10.338889122009277
2012-09-22,9.275694847106934
2012-09-23,10.098610877990723
2012-09-24,9.243749618530273
2012-09-25,11.91736125946045
2012-09-26,10.876388549804688
2012-09-27,11.909722328186035
2012-09-28,12.00694465637207
2012-09-29,11.811805725097656
2012-09-30,12.58680534362793
2012-10-01,14.197221755981445
2012-10-02,13.696527481079102
2012-10-03,11.783333778381348
2012-10-04,9.67430591583252
2012-10-05,8.787500381469727
2012-10-06,9.081250190734863
2012-10-07,10.067360877990723
2012-10-08,10.487500190734863
2012-10-09,9.272222518920898
2012-10-10,9.227777481079102
2012-10-11,8.704166412353516
2012-10-12,8.168749809265137
2012-10-13,8.439583778381348
2012-10-14,8.275694847106934
2012-10-15,7.68055534362793
2012-10-16,8.702777862548828
2012-10-17,10.708333015441895
2012-10-18,12.718055725097656
2012-10-19,12.43055534362793
2012-10-20,13.021528244018555
2012-10-21,10.879860877990723
2012-10-22,10.327083587646484
2012-10-23,9.877778053283691
2012-10-24,9.324305534362793
2012-10-25,6.675000190734863
2012-10-26,2.2784721851348877
2012-10-27,1.8958333730697632
2012-10-28,4.559027671813965
2012-10-29,7.484722137451172
2012-10-30,4.668055534362793
2012-10-31,7.418749809265137
2012-11-01,6.275000095367432
2012-11-02,6.138888835906982
2012-11-03,5.713194370269775
2012-11-04,6.245833396911621
2012-11-05,4.779860973358154
2012-11-06,6.089583396911621
2012-11-07,8.99305534362793
2012-11-08,9.38611125946045
2012-11-09,8.47569465637207
2012-11-10,7.637499809265137
2012-11-11,8.547916412353516
2012-11-12,6.4159722328186035
2012-11-13,7.770833492279053
2012-11-14,10.790971755981445
2012-11-15,10.054166793823242
2012-11-16,5.88194465637207
2012-11-17,1.3041666746139526
2012-11-18,5.8104166984558105
2012-11-19,4.7597222328186035
2012-11-20,8.502083778381348
2012-11-21,6.325694561004639
2012-11-22,8.071527481079102
2012-11-23,6.013888835906982
2012-11-24,3.4937500953674316
2012-11-25,6.49305534362793
2012-11-26,7.511111259460449
2012-11-27,5.0291666984558105
2012-11-28,3.660416603088379
2012-11-29,1.1388888359069824
2012-11-30,-0.7875000238418579
2012-12-01,-1.4222222566604614
2012-12-02,-3.550694465637207
2012-12-03,-0.7097222208976746
2012-12-04,-3.0215277671813965
2012-12-05,-6.068055629730225
2012-12-06,-4.000694274902344
2012-12-07,-2.27013897895813
2012-12-08,-4.913888931274414
2012-12-09,1.1222221851348877
2012-12-10,-1.2340277433395386
2012-12-11,-5.852083206176758
2012-12-12,-9.070833206176758
2012-12-13,-3.7902777194976807
2012-12-14,-0.3930555582046509
2012-12-15,3.2249999046325684
2012-12-16,3.6972222328186035
2012-12-17,3.628472328186035
2012-12-18,2.811805486679077
2012-12-19,1.005555510520935
2012-12-20,1.0520833730697632
2012-12-21,0.9208333492279053
2012-12-22,0.2979166805744171
2012-12-23,1.0048611164093018
2012-12-24,5.559722423553467
2012-12-25,4.972916603088379
2012-12-26,5.419444561004639
2012-12-27,1.911805510520935
2012-12-28,0.10347222536802292
2012-12-29,7.860416889190674
2012-12-30,5.657639026641846
2012-12-31,7.888888835906982
2013-01-01,5.111805438995361
2013-01-02,5.056944370269775
2013-01-03,7.492361068725586
2013-01-04,7.4979166984558105
2013-01-05,6.772916793823242
2013-01-06,6.300000190734863
2013-01-07,4.604166507720947
2013-01-08,6.130555629730225
2013-01-09,5.839583396911621
2013-01-10,0.8576388955116272
2013-01-11,-1.130555510520935
2013-01-12,-1.4701389074325562
2013-01-13,-2.5562500953674316
2013-01-14,-3.7395832538604736
2013-01-15,-4.5916666984558105
2013-01-16,-7.4472222328186035
2013-01-17,-6.195833206176758
2013-01-18,-4.737500190734863
2013-01-19,-5.21180534362793
2013-01-20,-5.638888835906982
2013-01-21,-2.6395833492279053
2013-01-22,-2.8069443702697754
2013-01-23,-4.08680534362793
2013-01-24,-7.156944274902344
2013-01-25,-4.664583206176758
2013-01-26,-3.73888897895813
2013-01-27,1.9145833253860474
2013-01-28,3.609027862548828
2013-01-29,4.720139026641846
2013-01-30,6.28819465637207
2013-01-31,4.47777795791626
2013-02-01,2.4354166984558105
2013-02-02,0.4277777671813965
2013-02-03,2.2909722328186035
2013-02-04,3.859027862548828
2013-02-05,2.1812500953674316
2013-02-06,1.304861068725586
2013-02-07,-0.03194444254040718
2013-02-08,-0.5826388597488403
2013-02-09,8.225000381469727
2013-02-10,7.824999809265137
2013-02-11,6.333333492279053
2013-02-12,1.8326388597488403
2013-02-13,2.8958332538604736
2013-02-14,0.35208332538604736
2013-02-15,-0.19374999403953552
2013-02-16,0.9201388955116272
2013-02-17,0.7173610925674438
2013-02-18,2.0993056297302246
2013-02-19,0.4409722089767456
2013-02-20,-1.1708333492279053
2013-02-21,-2.164583444595337
2013-02-22,-2.499305486679077
2013-02-23,-2.320138931274414
2013-02-24,-0.8763889074325562
2013-02-25,0.09652777761220932
2013-02-26,1.0618056058883667
2013-02-27,0.3812499940395355
2013-02-28,2.28125
2013-03-01,2.3381943702697754
2013-03-02,2.495833396911621
2013-03-03,3.1777777671813965
2013-03-04,1.2152777910232544
2013-03-05,2.7722222805023193
2013-03-06,2.98888897895813
2013-03-07,3.530555486679077
2013-03-08,1.4076389074325562
2013-03-09,0.0451388880610466
2013-03-10,-3.2131943702697754
2013-03-11,-4.742361068725586
2013-03-12,-2.9979166984558105
2013-03-13,-3.3388888835906982
2013-03-14,-4.236111164093018
2013-03-15,-3.0763888359069824
2013-03-16,-0.7416666746139526
2013-03-17,0.8805555701255798
2013-03-18,-0.4715277850627899
2013-03-19,-1.7638888359069824
2013-03-20,-2.6652777194976807
2013-03-21,-2.945833444595337
2013-03-22,-3.4326388835906982
2013-03-23,-3.5534722805023193
2013-03-24,-1.6534721851348877
2013-03-25,-1.711111068725586
2013-03-26,-0.12361110746860504
2013-03-27,-1.1631944179534912
2013-03-28,-0.02638888917863369
2013-03-29,-0.45972222089767456
2013-03-30,-0.29722222685813904
2013-03-31,0.862500011920929
2013-04-01,1.7534722089767456
2013-04-02,3.1923611164093018
2013-04-03,2.6277778148651123
2013-04-04,2.0562500953674316
2013-04-05,2.2833333015441895
2013-04-06,2.90625
2013-04-07,1.9131944179534912
2013-04-08,2.1965277194976807
2013-04-09,2.719444513320923
2013-04-10,1.4840277433395386
2013-04-11,3.745833396911621
2013-04-12,4.298611164093018
2013-04-13,4.81944465637207
2013-04-14,8.593055725097656
2013-04-15,10.67430591583252
2013-04-16,8.29513931274414
2013-04-17,10.297222137451172
2013-04-18,9.295833587646484
2013-04-19,5.858333110809326
2013-04-20,6.058333396911621
2013-04-21,7.506249904632568
2013-04-22,8.20138931274414
2013-04-23,7.40625
2013-04-24,7.765972137451172
2013-04-25,6.880555629730225
2013-04-26,5.960416793823242
2013-04-27,5.551388740539551
2013-04-28,5.190277576446533
2013-04-29,6.250694274902344
2013-04-30,6.0625
2013-05-01,4.826388835906982
2013-05-02,6.483333110809326
2013-05-03,8.377083778381348
2013-05-04,8.962499618530273
2013-05-05,9.42638874053955
2013-05-06,11.387499809265137
2013-05-07,15.092361450195312
2013-05-08,13.22569465637207
2013-05-09,11.502083778381348
2013-05-10,8.97986125946045
2013-05-11,9.410416603088379
2013-05-12,8.054861068725586
2013-05-13,7.738194465637207
2013-05-14,8.475000381469727
2013-05-15,12.290277481079102
2013-05-16,13.997916221618652
2013-05-17,18.468055725097656
2013-05-18,16.76041603088379
2013-05-19,15.631250381469727
2013-05-20,15.345833778381348
2013-05-21,12.706250190734863
2013-05-22,8.280555725097656
2013-05-23,7.792361259460449
2013-05-24,11.114583015441895
2013-05-25,12.581250190734863
2013-05-26,16.356250762939453
2013-05-27,13.036110877990723
2013-05-28,13.070138931274414
2013-05-29,12.66736125946045
2013-05-30,15.884721755981445
2013-05-31,16.362499237060547
2013-06-01,11.633333206176758
2013-06-02,10.516666412353516
2013-06-03,11.78125
2013-06-04,13.560416221618652
2013-06-05,10.468055725097656
2013-06-06,11.29930591583252
2013-06-07,11.913888931274414
2013-06-08,11.120139122009277
2013-06-09,11.797222137451172
2013-06-10,14.762499809265137
2013-06-11,11.390972137451172
2013-06-12,13.408333778381348
2013-06-13,13.811111450195312
2013-06-14,11.990278244018555
2013-06-15,11.932639122009277
2013-06-16,11.61388874053955
2013-06-17,12.952777862548828
2013-06-18,16.243749618530273
2013-06-19,16.924304962158203
2013-06-20,16.82986068725586
2013-06-21,16.104860305786133
2013-06-22,13.35486125946045
2013-06-23,13.706944465637207
2013-06-24,13.377083778381348
2013-06-25,13.153471946716309
2013-06-26,11.849305152893066
2013-06-27,11.429861068725586
2013-06-28,11.206250190734863
2013-06-29,11.845138549804688
2013-06-30,12.57361125946045
2013-07-01,13.209722518920898
2013-07-02,12.881667137145996
2013-07-03,15.215277671813965
2013-07-04,14.931249618530273
2013-07-05,14.429861068725586
2013-07-06,14.152777671813965
2013-07-07,14.621527671813965
2013-07-08,15.547916412353516
2013-07-09,15.504166603088379
2013-07-10,15.09375
2013-07-11,14.36180591583252
2013-07-12,14.473610877990723
2013-07-13,14.753472328186035
2013-07-14,13.744444847106934
2013-07-15,14.57569408416748
2013-07-16,15.98194408416748
2013-07-17,17.419445037841797
2013-07-18,17.456249237060547
2013-07-19,15.689583778381348
2013-07-20,16.17708396911621
2013-07-21,15.586111068725586
2013-07-22,17.56597137451172
2013-07-23,18.854860305786133
2013-07-24,20.061805725097656
2013-07-25,18.56041717529297
2013-07-26,18.981250762939453
2013-07-27,20.674304962158203
2013-07-28,18.62013816833496
2013-07-29,18.59861183166504
2013-07-30,16.92708396911621
2013-07-31,15.829166412353516
2013-08-01,15.690972328186035
2013-08-02,24.018054962158203
2013-08-03,19.831249237060547
2013-08-04,17.152082443237305
2013-08-05,19.515277862548828
2013-08-06,17.75486183166504
2013-08-07,15.340971946716309
2013-08-08,15.034722328186035
2013-08-09,16.414583206176758
2013-08-10,16.063888549804688
2013-08-11,14.57569408416748
2013-08-12,13.9375
2013-08-13,13.722916603088379
2013-08-14,14.839583396911621
2013-08-15,15.596528053283691
2013-08-16,16.60555648803711
2013-08-17,17.453472137451172
2013-08-18,16.032638549804688
2013-08-19,15.261805534362793
2013-08-20,15.3125
2013-08-21,15.644444465637207
2013-08-22,17.35555648803711
2013-08-23,17.998611450195312
2013-08-24,16.512500762939453
2013-08-25,16.415971755981445
2013-08-26,15.78125
2013-08-27,16.29305648803711
2013-08-28,15.07638931274414
2013-08-29,15.182639122009277
2013-08-30,16.40625
2013-08-31,14.91944408416748
2013-09-01,12.994444847106934
2013-09-02,14.786110877990723
2013-09-03,14.47986125946045
2013-09-04,15.60694408416748
2013-09-05,16.72361183166504
2013-09-06,19.577777862548828
2013-09-07,17.862499237060547
2013-09-08,16.304166793823242
2013-09-09,11.475000381469727
2013-09-10,13.421527862548828
2013-09-11,13.466666221618652
2013-09-12,14.588889122009277
2013-09-13,14.520833015441895
2013-09-14,13.71875
2013-09-15,12.910416603088379
2013-09-16,10.547222137451172
2013-09-17,9.859722137451172
2013-09-18,10.003472328186035
2013-09-19,10.60694408416748
2013-09-20,11.352777481079102
2013-09-21,12.302083015441895
2013-09-22,14.750694274902344
2013-09-23,14.315278053283691
2013-09-24,12.089583396911621
2013-09-25,8.884027481079102
2013-09-26,9.387499809265137
2013-09-27,10.015972137451172
2013-09-28,8.95138931274414
2013-09-29,8.738194465637207
2013-09-30,9.670833587646484
2013-10-01,8.73611068725586
2013-10-02,8.540971755981445
2013-10-03,8.34375
2013-10-04,8.927083015441895
2013-10-05,12.648611068725586
2013-10-06,11.415277481079102
2013-10-07,13.715277671813965
2013-10-08,12.88819408416748
2013-10-09,11.54513931274414
2013-10-10,8.938888549804688
2013-10-11,10.427083015441895
2013-10-12,10.404166221618652
2013-10-13,11.178472518920898
2013-10-14,8.891666412353516
2013-10-15,10.42013931274414
2013-10-16,8.882638931274414
2013-10-17,10.245833396911621
2013-10-18,6.738888740539551
2013-10-19,6.563194274902344
2013-10-20,11.73263931274414
2013-10-21,11.824999809265137
2013-10-22,15.146528244018555
2013-10-23,14.285416603088379
2013-10-24,10.590971946716309
2013-10-25,9.834028244018555
2013-10-26,14.043749809265137
2013-10-27,12.704166412353516
2013-10-28,11.404166221618652
2013-10-29,9.681944847106934
2013-10-30,9.202777862548828
2013-10-31,10.324999809265137
2013-11-01,9.606249809265137
2013-11-02,8.95763874053955
2013-11-03,8.869444847106934
2013-11-04,6.61597204208374
2013-11-05,6.957638740539551
2013-11-06,5.284722328186035
2013-11-07,7.049305438995361
2013-11-08,7.276389122009277
2013-11-09,6.094444274902344
2013-11-10,4.436805725097656
2013-11-11,4.777777671813965
2013-11-12,8.465277671813965
2013-11-13,7.410416603088379
2013-11-14,6.963194370269775
2013-11-15,7.025694370269775
2013-11-16,9.632638931274414
2013-11-17,6.502777576446533
2013-11-18,4.715624809265137
2013-11-19,4.954166889190674
2013-11-20,-0.0625
2013-11-21,1.2673611640930176
2013-11-22,1.511805534362793
2013-11-23,2.2249999046325684
2013-11-24,2.5326387882232666
2013-11-25,0.03541666641831398
2013-11-26,0.9791666865348816
2013-11-27,8.143750190734863
2013-11-28,7.329166889190674
2013-11-29,5.806944370269775
2013-11-30,5.463889122009277
2013-12-01,6.9375
2013-12-02,3.741666555404663
2013-12-03,7.468055725097656
2013-12-04,6.28819465637207
2013-12-05,4.891666889190674
2013-12-06,2.1777777671813965
2013-12-07,-0.6465277671813965
2013-12-08,5.004166603088379
2013-12-09,8.081250190734863
2013-12-10,7.588194370269775
2013-12-11,7.083333492279053
2013-12-12,7.083333492279053
2013-12-13,7.083333492279053
2013-12-14,7.083333492279053
2013-12-15,7.083333492279053
2013-12-16,7.083333492279053
2013-12-17,7.083333492279053
2013-12-18,7.083333492279053
2013-12-19,7.083333492279053
2013-12-20,7.083333492279053
2013-12-21,7.083333492279053
2013-12-22,7.083333492279053
2013-12-23,7.083333492279053
2013-12-24,7.083333492279053
2013-12-25,7.083333492279053
2013-12-26,7.083333492279053
2013-12-27,7.083333492279053
2013-12-28,7.083333492279053
2013-12-29,7.083333492279053
2013-12-30,7.083333492279053
2013-12-31,7.083333492279053
2014-01-01,7.083333492279053
2014-01-02,7.083333492279053
2014-01-03,7.083333492279053
2014-01-04,7.083333492279053
2014-01-05,7.083333492279053
2014-01-06,7.083333492279053
2014-01-07,7.083333492279053
2014-01-08,7.083333492279053
2014-01-09,7.083333492279053
2014-01-10,7.083333492279053
2014-01-11,7.083333492279053
2014-01-12,7.083333492279053
2014-01-13,5.52256965637207
2014-01-14,3.6458332538604736
2014-01-15,3.9277777671813965
2014-01-16,2.2722222805023193
2014-01-17,1.5319443941116333
2014-01-18,2.066666603088379
2014-01-19,2.066666603088379
2014-01-20,2.066666603088379
2014-01-21,2.066666603088379
2014-01-22,2.066666603088379
2014-01-23,2.066666603088379
2014-01-24,2.066666603088379
2014-01-25,2.066666603088379
2014-01-26,2.066666603088379
2014-01-27,2.066666603088379
2014-01-28,2.066666603088379
2014-01-29,-0.7279166579246521
2014-01-30,-3.0208332538604736
2014-01-31,-2.226388931274414
2014-02-01,1.15625
2014-02-02,2.863194465637207
2014-02-03,2.866666555404663
2014-02-04,2.866666555404663
2014-02-05,2.866666555404663
2014-02-06,2.866666555404663
2014-02-07,2.866666555404663
2014-02-08,2.866666555404663
2014-02-09,2.866666555404663
2014-02-10,2.866666555404663
2014-02-11,3.3062500953674316
2014-02-12,3.597222328186035
2014-02-13,4.106944561004639
2014-02-14,4.214583396911621
2014-02-15,6.604166507720947
2014-02-16,5.441666603088379
2014-02-17,4.693749904632568
2014-02-18,5.257638931274414
2014-02-19,6.1152777671813965
2014-02-20,6.395833492279053
2014-02-21,6.065972328186035
2014-02-22,6.0722222328186035
2014-02-23,6.931944370269775
2014-02-24,6.93055534362793
2014-02-25,6.030555725097656
2014-02-26,5.906944274902344
2014-02-27,6.113194465637207
2014-02-28,4.647916793823242
2014-03-01,3.8888888359069824
2014-03-02,4.263194561004639
2014-03-03,4.515277862548828
2014-03-04,5.650694370269775
2014-03-05,2.2868056297302246
2014-03-06,6.404860973358154
2014-03-07,7.797916889190674
2014-03-08,5.764583110809326
2014-03-09,8.422916412353516
2014-03-10,6.311805725097656
2014-03-11,4.796527862548828
2014-03-12,4.270138740539551
2014-03-13,4.315972328186035
2014-03-14,6.147916793823242
2014-03-15,6.710416793823242
2014-03-16,8.238194465637207
2014-03-17,8.109027862548828
2014-03-18,7.22777795791626
2014-03-19,7.599305629730225
2014-03-20,10.259027481079102
2014-03-21,6.825694561004639
2014-03-22,5.55347204208374
2014-03-23,4.639583110809326
2014-03-24,4.49305534362793
2014-03-25,4.931944370269775
2014-03-26,4.249305725097656
2014-03-27,3.785416603088379
2014-03-28,6.883333206176758
2014-03-29,6.992361068725586
2014-03-30,6.346527576446533
2014-03-31,18.4128475189209
2014-04-01,25.0
2014-04-02,25.0
2014-04-03,25.0
2014-04-04,25.0
2014-04-05,25.0
2014-04-06,25.0
2014-04-07,25.0
2014-04-08,25.0
2014-04-09,25.0
2014-04-10,25.0
2014-04-11,25.0
2014-04-12,25.0
2014-04-13,25.0
2014-04-14,19.235137939453125
2014-04-15,5.878472328186035
2014-04-16,5.710416793823242
2014-04-17,7.125694274902344
2014-04-18,7.461111068725586
2014-04-19,9.328749656677246
2014-04-20,12.863194465637207
2014-04-21,12.720833778381348
2014-04-22,13.853124618530273
2014-04-23,9.265972137451172
2014-04-24,8.163888931274414
2014-04-25,11.447916984558105
2014-04-26,13.36388874053955
2014-04-27,14.26388931274414
2014-04-28,14.20486068725586
2014-04-29,12.704166412353516
2014-04-30,9.627083778381348
2014-05-01,7.440972328186035
2014-05-02,7.845139026641846
2014-05-03,6.068055629730225
2014-05-04,6.981249809265137
2014-05-05,7.481249809265137
2014-05-06,11.016666412353516
2014-05-07,11.034028053283691
2014-05-08,9.6875
2014-05-09,9.331944465637207
2014-05-10,9.813888549804688
2014-05-11,10.351388931274414
2014-05-12,10.238194465637207
2014-05-13,8.786805152893066
2014-05-14,8.872916221618652
2014-05-15,9.435416221618652
2014-05-16,10.322221755981445
2014-05-17,11.987500190734863
2014-05-18,14.154861450195312
2014-05-19,13.261805534362793
2014-05-20,15.684027671813965
2014-05-21,16.96527862548828
2014-05-22,17.985416412353516
2014-05-23,13.973610877990723
2014-05-24,13.834028244018555
2014-05-25,12.64305591583252
2014-05-26,13.463194847106934
2014-05-27,14.627083778381348
2014-05-28,11.128472328186035
2014-05-29,12.047222137451172
2014-05-30,11.896528244018555
2014-05-31,11.60694408416748
2014-06-01,12.488194465637207
2014-06-02,13.61388874053955
2014-06-03,14.651389122009277
2014-06-04,15.72569465637207
2014-06-05,12.640972137451172
2014-06-06,12.538888931274414
2014-06-07,14.786110877990723
2014-06-08,16.08888816833496
2014-06-09,17.561111450195312
2014-06-10,19.51041603088379
2014-06-11,16.410417556762695
2014-06-12,15.428472518920898
2014-06-13,14.102777481079102
2014-06-14,15.22986125946045
2014-06-15,12.979166984558105
2014-06-16,16.304166793823242
2014-06-17,13.82569408416748
2014-06-18,14.074305534362793
2014-06-19,13.039583206176758
2014-06-20,12.560416221618652
2014-06-21,12.233333587646484
2014-06-22,11.86805534362793
2014-06-23,12.027777671813965
2014-06-24,12.499305725097656
2014-06-25,13.622221946716309
2014-06-26,14.313888549804688
2014-06-27,13.445833206176758
2014-06-28,13.933333396911621
2014-06-29,14.095833778381348
2014-06-30,13.024999618530273
2014-07-01,13.852777481079102
2014-07-02,13.029166221618652
2014-07-03,14.873611450195312
2014-07-04,18.512500762939453
2014-07-05,20.0715274810791
2014-07-06,19.36111068725586
2014-07-07,16.58194351196289
2014-07-08,17.6784725189209
2014-07-09,22.931943893432617
2014-07-10,22.577083587646484
2014-07-11,22.061111450195312
2014-07-12,18.01944351196289
2014-07-13,15.20763874053955
2014-07-14,17.965972900390625
2014-07-15,16.089582443237305
2014-07-16,15.824999809265137
2014-07-17,16.752777099609375
2014-07-18,18.161806106567383
2014-07-19,22.679166793823242
2014-07-20,22.084028244018555
2014-07-21,22.21666717529297
2014-07-22,22.288888931274414
2014-07-23,22.559444427490234
2014-07-24,22.677778244018555
2014-07-25,22.729860305786133
2014-07-26,20.03611183166504
2014-07-27,19.65833282470703
2014-07-28,20.55555534362793
2014-07-29,19.014583587646484
2014-07-30,17.589582443237305
2014-07-31,18.168750762939453
2014-08-01,20.612499237060547
2014-08-02,22.448610305786133
2014-08-03,20.38194465637207
2014-08-04,18.18402862548828
2014-08-05,17.096527099609375
2014-08-06,18.359722137451172
2014-08-07,17.231250762939453
2014-08-08,17.44236183166504
2014-08-09,16.695138931274414
2014-08-10,17.921527862548828
2014-08-11,16.0715274810791
2014-08-12,14.257638931274414
2014-08-13,13.976388931274414
2014-08-14,15.18055534362793
2014-08-15,15.340277671813965
2014-08-16,14.454166412353516
2014-08-17,13.588889122009277
2014-08-18,13.202083587646484
2014-08-19,13.10069465637207
2014-08-20,13.35069465637207
2014-08-21,11.97986125946045
2014-08-22,12.140277862548828
2014-08-23,12.477777481079102
2014-08-24,12.849305152893066
2014-08-25,12.472222328186035
2014-08-26,14.284722328186035
2014-08-27,13.443750381469727
2014-08-28,14.82569408416748
2014-08-29,15.046527862548828
2014-08-30,14.828472137451172
2014-08-31,14.117361068725586
2014-09-01,15.48680591583252
2014-09-02,15.719305992126465
2014-09-03,15.015972137451172
2014-09-04,14.71875
2014-09-05,16.025693893432617
2014-09-06,16.964582443237305
2014-09-07,15.458333015441895
2014-09-08,12.9375
2014-09-09,14.675694465637207
2014-09-10,15.242361068725586
2014-09-11,14.963889122009277
2014-09-12,14.800000190734863
2014-09-13,14.717361450195312
2014-09-14,14.546527862548828
2014-09-15,15.881250381469727
2014-09-16,15.869444847106934
2014-09-17,15.13819408416748
2014-09-18,16.125694274902344
2014-09-19,15.686805725097656
2014-09-20,14.956250190734863
2014-09-21,13.71180534362793
2014-09-22,9.780555725097656
2014-09-23,10.07638931274414
2014-09-24,11.729166984558105
2014-09-25,12.784722328186035
2014-09-26,14.339583396911621
2014-09-27,13.283333778381348
2014-09-28,13.808333396911621
2014-09-29,13.868749618530273
2014-09-30,13.572916984558105
2014-10-01,15.054861068725586
2014-10-02,12.958333015441895
2014-10-03,13.313194274902344
2014-10-04,14.651389122009277
2014-10-05,12.871527671813965
2014-10-06,12.69861125946045
2014-10-07,11.212499618530273
2014-10-08,11.920833587646484
2014-10-09,13.800000190734863
2014-10-10,12.831250190734863
2014-10-11,12.161805152893066
2014-10-12,11.083333015441895
2014-10-13,10.153471946716309
2014-10-14,9.570833206176758
2014-10-15,10.932639122009277
2014-10-16,11.237500190734863
2014-10-17,10.431944847106934
2014-10-18,12.373611450195312
2014-10-19,15.469721794128418
2014-10-20,12.0690279006958
2014-10-21,10.358333587646484
2014-10-22,9.38611125946045
2014-10-23,10.563194274902344
2014-10-24,11.908333778381348
2014-10-25,11.520833015441895
2014-10-26,13.122221946716309
2014-10-27,14.056944847106934
2014-10-28,13.468055725097656
2014-10-29,9.27013874053955
2014-10-30,6.637499809265137
2014-10-31,11.022916793823242
2014-11-01,13.129860877990723
2014-11-02,13.516666412353516
2014-11-03,11.927778244018555
2014-11-04,9.197221755981445
2014-11-05,7.204861164093018
2014-11-06,5.707638740539551
2014-11-07,6.140277862548828
2014-11-08,8.356249809265137
2014-11-09,7.4277777671813965
2014-11-10,7.654860973358154
2014-11-11,7.893055438995361
2014-11-12,10.121527671813965
2014-11-13,10.094444274902344
2014-11-14,9.943750381469727
2014-11-15,9.079166412353516
2014-11-16,8.492361068725586
2014-11-17,8.248611450195312
2014-11-18,7.246388912200928
2014-11-19,5.365624904632568
2014-11-20,3.621527671813965
2014-11-21,0.8569444417953491
2014-11-22,3.531944513320923
2014-11-23,6.715277671813965
2014-11-24,7.640972137451172
2014-11-25,6.386805534362793
2014-11-26,4.167361259460449
2014-11-27,3.6305556297302246
2014-11-28,3.4736111164093018
2014-11-29,1.3569444417953491
2014-11-30,-0.07083333283662796
2014-12-01,1.7902777194976807
2014-12-02,-0.40069442987442017
2014-12-03,0.28263887763023376
2014-12-04,0.6715278029441833
2014-12-05,3.2715277671813965
2014-12-06,4.278472423553467
2014-12-07,5.668749809265137
2014-12-08,2.1979167461395264
2014-12-09,2.8923611640930176
2014-12-10,5.336249828338623
2014-12-11,3.5
2014-12-12,1.8972222805023193
2014-12-13,3.847916603088379
2014-12-14,4.80555534362793
2014-12-15,4.63194465637207
2014-12-16,3.1826388835906982
2014-12-17,3.905555486679077
2014-12-18,8.51895809173584
2014-12-19,6.388333320617676
2014-12-20,4.765277862548828
2014-12-21,6.506111145019531
2014-12-22,7.984027862548828
2014-12-23,6.9375
2014-12-24,5.074999809265137
2014-12-25,-1.0
2014-12-26,-2.3701388835906982
2014-12-27,-1.5756944417953491
2014-12-28,-1.9562499523162842
2014-12-29,1.0180555582046509
2014-12-30,5.184027671813965
2014-12-31,6.426388740539551
2015-01-01,7.313889026641846
2015-01-02,6.585416793823242
2015-01-03,4.460416793823242
2015-01-04,4.036805629730225
2015-01-05,5.416666507720947
2015-01-06,3.6548612117767334
2015-01-07,4.931944370269775
2015-01-08,6.520833492279053
2015-01-09,6.316666603088379
2015-01-10,6.545138835906982
2015-01-11,3.9465277194976807
2015-01-12,6.683333396911621
2015-01-13,4.752777576446533
2015-01-14,2.668750047683716
2015-01-15,5.0958333015441895
2015-01-16,5.264583110809326
2015-01-17,2.625694513320923
2015-01-18,1.0486111640930176
2015-01-19,0.7798610925674438
2015-01-20,0.23888888955116272
2015-01-21,-1.1402777433395386
2015-01-22,-4.2909722328186035
2015-01-23,-3.1381945610046387
2015-01-24,1.1291667222976685
2015-01-25,2.600694417953491
2015-01-26,3.6770832538604736
2015-01-27,4.077777862548828
2015-01-28,4.226388931274414
2015-01-29,1.007638931274414
2015-01-30,-0.8083333373069763
2015-01-31,-2.0958333015441895
2015-02-01,-0.32499998807907104
2015-02-02,-0.5215277671813965
2015-02-03,-1.5499999523162842
2015-02-04,-2.4243054389953613
2015-02-05,-1.5666667222976685
2015-02-06,0.12916666269302368
2015-02-07,4.438889026641846
2015-02-08,3.299861192703247
2015-02-09,5.778472423553467
2015-02-10,5.895138740539551
2015-02-11,3.913194417953491
2015-02-12,2.612499952316284
2015-02-13,1.15625
2015-02-14,0.3930555582046509
2015-02-15,1.9874999523162842
2015-02-16,1.3729166984558105
2015-02-17,2.3291666507720947
2015-02-18,4.925694465637207
2015-02-19,4.905555725097656
2015-02-20,3.0527777671813965
2015-02-21,1.7701388597488403
2015-02-22,2.9666666984558105
2015-02-23,2.7861111164093018
2015-02-24,4.286110877990723
2015-02-25,3.222916603088379
2015-02-26,3.6701388359069824
2015-02-27,3.8180556297302246
2015-02-28,3.409722328186035
2015-03-01,4.611805438995361
2015-03-02,3.655555486679077
2015-03-03,2.47986102104187
2015-03-04,1.494444489479065
2015-03-05,4.474999904632568
2015-03-06,5.61597204208374
2015-03-07,6.447916507720947
2015-03-08,6.546527862548828
2015-03-09,5.979166507720947
2015-03-10,6.307986259460449
2015-03-11,5.831250190734863
2015-03-12,4.168055534362793
2015-03-13,1.824305534362793
2015-03-14,3.0138888359069824
2015-03-15,4.581250190734863
2015-03-16,6.545833110809326
2015-03-17,7.284027576446533
2015-03-18,7.83472204208374
2015-03-19,5.54027795791626
2015-03-20,5.037499904632568
2015-03-21,3.4048612117767334
2015-03-22,0.4027777910232544
2015-03-23,4.236111164093018
2015-03-24,5.535416603088379
2015-03-25,4.572916507720947
2015-03-26,4.518055438995361
2015-03-27,4.659027576446533
2015-03-28,5.5140275955200195
2015-03-29,6.253472328186035
2015-03-30,4.923611164093018
2015-03-31,1.8506944179534912
2015-04-01,3.4597222805023193
2015-04-02,3.7750000953674316
2015-04-03,3.647916555404663
2015-04-04,3.499305486679077
2015-04-05,3.5055556297302246
2015-04-06,5.78819465637207
2015-04-07,6.480555534362793
2015-04-08,7.970139026641846
2015-04-09,6.534722328186035
2015-04-10,6.808333396911621
2015-04-11,9.04236125946045
2015-04-12,5.88194465637207
2015-04-13,5.218055725097656
2015-04-14,6.83472204208374
2015-04-15,7.496527671813965
2015-04-16,6.524583339691162
2015-04-17,6.775694370269775
2015-04-18,6.099861145019531
2015-04-19,9.434027671813965
2015-04-20,11.003472328186035
2015-04-21,7.398611068725586
2015-04-22,9.467361450195312
2015-04-23,7.097222328186035
2015-04-24,7.474305629730225
2015-04-25,8.67361068725586
2015-04-26,6.598610877990723
2015-04-27,4.731249809265137
2015-04-28,5.516666889190674
2015-04-29,7.5722222328186035
2015-04-30,7.125694274902344
2015-05-01,6.232638835906982
2015-05-02,5.784027576446533
2015-05-03,7.336111068725586
2015-05-04,10.38888931274414
2015-05-05,12.140277862548828
2015-05-06,10.90958309173584
2015-05-07,8.335416793823242
2015-05-08,7.670138835906982
2015-05-09,8.654166221618652
2015-05-10,9.074999809265137
2015-05-11,13.029166221618652
2015-05-12,9.802083015441895
2015-05-13,8.779861450195312
2015-05-14,8.215277671813965
2015-05-15,8.127778053283691
2015-05-16,8.134721755981445
2015-05-17,8.422222137451172
2015-05-18,8.072916984558105
2015-05-19,8.561111450195312
2015-05-20,8.434027671813965
2015-05-21,8.706250190734863
2015-05-22,11.558333396911621
2015-05-23,8.565972328186035
2015-05-24,9.704166412353516
2015-05-25,9.139583587646484
2015-05-26,8.871527671813965
2015-05-27,9.35763931274414
2015-05-28,9.628472328186035
2015-05-29,9.037361145019531
2015-05-30,8.847222328186035
2015-05-31,10.913888931274414
2015-06-01,9.959930419921875
2015-06-02,10.708194732666016
2015-06-03,10.873611450195312
2015-06-04,11.723610877990723
2015-06-05,15.39930534362793
2015-06-06,13.26319408416748
2015-06-07,11.359722137451172
2015-06-08,9.60486125946045
2015-06-09,12.26388931274414
2015-06-10,10.880555152893066
2015-06-11,12.206944465637207
2015-06-12,14.195138931274414
2015-06-13,12.67430591583252
2015-06-14,9.745833396911621
2015-06-15,9.911110877990723
2015-06-16,9.89305591583252
2015-06-17,10.48263931274414
2015-06-18,10.913888931274414
2015-06-19,11.240278244018555
2015-06-20,11.390277862548828
2015-06-21,12.245833396911621
2015-06-22,11.286805152893066
2015-06-23,12.905555725097656
2015-06-24,10.718055725097656
2015-06-25,11.334722518920898
2015-06-26,13.864583015441895
2015-06-27,14.509027481079102
2015-06-28,14.653471946716309
2015-06-29,14.456944465637207
2015-06-30,14.92430591583252
2015-07-01,18.38680648803711
2015-07-02,21.212499618530273
2015-07-03,19.570138931274414
2015-07-04,20.600000381469727
2015-07-05,18.797222137451172
2015-07-06,15.086111068725586
2015-07-07,16.490278244018555
2015-07-08,13.661805152893066
2015-07-09,11.227777481079102
2015-07-10,11.29444408416748
2015-07-11,12.750694274902344
2015-07-12,14.42361068725586
2015-07-13,14.043055534362793
2015-07-14,13.578472137451172
2015-07-15,13.387499809265137
2015-07-16,13.01805591583252
2015-07-17,13.92361068725586
2015-07-18,15.550694465637207
2015-07-19,14.02013874053955
2015-07-20,13.250694274902344
2015-07-21,15.515277862548828
2015-07-22,16.5534725189209
2015-07-23,14.059721946716309
2015-07-24,14.72986125946045
2015-07-25,12.440278053283691
2015-07-26,12.741666793823242
2015-07-27,13.591666221618652
2015-07-28,15.438888549804688
2015-07-29,13.64305591583252
2015-07-30,13.753472328186035
2015-07-31,12.084028244018555
2015-08-01,12.82986068725586
2015-08-02,14.170833587646484
2015-08-03,17.8972225189209
2015-08-04,17.43055534362793
2015-08-05,15.897222518920898
2015-08-06,19.419445037841797
2015-08-07,17.764583587646484
2015-08-08,15.758333206176758
2015-08-09,15.759027481079102
2015-08-10,17.06458282470703
2015-08-11,17.070833206176758
2015-08-12,15.04444408416748
2015-08-13,15.585416793823242
2015-08-14,19.79305648803711
2015-08-15,18.34583282470703
2015-08-16,18.419445037841797
2015-08-17,18.91319465637207
2015-08-18,19.56458282470703
2015-08-19,18.31597137451172
2015-08-20,16.290971755981445
2015-08-21,18.029861450195312
2015-08-22,18.620832443237305
2015-08-23,18.777082443237305
2015-08-24,18.56597137451172
2015-08-25,15.934027671813965
2015-08-26,16.893054962158203
2015-08-27,16.119443893432617
2015-08-28,14.897916793823242
2015-08-29,17.21875
2015-08-30,20.049999237060547
2015-08-31,20.049999237060547
2015-09-01,17.565624237060547
2015-09-02,13.918749809265137
2015-09-03,12.958333015441895
2015-09-04,11.411805152893066
2015-09-05,11.988194465637207
2015-09-06,13.043749809265137
2015-09-07,12.931944847106934
2015-09-08,13.780555725097656
2015-09-09,13.497221946716309
2015-09-10,13.110416412353516
2015-09-11,13.496527671813965
2015-09-12,14.929166793823242
2015-09-13,15.380555152893066
2015-09-14,15.721111297607422
2015-09-15,12.561111450195312
2015-09-16,13.632638931274414
2015-09-17,15.027777671813965
2015-09-18,13.897777557373047
2015-09-19,12.26736068725586
2015-09-20,12.584028244018555
2015-09-21,11.064583778381348
2015-09-22,12.068055152893066
2015-09-23,12.272916793823242
2015-09-24,12.438194274902344
2015-09-25,11.470138549804688
2015-09-26,11.185416221618652
2015-09-27,11.133333206176758
2015-09-28,11.216666221618652
2015-09-29,10.532638549804688
2015-09-30,9.295833587646484
2015-10-01,11.141666412353516
2015-10-02,12.522916793823242
2015-10-03,11.34375
2015-10-04,9.360416412353516
2015-10-05,11.26805591583252
2015-10-06,12.81944465637207
2015-10-07,11.588889122009277
2015-10-08,9.964583396911621
2015-10-09,9.317360877990723
2015-10-10,8.210416793823242
2015-10-11,7.942638874053955
2015-10-12,7.320833206176758
2015-10-13,6.829166889190674
2015-10-14,8.564583778381348
2015-10-15,8.939583778381348
2015-10-16,8.956944465637207
2015-10-17,9.21180534362793
2015-10-18,8.48194408416748
2015-10-19,7.578472137451172
2015-10-20,8.925694465637207
2015-10-21,9.73888874053955
2015-10-22,12.268888473510742
2015-10-23,11.38194465637207
2015-10-24,10.748611450195312
2015-10-25,9.016666412353516
2015-10-26,6.650000095367432
2015-10-27,7.014583110809326
2015-10-28,9.331944465637207
2015-10-29,9.15625
2015-10-30,8.686805725097656
2015-10-31,7.99305534362793
2015-11-01,10.132638931274414
2015-11-02,9.814583778381348
2015-11-03,6.43055534362793
2015-11-04,5.767083168029785
2015-11-05,10.029722213745117
2015-11-06,12.121805191040039
2015-11-07,12.462499618530273
2015-11-08,10.920833587646484
2015-11-09,11.417083740234375
2015-11-10,13.48680591583252
2015-11-11,12.39930534362793
2015-11-12,10.507638931274414
2015-11-13,9.65625
2015-11-14,7.4633331298828125
2015-11-15,6.101388931274414
2015-11-16,9.265972137451172
2015-11-17,7.599999904632568
2015-11-18,9.402777671813965
2015-11-19,8.482916831970215
2015-11-20,4.688889026641846
2015-11-21,0.9270833134651184
2015-11-22,0.15763889253139496
2015-11-23,0.5173611044883728
2015-11-24,6.31944465637207
2015-11-25,4.456944465637207
2015-11-26,4.461111068725586
2015-11-27,8.093055725097656
2015-11-28,5.7640275955200195
2015-11-29,6.976388931274414
2015-11-30,5.587500095367432
2015-12-01,5.543749809265137
2015-12-02,9.228471755981445
2015-12-03,9.288888931274414
2015-12-04,8.41319465637207
2015-12-05,9.865278244018555
2015-12-06,9.7475004196167
2015-12-07,6.5
2015-12-08,9.02013874053955
2015-12-09,8.034722328186035
2015-12-10,8.629860877990723
2015-12-11,4.794444561004639
2015-12-12,4.577777862548828
2015-12-13,2.9833333492279053
2015-12-14,1.7326388359069824
2015-12-15,3.840277671813965
2015-12-16,4.888888835906982
2015-12-17,9.529166221618652
2015-12-18,9.60763931274414
2015-12-19,10.755555152893066
2015-12-20,10.753472328186035
2015-12-21,8.786805152893066
2015-12-22,9.664583206176758
2015-12-23,8.458333015441895
2015-12-24,7.9590277671813965
2015-12-25,6.775000095367432
2015-12-26,3.995833396911621
2015-12-27,8.156944274902344
2015-12-28,2.828472137451172
2015-12-29,4.163888931274414
2015-12-30,5.390972137451172
2015-12-31,3.5340278148651123
2016-01-01,3.14513897895813
2016-01-02,0.445416659116745
2016-01-03,-3.436805486679077
2016-01-04,-2.678819417953491
2016-01-05,-2.563194513320923
2016-01-06,-3.1506943702697754
2016-01-07,-1.711111068725586
2016-01-08,-0.8472222089767456
2016-01-09,0.45625001192092896
2016-01-10,1.9548611640930176
2016-01-11,1.8965277671813965
2016-01-12,1.1854166984558105
2016-01-13,0.4166666567325592
2016-01-14,-0.13680554926395416
2016-01-15,-1.3506944179534912
2016-01-16,-1.818055510520935
2016-01-17,-4.596527576446533
2016-01-18,-1.663888931274414
2016-01-19,-1.431249976158142
2016-01-20,-7.742361068725586
2016-01-21,-6.191666603088379
2016-01-22,-4.040416717529297
2016-01-23,0.16180555522441864
2016-01-24,3.730555534362793
2016-01-25,6.544444561004639
2016-01-26,6.366666793823242
2016-01-27,8.762499809265137
2016-01-28,5.507638931274414
2016-01-29,7.609027862548828
2016-01-30,4.963194370269775
2016-01-31,2.8173611164093018
2016-02-01,5.114583492279053
2016-02-02,6.237500190734863
2016-02-03,3.965277671813965
2016-02-04,2.8273611068725586
2016-02-05,4.459583282470703
2016-02-06,7.08680534362793
2016-02-07,6.970694541931152
2016-02-08,5.5645833015441895
2016-02-09,4.622638702392578
2016-02-10,3.2291667461395264
2016-02-11,2.118055582046509
2016-02-12,-1.2569444179534912
2016-02-13,-2.625
2016-02-14,-1.6861110925674438
2016-02-15,-1.3923611640930176
2016-02-16,-1.0444444417953491
2016-02-17,-1.0555555820465088
2016-02-18,0.4451389014720917
2016-02-19,1.9020832777023315
2016-02-20,4.3534722328186035
2016-02-21,4.588889122009277
2016-02-22,3.9590277671813965
2016-02-23,4.0958333015441895
2016-02-24,2.183333396911621
2016-02-25,1.7506943941116333
2016-02-26,1.9005556106567383
2016-02-27,0.7260416746139526
2016-02-28,1.6573611497879028
2016-02-29,-0.9400694370269775
2016-03-01,-0.3479166626930237
2016-03-02,2.6194443702697754
2016-03-03,1.6356943845748901
2016-03-04,1.8215277194976807
2016-03-05,1.6645833253860474
2016-03-06,1.5902777910232544
2016-03-07,1.0673611164093018
2016-03-08,1.367361068725586
2016-03-09,2.61388897895813
2016-03-10,1.8666666746139526
2016-03-11,0.9083333611488342
2016-03-12,0.7555555701255798
2016-03-13,-0.5645833611488342
2016-03-14,4.779860973358154
2016-03-15,7.1777777671813965
2016-03-16,4.244444370269775
2016-03-17,2.964583396911621
2016-03-18,5.273611068725586
2016-03-19,5.3104166984558105
2016-03-20,6.393750190734863
2016-03-21,5.985416889190674
2016-03-22,5.992361068725586
2016-03-23,5.46875
2016-03-24,3.0131945610046387
2016-03-25,5.64930534362793
2016-03-26,5.988194465637207
2016-03-27,7.38402795791626
2016-03-28,7.295138835906982
2016-03-29,6.50694465637207
2016-03-30,4.613888740539551
2016-03-31,4.758333206176758
2016-04-01,3.9380555152893066
2016-04-02,7.344444274902344
2016-04-03,8.48611068725586
2016-04-04,10.09375
2016-04-05,7.286805629730225
2016-04-06,6.700694561004639
2016-04-07,5.028055667877197
2016-04-08,5.829166889190674
2016-04-09,6.813194274902344
2016-04-10,7.243750095367432
2016-04-11,7.431250095367432
2016-04-12,5.5840277671813965
2016-04-13,8.127083778381348
2016-04-14,7.515972137451172
2016-04-15,7.275000095367432
2016-04-16,5.374305725097656
2016-04-17,6.329861164093018
2016-04-18,7.03125
2016-04-19,6.9354166984558105
2016-04-20,6.304861068725586
2016-04-21,6.495139122009277
2016-04-22,6.166666507720947
2016-04-23,4.0097222328186035
2016-04-24,3.7097222805023193
2016-04-25,1.5027778148651123
2016-04-26,3.0374999046325684
2016-04-27,4.0020833015441895
2016-04-28,4.881249904632568
2016-04-29,4.184027671813965
2016-04-30,6.215277671813965
2016-05-01,6.190972328186035
2016-05-02,9.13819408416748
2016-05-03,8.310416221618652
2016-05-04,8.249305725097656
2016-05-05,10.199305534362793
2016-05-06,13.584028244018555
2016-05-07,16.829166412353516
2016-05-08,17.403472900390625
2016-05-09,17.384721755981445
2016-05-10,17.747222900390625
2016-05-11,17.40416717529297
2016-05-12,15.73888874053955
2016-05-13,10.505555152893066
2016-05-14,7.922916889190674
2016-05-15,9.25694465637207
2016-05-16,8.462499618530273
2016-05-17,8.748611450195312
2016-05-18,11.038888931274414
2016-05-19,13.168749809265137
2016-05-20,11.29513931274414
2016-05-21,12.851388931274414
2016-05-22,15.76736068725586
2016-05-23,11.496527671813965
2016-05-24,11.693055152893066
2016-05-25,12.697916984558105
2016-05-26,13.113194465637207
2016-05-27,13.908333778381348
2016-05-28,13.602083206176758
2016-05-29,16.188888549804688
2016-05-30,19.234027862548828
2016-05-31,18.792360305786133
2016-06-01,21.036806106567383
2016-06-02,20.858333587646484
2016-06-03,21.417360305786133
2016-06-04,19.640277862548828
2016-06-05,19.49305534362793
2016-06-06,18.221527099609375
2016-06-07,14.572221755981445
2016-06-08,15.57361125946045
2016-06-09,12.206944465637207
2016-06-10,13.58263874053955
2016-06-11,13.016666412353516
2016-06-12,13.782638549804688
2016-06-13,13.435416221618652
2016-06-14,13.978471755981445
2016-06-15,14.88888931274414
2016-06-16,14.734027862548828
2016-06-17,13.846528053283691
2016-06-18,13.947221755981445
2016-06-19,12.622916221618652
2016-06-20,13.45763874053955
2016-06-21,14.48263931274414
2016-06-22,15.382638931274414
2016-06-23,17.86111068725586
2016-06-24,18.140277862548828
2016-06-25,15.36180591583252
2016-06-26,14.58680534362793
2016-06-27,13.880555152893066
2016-06-28,13.882638931274414
2016-06-29,13.598610877990723
2016-06-30,14.70138931274414
2016-07-01,14.422222137451172
2016-07-02,13.89236068725586
2016-07-03,13.054861068725586
2016-07-04,13.713889122009277
2016-07-05,12.161110877990723
2016-07-06,13.489583015441895
2016-07-07,14.31944465637207
2016-07-08,14.774999618530273
2016-07-09,15.149999618530273
2016-07-10,16.088193893432617
2016-07-11,15.931944847106934
2016-07-12,14.577777862548828
2016-07-13,13.94444465637207
2016-07-14,13.833333015441895
2016-07-15,13.692360877990723
2016-07-16,14.822221755981445
2016-07-17,13.64513874053955
2016-07-18,14.971528053283691
2016-07-19,17.1784725189209
2016-07-20,20.01180648803711
2016-07-21,20.608333587646484
2016-07-22,20.268749237060547
2016-07-23,20.974306106567383
2016-07-24,21.65972137451172
2016-07-25,18.44236183166504
2016-07-26,16.67361068725586
2016-07-27,16.290971755981445
2016-07-28,16.056249618530273
2016-07-29,15.989583015441895
2016-07-30,15.928472518920898
2016-07-31,15.018750190734863
2016-08-01,14.672222137451172
2016-08-02,14.783333778381348
2016-08-03,15.213889122009277
2016-08-04,16.80555534362793
2016-08-05,16.294445037841797
2016-08-06,14.894444465637207
2016-08-07,15.64305591583252
2016-08-08,15.024999618530273
2016-08-09,11.86805534362793
2016-08-10,11.525694847106934
2016-08-11,12.618749618530273
2016-08-12,14.51388931274414
2016-08-13,15.362777709960938
2016-08-14,14.78125
2016-08-15,14.625694274902344
2016-08-16,15.570138931274414
2016-08-17,15.154166221618652
2016-08-18,16.184722900390625
2016-08-19,16.169445037841797
2016-08-20,15.760416984558105
2016-08-21,15.834722518920898
2016-08-22,16.4375
2016-08-23,16.622222900390625
2016-08-24,19.78819465637207
2016-08-25,22.45138931274414
2016-08-26,18.315624237060547
2016-08-27,16.156389236450195
2016-08-28,17.01180648803711
2016-08-29,15.210416793823242
2016-08-30,16.5715274810791
2016-08-31,16.542360305786133
2016-09-01,15.880555152893066
2016-09-02,15.483333587646484
2016-09-03,15.570833206176758
2016-09-04,13.577083587646484
2016-09-05,15.79513931274414
2016-09-06,16.45486068725586
2016-09-07,18.707292556762695
2016-09-08,19.606945037841797
2016-09-09,17.456388473510742
2016-09-10,18.07986068725586
2016-09-11,15.604166984558105
2016-09-12,17.968055725097656
2016-09-13,21.702362060546875
2016-09-14,21.174304962158203
2016-09-15,19.579166412353516
2016-09-16,18.560693740844727
2016-09-17,15.531944274902344
2016-09-18,13.530555725097656
2016-09-19,13.452083587646484
2016-09-20,14.355555534362793
2016-09-21,14.420833587646484
2016-09-22,13.876388549804688
2016-09-23,13.32569408416748
2016-09-24,13.384721755981445
2016-09-25,15.789583206176758
2016-09-26,14.483888626098633
2016-09-27,13.647916793823242
2016-09-28,16.00958251953125
2016-09-29,15.99305534362793
2016-09-30,12.523611068725586
2016-10-01,10.9375
2016-10-02,10.571527481079102
2016-10-03,11.35763931274414
2016-10-04,9.483333587646484
2016-10-05,7.825694561004639
2016-10-06,7.4979166984558105
2016-10-07,7.545138835906982
2016-10-08,7.829166889190674
2016-10-09,6.993750095367432
2016-10-10,8.386805534362793
2016-10-11,7.902083396911621
2016-10-12,7.287499904632568
2016-10-13,8.690972328186035
2016-10-14,9.233333587646484
2016-10-15,9.478471755981445
2016-10-16,9.308333396911621
2016-10-17,9.372361183166504
2016-10-18,10.809027671813965
2016-10-19,9.247916221618652
2016-10-20,9.477083206176758
2016-10-21,7.869444370269775
2016-10-22,5.974305629730225
2016-10-23,5.9472222328186035
2016-10-24,5.1541666984558105
2016-10-25,3.400277853012085
2016-10-26,5.983333110809326
2016-10-27,11.608333587646484
2016-10-28,10.785416603088379
2016-10-29,9.315972328186035
2016-10-30,8.959028244018555
2016-10-31,10.79513931274414
2016-11-01,9.071527481079102
2016-11-02,4.418055534362793
2016-11-03,1.2159721851348877
2016-11-04,6.746527671813965
2016-11-05,5.2740278244018555
2016-11-06,3.3541667461395264
2016-11-07,-0.7659721970558167
2016-11-08,-3.2763888835906982
2016-11-09,-0.9284722208976746
2016-11-10,-0.1701388955116272
2016-11-11,-0.4548611044883728
2016-11-12,-0.6812499761581421
2016-11-13,-0.5340277552604675
2016-11-14,3.406944513320923
2016-11-15,8.79861068725586
2016-11-16,6.811110973358154
2016-11-17,5.686110973358154
2016-11-18,4.955555438995361
2016-11-19,3.7708332538604736
2016-11-20,4.85277795791626
2016-11-21,7.583333492279053
2016-11-22,8.565972328186035
2016-11-23,6.481944561004639
2016-11-24,4.41319465637207
2016-11-25,4.786805629730225
2016-11-26,7.418749809265137
2016-11-27,3.0458333492279053
2016-11-28,-0.2743055522441864
2016-11-29,5.328472137451172
2016-11-30,6.922916889190674
2016-12-01,7.74305534362793
2016-12-02,1.7743055820465088
2016-12-03,0.4923610985279083
2016-12-04,4.172916889190674
2016-12-05,5.5
2016-12-06,5.99305534362793
2016-12-07,6.3652777671813965
2016-12-08,9.239583015441895
2016-12-09,8.345138549804688
2016-12-10,8.55555534362793
2016-12-11,7.44444465637207
2016-12-12,2.234722137451172
2016-12-13,4.670138835906982
2016-12-14,1.2597222328186035
2016-12-15,0.24736110866069794
2016-12-16,0.14097222685813904
2016-12-17,4.036110877990723
2016-12-18,5.44444465637207
2016-12-19,5.38402795791626
2016-12-20,2.2993054389953613
2016-12-21,4.586111068725586
2016-12-22,5.904860973358154
2016-12-23,5.94652795791626
2016-12-24,5.432639122009277
2016-12-25,8.040277481079102
2016-12-26,6.30347204208374
2016-12-27,7.269444465637207
2016-12-28,6.030555725097656
2016-12-29,5.052083492279053
2016-12-30,6.611388683319092
2016-12-31,8.211111068725586
2017-01-01,5.363611221313477
2017-01-02,3.880000114440918
2017-01-03,3.880000114440918
2017-01-04,2.0173611640930176
2017-01-05,-5.005555629730225
2017-01-06,-5.208333492279053
2017-01-07,3.003472328186035
2017-01-08,0.9618055820465088
2017-01-09,2.0958333015441895
2017-01-10,2.9541666507720947
2017-01-11,3.066666603088379
2017-01-12,3.066666603088379
2017-01-13,3.066666603088379
2017-01-14,3.066666603088379
2017-01-15,3.066666603088379
2017-01-16,3.066666603088379
2017-01-17,3.066666603088379
2017-01-18,3.066666603088379
2017-01-19,4.110416889190674
2017-01-20,5.388888835906982
2017-01-21,4.811805725097656
2017-01-22,3.0687499046325684
2017-01-23,1.5888888835906982
2017-01-24,1.431944489479065
2017-01-25,1.7708333730697632
2017-01-26,-0.6795833110809326
2017-01-27,-0.5645833611488342
2017-01-28,0.800000011920929
2017-01-29,2.4736111164093018
2017-01-30,2.4972221851348877
2017-01-31,1.693750023841858
2017-02-01,1.1763888597488403
2017-02-02,1.0729166269302368
2017-02-03,1.5784722566604614
2017-02-04,2.7333333492279053
2017-02-05,2.2013888359069824
2017-02-06,1.100000023841858
2017-02-07,-1.5625
2017-02-08,-2.863194465637207
2017-02-09,-2.495833396911621
2017-02-10,-1.5291666984558105
2017-02-11,0.01805555634200573
2017-02-12,-0.5881944298744202
2017-02-13,-1.8416666984558105
2017-02-14,-1.2402777671813965
2017-02-15,0.3395833373069763
2017-02-16,4.2685418128967285
2017-02-17,3.898611068725586
2017-02-18,3.625694513320923
2017-02-19,5.2208333015441895
2017-02-20,6.088194370269775
2017-02-21,5.241666793823242
2017-02-22,5.916110992431641
2017-02-23,2.4963889122009277
2017-02-24,1.6729166507720947
2017-02-25,2.881944417953491
2017-02-26,5.825694561004639
2017-02-27,6.659722328186035
2017-02-28,3.9951388835906982
2017-03-01,4.295833110809326
2017-03-02,3.828472137451172
2017-03-03,4.518750190734863
2017-03-04,4.68055534362793
2017-03-05,4.194166660308838
2017-03-06,1.6527777910232544
2017-03-07,-0.8204166889190674
2017-03-08,1.5625
2017-03-09,5.19652795791626
2017-03-10,5.816666603088379
2017-03-11,5.390972137451172
2017-03-12,4.277500152587891
2017-03-13,3.57361102104187
2017-03-14,6.363194465637207
2017-03-15,6.181250095367432
2017-03-16,7.933333396911621
2017-03-17,4.215972423553467
2017-03-18,3.945138931274414
2017-03-19,2.643749952316284
2017-03-20,5.9979166984558105
2017-03-21,4.91527795791626
2017-03-22,5.409027576446533
2017-03-23,3.703472137451172
2017-03-24,3.336805582046509
2017-03-25,6.095139026641846
2017-03-26,5.20972204208374
2017-03-27,4.382638931274414
2017-03-28,4.007638931274414
2017-03-29,5.7715277671813965
2017-03-30,8.300000190734863
2017-03-31,12.190278053283691
2017-04-01,10.116666793823242
2017-04-02,7.473610877990723
2017-04-03,5.492361068725586
2017-04-04,7.267361164093018
2017-04-05,6.629166603088379
2017-04-06,6.204166889190674
2017-04-07,7.722222328186035
2017-04-08,7.2520833015441895
2017-04-09,8.547222137451172
2017-04-10,7.392361164093018
2017-04-11,6.08680534362793
2017-04-12,7.320833206176758
2017-04-13,6.704166889190674
2017-04-14,7.190277576446533
2017-04-15,5.306944370269775
2017-04-16,4.675694465637207
2017-04-17,4.070138931274414
2017-04-18,2.5645833015441895
2017-04-19,2.765972137451172
2017-04-20,5.429166793823242
2017-04-21,7.213194370269775
2017-04-22,5.8534722328186035
2017-04-23,5.254166603088379
2017-04-24,5.563194274902344
2017-04-25,2.9118056297302246
2017-04-26,4.19652795791626
2017-04-27,4.9666666984558105
2017-04-28,5.870833396911621
2017-04-29,4.854166507720947
2017-04-30,7.179166793823242
2017-05-01,8.786110877990723
2017-05-02,9.574999809265137
2017-05-03,10.841666221618652
2017-05-04,9.727083206176758
2017-05-05,10.856249809265137
2017-05-06,12.577777862548828
2017-05-07,9.184721946716309
2017-05-08,7.489583492279053
2017-05-09,6.422222137451172
2017-05-10,6.932639122009277
2017-05-11,8.856249809265137
2017-05-12,10.45486068725586
2017-05-13,13.056249618530273
2017-05-14,13.278471946716309
2017-05-15,12.570138931274414
2017-05-16,12.742361068725586
2017-05-17,16.5222225189209
2017-05-18,14.902083396911621
2017-05-19,14.19444465637207
2017-05-20,11.156944274902344
2017-05-21,11.856249809265137
2017-05-22,12.384027481079102
2017-05-23,12.83680534362793
2017-05-24,12.334444046020508
2017-05-25,13.206250190734863
2017-05-26,14.342361450195312
2017-05-27,18.94097137451172
2017-05-28,15.734027862548828
2017-05-29,11.570833206176758
2017-05-30,12.48680591583252
2017-05-31,11.69861125946045
2017-06-01,11.411805152893066
2017-06-02,14.058333396911621
2017-06-03,15.01805591583252
2017-06-04,12.749305725097656
2017-06-05,13.17013931274414
2017-06-06,15.758333206176758
2017-06-07,12.009027481079102
2017-06-08,12.932639122009277
2017-06-09,14.109027862548828
2017-06-10,14.97569465637207
2017-06-11,14.795833587646484
2017-06-12,13.274999618530273
2017-06-13,12.911805152893066
2017-06-14,14.44444465637207
2017-06-15,15.947221755981445
2017-06-16,13.893750190734863
2017-06-17,15.120833396911621
2017-06-18,17.640277862548828
2017-06-19,18.093055725097656
2017-06-20,13.79236125946045
2017-06-21,13.078472137451172
2017-06-22,15.952083587646484
2017-06-23,15.610416412353516
2017-06-24,14.243749618530273
2017-06-25,13.936805725097656
2017-06-26,12.904166221618652
2017-06-27,12.309027671813965
2017-06-28,14.137499809265137
2017-06-29,14.515277862548828
2017-06-30,14.25
2017-07-01,17.040138244628906
2017-07-02,13.941666603088379
2017-07-03,13.72986125946045
2017-07-04,13.290277481079102
2017-07-05,13.715971946716309
2017-07-06,13.306944847106934
2017-07-07,16.163888931274414
2017-07-08,14.304861068725586
2017-07-09,14.421527862548828
2017-07-10,15.343055725097656
2017-07-11,15.61388874053955
2017-07-12,13.873611450195312
2017-07-13,13.327777862548828
2017-07-14,14.77013874053955
2017-07-15,14.42430591583252
2017-07-16,15.117361068725586
2017-07-17,14.915971755981445
2017-07-18,15.244444847106934
2017-07-19,16.52083396911621
2017-07-20,17.815277099609375
2017-07-21,16.049999237060547
2017-07-22,16.47222137451172
2017-07-23,15.179166793823242
2017-07-24,15.644444465637207
2017-07-25,17.44930648803711
2017-07-26,18.41666603088379
2017-07-27,15.96180534362793
2017-07-28,14.463889122009277
2017-07-29,15.506250381469727
2017-07-30,15.927778244018555
2017-07-31,15.88611125946045
2017-08-01,17.198610305786133
2017-08-02,16.26180648803711
2017-08-03,16.383333206176758
2017-08-04,16.213193893432617
2017-08-05,15.605555534362793
2017-08-06,14.631250381469727
2017-08-07,15.155555725097656
2017-08-08,17.71875
2017-08-09,17.110416412353516
2017-08-10,16.15277862548828
2017-08-11,15.436111450195312
2017-08-12,14.047916412353516
2017-08-13,14.45138931274414
2017-08-14,14.727777481079102
2017-08-15,17.741666793823242
2017-08-16,16.452777862548828
2017-08-17,15.979166984558105
2017-08-18,16.653472900390625
2017-08-19,13.681944847106934
2017-08-20,14.54513931274414
2017-08-21,14.943055152893066
2017-08-22,15.177778244018555
2017-08-23,14.60069465637207
2017-08-24,15.646528244018555
2017-08-25,16.370832443237305
2017-08-26,15.615972518920898
2017-08-27,14.399999618530273
2017-08-28,15.593055725097656
2017-08-29,17.679861068725586
2017-08-30,13.79444408416748
2017-08-31,13.561111450195312
2017-09-01,13.050000190734863
2017-09-02,13.088194847106934
2017-09-03,12.179861068725586
2017-09-04,13.14305591583252
2017-09-05,15.372221946716309
2017-09-06,15.083333015441895
2017-09-07,14.404166221618652
2017-09-08,13.770833015441895
2017-09-09,13.220138549804688
2017-09-10,13.17638874053955
2017-09-11,12.95555591583252
2017-09-12,13.441666603088379
2017-09-13,11.788888931274414
2017-09-14,12.651389122009277
2017-09-15,13.038888931274414
2017-09-16,11.81944465637207
2017-09-17,10.905555725097656
2017-09-18,10.038888931274414
2017-09-19,11.652777671813965
2017-09-20,12.693750381469727
2017-09-21,13.73263931274414
2017-09-22,13.20138931274414
2017-09-23,12.98194408416748
2017-09-24,13.628472328186035
2017-09-25,14.91736125946045
2017-09-26,14.390277862548828
2017-09-27,15.016666412353516
2017-09-28,13.570833206176758
2017-09-29,14.60763931274414
2017-09-30,12.723610877990723
2017-10-01,13.341388702392578
2017-10-02,13.13194465637207
2017-10-03,12.439583778381348
2017-10-04,11.322221755981445
2017-10-05,10.570833206176758
2017-10-06,11.970833778381348
2017-10-07,10.03125
2017-10-08,8.031944274902344
2017-10-09,9.258333206176758
2017-10-10,10.79930591583252
2017-10-11,13.079166412353516
2017-10-12,11.940278053283691
2017-10-13,12.929861068725586
2017-10-14,14.868749618530273
2017-10-15,15.102083206176758
2017-10-16,14.942360877990723
2017-10-17,14.063888549804688
2017-10-18,12.099305152893066
2017-10-19,11.658333778381348
2017-10-20,12.890972137451172
2017-10-21,11.54930591583252
2017-10-22,9.818750381469727
2017-10-23,10.237500190734863
2017-10-24,11.57361125946045
2017-10-25,12.50694465637207
2017-10-26,11.79930591583252
2017-10-27,10.502083778381348
2017-10-28,10.809027671813965
2017-10-29,8.156944274902344
2017-10-30,5.561805725097656
2017-10-31,8.644444465637207
2017-11-01,11.624860763549805
2017-11-02,9.822916984558105
2017-11-03,8.686111450195312
2017-11-04,9.454166412353516
2017-11-05,7.904860973358154
2017-11-06,5.620139122009277
2017-11-07,4.454861164093018
2017-11-08,4.804861068725586
2017-11-09,7.402360916137695
2017-11-10,6.688194274902344
2017-11-11,5.436805725097656
2017-11-12,4.820138931274414
2017-11-13,3.7874999046325684
2017-11-14,6.33472204208374
2017-11-15,6.342360973358154
2017-11-16,6.859722137451172
2017-11-17,6.945833206176758
2017-11-18,5.945138931274414
2017-11-19,4.535416603088379
2017-11-20,3.9048612117767334
2017-11-21,3.0840277671813965
2017-11-22,9.881250381469727
2017-11-23,9.106249809265137
2017-11-24,4.499305725097656
2017-11-25,2.2121527194976807
2017-11-26,5.214583396911621
2017-11-27,4.6541666984558105
2017-11-28,2.96875
2017-11-29,0.9937499761581421
2017-11-30,-1.6729166507720947
2017-12-01,-0.2934722304344177
2017-12-02,3.2013888359069824
2017-12-03,5.549305438995361
2017-12-04,4.811805725097656
2017-12-05,7.847222328186035
2017-12-06,8.289583206176758
2017-12-07,7.714583396911621
2017-12-08,4.291666507720947
2017-12-09,2.9152777194976807
2017-12-10,-0.26597222685813904
2017-12-11,-1.418055534362793
2017-12-12,1.492361068725586
2017-12-13,3.265138864517212
2017-12-14,2.405555486679077
2017-12-15,0.23194444179534912
2017-12-16,-0.1527777761220932
2017-12-17,0.25
2017-12-18,2.9513888359069824
2017-12-19,4.442360877990723
2017-12-20,6.557986259460449
2017-12-21,5.86597204208374
2017-12-22,5.675694465637207
2017-12-23,7.995139122009277
2017-12-24,8.240972518920898
2017-12-25,8.114583015441895
2017-12-26,5.070138931274414
2017-12-27,2.788888931274414
2017-12-28,2.3534722328186035
2017-12-29,2.164583444595337
2017-12-30,1.6944444179534912
2017-12-31,5.003472328186035
2018-01-01,5.262499809265137
2018-01-02,4.530555725097656
2018-01-03,3.3097221851348877
2018-01-04,2.6694445610046387
2018-01-05,1.6868056058883667
2018-01-06,-0.3548611104488373
2018-01-07,-2.2909722328186035
2018-01-08,-2.3812499046325684
2018-01-09,1.9361110925674438
2018-01-10,2.3645832538604736
2018-01-11,2.6937499046325684
2018-01-12,1.9375
2018-01-13,0.9548611044883728
2018-01-14,-0.5163888931274414
2018-01-15,0.2152777761220932
2018-01-16,1.6006944179534912
2018-01-17,0.5833333134651184
2018-01-18,0.3083333373069763
2018-01-19,0.08194444328546524
2018-01-20,0.30416667461395264
2018-01-21,-0.0902777761220932
2018-01-22,0.1319444477558136
2018-01-23,3.0597221851348877
2018-01-24,7.0625
2018-01-25,5.704166889190674
2018-01-26,4.246527671813965
2018-01-27,3.25
2018-01-28,5.97569465637207
2018-01-29,6.204166889190674
2018-01-30,4.80555534362793
2018-01-31,3.7173612117767334
2018-02-01,3.027777671813965
2018-02-02,0.20000000298023224
2018-02-03,-2.425694465637207
2018-02-04,-1.2284722328186035
2018-02-05,-2.160416603088379
2018-02-06,-3.375
2018-02-07,-0.0555555559694767
2018-02-08,0.23333333432674408
2018-02-09,-1.2854167222976685
2018-02-10,-0.8180555701255798
2018-02-11,1.6409722566604614
2018-02-12,2.2708332538604736
2018-02-13,1.0020833015441895
2018-02-14,0.29652777314186096
2018-02-15,0.6694444417953491
2018-02-16,3.2409722805023193
2018-02-17,2.2673611640930176
2018-02-18,1.5979167222976685
2018-02-19,2.0756945610046387
2018-02-20,1.0951389074325562
2018-02-21,0.7458333373069763
2018-02-22,0.5791666507720947
2018-02-23,-0.7777777910232544
2018-02-24,-1.1659722328186035
2018-02-25,-3.5444445610046387
2018-02-26,-4.72534704208374
2018-02-27,-6.503472328186035
2018-02-28,-7.543055534362793
2018-03-01,-5.986527919769287
2018-03-02,-3.719444513320923
2018-03-03,-2.050694465637207
2018-03-04,-2.5284721851348877
2018-03-05,0.4277777671813965
2018-03-06,1.5868055820465088
2018-03-07,0.6972222328186035
2018-03-08,0.5652777552604675
2018-03-09,0.31111112236976624
2018-03-10,0.19305555522441864
2018-03-11,3.04236102104187
2018-03-12,3.7055554389953613
2018-03-13,1.7972222566604614
2018-03-14,1.8430556058883667
2018-03-15,0.8534722328186035
2018-03-16,-1.7361111640930176
2018-03-17,-3.0652778148651123
2018-03-18,-1.7222222089767456
2018-03-19,-0.07500000298023224
2018-03-20,2.2722222805023193
2018-03-21,2.7681944370269775
2018-03-22,3.9472222328186035
2018-03-23,2.936805486679077
2018-03-24,4.702083110809326
2018-03-25,2.6590278148651123
2018-03-26,3.7444443702697754
2018-03-27,2.2013888359069824
2018-03-28,0.5083333253860474
2018-03-29,0.3333333432674408
2018-03-30,1.019444465637207
2018-03-31,0.8902778029441833
2018-04-01,1.9249999523162842
2018-04-02,2.6624999046325684
2018-04-03,5.21180534362793
2018-04-04,8.89513874053955
2018-04-05,5.14930534362793
2018-04-06,5.75694465637207
2018-04-07,9.033333778381348
2018-04-08,12.088889122009277
2018-04-09,8.240278244018555
2018-04-10,7.72777795791626
2018-04-11,7.4666666984558105
2018-04-12,8.586111068725586
2018-04-13,11.755555152893066
2018-04-14,10.063888549804688
2018-04-15,7.597222328186035
2018-04-16,9.473610877990723
2018-04-17,10.156944274902344
2018-04-18,12.589583396911621
2018-04-19,16.636110305786133
2018-04-20,13.802778244018555
2018-04-21,9.052778244018555
2018-04-22,10.410416603088379
2018-04-23,9.275694847106934
2018-04-24,8.288888931274414
2018-04-25,7.122222423553467
2018-04-26,7.671527862548828
2018-04-27,8.844444274902344
2018-04-28,7.885416507720947
2018-04-29,9.469444274902344
2018-04-30,9.258333206176758
2018-05-01,7.6347222328186035
2018-05-02,9.202083587646484
2018-05-03,7.762916564941406
2018-05-04,7.9708333015441895
2018-05-05,10.953472137451172
2018-05-06,14.434721946716309
2018-05-07,17.255556106567383
2018-05-08,18.174999237060547
2018-05-09,19.016666412353516
2018-05-10,12.992361068725586
2018-05-11,10.85694408416748
2018-05-12,12.688194274902344
2018-05-13,16.799999237060547
2018-05-14,19.22916603088379
2018-05-15,19.60763931274414
2018-05-16,13.872221946716309
2018-05-17,12.658333778381348
2018-05-18,14.271528244018555
2018-05-19,13.610416412353516
2018-05-20,15.373055458068848
2018-05-21,14.931249618530273
2018-05-22,17.161806106567383
2018-05-23,17.450695037841797
2018-05-24,18.243749618530273
2018-05-25,18.726388931274414
2018-05-26,19.795833587646484
2018-05-27,18.56944465637207
2018-05-28,18.773611068725586
2018-05-29,19.67569351196289
2018-05-30,22.047222137451172
2018-05-31,20.592361450195312
2018-06-01,20.905834197998047
2018-06-02,21.039583206176758
2018-06-03,17.374305725097656
2018-06-04,16.15416717529297
2018-06-05,18.056943893432617
2018-06-06,18.46875
2018-06-07,19.247222900390625
2018-06-08,19.63541603088379
2018-06-09,19.638195037841797
2018-06-10,15.466666221618652
2018-06-11,13.692360877990723
2018-06-12,12.863194465637207
2018-06-13,12.63194465637207
2018-06-14,14.220833778381348
2018-06-15,14.274999618530273
2018-06-16,13.63194465637207
2018-06-17,13.561111450195312
2018-06-18,14.01319408416748
2018-06-19,13.94861125946045
2018-06-20,14.85763931274414
2018-06-21,11.870833396911621
2018-06-22,11.695138931274414
2018-06-23,12.810416221618652
2018-06-24,14.315972328186035
2018-06-25,14.202777862548828
2018-06-26,15.058333396911621
2018-06-27,16.977083206176758
2018-06-28,17.392013549804688
2018-06-29,18.24791717529297
2018-06-30,18.498611450195312
2018-07-01,17.834028244018555
2018-07-02,17.36458396911621
2018-07-03,15.21583366394043
2018-07-04,14.990972518920898
2018-07-05,14.377083778381348
2018-07-06,14.404166221618652
2018-07-07,14.916666984558105
2018-07-08,15.258193969726562
2018-07-09,13.795833587646484
2018-07-10,18.28611183166504
2018-07-11,20.85069465637207
2018-07-12,18.601388931274414
2018-07-13,15.038888931274414
2018-07-14,15.095138549804688
2018-07-15,17.414583206176758
2018-07-16,20.340972900390625
2018-07-17,22.030555725097656
2018-07-18,17.649999618530273
2018-07-19,15.765277862548828
2018-07-20,17.031944274902344
2018-07-21,17.120832443237305
2018-07-22,17.84861183166504
2018-07-23,19.23958396911621
2018-07-24,21.700695037841797
2018-07-25,21.063194274902344
2018-07-26,23.844444274902344
2018-07-27,25.893054962158203
2018-07-28,22.075695037841797
2018-07-29,20.01388931274414
2018-07-30,23.021528244018555
2018-07-31,21.608333587646484
2018-08-01,18.55069351196289
2018-08-02,18.773611068725586
2018-08-03,19.811805725097656
2018-08-04,18.971527099609375
2018-08-05,17.78819465637207
2018-08-06,18.677778244018555
2018-08-07,23.4753475189209
2018-08-08,21.98611068725586
2018-08-09,18.75347137451172
2018-08-10,16.39347267150879
2018-08-11,14.47986125946045
2018-08-12,13.807777404785156
2018-08-13,16.69236183166504
2018-08-14,16.60416603088379
2018-08-15,17.992361068725586
2018-08-16,18.518054962158203
2018-08-17,16.577083587646484
2018-08-18,16.750694274902344
2018-08-19,17.956249237060547
2018-08-20,15.85486125946045
2018-08-21,15.809721946716309
2018-08-22,19.399999618530273
2018-08-23,17.768054962158203
2018-08-24,13.836111068725586
2018-08-25,12.28125
2018-08-26,13.175694465637207
2018-08-27,14.63194465637207
2018-08-28,15.58680534362793
2018-08-29,16.59861183166504
2018-08-30,15.087499618530273
2018-08-31,15.241666793823242
2018-09-01,14.745139122009277
2018-09-02,15.463889122009277
2018-09-03,16.63194465637207
2018-09-04,17.133333206176758
2018-09-05,16.47569465637207
2018-09-06,17.478471755981445
2018-09-07,14.272222518920898
2018-09-08,12.985416412353516
2018-09-09,16.106945037841797
2018-09-10,15.468055725097656
2018-09-11,14.477777481079102
2018-09-12,13.815972328186035
2018-09-13,12.68055534362793
2018-09-14,13.630555152893066
2018-09-15,12.379166603088379
2018-09-16,13.261458396911621
2018-09-17,16.56041717529297
2018-09-18,17.620832443237305
2018-09-19,17.50208282470703
2018-09-20,14.113194465637207
2018-09-21,14.188194274902344
2018-09-22,11.58263874053955
2018-09-23,10.649999618530273
2018-09-24,9.409722328186035
2018-09-25,10.086111068725586
2018-09-26,14.126388549804688
2018-09-27,14.259027481079102
2018-09-28,10.14513874053955
2018-09-29,10.64930534362793
2018-09-30,11.068750381469727
2018-10-01,8.507638931274414
2018-10-02,9.777083396911621
2018-10-03,9.81944465637207
2018-10-04,12.109722137451172
2018-10-05,14.122916221618652
2018-10-06,8.80555534362793
2018-10-07,8.395833015441895
2018-10-08,12.720833778381348
2018-10-09,13.420833587646484
2018-10-10,12.73263931274414
2018-10-11,14.14916706085205
2018-10-12,14.873611450195312
2018-10-13,17.744443893432617
2018-10-14,15.893750190734863
2018-10-15,12.391666412353516
2018-10-16,11.717361450195312
2018-10-17,13.662500381469727
2018-10-18,9.92430591583252
2018-10-19,8.671527862548828
2018-10-20,10.429166793823242
2018-10-21,12.735416412353516
2018-10-22,9.822221755981445
2018-10-23,10.896528244018555
2018-10-24,9.557639122009277
2018-10-25,9.58680534362793
2018-10-26,8.225000381469727
2018-10-27,3.6458332538604736
2018-10-28,1.318055510520935
2018-10-29,3.4361112117767334
2018-10-30,6.705555438995361
2018-10-31,7.371527671813965
2018-11-01,9.184721946716309
2018-11-02,8.696527481079102
2018-11-03,6.329166889190674
2018-11-04,5.601388931274414
2018-11-05,8.992361068725586
2018-11-06,9.327083587646484
2018-11-07,8.628472328186035
2018-11-08,8.751388549804688
2018-11-09,7.110416889190674
2018-11-10,9.916666984558105
2018-11-11,10.748611450195312
2018-11-12,9.033333778381348
2018-11-13,9.209722518920898
2018-11-14,9.348610877990723
2018-11-15,8.109722137451172
2018-11-16,5.764583110809326
2018-11-17,3.183333396911621
2018-11-18,3.5368056297302246
2018-11-19,3.8840277194976807
2018-11-20,4.67847204208374
2018-11-21,4.922222137451172
2018-11-22,4.094444274902344
2018-11-23,1.5715277194976807
2018-11-24,1.7076388597488403
2018-11-25,1.368749976158142
2018-11-26,-0.8847222328186035
2018-11-27,-0.6534722447395325
2018-11-28,0.956944465637207
2018-11-29,5.295138835906982
2018-11-30,8.000694274902344
2018-12-01,5.918055534362793
2018-12-02,7.617361068725586
2018-12-03,8.859722137451172
2018-12-04,4.623610973358154
2018-12-05,3.308333396911621
2018-12-06,5.7791666984558105
2018-12-07,8.368749618530273
2018-12-08,7.074305534362793
2018-12-09,5.885416507720947
2018-12-10,5.246527671813965
2018-12-11,2.863194465637207
2018-12-12,2.593055486679077
2018-12-13,1.0645833015441895
2018-12-14,1.0
2018-12-15,0.4201388955116272
2018-12-16,0.14027777314186096
2018-12-17,0.16527777910232544
2018-12-18,3.300694465637207
2018-12-19,3.7756943702697754
2018-12-20,5.148611068725586
2018-12-21,5.1854166984558105
2018-12-22,2.1854166984558105
2018-12-23,2.3486111164093018
2018-12-24,3.3333332538604736
2018-12-25,6.186110973358154
2018-12-26,6.877777576446533
2018-12-27,7.171527862548828
2018-12-28,6.730555534362793
2018-12-29,7.079861164093018
2018-12-30,5.135416507720947
2018-12-31,6.934722423553467
2019-01-01,5.9395833015441895
2019-01-02,1.9583333730697632
2019-01-03,0.3263888955116272
2019-01-04,6.74097204208374
2019-01-05,6.457638740539551
2019-01-06,6.331944465637207
2019-01-07,6.226388931274414
2019-01-08,4.613194465637207
2019-01-09,1.962499976158142
2019-01-10,2.159722328186035
2019-01-11,6.285416603088379
2019-01-12,5.765277862548828
2019-01-13,6.08680534362793
2019-01-14,1.84375
2019-01-15,5.861805438995361
2019-01-16,6.712222099304199
2019-01-17,1.570138931274414
2019-01-18,0.1319444477558136
2019-01-19,-0.5319444537162781
2019-01-20,-0.1076388880610466
2019-01-21,2.277777671813965
2019-01-22,-0.5395833253860474
2019-01-23,-2.961805582046509
2019-01-24,-4.56944465637207
2019-01-25,-4.010416507720947
2019-01-26,0.9465277791023254
2019-01-27,3.344444513320923
2019-01-28,-0.10902778059244156
2019-01-29,0.3819444477558136
2019-01-30,0.21388888359069824
2019-01-31,0.01597222127020359
2019-02-01,0.08749999850988388
2019-02-02,0.4645833373069763
2019-02-03,0.7319444417953491
2019-02-04,2.2763888835906982
2019-02-05,4.116666793823242
2019-02-06,3.5916666984558105
2019-02-07,4.68055534362793
2019-02-08,5.739583492279053
2019-02-09,6.193749904632568
2019-02-10,4.6583333015441895
2019-02-11,3.918750047683716
2019-02-12,3.7590277194976807
2019-02-13,6.249305725097656
2019-02-14,5.418749809265137
2019-02-15,4.6152777671813965
2019-02-16,5.8965277671813965
2019-02-17,6.744444370269775
2019-02-18,5.53125
2019-02-19,6.047916889190674
2019-02-20,5.824305534362793
2019-02-21,6.713889122009277
2019-02-22,3.319444417953491
2019-02-23,2.445833444595337
2019-02-24,3.8499999046325684
2019-02-25,2.9277777671813965
2019-02-26,5.110138893127441
2019-02-27,5.699305534362793
2019-02-28,5.269444465637207
2019-03-01,3.704305648803711
2019-03-02,2.5645833015441895
2019-03-03,6.7479166984558105
2019-03-04,6.470139026641846
2019-03-05,5.025694370269775
2019-03-06,5.6347222328186035
2019-03-07,7.7166666984558105
2019-03-08,6.112500190734863
2019-03-09,6.199999809265137
2019-03-10,6.199999809265137
2019-03-11,6.199999809265137
2019-03-12,6.199999809265137
2019-03-13,6.108333110809326
2019-03-14,5.102083206176758
2019-03-15,5.150000095367432
2019-03-16,5.847916603088379
2019-03-17,6.4041666984558105
2019-03-18,6.737500190734863
2019-03-19,2.3333332538604736
2019-03-20,1.899999976158142
2019-03-21,1.899999976158142
2019-03-22,1.899999976158142
2019-03-23,1.899999976158142
2019-03-24,1.899999976158142
2019-03-25,1.899999976158142
2019-03-26,1.899999976158142
2019-03-27,1.899999976158142
2019-03-28,6.022777557373047
2019-03-29,7.770138740539551
2019-03-30,6.792361259460449
2019-03-31,3.988194465637207
2019-04-01,2.726388931274414
2019-04-02,6.932639122009277
2019-04-03,8.67430591583252
2019-04-04,9.293055534362793
2019-04-05,10.387499809265137
2019-04-06,11.45763874053955
2019-04-07,10.943750381469727
2019-04-08,5.940972328186035
2019-04-09,3.21875
2019-04-10,1.7944444417953491
2019-04-11,2.613194465637207
2019-04-12,2.183333396911621
2019-04-13,3.1458332538604736
2019-04-14,4.13194465637207
2019-04-15,5.1875
2019-04-16,5.440972328186035
2019-04-17,9.122221946716309
2019-04-18,10.758333206176758
2019-04-19,12.146249771118164
2019-04-20,11.745139122009277
2019-04-21,11.560416221618652
2019-04-22,12.331250190734863
2019-04-23,13.087499618530273
2019-04-24,12.737500190734863
2019-04-25,14.300694465637207
2019-04-26,11.95486068725586
2019-04-27,11.186805725097656
2019-04-28,10.893750190734863
2019-04-29,12.904861450195312
2019-04-30,10.581250190734863
2019-05-01,8.222916603088379
2019-05-02,7.739583492279053
2019-05-03,4.971527576446533
2019-05-04,4.794444561004639
2019-05-05,6.654860973358154
2019-05-06,5.88194465637207
2019-05-07,5.69777774810791
2019-05-08,7.388194561004639
2019-05-09,11.040277481079102
2019-05-10,8.043055534362793
2019-05-11,7.625
2019-05-12,8.165277481079102
2019-05-13,7.545138835906982
2019-05-14,8.288888931274414
2019-05-15,10.143750190734863
2019-05-16,12.477777481079102
2019-05-17,10.47986125946045
2019-05-18,13.436805725097656
2019-05-19,15.216666221618652
2019-05-20,16.28611183166504
2019-05-21,14.571527481079102
2019-05-22,10.341666221618652
2019-05-23,11.690278053283691
2019-05-24,10.316666603088379
2019-05-25,10.428472518920898
2019-05-26,9.929166793823242
2019-05-27,10.495833396911621
2019-05-28,8.803472518920898
2019-05-29,9.135416984558105
2019-05-30,11.628472328186035
2019-05-31,12.872221946716309
2019-06-01,12.791666984558105
2019-06-02,16.788888931274414
2019-06-03,15.117361068725586
2019-06-04,14.310416221618652
2019-06-05,17.594444274902344
2019-06-06,16.575695037841797
2019-06-07,15.14236068725586
2019-06-08,13.78125
2019-06-09,13.065972328186035
2019-06-10,13.032638549804688
2019-06-11,15.052778244018555
2019-06-12,15.54236125946045
2019-06-13,15.86111068725586
2019-06-14,16.238889694213867
2019-06-15,15.337499618530273
2019-06-16,14.882638931274414
2019-06-17,16.225000381469727
2019-06-18,17.893054962158203
2019-06-19,18.759721755981445
2019-06-20,15.078472137451172
2019-06-21,13.29236125946045
2019-06-22,13.532638549804688
2019-06-23,16.25
2019-06-24,18.30069351196289
2019-06-25,22.938194274902344
2019-06-26,17.04305648803711
2019-06-27,13.887499809265137
2019-06-28,14.625
2019-06-29,15.364583015441895
2019-06-30,17.55208396911621
2019-07-01,15.254166603088379
2019-07-02,12.479166984558105
2019-07-03,12.257638931274414
2019-07-04,12.650694847106934
2019-07-05,13.887499809265137
2019-07-06,13.268750190734863
2019-07-07,12.422916412353516
2019-07-08,12.662500381469727
2019-07-09,13.735416412353516
2019-07-10,14.213889122009277
2019-07-11,14.6875
2019-07-12,16.38194465637207
2019-07-13,14.403471946716309
2019-07-14,14.109027862548828
2019-07-15,14.376388549804688
2019-07-16,15.717361450195312
2019-07-17,15.402083396911621
2019-07-18,17.345138549804688
2019-07-19,16.76041603088379
2019-07-20,17.340972900390625
2019-07-21,15.64513874053955
2019-07-22,15.220833778381348
2019-07-23,19.290971755981445
2019-07-24,22.74652862548828
2019-07-25,25.202083587646484
2019-07-26,24.10555648803711
2019-07-27,22.034027099609375
2019-07-28,20.632638931274414
2019-07-29,20.594444274902344
2019-07-30,18.407638549804688
2019-07-31,15.973610877990723
2019-08-01,17.00486183166504
2019-08-02,17.457639694213867
2019-08-03,17.08194351196289
2019-08-04,16.240278244018555
2019-08-05,17.24791717529297
2019-08-06,17.853471755981445
2019-08-07,16.338193893432617
2019-08-08,16.29201316833496
2019-08-09,17.46875
2019-08-10,18.424999237060547
2019-08-11,17.856945037841797
2019-08-12,16.181249618530273
2019-08-13,14.065278053283691
2019-08-14,14.014583587646484
2019-08-15,14.911110877990723
2019-08-16,15.714583396911621
2019-08-17,16.493749618530273
2019-08-18,14.213889122009277
2019-08-19,15.225000381469727
2019-08-20,14.79513931274414
2019-08-21,14.64305591583252
2019-08-22,16.441667556762695
2019-08-23,17.95486068725586
2019-08-24,18.580554962158203
2019-08-25,20.63680648803711
2019-08-26,21.67569351196289
2019-08-27,22.688888549804688
2019-08-28,22.50694465637207
2019-08-29,16.80069351196289
2019-08-30,16.125694274902344
2019-08-31,19.36319351196289
2019-09-01,15.290277481079102
2019-09-02,13.703472137451172
2019-09-03,14.942360877990723
2019-09-04,15.218055725097656
2019-09-05,12.286805152893066
2019-09-06,11.688888549804688
2019-09-07,12.844444274902344
2019-09-08,12.908333778381348
2019-09-09,12.977777481079102
2019-09-10,14.336250305175781
2019-09-11,13.56944465637207
2019-09-12,14.683333396911621
2019-09-13,13.402083396911621
2019-09-14,13.69444465637207
2019-09-15,14.041666984558105
2019-09-16,12.18055534362793
2019-09-17,10.613194465637207
2019-09-18,10.983333587646484
2019-09-19,10.818055152893066
2019-09-20,12.88819408416748
2019-09-21,13.022916793823242
2019-09-22,14.065278053283691
2019-09-23,14.632638931274414
2019-09-24,14.125694274902344
2019-09-25,13.600000381469727
2019-09-26,14.42638874053955
2019-09-27,14.21180534362793
2019-09-28,12.92430591583252
2019-09-29,12.980555534362793
2019-09-30,11.315278053283691
2019-10-01,8.658333778381348
2019-10-02,8.943055152893066
2019-10-03,7.886111259460449
2019-10-04,8.063194274902344
2019-10-05,6.035416603088379
2019-10-06,4.9083333015441895
2019-10-07,5.620139122009277
2019-10-08,10.653471946716309
2019-10-09,10.061805725097656
2019-10-10,10.472916603088379
2019-10-11,12.032638549804688
2019-10-12,12.037500381469727
2019-10-13,11.20555591583252
2019-10-14,11.790277481079102
2019-10-15,12.510416984558105
2019-10-16,11.755555152893066
2019-10-17,10.804861068725586
2019-10-18,10.770833015441895
2019-10-19,10.954166412353516
2019-10-20,10.054166793823242
2019-10-21,8.76319408416748
2019-10-22,10.429166793823242
2019-10-23,11.186111450195312
2019-10-24,12.14305591583252
2019-10-25,11.314583778381348
2019-10-26,10.735416412353516
2019-10-27,9.184027671813965
2019-10-28,6.943749904632568
2019-10-29,4.361805438995361
2019-10-30,3.8333332538604736
2019-10-31,5.368888854980469
2019-11-01,3.1194443702697754
2019-11-02,7.318055629730225
2019-11-03,9.127083778381348
2019-11-04,8.41694450378418
2019-11-05,4.138194561004639
2019-11-06,2.816666603088379
2019-11-07,3.3965277671813965
2019-11-08,5.617361068725586
2019-11-09,3.0909721851348877
2019-11-10,3.9548611640930176
2019-11-11,4.769444465637207
2019-11-12,4.59375
2019-11-13,3.371527671813965
2019-11-14,3.660416603088379
2019-11-15,5.904860973358154
2019-11-16,7.64722204208374
2019-11-17,6.858333110809326
2019-11-18,6.44652795791626
2019-11-19,6.46180534362793
2019-11-20,5.190972328186035
2019-11-21,5.39930534362793
2019-11-22,7.375694274902344
2019-11-23,7.581250190734863
2019-11-24,6.594444274902344
2019-11-25,5.4354166984558105
2019-11-26,5.44444465637207
2019-11-27,7.526389122009277
2019-11-28,6.770138740539551
2019-11-29,2.5993056297302246
2019-11-30,2.9090278148651123
2019-12-01,1.9590277671813965
2019-12-02,3.277777671813965
2019-12-03,5.7715277671813965
2019-12-04,7.238888740539551
2019-12-05,8.104166984558105
2019-12-06,9.48194408416748
2019-12-07,7.051388740539551
2019-12-08,8.018750190734863
2019-12-09,5.463889122009277
2019-12-10,4.179861068725586
2019-12-11,5.49305534362793
2019-12-12,3.406944513320923
2019-12-13,2.4388887882232666
2019-12-14,3.5652778148651123
2019-12-15,5.022916793823242
2019-12-16,5.847916603088379
2019-12-17,5.77430534362793
2019-12-18,5.085416793823242
2019-12-19,5.809027671813965
2019-12-20,6.3104166984558105
2019-12-21,6.636111259460449
2019-12-22,4.96180534362793
2019-12-23,5.602083206176758
2019-12-24,5.633333206176758
2019-12-25,4.800694465637207
2019-12-26,3.0020833015441895
2019-12-27,0.02500000037252903
2019-12-28,-0.5965277552604675
2019-12-29,5.405555725097656
2019-12-30,7.642361164093018
2019-12-31,6.040625095367432
2020-01-01,5.4302778244018555
2020-01-02,6.079861164093018
2020-01-03,6.5916666984558105
2020-01-04,4.411110877990723
2020-01-05,5.345139026641846
2020-01-06,6.589583396911621
2020-01-07,6.68055534362793
2020-01-08,7.456250190734863
2020-01-09,5.99305534362793
2020-01-10,4.2833333015441895
2020-01-11,5.808333396911621
2020-01-12,7.136111259460449
2020-01-13,5.104166507720947
2020-01-14,7.5722222328186035
2020-01-15,7.363194465637207
2020-01-16,6.424305438995361
2020-01-17,6.648611068725586
2020-01-18,5.443055629730225
2020-01-19,5.14722204208374
2020-01-20,6.13402795791626
2020-01-21,6.479166507720947
2020-01-22,5.3729166984558105
2020-01-23,5.893750190734863
2020-01-24,6.343055725097656
2020-01-25,5.921527862548828
2020-01-26,4.982638835906982
2020-01-27,6.208333492279053
2020-01-28,5.104166507720947
2020-01-29,5.134860992431641
2020-01-30,6.91527795791626
2020-01-31,7.5527777671813965
2020-02-01,7.863194465637207
2020-02-02,4.3847222328186035
2020-02-03,5.0916666984558105
2020-02-04,3.4118056297302246
2020-02-05,3.3722221851348877
2020-02-06,6.39722204208374
2020-02-07,4.964583396911621
2020-02-08,3.726388931274414
2020-02-09,6.828472137451172
2020-02-10,5.401389122009277
2020-02-11,4.361805438995361
2020-02-12,4.337500095367432
2020-02-13,3.51111102104187
2020-02-14,3.8930554389953613
2020-02-15,7.152083396911621
2020-02-16,8.179861068725586
2020-02-17,6.699305534362793
2020-02-18,5.4277777671813965
2020-02-19,4.692360877990723
2020-02-20,5.659027576446533
2020-02-21,6.013194561004639
2020-02-22,6.7284722328186035
2020-02-23,5.094444274902344
2020-02-24,3.7131943702697754
2020-02-25,3.6152777671813965
2020-02-26,1.0895832777023315
2020-02-27,1.918055534362793
2020-02-28,4.378472328186035
2020-02-29,5.013888835906982
2020-03-01,5.197916507720947
2020-03-02,4.539583206176758
2020-03-03,4.366666793823242
2020-03-04,3.36388897895813
2020-03-05,3.288194417953491
2020-03-06,2.403611183166504
2020-03-07,2.8256945610046387
2020-03-08,6.723610877990723
2020-03-09,6.599305629730225
2020-03-10,6.388888835906982
2020-03-11,6.718055725097656
2020-03-12,5.831944465637207
2020-03-13,3.8381943702697754
2020-03-14,2.0604166984558105
2020-03-15,7.020833492279053
2020-03-16,6.7909722328186035
2020-03-17,6.862500190734863
2020-03-18,7.306250095367432
2020-03-19,5.6777777671813965
2020-03-20,4.545833110809326
2020-03-21,2.585416555404663
2020-03-22,1.8520833253860474
2020-03-23,2.106250047683716
2020-03-24,3.624305486679077
2020-03-25,4.424305438995361
2020-03-26,4.768055438995361
2020-03-27,4.404860973358154
2020-03-28,5.029860973358154
2020-03-29,2.7368054389953613
2020-03-30,4.429305553436279
2020-03-31,3.1381945610046387
2020-04-01,6.131249904632568
2020-04-02,5.734027862548828
2020-04-03,4.008333206176758
2020-04-04,5.0625
2020-04-05,8.839583396911621
2020-04-06,11.672916412353516
2020-04-07,8.952083587646484
2020-04-08,8.634027481079102
2020-04-09,6.839583396911621
2020-04-10,4.968055725097656
2020-04-11,5.563889026641846
2020-04-12,8.445833206176758
2020-04-13,4.5097222328186035
2020-04-14,4.9083333015441895
2020-04-15,7.452083110809326
2020-04-16,7.544444561004639
2020-04-17,7.763194561004639
2020-04-18,7.371527671813965
2020-04-19,8.682639122009277
2020-04-20,10.001388549804688
2020-04-21,10.686805725097656
2020-04-22,11.688194274902344
2020-04-23,11.14930534362793
2020-04-24,8.056249618530273
2020-04-25,8.632638931274414
2020-04-26,7.1541666984558105
2020-04-27,6.856249809265137
2020-04-28,7.114583492279053
2020-04-29,7.224305629730225
2020-04-30,8.07361125946045
2020-05-01,7.58472204208374
2020-05-02,8.526389122009277
2020-05-03,8.070833206176758
2020-05-04,7.29027795791626
2020-05-05,7.734722137451172
2020-05-06,7.604166507720947
2020-05-07,8.598610877990723
2020-05-08,9.393750190734863
2020-05-09,11.95486068725586
2020-05-10,7.07152795791626
2020-05-11,5.952777862548828
2020-05-12,5.6152777671813965
2020-05-13,5.325694561004639
2020-05-14,6.801388740539551
2020-05-15,8.762499809265137
2020-05-16,9.238194465637207
2020-05-17,9.738194465637207
2020-05-18,10.089027404785156
2020-05-19,10.728471755981445
2020-05-20,11.593055725097656
2020-05-21,14.320138931274414
2020-05-22,13.784722328186035
2020-05-23,11.492361068725586
2020-05-24,10.60486125946045
2020-05-25,11.67013931274414
2020-05-26,11.727083206176758
2020-05-27,11.561805725097656
2020-05-28,10.202777862548828
2020-05-29,10.995833396911621
2020-05-30,15.259027481079102
2020-05-31,15.820138931274414
2020-06-01,16.809722900390625
2020-06-02,16.08333396911621
2020-06-03,15.247916221618652
2020-06-04,11.89513874053955
2020-06-05,11.152083396911621
2020-06-06,10.285416603088379
2020-06-07,11.26805591583252
2020-06-08,10.693750381469727
2020-06-09,10.824999809265137
2020-06-10,13.88194465637207
2020-06-11,17.386110305786133
2020-06-12,16.89930534362793
2020-06-13,18.03472137451172
2020-06-14,18.08194351196289
2020-06-15,17.81972312927246
2020-06-16,18.16805648803711
2020-06-17,19.043750762939453
2020-06-18,19.313888549804688
2020-06-19,16.05902862548828
2020-06-20,16.002777099609375
2020-06-21,16.98055648803711
2020-06-22,15.783333778381348
2020-06-23,16.40972137451172
2020-06-24,19.546527862548828
2020-06-25,21.01041603088379
2020-06-26,22.169445037841797
2020-06-27,20.582639694213867
2020-06-28,16.505556106567383
2020-06-29,13.952777862548828
2020-06-30,13.73888874053955
2020-07-01,14.770833015441895
2020-07-02,13.76736068725586
2020-07-03,12.571527481079102
2020-07-04,14.885416984558105
2020-07-05,15.117361068725586
2020-07-06,12.734027862548828
2020-07-07,12.30555534362793
2020-07-08,12.115972518920898
2020-07-09,12.533333778381348
2020-07-10,11.6875
2020-07-11,13.039583206176758
2020-07-12,13.643750190734863
2020-07-13,14.841666221618652
2020-07-14,14.534028053283691
2020-07-15,14.043055534362793
2020-07-16,14.894444465637207
2020-07-17,15.337499618530273
2020-07-18,18.094444274902344
2020-07-19,16.500694274902344
2020-07-20,14.077777862548828
2020-07-21,13.833333015441895
2020-07-22,13.125694274902344
2020-07-23,12.947916984558105
2020-07-24,15.056249618530273
2020-07-25,15.530555725097656
2020-07-26,16.093055725097656
2020-07-27,15.568055152893066
2020-07-28,15.352083206176758
2020-07-29,13.293749809265137
2020-07-30,14.154166221618652
2020-07-31,16.561111450195312
2020-08-01,18.919445037841797
2020-08-02,15.686805725097656
2020-08-03,14.404861450195312
2020-08-04,14.13611125946045
2020-08-05,16.146528244018555
2020-08-06,20.01944351196289
2020-08-07,22.520139694213867
2020-08-08,22.85069465637207
2020-08-09,20.896528244018555
2020-08-10,21.987499237060547
2020-08-11,22.538820266723633
2020-08-12,21.552778244018555
2020-08-13,21.690277099609375
2020-08-14,20.795833587646484
2020-08-15,20.1472225189209
2020-08-16,22.764583587646484
2020-08-17,23.32291603088379
2020-08-18,18.55555534362793
2020-08-19,17.948610305786133
2020-08-20,18.054166793823242
2020-08-21,20.299304962158203
2020-08-22,17.896528244018555
2020-08-23,15.497221946716309
2020-08-24,13.932639122009277
2020-08-25,14.248611450195312
2020-08-26,15.931249618530273
2020-08-27,14.127778053283691
2020-08-28,13.318055152893066
2020-08-29,14.728471755981445
2020-08-30,14.134721755981445
2020-08-31,13.95763874053955
2020-09-01,13.809721946716309
2020-09-02,15.064583778381348
2020-09-03,13.839583396911621
2020-09-04,15.539305686950684
2020-09-05,13.130555152893066
2020-09-06,12.238194465637207
2020-09-07,13.26805591583252
2020-09-08,15.875
2020-09-09,15.738194465637207
2020-09-10,12.777777671813965
2020-09-11,13.471528053283691
2020-09-12,14.502778053283691
2020-09-13,15.593055725097656
2020-09-14,17.28819465637207
2020-09-15,17.235416412353516
2020-09-16,13.140277862548828
2020-09-17,10.411110877990723
2020-09-18,9.977083206176758
2020-09-19,10.456250190734863
2020-09-20,11.553472518920898
2020-09-21,12.141666412353516
2020-09-22,12.123611450195312
2020-09-23,14.97569465637207
2020-09-24,13.581250190734863
2020-09-25,11.874305725097656
2020-09-26,12.58680534362793
2020-09-27,16.286806106567383
2020-09-28,14.699999809265137
2020-09-29,13.083333015441895
2020-09-30,13.664583206176758
2020-10-01,14.083333015441895
2020-10-02,14.499305725097656
2020-10-03,15.38611125946045
2020-10-04,13.050000190734863
2020-10-05,11.382638931274414
2020-10-06,11.153471946716309
2020-10-07,11.695833206176758
2020-10-08,10.418749809265137
2020-10-09,9.837499618530273
2020-10-10,7.96180534362793
2020-10-11,7.652777671813965
2020-10-12,8.106249809265137
2020-10-13,9.32361125946045
2020-10-14,7.729861259460449
2020-10-15,6.99097204208374
2020-10-16,7.00902795791626
2020-10-17,8.890277862548828
2020-10-18,8.07361125946045
2020-10-19,7.375694274902344
2020-10-20,9.057639122009277
2020-10-21,12.601388931274414
2020-10-22,12.8125
2020-10-23,11.029861450195312
2020-10-24,11.427778244018555
2020-10-25,11.653194427490234
2020-10-26,9.327777862548828
2020-10-27,9.265277862548828
2020-10-28,9.34375
2020-10-29,8.625
2020-10-30,11.015972137451172
2020-10-31,10.899999618530273
2020-11-01,11.465971946716309
2020-11-02,13.785416603088379
2020-11-03,9.229166984558105
2020-11-04,8.820138931274414
2020-11-05,10.810416221618652
2020-11-06,11.475000381469727
2020-11-07,8.025138854980469
2020-11-08,5.931250095367432
2020-11-09,6.7791666984558105
2020-11-10,6.246527671813965
2020-11-11,4.869166851043701
2020-11-12,7.743750095367432
2020-11-13,8.090971946716309
2020-11-14,8.27430534362793
2020-11-15,11.791666984558105
2020-11-16,9.593055725097656
2020-11-17,11.15625
2020-11-18,11.561805725097656
2020-11-19,6.859027862548828
2020-11-20,4.077777862548828
2020-11-21,9.26111125946045
2020-11-22,8.419722557067871
2020-11-23,7.756249904632568
2020-11-24,10.070138931274414
2020-11-25,8.277083396911621
2020-11-26,7.382638931274414
2020-11-27,2.1895833015441895
2020-11-28,-0.15486110746860504
2020-11-29,0.5548611283302307
2020-11-30,2.0055556297302246
2020-12-01,3.7131943702697754
2020-12-02,3.6513888835906982
2020-12-03,1.9590277671813965
2020-12-04,2.503472328186035
2020-12-05,3.5729167461395264
2020-12-06,3.70763897895813
2020-12-07,6.347222328186035
2020-12-08,4.69652795791626
2020-12-09,4.243750095367432
2020-12-10,3.17638897895813
2020-12-11,2.258333444595337
2020-12-12,3.4597222805023193
2020-12-13,3.1416666507720947
2020-12-14,6.218055725097656
2020-12-15,7.516666889190674
2020-12-16,6.019444465637207
2020-12-17,7.383333206176758
2020-12-18,7.190972328186035
2020-12-19,6.047916889190674
2020-12-20,7.863888740539551
2020-12-21,6.2090277671813965
2020-12-22,7.0177083015441895
2020-12-23,3.58263897895813
2020-12-24,1.7833333015441895
2020-12-25,-0.16805554926395416
2020-12-26,4.142361164093018
2020-12-27,3.8583333492279053
2020-12-28,2.746527671813965
2020-12-29,2.2826387882232666
2020-12-30,3.003472328186035
2020-12-31,2.0833332538604736
2021-01-01,0.9305555820465088
2021-01-02,-0.6388888955116272
2021-01-03,1.5145833492279053
2021-01-04,0.1423611044883728
2021-01-05,1.0027778148651123
2021-01-06,0.011111111380159855
2021-01-07,0.3777777850627899
2021-01-08,-0.06805555522441864
2021-01-09,0.4437499940395355
2021-01-10,2.0326387882232666
2021-01-11,5.242361068725586
2021-01-12,1.9576388597488403
2021-01-13,1.4020832777023315
2021-01-14,-1.1708333492279053
2021-01-15,-1.6458333730697632
2021-01-16,-2.3895833492279053
2021-01-17,-0.47708332538604736
2021-01-18,1.4979166984558105
2021-01-19,3.4159722328186035
2021-01-20,6.690972328186035
2021-01-21,6.193749904632568
2021-01-22,4.8222222328186035
2021-01-23,2.3694443702697754
2021-01-24,1.5305556058883667
2021-01-25,0.10694444179534912
2021-01-26,0.4506944417953491
2021-01-27,1.4951388835906982
2021-01-28,-1.761805534362793
2021-01-29,-2.019444465637207
2021-01-30,-1.6763888597488403
2021-01-31,-0.08819444477558136
2021-02-01,-2.8722221851348877
2021-02-02,-4.213194370269775
2021-02-03,-1.8597222566604614
2021-02-04,-3.6729166507720947
2021-02-05,-4.015972137451172
2021-02-06,-4.659027576446533
2021-02-07,-3.9013888835906982
2021-02-08,-3.1937499046325684
2021-02-09,-4.288888931274414
2021-02-10,-5.460416793823242
2021-02-11,-6.630555629730225
2021-02-12,-7.278472423553467
2021-02-13,-6.038888931274414
2021-02-14,-4.733333110809326
2021-02-15,-0.6270833611488342
2021-02-16,0.5881944298744202
2021-02-17,2.9236111640930176
2021-02-18,5.280555725097656
2021-02-19,4.289583206176758
2021-02-20,7.416666507720947
2021-02-21,7.232638835906982
2021-02-22,6.263888835906982
2021-02-23,6.388194561004639
2021-02-24,10.171527862548828
2021-02-25,7.463194370269775
2021-02-26,5.311110973358154
2021-02-27,5.756249904632568
2021-02-28,4.293055534362793
2021-03-01,3.5398612022399902
2021-03-02,1.131250023841858
2021-03-03,0.6923611164093018
2021-03-04,1.5138888359069824
2021-03-05,0.7562500238418579
2021-03-06,3.148611068725586
2021-03-07,2.9090278148651123
2021-03-08,0.03541666641831398
2021-03-09,0.7006944417953491
2021-03-10,1.1791666746139526
2021-03-11,5.33472204208374
2021-03-12,4.5291666984558105
2021-03-13,3.1194443702697754
2021-03-14,4.1777777671813965
2021-03-15,4.152777671813965
2021-03-16,3.327777862548828
2021-03-17,3.1263887882232666
2021-03-18,2.25
2021-03-19,1.6083333492279053
2021-03-20,3.6965277194976807
2021-03-21,4.838889122009277
2021-03-22,4.827083110809326
2021-03-23,5.001389026641846
2021-03-24,6.449999809265137
2021-03-25,5.117361068725586
2021-03-26,7.393750190734863
2021-03-27,5.373610973358154
2021-03-28,6.234027862548828
2021-03-29,8.710416793823242
2021-03-30,8.76319408416748
2021-03-31,8.697916984558105
2021-04-01,6.6465277671813965
2021-04-02,5.793055534362793
2021-04-03,4.861805438995361
2021-04-04,5.627777576446533
2021-04-05,2.3097221851348877
2021-04-06,3.058333396911621
2021-04-07,4.441666603088379
2021-04-08,4.18055534362793
2021-04-09,4.960416793823242
2021-04-10,3.58263897895813
2021-04-11,1.7916666269302368
2021-04-12,3.5145833492279053
2021-04-13,4.891666889190674
2021-04-14,5.234722137451172
2021-04-15,5.224305629730225
2021-04-16,5.9083333015441895
2021-04-17,8.291666984558105
2021-04-18,10.80555534362793
2021-04-19,12.030555725097656
2021-04-20,9.753472328186035
2021-04-21,6.572916507720947
2021-04-22,6.333333492279053
2021-04-23,6.427083492279053
2021-04-24,4.847222328186035
2021-04-25,4.47569465637207
2021-04-26,4.95972204208374
2021-04-27,5.826388835906982
2021-04-28,6.713194370269775
2021-04-29,7.49097204208374
2021-04-30,6.5916666984558105
2021-05-01,7.593055725097656
2021-05-02,6.873610973358154
2021-05-03,6.8222222328186035
2021-05-04,6.693055629730225
2021-05-05,6.1854166984558105
2021-05-06,5.188194274902344
2021-05-07,5.949305534362793
2021-05-08,7.929861068725586
2021-05-09,13.778471946716309
2021-05-10,13.96875
2021-05-11,12.13194465637207
2021-05-12,10.602777481079102
2021-05-13,9.278471946716309
2021-05-14,9.32638931274414
2021-05-15,8.001388549804688
2021-05-16,9.595833778381348
2021-05-17,9.500694274902344
2021-05-18,9.425694465637207
2021-05-19,9.060416221618652
2021-05-20,8.991666793823242
2021-05-21,9.925000190734863
2021-05-22,9.659722328186035
2021-05-23,8.76805591583252
2021-05-24,9.875
2021-05-25,10.338194847106934
2021-05-26,9.760416984558105
2021-05-27,10.95069408416748
2021-05-28,9.309721946716309
2021-05-29,11.659722328186035
2021-05-30,11.034028053283691
2021-05-31,11.453472137451172
2021-06-01,13.748611450195312
2021-06-02,14.000694274902344
2021-06-03,17.20138931274414
2021-06-04,17.38194465637207
2021-06-05,18.424999237060547
2021-06-06,15.197221755981445
2021-06-07,14.515972137451172
2021-06-08,14.386805534362793
2021-06-09,15.150694847106934
2021-06-10,16.520139694213867
2021-06-11,16.47083282470703
2021-06-12,13.35763931274414
2021-06-13,14.05138874053955
2021-06-14,14.623611450195312
2021-06-15,13.168749809265137
2021-06-16,15.416666984558105
2021-06-17,21.95694351196289
2021-06-18,17.03819465637207
2021-06-19,16.81458282470703
2021-06-20,14.093055725097656
2021-06-21,12.756250381469727
2021-06-22,13.925694465637207
2021-06-23,13.314583778381348
2021-06-24,13.425000190734863
2021-06-25,14.127083778381348
2021-06-26,15.666666984558105
2021-06-27,14.29236125946045
2021-06-28,14.789583206176758
2021-06-29,13.490972518920898
2021-06-30,16.573610305786133
2021-07-01,17.27541732788086
2021-07-02,15.35694408416748
2021-07-03,16.177778244018555
2021-07-04,18.206249237060547
2021-07-05,16.254167556762695
2021-07-06,16.693056106567383
2021-07-07,16.972917556762695
2021-07-08,17.623611450195312
2021-07-09,17.220138549804688
2021-07-10,15.311805725097656
2021-07-11,16.87152862548828
2021-07-12,20.3527774810791
2021-07-13,22.03819465637207
2021-07-14,23.254167556762695
2021-07-15,19.33888816833496
2021-07-16,20.815277099609375
2021-07-17,18.851388931274414
2021-07-18,15.92430591583252
2021-07-19,15.684027671813965
2021-07-20,15.97569465637207
2021-07-21,15.641666412353516
2021-07-22,15.79861068725586
2021-07-23,16.12152862548828
2021-07-24,18.85555648803711
2021-07-25,20.376388549804688
2021-07-26,19.905555725097656
2021-07-27,18.712499618530273
2021-07-28,16.89152717590332
2021-07-29,15.18013858795166
2021-07-30,17.10763931274414
2021-07-31,16.09375
2021-08-01,15.300694465637207
2021-08-02,15.686111450195312
2021-08-03,15.027777671813965
2021-08-04,15.53125
2021-08-05,15.470833778381348
2021-08-06,17.609027862548828
2021-08-07,16.867916107177734
2021-08-08,15.696527481079102
2021-08-09,16.617361068725586
2021-08-10,15.835416793823242
2021-08-11,16.58888816833496
2021-08-12,18.52430534362793
2021-08-13,17.345138549804688
2021-08-14,17.013195037841797
2021-08-15,15.492361068725586
2021-08-16,12.972222328186035
2021-08-17,16.001388549804688
2021-08-18,14.45555591583252
2021-08-19,14.95138931274414
2021-08-20,14.95763874053955
2021-08-21,14.488194465637207
2021-08-22,15.338889122009277
2021-08-23,15.315278053283691
2021-08-24,14.568750381469727
2021-08-25,15.509027481079102
2021-08-26,14.79861068725586
2021-08-27,15.49305534362793
2021-08-28,15.345138549804688
2021-08-29,16.544445037841797
2021-08-30,16.667360305786133
2021-08-31,15.570833206176758
2021-09-01,14.977777481079102
2021-09-02,15.34375
2021-09-03,14.709722518920898
2021-09-04,15.151389122009277
2021-09-05,13.845138549804688
2021-09-06,13.470138549804688
2021-09-07,15.89930534362793
2021-09-08,18.179861068725586
2021-09-09,18.60555648803711
2021-09-10,17.606250762939453
2021-09-11,17.893054962158203
2021-09-12,16.26041603088379
2021-09-13,15.397222518920898
2021-09-14,15.199999809265137
2021-09-15,14.492361068725586
2021-09-16,14.697221755981445
2021-09-17,12.409722328186035
2021-09-18,13.793055534362793
2021-09-19,11.78819465637207
2021-09-20,11.193055152893066
2021-09-21,12.752778053283691
2021-09-22,14.654166221618652
2021-09-23,14.159722328186035
2021-09-24,14.087499618530273
2021-09-25,13.970138549804688
2021-09-26,13.902777671813965
2021-09-27,15.947916984558105
2021-09-28,12.775694847106934
2021-09-29,12.627778053283691
2021-09-30,11.406944274902344
2021-10-01,13.096528053283691
2021-10-02,12.70486068725586
2021-10-03,13.036805152893066
2021-10-04,12.620139122009277
2021-10-05,11.620833396911621
2021-10-06,11.970833778381348
2021-10-07,10.246527671813965
2021-10-08,10.699305534362793
2021-10-09,10.08680534362793
2021-10-10,9.306249618530273
2021-10-11,10.41944408416748
2021-10-12,7.647916793823242
2021-10-13,8.295833587646484
2021-10-14,11.76805591583252
2021-10-15,10.237500190734863
2021-10-16,9.003472328186035
2021-10-17,8.865278244018555
2021-10-18,10.350000381469727
2021-10-19,12.878472328186035
2021-10-20,13.685416221618652
2021-10-21,8.338889122009277
2021-10-22,7.6034722328186035
2021-10-23,8.334722518920898
2021-10-24,9.114583015441895
2021-10-25,9.684027671813965
2021-10-26,10.334722518920898
2021-10-27,13.964583396911621
2021-10-28,12.375
2021-10-29,10.752778053283691
2021-10-30,11.204166412353516
2021-10-31,10.53819465637207
2021-11-01,10.546527862548828
2021-11-02,7.33680534362793
2021-11-03,5.503472328186035
2021-11-04,4.188889026641846
2021-11-05,8.36805534362793
2021-11-06,10.434721946716309
2021-11-07,8.609027862548828
2021-11-08,7.1465277671813965
2021-11-09,10.208333015441895
2021-11-10,10.627778053283691
2021-11-11,8.625
2021-11-12,8.043749809265137
2021-11-13,7.246527671813965
2021-11-14,7.862500190734863
2021-11-15,6.902083396911621
2021-11-16,4.829861164093018
2021-11-17,7.252777576446533
2021-11-18,10.21180534362793
2021-11-19,11.20486068725586
2021-11-20,10.234027862548828
2021-11-21,4.909722328186035
2021-11-22,4.190972328186035
2021-11-23,7.702083110809326
2021-11-24,7.597222328186035
2021-11-25,6.0
2021-11-26,2.715277671813965
2021-11-27,2.5645833015441895
2021-11-28,2.206249952316284
2021-11-29,0.31041666865348816
2021-11-30,2.9659721851348877
2021-12-01,1.131250023841858
2021-12-02,1.131250023841858
2021-12-03,3.1652777194976807
2021-12-04,1.6708333492279053
2021-12-05,0.9354166388511658
2021-12-06,-0.37708333134651184
2021-12-07,1.4819444417953491
2021-12-08,2.129166603088379
2021-12-09,1.679444432258606
2021-12-10,1.9618055820465088
2021-12-11,1.255555510520935
2021-12-12,4.8770833015441895
2021-12-13,8.08680534362793
2021-12-14,5.473610877990723
2021-12-15,8.193750381469727
2021-12-16,6.131249904632568
2021-12-17,7.044444561004639
2021-12-18,7.433333396911621
2021-12-19,5.026389122009277
2021-12-20,0.14861111342906952
2021-12-21,-0.7854166626930237
2021-12-22,1.3395832777023315
2021-12-23,-0.6541666388511658
2021-12-24,-4.338194370269775
2021-12-25,-4.948611259460449
2021-12-26,-6.816666603088379
2021-12-27,-3.277083396911621
2021-12-28,0.6027777791023254
2021-12-29,1.4333332777023315
2021-12-30,7.722916603088379
2021-12-31,7.8145833015441895
2022-01-01,8.275694847106934
2022-01-02,8.315278053283691
2022-01-03,7.300000190734863
2022-01-04,3.4791667461395264
2022-01-05,2.2909722328186035
2022-01-06,0.31736111640930176
2022-01-07,2.706249952316284
2022-01-08,2.6229166984558105
2022-01-09,0.9659722447395325
2022-01-10,1.9826388359069824
2022-01-11,2.964583396911621
2022-01-12,4.469444274902344
2022-01-13,6.791666507720947
2022-01-14,5.493750095367432
2022-01-15,3.367361068725586
2022-01-16,5.416666507720947
2022-01-17,5.107638835906982
2022-01-18,5.401389122009277
2022-01-19,5.1034722328186035
2022-01-20,0.9083333611488342
2022-01-21,3.6347222328186035
2022-01-22,6.204861164093018
2022-01-23,6.008333206176758
2022-01-24,5.170138835906982
2022-01-25,6.162222385406494
2022-01-26,5.734027862548828
2022-01-27,6.206944465637207
2022-01-28,4.448611259460449
2022-01-29,7.029860973358154
2022-01-30,4.902083396911621
2022-01-31,2.2395832538604736
2022-02-01,5.106249809265137
2022-02-02,4.971527576446533
2022-02-03,6.293055534362793
2022-02-04,4.635416507720947
2022-02-05,4.703472137451172
2022-02-06,3.7444443702697754
2022-02-07,4.340277671813965
2022-02-08,6.567360877990723
2022-02-09,6.354861259460449
2022-02-10,3.96875
2022-02-11,1.7493056058883667
2022-02-12,3.156944513320923
2022-02-13,4.167361259460449
2022-02-14,6.918055534362793
2022-02-15,5.105555534362793
2022-02-16,5.356249809265137
2022-02-17,4.988194465637207
2022-02-18,3.6979167461395264
2022-02-19,4.168749809265137
2022-02-20,4.088889122009277
2022-02-21,5.150694370269775
2022-02-22,4.049305438995361
2022-02-23,5.979861259460449
2022-02-24,3.6826388835906982
2022-02-25,4.329861164093018
2022-02-26,2.918750047683716
2022-02-27,1.988194465637207
2022-02-28,3.0965278148651123
2022-03-01,1.7951388359069824
2022-03-02,0.9208333492279053
2022-03-03,2.3347222805023193
2022-03-04,1.5625
2022-03-05,0.5069444179534912
2022-03-06,2.109027862548828
2022-03-07,1.0923610925674438
2022-03-08,3.6118054389953613
2022-03-09,3.530555486679077
2022-03-10,4.197916507720947
2022-03-11,4.1229166984558105
2022-03-12,4.318749904632568
2022-03-13,5.229861259460449
2022-03-14,6.574999809265137
2022-03-15,5.839583396911621
2022-03-16,4.013888835906982
2022-03-17,5.074999809265137
2022-03-18,5.8027777671813965
2022-03-19,4.4708333015441895
2022-03-20,4.282639026641846
2022-03-21,6.213889122009277
2022-03-22,5.934722423553467
2022-03-23,7.359722137451172
2022-03-24,6.474999904632568
2022-03-25,7.4083333015441895
2022-03-26,8.002778053283691
2022-03-27,5.043055534362793
2022-03-28,5.542361259460449
2022-03-29,3.804166555404663
2022-03-30,0.7993055582046509
2022-03-31,1.2145832777023315
2022-04-01,1.269444465637207
2022-04-02,1.443750023841858
2022-04-03,4.0333333015441895
2022-04-04,5.288888931274414
2022-04-05,3.46875
2022-04-06,5.418749809265137
2022-04-07,5.520833492279053
2022-04-08,4.21180534362793
2022-04-09,4.859027862548828
2022-04-10,4.140972137451172
2022-04-11,4.27222204208374
2022-04-12,5.952083110809326
2022-04-13,10.059027671813965
2022-04-14,7.112500190734863
2022-04-15,6.820138931274414
2022-04-16,7.111805438995361
2022-04-17,7.995139122009277
2022-04-18,10.156944274902344
2022-04-19,10.685416221618652
2022-04-20,11.535416603088379
2022-04-21,11.372916221618652
2022-04-22,11.891666412353516
2022-04-23,10.311805725097656
2022-04-24,9.395694732666016
2022-04-25,8.182639122009277
2022-04-26,6.671527862548828
2022-04-27,8.333333015441895
2022-04-28,9.406944274902344
2022-04-29,10.295833587646484
2022-04-30,8.761805534362793
2022-05-01,7.4354166984558105
2022-05-02,7.688889026641846
2022-05-03,9.98263931274414
2022-05-04,7.645833492279053
2022-05-05,7.847222328186035
2022-05-06,10.791666984558105
2022-05-07,9.411110877990723
2022-05-08,10.998611450195312
2022-05-09,12.620833396911621
2022-05-10,11.490972518920898
2022-05-11,10.855555534362793
2022-05-12,10.807639122009277
2022-05-13,10.947221755981445
2022-05-14,10.620139122009277
2022-05-15,10.860416412353516
2022-05-16,13.070138931274414
2022-05-17,15.13888931274414
2022-05-18,16.2902774810791
2022-05-19,14.040277481079102
2022-05-20,11.894444465637207
2022-05-21,11.73680591583252
2022-05-22,12.725000381469727
2022-05-23,15.182639122009277
2022-05-24,12.845833778381348
2022-05-25,12.724305152893066
2022-05-26,11.883333206176758
2022-05-27,10.001388549804688
2022-05-28,10.78819465637207
2022-05-29,10.202083587646484
2022-05-30,9.845833778381348
2022-05-31,9.89236068725586
2022-06-01,9.970833778381348
2022-06-02,10.338889122009277
2022-06-03,10.647222518920898
2022-06-04,11.48194408416748
2022-06-05,13.151389122009277
2022-06-06,14.565278053283691
2022-06-07,11.699999809265137
2022-06-08,12.86180591583252
2022-06-09,13.927083015441895
2022-06-10,14.48263931274414
2022-06-11,14.543055534362793
2022-06-12,13.57638931274414
2022-06-13,12.754166603088379
2022-06-14,13.405555725097656
2022-06-15,12.619444847106934
2022-06-16,14.29236125946045
2022-06-17,15.52430534362793
2022-06-18,15.304861068725586
2022-06-19,12.642499923706055
2022-06-20,12.600000381469727
2022-06-21,13.635416984558105
2022-06-22,13.597916603088379
2022-06-23,17.332639694213867
2022-06-24,19.931249618530273
2022-06-25,18.87708282470703
2022-06-26,18.754167556762695
2022-06-27,13.370139122009277
2022-06-28,15.13819408416748
2022-06-29,17.82291603088379
2022-06-30,19.65277862548828
2022-07-01,15.947221755981445
2022-07-02,15.927083015441895
2022-07-03,17.143054962158203
2022-07-04,14.459028244018555
2022-07-05,13.712499618530273
2022-07-06,14.10694408416748
2022-07-07,15.246527671813965
2022-07-08,14.347222328186035
2022-07-09,14.027777671813965
2022-07-10,13.533333778381348
2022-07-11,15.01319408416748
2022-07-12,17.329166412353516
2022-07-13,16.20694351196289
2022-07-14,13.98888874053955
2022-07-15,13.477777481079102
2022-07-16,13.622221946716309
2022-07-17,15.630555152893066
2022-07-18,18.467361450195312
2022-07-19,21.697221755981445
2022-07-20,24.3840274810791
2022-07-21,16.251388549804688
2022-07-22,14.27013874053955
2022-07-23,13.322221755981445
2022-07-24,16.024999618530273
2022-07-25,18.297222137451172
2022-07-26,14.025694847106934
2022-07-27,13.399999618530273
2022-07-28,13.874305725097656
2022-07-29,15.692360877990723
2022-07-30,16.906944274902344
2022-07-31,16.456249237060547
2022-08-01,14.146528244018555
2022-08-02,14.414583206176758
2022-08-03,19.0
2022-08-04,17.984722137451172
2022-08-05,14.459028244018555
2022-08-06,14.115972518920898
2022-08-07,14.182639122009277
2022-08-08,16.414583206176758
2022-08-09,16.636110305786133
2022-08-10,16.977083206176758
2022-08-11,18.282638549804688
2022-08-12,21.3527774810791
2022-08-13,22.174999237060547
2022-08-14,22.455415725708008
2022-08-15,22.965972900390625
2022-08-16,20.954166412353516
2022-08-17,18.56041717529297
2022-08-18,15.13611125946045
2022-08-19,17.05902862548828
2022-08-20,17.24305534362793
2022-08-21,15.593055725097656
2022-08-22,15.209028244018555
2022-08-23,20.030555725097656
2022-08-24,21.618749618530273
2022-08-25,20.729860305786133
2022-08-26,19.652082443237305
2022-08-27,16.377777099609375
2022-08-28,17.02083396911621
2022-08-29,15.92013931274414
2022-08-30,15.264583587646484
2022-08-31,14.586111068725586
2022-09-01,14.98680591583252
2022-09-02,15.033333778381348
2022-09-03,15.859722137451172
2022-09-04,16.39930534362793
2022-09-05,16.970138549804688
2022-09-06,16.80069351196289
2022-09-07,15.334722518920898
2022-09-08,15.050000190734863
2022-09-09,14.511805534362793
2022-09-10,15.104166984558105
2022-09-11,14.666666984558105
2022-09-12,14.095138549804688
2022-09-13,14.83055591583252
2022-09-14,14.003472328186035
2022-09-15,12.759721755981445
2022-09-16,13.320833206176758
2022-09-17,12.352083206176758
2022-09-18,11.10763931274414
2022-09-19,11.209722518920898
2022-09-20,10.487500190734863
2022-09-21,9.077083587646484
2022-09-22,10.802083015441895
2022-09-23,11.5625
2022-09-24,11.32361125946045
2022-09-25,10.219444274902344
2022-09-26,10.942360877990723
2022-09-27,9.518750190734863
2022-09-28,9.468055725097656
2022-09-29,10.605555534362793
2022-09-30,10.618749618530273
2022-10-01,11.38888931274414
2022-10-02,12.427778244018555
2022-10-03,12.502083778381348
2022-10-04,13.189583778381348
2022-10-05,14.729166984558105
2022-10-06,13.29444408416748
2022-10-07,14.007638931274414
2022-10-08,10.340971946716309
2022-10-09,10.19861125946045
2022-10-10,9.467361450195312
2022-10-11,10.54513931274414
2022-10-12,10.037500381469727
2022-10-13,10.250694274902344
2022-10-14,10.350000381469727
2022-10-15,12.043749809265137
2022-10-16,11.403471946716309
2022-10-17,11.249305725097656
2022-10-18,11.649999618530273
2022-10-19,7.713889122009277
2022-10-20,7.143055438995361
2022-10-21,10.558333396911621
2022-10-22,12.41944408416748
2022-10-23,10.973610877990723
2022-10-24,13.290277481079102
2022-10-25,12.394444465637207
2022-10-26,11.807639122009277
2022-10-27,13.758193969726562
2022-10-28,14.596528053283691
2022-10-29,12.764583587646484
2022-10-30,13.73611068725586
2022-10-31,11.891666412353516
2022-11-01,13.043055534362793
2022-11-02,10.156944274902344
2022-11-03,10.590971946716309
2022-11-04,9.786110877990723
2022-11-05,9.384027481079102
2022-11-06,10.760416984558105
2022-11-07,11.014583587646484
2022-11-08,12.36111068725586
2022-11-09,11.369444847106934
2022-11-10,11.327083587646484
2022-11-11,13.654166221618652
2022-11-12,12.602083206176758
2022-11-13,8.840971946716309
2022-11-14,9.089583396911621
2022-11-15,8.68055534362793
2022-11-16,8.84375
2022-11-17,5.947916507720947
2022-11-18,4.2791666984558105
2022-11-19,0.8777777552604675
2022-11-20,-0.9979166388511658
2022-11-21,-0.7034721970558167
2022-11-22,1.4090278148651123
2022-11-23,4.94652795791626
2022-11-24,6.606249809265137
2022-11-25,6.083333492279053
2022-11-26,5.911805629730225
2022-11-27,5.892361164093018
2022-11-28,5.337500095367432
2022-11-29,4.029860973358154
2022-11-30,3.5284721851348877
2022-12-01,1.8402777910232544
2022-12-02,1.648611068725586
2022-12-03,1.068750023841858
2022-12-04,2.3694443702697754
2022-12-05,2.503472328186035
2022-12-06,1.382638931274414
2022-12-07,-0.7493055462837219
2022-12-08,-2.2750000953674316
2022-12-09,0.34513887763023376
2022-12-10,-1.4972221851348877
2022-12-11,-2.1500000953674316
2022-12-12,-3.561805486679077
2022-12-13,-2.219444513320923
2022-12-14,-0.34236112236976624
2022-12-15,-4.88402795791626
2022-12-16,-9.318055152893066
2022-12-17,0.49513888359069824
2022-12-18,0.5541666746139526
2022-12-19,2.038194417953491
2022-12-20,7.688889026641846
2022-12-21,4.901389122009277
2022-12-22,5.679861068725586
2022-12-23,1.6375000476837158
2022-12-24,-0.15625
2022-12-25,5.387499809265137
2022-12-26,5.800000190734863
2022-12-27,2.7291667461395264
2022-12-28,6.652083396911621
2022-12-29,7.495139122009277
2022-12-30,6.067360877990723
2022-12-31,6.931944370269775
2023-01-01,7.686805725097656
2023-01-02,6.449305534362793
2023-01-03,4.673611164093018
2023-01-04,7.837500095367432
2023-01-05,2.8256945610046387
2023-01-06,6.5840277671813965
2023-01-07,7.91319465637207
2023-01-08,6.858333110809326
2023-01-09,5.741666793823242
2023-01-10,5.518750190734863
2023-01-11,7.230555534362793
2023-01-12,5.840972423553467
2023-01-13,6.636111259460449
2023-01-14,5.763888835906982
2023-01-15,5.473610877990723
2023-01-16,2.6895833015441895
2023-01-17,1.7062499523162842
2023-01-18,0.8416666388511658
2023-01-19,0.5486111044883728
2023-01-20,-1.3958333730697632
2023-01-21,-1.0590277910232544
2023-01-22,-1.3284722566604614
2023-01-23,-0.9041666388511658
2023-01-24,1.679861068725586
2023-01-25,3.9326388835906982
2023-01-26,3.32361102104187
2023-01-27,-1.0347222089767456
2023-01-28,2.012500047683716
2023-01-29,4.682639122009277
2023-01-30,4.36597204208374
2023-01-31,4.786110877990723
2023-02-01,4.52222204208374
2023-02-02,3.827777862548828
2023-02-03,5.1347222328186035
2023-02-04,0.2576389014720917
2023-02-05,2.422222137451172
2023-02-06,2.7784721851348877
2023-02-07,3.899305582046509
2023-02-08,1.988194465637207
2023-02-09,4.888194561004639
2023-02-10,5.442360877990723
2023-02-11,7.331944465637207
2023-02-12,6.787499904632568
2023-02-13,6.184027671813965
2023-02-14,4.388888835906982
2023-02-15,3.2354166507720947
2023-02-16,5.394444465637207
2023-02-17,7.281944274902344
2023-02-18,4.949999809265137
2023-02-19,4.030555725097656
2023-02-20,6.9395833015441895
2023-02-21,5.998610973358154
2023-02-22,5.480555534362793
2023-02-23,5.047222137451172
2023-02-24,4.750694274902344
2023-02-25,1.46875
2023-02-26,1.2013888359069824
2023-02-27,2.8388888835906982
2023-02-28,2.2784721851348877
2023-03-01,2.628472328186035
2023-03-02,2.7673611640930176
2023-03-03,4.550694465637207
2023-03-04,3.543055534362793
2023-03-05,0.41111111640930176
2023-03-06,0.2736110985279083
2023-03-07,-0.5409722328186035
2023-03-08,-0.9888888597488403
2023-03-09,-0.5527777671813965
2023-03-10,-0.7993055582046509
2023-03-11,-0.5291666388511658
2023-03-12,1.3527777194976807
2023-03-13,7.931250095367432
2023-03-14,3.7548611164093018
2023-03-15,2.6465277671813965
2023-03-16,2.953472137451172
2023-03-17,5.863888740539551
2023-03-18,7.5645833015441895
2023-03-19,7.482638835906982
2023-03-20,5.618750095367432
2023-03-21,6.047916889190674
2023-03-22,7.487500190734863
2023-03-23,8.223610877990723
2023-03-24,7.95972204208374
2023-03-25,7.044444561004639
2023-03-26,3.640277862548828
2023-03-27,1.4958332777023315
2023-03-28,2.2236111164093018
2023-03-29,5.49305534362793
2023-03-30,7.5604166984558105
2023-03-31,6.168749809265137
2023-04-01,3.5788888931274414
2023-04-02,3.6076388359069824
2023-04-03,3.5402777194976807
2023-04-04,3.172222137451172
2023-04-05,3.131944417953491
2023-04-06,4.909027576446533
2023-04-07,6.214583396911621
2023-04-08,8.91319465637207
2023-04-09,8.60763931274414
2023-04-10,9.659028053283691
2023-04-11,7.575694561004639
2023-04-12,5.905555725097656
2023-04-13,6.556250095367432
2023-04-14,8.063888549804688
2023-04-15,9.560416221618652
2023-04-16,10.050694465637207
2023-04-17,10.175000190734863
2023-04-18,9.351388931274414
2023-04-19,9.068750381469727
2023-04-20,10.71875
2023-04-21,11.621527671813965
2023-04-22,14.11180591583252
2023-04-23,9.983333587646484
2023-04-24,8.942360877990723
2023-04-25,5.699999809265137
2023-04-26,5.300694465637207
2023-04-27,5.510416507720947
2023-04-28,6.998610973358154
2023-04-29,6.36805534362793
2023-04-30,6.465277671813965
2023-05-01,9.070138931274414
2023-05-02,6.611805438995361
2023-05-03,6.746527671813965
2023-05-04,7.010416507720947
2023-05-05,7.662499904632568
2023-05-06,6.609722137451172
2023-05-07,10.389583587646484
2023-05-08,12.279166221618652
2023-05-09,15.14930534362793
2023-05-10,13.25
2023-05-11,11.229166984558105
2023-05-12,15.529166221618652
2023-05-13,14.58680534362793
2023-05-14,14.036805152893066
2023-05-15,11.733333587646484
2023-05-16,8.862500190734863
2023-05-17,7.484027862548828
2023-05-18,9.48263931274414
2023-05-19,11.927083015441895
2023-05-20,13.279861450195312
2023-05-21,16.248611450195312
2023-05-22,17.113056182861328
2023-05-23,10.441666603088379
2023-05-24,12.067360877990723
2023-05-25,10.591666221618652
2023-05-26,10.145833015441895
2023-05-27,9.54513931274414
2023-05-28,11.01319408416748
2023-05-29,10.434027671813965
2023-05-30,14.679861068725586
2023-05-31,11.359722137451172
2023-06-01,12.525278091430664
2023-06-02,13.472916603088379
2023-06-03,10.969444274902344
2023-06-04,10.715971946716309
2023-06-05,11.197221755981445
2023-06-06,11.538888931274414
2023-06-07,11.997221946716309
2023-06-08,11.729166984558105
2023-06-09,15.953472137451172
2023-06-10,17.27430534362793
2023-06-11,17.46875
2023-06-12,18.505556106567383
2023-06-13,18.264583587646484
2023-06-14,18.787500381469727
2023-06-15,17.047222137451172
2023-06-16,17.952083587646484
2023-06-17,18.104860305786133
2023-06-18,18.01944351196289
2023-06-19,17.724306106567383
2023-06-20,19.374107360839844
2023-06-21,17.203472137451172
2023-06-22,17.714582443237305
2023-06-23,15.70069408416748
2023-06-24,17.594444274902344
2023-06-25,19.032638549804688
2023-06-26,17.36111068725586
2023-06-27,15.36111068725586
2023-06-28,16.528472900390625
2023-06-29,17.626388549804688
2023-06-30,15.536805152893066
2023-07-01,15.442360877990723
2023-07-02,14.372916221618652
2023-07-03,13.182777404785156
2023-07-04,12.772916793823242
2023-07-05,12.216666221618652
2023-07-06,14.38888931274414
2023-07-07,16.55763816833496
2023-07-08,19.30902862548828
2023-07-09,20.556249618530273
2023-07-10,16.831249237060547
2023-07-11,16.601388931274414
2023-07-12,16.220138549804688
2023-07-13,15.532638549804688
2023-07-14,16.859027862548828
2023-07-15,18.14444351196289
2023-07-16,16.61111068725586
2023-07-17,16.093055725097656
2023-07-18,14.45486068725586
2023-07-19,14.209722518920898
2023-07-20,13.666666984558105
2023-07-21,13.678472518920898
2023-07-22,13.628472328186035
2023-07-23,14.804166793823242
2023-07-24,16.03472137451172
2023-07-25,14.14513874053955
2023-07-26,13.649999618530273
2023-07-27,15.886805534362793
2023-07-28,17.33194351196289
2023-07-29,16.65833282470703
2023-07-30,15.077361106872559
2023-07-31,15.681944847106934
2023-08-01,15.484722137451172
2023-08-02,15.838194847106934
2023-08-03,15.714583396911621
2023-08-04,15.782638549804688
2023-08-05,15.679166793823242
2023-08-06,16.21666717529297
2023-08-07,14.495139122009277
2023-08-08,13.656944274902344
2023-08-09,13.038888931274414
2023-08-10,14.632638931274414
2023-08-11,18.21666717529297
2023-08-12,17.71527862548828
2023-08-13,16.61458396911621
2023-08-14,17.06597137451172
2023-08-15,17.811805725097656
2023-08-16,15.73611068725586
2023-08-17,15.303472518920898
2023-08-18,17.222917556762695
2023-08-19,19.469444274902344
2023-08-20,17.82430648803711
2023-08-21,17.299304962158203
2023-08-22,17.50208282470703
2023-08-23,16.669445037841797
2023-08-24,16.287500381469727
2023-08-25,16.5090274810791
2023-08-26,14.504166603088379
2023-08-27,13.015277862548828
2023-08-28,14.124305725097656
2023-08-29,13.891666412353516
2023-08-30,14.38888931274414
2023-08-31,14.293749809265137
2023-09-01,14.523611068725586
2023-09-02,14.502083778381348
2023-09-03,16.67013931274414
2023-09-04,17.20486068725586
2023-09-05,16.138195037841797
2023-09-06,17.251388549804688
2023-09-07,19.370832443237305
2023-09-08,19.737499237060547
2023-09-09,19.44444465637207
2023-09-10,17.603471755981445
2023-09-11,19.284027099609375
2023-09-12,15.44861125946045
2023-09-13,12.76736068725586
2023-09-14,12.647083282470703
2023-09-15,15.342222213745117
2023-09-16,15.700416564941406
2023-09-17,17.3487491607666
2023-09-18,17.78097152709961
2023-09-19,14.525694847106934
2023-09-20,17.66805648803711
2023-09-21,16.00208282470703
2023-09-22,14.090971946716309
2023-09-23,12.907638549804688
2023-09-24,13.404861450195312
2023-09-25,14.88888931274414
2023-09-26,15.185416221618652
2023-09-27,16.40625
2023-09-28,16.619443893432617
2023-09-29,15.401389122009277
2023-09-30,14.381250381469727
2023-10-01,13.690278053283691
2023-10-02,15.56944465637207
2023-10-03,13.633333206176758
2023-10-04,13.734027862548828
2023-10-05,12.58263874053955
2023-10-06,15.255971908569336
2023-10-07,11.306249618530273
2023-10-08,8.523611068725586
2023-10-09,8.98888874053955
2023-10-10,13.559721946716309
2023-10-11,14.08263874053955
2023-10-12,11.147222518920898
2023-10-13,12.030555725097656
2023-10-14,9.762499809265137
2023-10-15,8.14236068725586
2023-10-16,7.455555438995361
2023-10-17,8.42361068725586
2023-10-18,8.465971946716309
2023-10-19,7.245833396911621
2023-10-20,5.049305438995361
2023-10-21,7.752777576446533
2023-10-22,10.040971755981445
2023-10-23,9.641666412353516
2023-10-24,9.02430534362793
2023-10-25,9.693750381469727
2023-10-26,7.535416603088379
2023-10-27,6.6152777671813965
2023-10-28,6.986805438995361
2023-10-29,9.987500190734863
2023-10-30,10.534028053283691
2023-10-31,3.3184027671813965
2023-11-01,4.413888931274414
2023-11-02,10.109027862548828
2023-11-03,9.306944847106934
2023-11-04,8.400694847106934
2023-11-05,8.577777862548828
2023-11-06,8.896528244018555
2023-11-07,7.801388740539551
2023-11-08,8.440972328186035
2023-11-09,7.3965277671813965
2023-11-10,6.518055438995361
2023-11-11,6.212500095367432
2023-11-12,5.5958333015441895
2023-11-13,4.945138931274414
2023-11-14,4.920138835906982
2023-11-15,3.7638888359069824
2023-11-16,3.2444443702697754
2023-11-17,3.112499952316284
2023-11-18,2.918055534362793
2023-11-19,5.598610877990723
2023-11-20,6.003472328186035
2023-11-21,2.8798611164093018
2023-11-22,5.043055534362793
2023-11-23,8.532638549804688
2023-11-24,3.131944417953491
2023-11-25,2.023611068725586
2023-11-26,-0.17847222089767456
2023-11-27,0.20069444179534912
2023-11-28,-4.66527795791626
2023-11-29,-5.495139122009277
2023-11-30,-3.753472328186035
2023-12-01,-5.036110877990723
2023-12-02,-5.909722328186035
2023-12-03,-1.4583333730697632
2023-12-04,-1.3145833015441895
2023-12-05,0.5513888597488403
2023-12-06,0.12708333134651184
2023-12-07,0.22083333134651184
2023-12-08,0.8833333253860474
2023-12-09,2.355555534362793
2023-12-10,3.047222137451172
2023-12-11,3.2333333492279053
2023-12-12,1.6388888359069824
2023-12-13,-0.5763888955116272
2023-12-14,-0.45347222685813904
2023-12-15,5.278472423553467
2023-12-16,7.804861068725586
2023-12-17,8.047916412353516
2023-12-18,8.347222328186035
2023-12-19,6.33680534362793
2023-12-20,4.311805725097656
2023-12-21,6.113541603088379
2023-12-22,2.5173611640930176
2023-12-23,2.6618056297302246
2023-12-24,5.955555438995361
2023-12-25,5.988888740539551
2023-12-26,4.768750190734863
2023-12-27,2.2083332538604736
2023-12-28,8.02430534362793
2023-12-29,6.684722423553467
2023-12-30,4.922222137451172
2023-12-31,5.719027996063232
